Species,Stephan_column,EvoM1_variable,structure_key_rule,Stephan_value,status,resolution_method,preferred_reference,preferred_source_prior_contributions,unit_rescale_flag,merge_deviation_flag,closest_nonmatching,fallback_match_detail,fallback_candidate_sources,all_matching_sources,metadata_reference
Pongo_abelii,Agranular_volume_L,Agranular_insular_cortex_left_Vol.mm3,crosswalk_exact,321.5,value_differs,unresolved_after_direct_match,NA,0,,,Bauernfeind_etal_2013_Table1 = 254.75 (20.8%),,,,Bauernfeind et al 2013
Pongo_abelii,Body_mass,Body_Mass.g,crosswalk_exact,35600,value_differs,unresolved_after_direct_match,NA,0,,,Bauernfeind_etal_2013_Table1 = 46325 (23.2%),,,,Bauernfeind et al 2013
Pongo_abelii,Body_weight,Body_Mass.g,crosswalk_exact,35600,value_differs,unresolved_after_direct_match,NA,0,,,Bauernfeind_etal_2013_Table1 = 46325 (23.2%),,,,Stephan et al 1981; Zilles and Rehkamper 1988; Bauernfeind et al 2013
Pongo_abelii,Dysgranular_volume_L,Dysgranular_insular_cortex_left_Vol.mm3,crosswalk_exact,599.5,value_differs,unresolved_after_direct_match,NA,0,,,Bauernfeind_etal_2013_Table1 = 828.25 (27.6%),,,,Bauernfeind et al 2013
Pongo_abelii,FI_volume_L,fronto_insular_cortex_left_Vol.mm3,crosswalk_exact,19.5,value_differs,unresolved_after_direct_match,NA,0,,,Bauernfeind_etal_2013_Table1 = 39.75 (50.9%),,,,Bauernfeind et al 2013
Pongo_pygmaeus,Agranular_volume_L,Agranular_insular_cortex_left_Vol.mm3,crosswalk_exact,188,value_differs,unresolved_after_direct_match,NA,0,,,Bauernfeind_etal_2013_Table1 = 254.75 (26.2%),,,,Bauernfeind et al 2013
Pongo_pygmaeus,Body_mass,Body_Mass.g,crosswalk_exact,57050,value_differs,unresolved_after_direct_match,NA,0,,,Bauernfeind_etal_2013_Table1 = 46325 (18.8%),,,,Bauernfeind et al 2013
Pongo_pygmaeus,Body_weight,Body_Mass.g,crosswalk_exact,57050,value_differs,unresolved_after_direct_match,NA,0,,,Bauernfeind_etal_2013_Table1 = 46325 (18.8%),,,,Stephan et al 1981; Zilles and Rehkamper 1988; Bauernfeind et al 2013
Pongo_pygmaeus,Dysgranular_volume_L,Dysgranular_insular_cortex_left_Vol.mm3,crosswalk_exact,1057,value_differs,unresolved_after_direct_match,NA,0,,,Bauernfeind_etal_2013_Table1 = 828.25 (21.6%),,,,Bauernfeind et al 2013
Pongo_pygmaeus,FI_volume_L,fronto_insular_cortex_left_Vol.mm3,crosswalk_exact,60,value_differs,unresolved_after_direct_match,NA,0,,,Bauernfeind_etal_2013_Table1 = 39.75 (33.8%),,,,Bauernfeind et al 2013
Pongo_pygmaeus,Total_insula_volume_L,Insula_left_Vol.mm3,crosswalk_exact,1505,value_differs,unresolved_after_direct_match,NA,0,,,Bauernfeind_etal_2013_Table1 = 1331.5 (11.5%),,,,Bauernfeind et al 2013
Alouatta_caraya,Brain_mass,Brain_Mass.mg,crosswalk_exact,55800,resolved_unique,direct_same_structure_unique,Bauernfeind_etal_2013_Table1,181,1000,,NA,,,Bauernfeind_etal_2013_Table1,Bauernfeind et al 2013
Alouatta_caraya,Brain_weight,Brain_Mass.mg,crosswalk_exact,55800,resolved_unique,direct_same_structure_unique,Bauernfeind_etal_2013_Table1,181,1000,,NA,,,Bauernfeind_etal_2013_Table1,Stephan et al 1981; Zilles and Rehkamper 1988; Bauernfeind et al 2013
Alouatta_seniculus,ASG_Sousa,Area_striata_grey_matter_Vol.mm3,crosswalk_exact,1918,resolved_fallback_metadata,metadata_tables_near_perfect,deSousa_etal_2010_SupTable2,0,,,Evo-M1 value matches Frahm_etal_1984_Table1 (not the metadata source); attributed to metadata source; see source_hunt,deSousa_etal_2010_SupTable2 = 1900 (Area_striata_grey_matter_Vol.mm3; 0.94%; scale 1; 0 prior contributions),deSousa_etal_2010_SupTable2; Smaers_etal_2017_TableS1part1; Frahm_etal_1998_Table1; Frahm_etal_1984_Table1; deSousa_etal_2010 [restricted: Visual_volumes.xlsx]; deSousa_etal_2010 [restricted: deSousa_2010.csv]; Stephan_etal_1981 [restricted: Stephan_1981.csv],Frahm_etal_1984_Table1; deSousa_etal_2010_SupTable2; Smaers_etal_2017_TableS1part1; Frahm_etal_1998_Table1,de Sousa et al 2010
Alouatta_seniculus,Frontal.motor,FrontalMotor_white_matter_Vol.mm3,crosswalk_exact,0.87,resolved_fallback_metadata,metadata_tables_near_perfect,Smaers_etal_2017_TableS1part1,0,,,NA,Smaers_etal_2017_TableS1part1 = 866 (FrontalMotor_white_matter_Vol.mm3; 0.46%; scale 0.001; 0 prior contributions),Smaers_etal_2017_TableS1part1,Smaers_etal_2017_TableS1part1,Smaers et al 2017
Alouatta_seniculus,Frontal.motor.Gray,FrontalMotor_grey_matter_Vol.mm3,crosswalk_exact,1.08,resolved_fallback_metadata,metadata_tables_near_perfect,Smaers_etal_2017_TableS1part1,0,,,NA,Smaers_etal_2017_TableS1part1 = 1077 (FrontalMotor_grey_matter_Vol.mm3; 0.28%; scale 0.001; 0 prior contributions),Smaers_etal_2017_TableS1part1; Smaers_etal_2017 [restricted: Smaers.csv],Smaers_etal_2017_TableS1part1,Smaers et al 2017
Alouatta_seniculus,LGN_Sousa,Corpus_geniculatum_laterale_Vol.mm3,crosswalk_exact,87.4,resolved_fallback_metadata,metadata_tables_near_perfect,deSousa_etal_2010_SupTable2,0,,,Evo-M1 value matches Stephan_etal_1984_Table1 (not the metadata source); attributed to metadata source; see source_hunt,deSousa_etal_2010_SupTable2 = 87 (Corpus_geniculatum_laterale_Vol.mm3; 0.46%; scale 1; 0 prior contributions),deSousa_etal_2010_SupTable2; Frahm_etal_1998_Table1; Stephan_etal_1984_Table1; Stephan_etal_1981_TableIX; deSousa_etal_2010 [restricted: Visual_volumes.xlsx]; deSousa_etal_2010 [restricted: deSousa_2010.csv],Stephan_etal_1984_Table1; deSousa_etal_2010_SupTable2; Frahm_etal_1998_Table1; Stephan_etal_1981_TableIX,de Sousa et al 2010; de Sousa et al 2013
Alouatta_seniculus,Other.cortical.association.areas.Gray,AssociationCortex_grey_matter_Vol.mm3,crosswalk_exact,12.39,resolved_fallback_metadata,metadata_tables_near_perfect,Smaers_etal_2017_TableS1part1,0,,,NA,Smaers_etal_2017_TableS1part1 = 12394 (AssociationCortex_grey_matter_Vol.mm3; 0.03%; scale 0.001; 0 prior contributions),Smaers_etal_2017_TableS1part1; Smaers_etal_2017 [restricted: Smaers.csv],Smaers_etal_2017_TableS1part1,Smaers et al 2017
Alouatta_seniculus,Other.cortical.association.areas.White,AssociationCortex_white_matter_Vol.mm3,crosswalk_exact,4.21,resolved_fallback_metadata,metadata_tables_near_perfect,Smaers_etal_2017_TableS1part1,0,,,NA,Smaers_etal_2017_TableS1part1 = 4212 (AssociationCortex_white_matter_Vol.mm3; 0.05%; scale 0.001; 0 prior contributions),Smaers_etal_2017_TableS1part1; Smaers_etal_2017 [restricted: Smaers.csv],Smaers_etal_2017_TableS1part1,Smaers et al 2017
Alouatta_seniculus,Prefrontal.Gray,PrefrontalCortex_grey_matter_Vol.mm3,crosswalk_exact,1.02,resolved_fallback_metadata,metadata_tables_near_perfect,Smaers_etal_2017_TableS1part1,0,,,NA,Smaers_etal_2017_TableS1part1 = 1015 (PrefrontalCortex_grey_matter_Vol.mm3; 0.49%; scale 0.001; 0 prior contributions),Smaers_etal_2017_TableS1part1; Smaers_etal_2011_SupplementaryTable2; Smaers_etal_2017 [restricted: Smaers.csv],Smaers_etal_2017_TableS1part1; Smaers_etal_2011_SupplementaryTable2,Smaers et al 2017
Alouatta_seniculus,Prefrontal.White,PrefrontalCortex_white_matter_Vol.mm3,crosswalk_exact,0.18,resolved_fallback_metadata,metadata_tables_near_perfect,Smaers_etal_2017_TableS1part1,0,,,NA,Smaers_etal_2017_TableS1part1 = 177 (PrefrontalCortex_white_matter_Vol.mm3; 1.67%; scale 0.001; 0 prior contributions),Smaers_etal_2017_TableS1part1; Smaers_etal_2017 [restricted: Smaers.csv],Smaers_etal_2017_TableS1part1,Smaers et al 2017
Alouatta_seniculus,Primary.visual.White.Smaers,Area_striata_white_matter_Vol.mm3,crosswalk_exact,0.54,resolved_fallback_metadata,metadata_tables_near_perfect,Smaers_etal_2017_TableS1part1,0,,,Evo-M1 value matches Frahm_etal_1984_Table1 (not the metadata source); attributed to metadata source; see source_hunt,Smaers_etal_2017_TableS1part1 = 543 (Area_striata_white_matter_Vol.mm3; 0.55%; scale 0.001; 0 prior contributions),Smaers_etal_2017_TableS1part1; Frahm_etal_1984_Table1; Smaers_etal_2017 [restricted: Smaers.csv],Frahm_etal_1984_Table1; Smaers_etal_2017_TableS1part1,Smaers et al 2017
Aotus_trivirgatus,ASG_Sousa,Area_striata_grey_matter_Vol.mm3,crosswalk_exact,996,resolved_fallback_metadata,metadata_tables_near_perfect,deSousa_etal_2010_SupTable2,0,,,Evo-M1 value matches Frahm_etal_1984_Table1 (not the metadata source); attributed to metadata source; see source_hunt,deSousa_etal_2010_SupTable2 = 1000 (Area_striata_grey_matter_Vol.mm3; 0.40%; scale 1; 0 prior contributions),deSousa_etal_2010_SupTable2; Frahm_etal_1998_Table1; Frahm_etal_1984_Table1; deSousa_etal_2010 [restricted: Visual_volumes.xlsx]; deSousa_etal_2010 [restricted: deSousa_2010.csv]; Stephan_etal_1981 [restricted: Stephan_1981.csv],Frahm_etal_1984_Table1; deSousa_etal_2010_SupTable2; Frahm_etal_1998_Table1,de Sousa et al 2010
Aotus_trivirgatus,LGN_Sousa,Corpus_geniculatum_laterale_Vol.mm3,crosswalk_exact,32.9,resolved_fallback_metadata,metadata_tables_near_perfect,deSousa_etal_2010_SupTable2,0,,,Evo-M1 value matches Stephan_etal_1984_Table1 (not the metadata source); attributed to metadata source; see source_hunt,deSousa_etal_2010_SupTable2 = 33 (Corpus_geniculatum_laterale_Vol.mm3; 0.30%; scale 1; 0 prior contributions),deSousa_etal_2010_SupTable2; Frahm_etal_1998_Table1; Stephan_etal_1984_Table1; deSousa_etal_2010 [restricted: Visual_volumes.xlsx]; deSousa_etal_2010 [restricted: deSousa_2010.csv],Stephan_etal_1984_Table1; deSousa_etal_2010_SupTable2; Frahm_etal_1998_Table1,de Sousa et al 2010; de Sousa et al 2013
Ateles_geoffroyi,ASG_Sousa,Area_striata_grey_matter_Vol.mm3,crosswalk_exact,3753,resolved_fallback_restricted,restricted_documents_near_perfect,deSousa_etal_2010 [restricted: Visual_volumes.xlsx],0,1000,,Evo-M1 value matches Frahm_etal_1984_Table1 (not the metadata source); attributed to metadata source; see source_hunt,deSousa_etal_2010 [restricted: Visual_volumes.xlsx] = 3.753 (0.00%; scale 1000; restricted_checks/deSousa_etal_2010/comparison/Visual_volumes.xlsx R28C5; 0 prior contributions),deSousa_etal_2010_SupTable2; Smaers_etal_2017_TableS1part1; Frahm_etal_1984_Table1; deSousa_etal_2010 [restricted: Visual_volumes.xlsx]; deSousa_etal_2010 [restricted: deSousa_2010.csv]; Stephan_etal_1981 [restricted: Stephan_1981.csv],Frahm_etal_1984_Table1; deSousa_etal_2010_SupTable2; Smaers_etal_2017_TableS1part1; deSousa_etal_2010 [restricted: Visual_volumes.xlsx],de Sousa et al 2010
Ateles_geoffroyi,Brain_mass,Brain_Mass.mg,crosswalk_exact,106400,resolved_unique,direct_same_structure_unique,Bauernfeind_etal_2013_Table1,181,1000,,NA,,,Bauernfeind_etal_2013_Table1,Bauernfeind et al 2013
Ateles_geoffroyi,Frontal.motor,FrontalMotor_white_matter_Vol.mm3,crosswalk_exact,1.59,resolved_fallback_metadata,metadata_tables_near_perfect,Smaers_etal_2017_TableS1part1,0,,,NA,Smaers_etal_2017_TableS1part1 = 1586 (FrontalMotor_white_matter_Vol.mm3; 0.25%; scale 0.001; 0 prior contributions),Smaers_etal_2017_TableS1part1,Smaers_etal_2017_TableS1part1,Smaers et al 2017
Ateles_geoffroyi,Frontal.motor.Gray,FrontalMotor_grey_matter_Vol.mm3,crosswalk_exact,3.12,resolved_fallback_metadata,metadata_tables_near_perfect,Smaers_etal_2017_TableS1part1,0,,,NA,Smaers_etal_2017_TableS1part1 = 3119 (FrontalMotor_grey_matter_Vol.mm3; 0.03%; scale 0.001; 0 prior contributions),Smaers_etal_2017_TableS1part1; Smaers_etal_2017 [restricted: Smaers.csv],Smaers_etal_2017_TableS1part1,Smaers et al 2017
Ateles_geoffroyi,LGN_Sousa,Corpus_geniculatum_laterale_Vol.mm3,crosswalk_exact,151,resolved_fallback_metadata,metadata_tables_near_perfect,deSousa_etal_2010_SupTable2,0,,,Evo-M1 value matches Stephan_etal_1981_TableIX; Stephan_etal_1984_Table1 (not the metadata source); attributed to metadata source; see source_hunt,deSousa_etal_2010_SupTable2 = 151 (Corpus_geniculatum_laterale_Vol.mm3; 0.00%; scale 1; 0 prior contributions),deSousa_etal_2010_SupTable2; Stephan_etal_1984_Table1; Stephan_etal_1981_TableIX; deSousa_etal_2010 [restricted: Visual_volumes.xlsx]; deSousa_etal_2010 [restricted: deSousa_2010.csv]; Stephan_etal_1981 [restricted: Stephan_1981.csv],Stephan_etal_1981_TableIX; Stephan_etal_1984_Table1; deSousa_etal_2010_SupTable2,de Sousa et al 2010; de Sousa et al 2013
Ateles_geoffroyi,Other.cortical.association.areas.Gray,AssociationCortex_grey_matter_Vol.mm3,crosswalk_exact,32.93,resolved_fallback_metadata,metadata_tables_near_perfect,Smaers_etal_2017_TableS1part1,0,,,NA,Smaers_etal_2017_TableS1part1 = 32933 (AssociationCortex_grey_matter_Vol.mm3; 0.01%; scale 0.001; 0 prior contributions),Smaers_etal_2017_TableS1part1; Smaers_etal_2017 [restricted: Smaers.csv],Smaers_etal_2017_TableS1part1,Smaers et al 2017
Ateles_geoffroyi,Other.cortical.association.areas.White,AssociationCortex_white_matter_Vol.mm3,crosswalk_exact,10.33,resolved_fallback_metadata,metadata_tables_near_perfect,Smaers_etal_2017_TableS1part1,0,,,NA,Smaers_etal_2017_TableS1part1 = 10332 (AssociationCortex_white_matter_Vol.mm3; 0.02%; scale 0.001; 0 prior contributions),Smaers_etal_2017_TableS1part1; Smaers_etal_2017 [restricted: Smaers.csv],Smaers_etal_2017_TableS1part1,Smaers et al 2017
Ateles_geoffroyi,Prefrontal.Gray,PrefrontalCortex_grey_matter_Vol.mm3,crosswalk_exact,2.77,resolved_fallback_metadata,metadata_tables_near_perfect,Smaers_etal_2017_TableS1part1,0,,,NA,Smaers_etal_2017_TableS1part1 = 2773 (PrefrontalCortex_grey_matter_Vol.mm3; 0.11%; scale 0.001; 0 prior contributions),Smaers_etal_2017_TableS1part1; Smaers_etal_2011_SupplementaryTable2; Smaers_etal_2017 [restricted: Smaers.csv],Smaers_etal_2017_TableS1part1; Smaers_etal_2011_SupplementaryTable2,Smaers et al 2017
Ateles_geoffroyi,Prefrontal.White,PrefrontalCortex_white_matter_Vol.mm3,crosswalk_exact,0.29,resolved_fallback_metadata,metadata_tables_near_perfect,Smaers_etal_2017_TableS1part1,0,,,NA,Smaers_etal_2017_TableS1part1 = 286 (PrefrontalCortex_white_matter_Vol.mm3; 1.38%; scale 0.001; 0 prior contributions),Smaers_etal_2017_TableS1part1; Smaers_etal_2011_SupplementaryTable2; Smaers_etal_2017 [restricted: Smaers.csv],Smaers_etal_2017_TableS1part1; Smaers_etal_2011_SupplementaryTable2,Smaers et al 2017
Ateles_geoffroyi,Primary.visual.White.Smaers,Area_striata_white_matter_Vol.mm3,crosswalk_exact,0.99,resolved_fallback_metadata,metadata_tables_near_perfect,Smaers_etal_2017_TableS1part1,0,,,Evo-M1 value matches Frahm_etal_1984_Table1 (not the metadata source); attributed to metadata source; see source_hunt,Smaers_etal_2017_TableS1part1 = 985 (Area_striata_white_matter_Vol.mm3; 0.51%; scale 0.001; 0 prior contributions),Smaers_etal_2017_TableS1part1; Frahm_etal_1984_Table1; Smaers_etal_2017 [restricted: Smaers.csv],Frahm_etal_1984_Table1; Smaers_etal_2017_TableS1part1,Smaers et al 2017
Avahi_laniger,ASG_Sousa,Area_striata_grey_matter_Vol.mm3,crosswalk_exact,475,resolved_fallback_restricted,restricted_documents_near_perfect,deSousa_etal_2010 [restricted: deSousa_2010.csv],0,,,Evo-M1 value matches Frahm_etal_1984_Table1 (not the metadata source); attributed to metadata source; see source_hunt,deSousa_etal_2010 [restricted: deSousa_2010.csv] = 475 (0.00%; scale 1; restricted_checks/deSousa_etal_2010/comparison/deSousa_2010.csv R9C2; 0 prior contributions),deSousa_etal_2010_SupTable2; Frahm_etal_1984_Table1; deSousa_etal_2010 [restricted: deSousa_2010.csv]; deSousa_etal_2010 [restricted: Visual_volumes.xlsx]; Stephan_etal_1981 [restricted: Stephan_1981.csv],Frahm_etal_1984_Table1; deSousa_etal_2010_SupTable2; deSousa_etal_2010 [restricted: deSousa_2010.csv],de Sousa et al 2010
Avahi_laniger,Agranular_volume_L,Agranular_insular_cortex_left_Vol.mm3,crosswalk_exact,7,resolved_fallback_restricted,restricted_documents_near_perfect,Bauernfeind_etal_2013 [restricted: Bauernfeind_2013.csv],181,,,NA,Bauernfeind_etal_2013 [restricted: Bauernfeind_2013.csv] = 7 (0.00%; scale 1; restricted_checks/Bauernfeind_etal_2013/comparison/Bauernfeind_2013.csv R10C9; 181 prior contributions),Bauernfeind_etal_2013 [restricted: Bauernfeind_2013.csv],Bauernfeind_etal_2013 [restricted: Bauernfeind_2013.csv],Bauernfeind et al 2013
Avahi_laniger,Body_mass,Body_Mass.g,crosswalk_exact,1030,resolved_fallback_restricted,restricted_documents_near_perfect,Bauernfeind_etal_2013 [restricted: Bauernfeind_2013.csv],181,,,Stephan_etal_1981_TableII = 1285 (19.8%),Bauernfeind_etal_2013 [restricted: Bauernfeind_2013.csv] = 1030 (0.00%; scale 1; restricted_checks/Bauernfeind_etal_2013/comparison/Bauernfeind_2013.csv R10C6; 181 prior contributions),Bauernfeind_etal_2013 [restricted: Bauernfeind_2013.csv],Bauernfeind_etal_2013 [restricted: Bauernfeind_2013.csv],Bauernfeind et al 2013
Avahi_laniger,Brain_mass,Brain_Mass.mg,crosswalk_exact,9600,resolved_fallback_restricted,restricted_documents_near_perfect,Bauernfeind_etal_2013 [restricted: Bauernfeind_2013.csv],181,,,Stephan_etal_1981_TableII = 10490 (8.5%),Bauernfeind_etal_2013 [restricted: Bauernfeind_2013.csv] = 9600 (0.00%; scale 1; restricted_checks/Bauernfeind_etal_2013/comparison/Bauernfeind_2013.csv R10C7; 181 prior contributions),Stephan_etal_1970_Table2; Bauernfeind_etal_2013 [restricted: Bauernfeind_2013.csv]; Stephan_etal_1981 [restricted: Stephan_1981.csv],Stephan_etal_1970_Table2; Bauernfeind_etal_2013 [restricted: Bauernfeind_2013.csv],Bauernfeind et al 2013
Avahi_laniger,Capsula_interna,Capsula_interna_Vol.mm3,crosswalk_exact,105,resolved_fallback_restricted,restricted_documents_near_perfect,Stephan_etal_1981 [restricted: Stephan_1981.csv],1384,,,NA,Stephan_etal_1981 [restricted: Stephan_1981.csv] = 105 (0.00%; scale 1; restricted_checks/Stephan_etal_1981/comparison/Stephan_1981.csv R10C36; 1384 prior contributions),Stephan_etal_1981 [restricted: Stephan_1981.csv],Stephan_etal_1981 [restricted: Stephan_1981.csv],Stephan et al 1981
Avahi_laniger,Dysgranular_volume_L,Dysgranular_insular_cortex_left_Vol.mm3,crosswalk_exact,18,resolved_fallback_restricted,restricted_documents_near_perfect,Bauernfeind_etal_2013 [restricted: Bauernfeind_2013.csv],181,,,NA,Bauernfeind_etal_2013 [restricted: Bauernfeind_2013.csv] = 18 (0.00%; scale 1; restricted_checks/Bauernfeind_etal_2013/comparison/Bauernfeind_2013.csv R10C10; 181 prior contributions),Bauernfeind_etal_2013 [restricted: Bauernfeind_2013.csv],Bauernfeind_etal_2013 [restricted: Bauernfeind_2013.csv],Bauernfeind et al 2013
Avahi_laniger,Epithalamus,Epithalamus_Vol.mm3,crosswalk_exact,6.52,resolved_fallback_restricted,restricted_documents_near_perfect,Stephan_etal_1981 [restricted: Stephan_1981.csv],1384,,,NA,Stephan_etal_1981 [restricted: Stephan_1981.csv] = 6.52 (0.00%; scale 1; restricted_checks/Stephan_etal_1981/comparison/Stephan_1981.csv R10C30; 1384 prior contributions),Stephan_etal_1981 [restricted: Stephan_1981.csv],Stephan_etal_1981 [restricted: Stephan_1981.csv],Stephan et al 1981
Avahi_laniger,Granular_volume_L,Granular_insular_cortex_left_Vol.mm3,crosswalk_exact,13,resolved_fallback_restricted,restricted_documents_near_perfect,Bauernfeind_etal_2013 [restricted: Bauernfeind_2013.csv],181,,,NA,Bauernfeind_etal_2013 [restricted: Bauernfeind_2013.csv] = 13 (0.00%; scale 1; restricted_checks/Bauernfeind_etal_2013/comparison/Bauernfeind_2013.csv R10C12; 181 prior contributions),Bauernfeind_etal_2013 [restricted: Bauernfeind_2013.csv],Bauernfeind_etal_2013 [restricted: Bauernfeind_2013.csv],Bauernfeind et al 2013
Avahi_laniger,Hypothalamus,Hypothalamus_Vol.mm3,crosswalk_exact,137,resolved_fallback_restricted,restricted_documents_near_perfect,Stephan_etal_1981 [restricted: Stephan_1981.csv],1384,,,NA,Stephan_etal_1981 [restricted: Stephan_1981.csv] = 137 (0.00%; scale 1; restricted_checks/Stephan_etal_1981/comparison/Stephan_1981.csv R10C32; 1384 prior contributions),Stephan_etal_1981 [restricted: Stephan_1981.csv],Stephan_etal_1981 [restricted: Stephan_1981.csv],Stephan et al 1981
Avahi_laniger,LGN_Sousa,Corpus_geniculatum_laterale_Vol.mm3,crosswalk_exact,27.6,likely_fallback_metadata,metadata_tables_close_same_structure,deSousa_etal_2010_SupTable2,0,,,Evo-M1 value matches Stephan_etal_1981_TableIX; Stephan_etal_1984_Table1 (not the metadata source); attributed to metadata source; see source_hunt,deSousa_etal_2010_SupTable2 = 29 (Corpus_geniculatum_laterale_Vol.mm3; 4.83%; scale 1; 0 prior contributions),deSousa_etal_2010_SupTable2; Stephan_etal_1984_Table1; Stephan_etal_1981_TableIX; deSousa_etal_2010 [restricted: deSousa_2010.csv]; deSousa_etal_2010 [restricted: Visual_volumes.xlsx]; Stephan_etal_1981 [restricted: Stephan_1981.csv],Stephan_etal_1981_TableIX; Stephan_etal_1984_Table1; deSousa_etal_2010_SupTable2,de Sousa et al 2010; de Sousa et al 2013
Avahi_laniger,Nucleus_subthalamicus,Nucleus_subthalamicus_Vol.mm3,crosswalk_exact,5.94,resolved_fallback_restricted,restricted_documents_near_perfect,Stephan_etal_1981 [restricted: Stephan_1981.csv],1384,,,NA,Stephan_etal_1981 [restricted: Stephan_1981.csv] = 5.94 (0.00%; scale 1; restricted_checks/Stephan_etal_1981/comparison/Stephan_1981.csv R10C35; 1384 prior contributions),Stephan_etal_1981 [restricted: Stephan_1981.csv],Stephan_etal_1981 [restricted: Stephan_1981.csv],Stephan et al 1981
Avahi_laniger,Pallidum,Pallidum_Vol.mm3,crosswalk_exact,74.5,resolved_fallback_restricted,restricted_documents_near_perfect,Stephan_etal_1981 [restricted: Stephan_1981.csv],1384,,,NA,Stephan_etal_1981 [restricted: Stephan_1981.csv] = 74.5 (0.00%; scale 1; restricted_checks/Stephan_etal_1981/comparison/Stephan_1981.csv R10C34; 1384 prior contributions),Stephan_etal_1981 [restricted: Stephan_1981.csv],Stephan_etal_1981 [restricted: Stephan_1981.csv],Stephan et al 1981; Zilles and Rehkamper 1988
Avahi_laniger,Subthalamus,Subthalamus_Vol.mm3,crosswalk_exact,80.5,resolved_fallback_restricted,restricted_documents_near_perfect,Stephan_etal_1981 [restricted: Stephan_1981.csv],1384,,,NA,Stephan_etal_1981 [restricted: Stephan_1981.csv] = 80.5 (0.00%; scale 1; restricted_checks/Stephan_etal_1981/comparison/Stephan_1981.csv R10C33; 1384 prior contributions),Stephan_etal_1981 [restricted: Stephan_1981.csv],Stephan_etal_1981 [restricted: Stephan_1981.csv],Stephan et al 1981
Avahi_laniger,Thalamus,Thalamus_Vol.mm3,crosswalk_exact,489,resolved_fallback_restricted,restricted_documents_near_perfect,Stephan_etal_1981 [restricted: Stephan_1981.csv],1384,,,NA,Stephan_etal_1981 [restricted: Stephan_1981.csv] = 489 (0.00%; scale 1; restricted_checks/Stephan_etal_1981/comparison/Stephan_1981.csv R10C31; 1384 prior contributions),Stephan_etal_1981 [restricted: Stephan_1981.csv],Stephan_etal_1981 [restricted: Stephan_1981.csv],Stephan et al 1981
Avahi_laniger,Total_insula_volume_L,Insula_left_Vol.mm3,crosswalk_exact,38,resolved_fallback_restricted,restricted_documents_near_perfect,Bauernfeind_etal_2013 [restricted: Bauernfeind_2013.csv],181,,,NA,Bauernfeind_etal_2013 [restricted: Bauernfeind_2013.csv] = 38 (0.00%; scale 1; restricted_checks/Bauernfeind_etal_2013/comparison/Bauernfeind_2013.csv R10C13; 181 prior contributions),Bauernfeind_etal_2013 [restricted: Bauernfeind_2013.csv]; Matano_etal_1985_a [restricted: Matano_1985a.csv],Bauernfeind_etal_2013 [restricted: Bauernfeind_2013.csv],Bauernfeind et al 2013
Avahi_laniger,Tractus_opticus,Tractus_opticus_Vol.mm3,crosswalk_exact,38.3,resolved_fallback_restricted,restricted_documents_near_perfect,Stephan_etal_1981 [restricted: Stephan_1981.csv],1384,,,NA,Stephan_etal_1981 [restricted: Stephan_1981.csv] = 38.3 (0.00%; scale 1; restricted_checks/Stephan_etal_1981/comparison/Stephan_1981.csv R10C37; 1384 prior contributions),Stephan_etal_1981 [restricted: Stephan_1981.csv],Stephan_etal_1981 [restricted: Stephan_1981.csv],Stephan et al 1981
Avahi_occidentalis,ASG_Sousa,Area_striata_grey_matter_Vol.mm3,crosswalk_exact,450,resolved_fallback_restricted,restricted_documents_near_perfect,deSousa_etal_2010 [restricted: deSousa_2010.csv],0,,,Evo-M1 value matches Frahm_etal_1984_Table1 (not the metadata source); attributed to metadata source; see source_hunt,deSousa_etal_2010 [restricted: deSousa_2010.csv] = 450 (0.00%; scale 1; restricted_checks/deSousa_etal_2010/comparison/deSousa_2010.csv R10C2; 0 prior contributions),Frahm_etal_1984_Table1; deSousa_etal_2010 [restricted: deSousa_2010.csv]; deSousa_etal_2010 [restricted: Visual_volumes.xlsx]; Stephan_etal_1981 [restricted: Stephan_1981.csv],Frahm_etal_1984_Table1; deSousa_etal_2010 [restricted: deSousa_2010.csv],de Sousa et al 2010
Avahi_occidentalis,Brain_weight,Brain_Mass.mg,crosswalk_exact,9670,resolved_multiple,direct_same_structure_multiple,Stephan_etal_1981_TableII,162,1000,,NA,,,Bauernfeind_etal_2013_Table1; Stephan_etal_1981_TableII; Stephan_etal_1988_TABLE1,Stephan et al 1981; Zilles and Rehkamper 1988; Bauernfeind et al 2013
Avahi_occidentalis,LGN_Sousa,Corpus_geniculatum_laterale_Vol.mm3,crosswalk_exact,29.3,resolved_fallback_evom1,evom1_all_volume_tables_near_perfect,Stephan_etal_1984_Table1,0,,,Evo-M1 value matches Stephan_etal_1984_Table1 (not the metadata source); attributed to metadata source; see source_hunt,Stephan_etal_1984_Table1 = 29.3 (Corpus_geniculatum_laterale_Vol.mm3; 0.00%; scale 1; 0 prior contributions),Stephan_etal_1984_Table1; deSousa_etal_2010 [restricted: Visual_volumes.xlsx]; deSousa_etal_2010 [restricted: deSousa_2010.csv],Stephan_etal_1984_Table1,de Sousa et al 2010; de Sousa et al 2013
Callithrix_jacchus,ASG_Sousa,Area_striata_grey_matter_Vol.mm3,crosswalk_exact,566,resolved_fallback_restricted,restricted_documents_near_perfect,deSousa_etal_2010 [restricted: Visual_volumes.xlsx],0,1000,,Evo-M1 value matches Frahm_etal_1984_Table1 (not the metadata source); attributed to metadata source; see source_hunt,deSousa_etal_2010 [restricted: Visual_volumes.xlsx] = 0.566 (0.00%; scale 1000; restricted_checks/deSousa_etal_2010/comparison/Visual_volumes.xlsx R18C5; 0 prior contributions),Frahm_etal_1998_Table1; Frahm_etal_1984_Table1; deSousa_etal_2010 [restricted: Visual_volumes.xlsx]; deSousa_etal_2010 [restricted: deSousa_2010.csv]; Stephan_etal_1981 [restricted: Stephan_1981.csv],Frahm_etal_1984_Table1; Frahm_etal_1998_Table1; deSousa_etal_2010 [restricted: Visual_volumes.xlsx],de Sousa et al 2010
Callithrix_jacchus,LGN_Sousa,Corpus_geniculatum_laterale_Vol.mm3,crosswalk_exact,25.1,resolved_fallback_metadata,metadata_tables_near_perfect,deSousa_etal_2010_SupTable2,0,,,Evo-M1 value matches Stephan_etal_1984_Table1 (not the metadata source); attributed to metadata source; see source_hunt,deSousa_etal_2010_SupTable2 = 25 (Corpus_geniculatum_laterale_Vol.mm3; 0.40%; scale 1; 0 prior contributions),deSousa_etal_2010_SupTable2; Frahm_etal_1998_Table1; Stephan_etal_1984_Table1; Stephan_etal_1981_TableIX; deSousa_etal_2010 [restricted: Visual_volumes.xlsx]; deSousa_etal_2010 [restricted: deSousa_2010.csv],Stephan_etal_1984_Table1; deSousa_etal_2010_SupTable2; Frahm_etal_1998_Table1; Stephan_etal_1981_TableIX,de Sousa et al 2010; de Sousa et al 2013
Callithrix_pygmaea,ASG_Sousa,Area_striata_grey_matter_Vol.mm3,crosswalk_exact,363,resolved_fallback_restricted,restricted_documents_near_perfect,deSousa_etal_2010 [restricted: Visual_volumes.xlsx],0,1000,,Evo-M1 value matches Frahm_etal_1984_Table1 (not the metadata source); attributed to metadata source; see source_hunt,deSousa_etal_2010 [restricted: Visual_volumes.xlsx] = 0.363 (0.00%; scale 1000; restricted_checks/deSousa_etal_2010/comparison/Visual_volumes.xlsx R19C5; 0 prior contributions),Frahm_etal_1998_Table1; Frahm_etal_1984_Table1; deSousa_etal_2010 [restricted: Visual_volumes.xlsx]; deSousa_etal_2010 [restricted: deSousa_2010.csv]; Stephan_etal_1981 [restricted: Stephan_1981.csv],Frahm_etal_1984_Table1; Frahm_etal_1998_Table1; deSousa_etal_2010 [restricted: Visual_volumes.xlsx],de Sousa et al 2010
Callithrix_pygmaea,Agranular_volume_L,Agranular_insular_cortex_left_Vol.mm3,crosswalk_exact,1,resolved_fallback_restricted,restricted_documents_near_perfect,Bauernfeind_etal_2013 [restricted: Bauernfeind_2013.csv],181,,,NA,Bauernfeind_etal_2013 [restricted: Bauernfeind_2013.csv] = 1 (0.00%; scale 1; restricted_checks/Bauernfeind_etal_2013/comparison/Bauernfeind_2013.csv R15C9; 181 prior contributions),Bauernfeind_etal_2013 [restricted: Bauernfeind_2013.csv],Bauernfeind_etal_2013 [restricted: Bauernfeind_2013.csv],Bauernfeind et al 2013
Callithrix_pygmaea,Body_mass,Body_Mass.g,crosswalk_exact,110,resolved_fallback_restricted,restricted_documents_near_perfect,Bauernfeind_etal_2013 [restricted: Bauernfeind_2013.csv],181,,,Matano_etal_1985_a_Table1 = 120 (8.3%),Bauernfeind_etal_2013 [restricted: Bauernfeind_2013.csv] = 110 (0.00%; scale 1; restricted_checks/Bauernfeind_etal_2013/comparison/Bauernfeind_2013.csv R15C6; 181 prior contributions),Bauernfeind_etal_2013 [restricted: Bauernfeind_2013.csv],Bauernfeind_etal_2013 [restricted: Bauernfeind_2013.csv],Bauernfeind et al 2013
Callithrix_pygmaea,Brain_mass,Brain_Mass.mg,crosswalk_exact,4200,resolved_fallback_restricted,restricted_documents_near_perfect,Bauernfeind_etal_2013 [restricted: Bauernfeind_2013.csv],181,,,Stephan_etal_1988_TABLE1 = 4150 (1.2%),Bauernfeind_etal_2013 [restricted: Bauernfeind_2013.csv] = 4200 (0.00%; scale 1; restricted_checks/Bauernfeind_etal_2013/comparison/Bauernfeind_2013.csv R15C7; 181 prior contributions),Frahm_etal_1998_Table1; Bauernfeind_etal_2013 [restricted: Bauernfeind_2013.csv]; Bauernfeind_etal_2013 [restricted: insulaAmy.xls],Frahm_etal_1998_Table1; Bauernfeind_etal_2013 [restricted: Bauernfeind_2013.csv],Bauernfeind et al 2013
Callithrix_pygmaea,Dysgranular_volume_L,Dysgranular_insular_cortex_left_Vol.mm3,crosswalk_exact,7,resolved_fallback_restricted,restricted_documents_near_perfect,Bauernfeind_etal_2013 [restricted: Bauernfeind_2013.csv],181,,,NA,Bauernfeind_etal_2013 [restricted: Bauernfeind_2013.csv] = 7 (0.00%; scale 1; restricted_checks/Bauernfeind_etal_2013/comparison/Bauernfeind_2013.csv R15C10; 181 prior contributions),Bauernfeind_etal_2013 [restricted: Bauernfeind_2013.csv],Bauernfeind_etal_2013 [restricted: Bauernfeind_2013.csv],Bauernfeind et al 2013
Callithrix_pygmaea,Granular_volume_L,Granular_insular_cortex_left_Vol.mm3,crosswalk_exact,3,resolved_fallback_restricted,restricted_documents_near_perfect,Bauernfeind_etal_2013 [restricted: Bauernfeind_2013.csv],181,,,NA,Bauernfeind_etal_2013 [restricted: Bauernfeind_2013.csv] = 3 (0.00%; scale 1; restricted_checks/Bauernfeind_etal_2013/comparison/Bauernfeind_2013.csv R15C12; 181 prior contributions),Bauernfeind_etal_2013 [restricted: Bauernfeind_2013.csv],Bauernfeind_etal_2013 [restricted: Bauernfeind_2013.csv],Bauernfeind et al 2013
Callithrix_pygmaea,LGN_Sousa,Corpus_geniculatum_laterale_Vol.mm3,crosswalk_exact,16.9,resolved_fallback_restricted,restricted_documents_near_perfect,deSousa_etal_2010 [restricted: Visual_volumes.xlsx],0,,,NA,deSousa_etal_2010 [restricted: Visual_volumes.xlsx] = 16.9 (0.00%; scale 1; restricted_checks/deSousa_etal_2010/comparison/Visual_volumes.xlsx R19C10; 0 prior contributions),Frahm_etal_1998_Table1; deSousa_etal_2010 [restricted: Visual_volumes.xlsx]; deSousa_etal_2010 [restricted: deSousa_2010.csv],Frahm_etal_1998_Table1; deSousa_etal_2010 [restricted: Visual_volumes.xlsx],de Sousa et al 2010; de Sousa et al 2013
Callithrix_pygmaea,Total_insula_volume_L,Insula_left_Vol.mm3,crosswalk_exact,11,resolved_fallback_restricted,restricted_documents_near_perfect,Bauernfeind_etal_2013 [restricted: Bauernfeind_2013.csv],181,,,NA,Bauernfeind_etal_2013 [restricted: Bauernfeind_2013.csv] = 11 (0.00%; scale 1; restricted_checks/Bauernfeind_etal_2013/comparison/Bauernfeind_2013.csv R15C13; 181 prior contributions),Bauernfeind_etal_2013 [restricted: Bauernfeind_2013.csv]; Matano_etal_1985_a [restricted: Matano_1985a.csv],Bauernfeind_etal_2013 [restricted: Bauernfeind_2013.csv],Bauernfeind et al 2013
Cebus_albifrons,ASG_Sousa,Area_striata_grey_matter_Vol.mm3,crosswalk_exact,3764,resolved_fallback_metadata,metadata_tables_near_perfect,deSousa_etal_2010_SupTable2,0,,,Evo-M1 value matches Frahm_etal_1984_Table1 (not the metadata source); attributed to metadata source; see source_hunt,deSousa_etal_2010_SupTable2 = 3800 (Area_striata_grey_matter_Vol.mm3; 0.95%; scale 1; 0 prior contributions),deSousa_etal_2010_SupTable2; Smaers_etal_2017_TableS1part1; Frahm_etal_1998_Table1; Frahm_etal_1984_Table1; deSousa_etal_2010 [restricted: Visual_volumes.xlsx]; deSousa_etal_2010 [restricted: deSousa_2010.csv]; Stephan_etal_1981 [restricted: Stephan_1981.csv],Frahm_etal_1984_Table1; deSousa_etal_2010_SupTable2; Smaers_etal_2017_TableS1part1; Frahm_etal_1998_Table1,de Sousa et al 2010
Cebus_albifrons,Brain_mass,Brain_Mass.mg,crosswalk_exact,79800,resolved_unique,direct_same_structure_unique,Bauernfeind_etal_2013_Table1,181,1000,,NA,,,Bauernfeind_etal_2013_Table1,Bauernfeind et al 2013
Cebus_albifrons,Corpus.subcommissurale,Corpus_subcommissurale_Vol.mm3,crosswalk_exact,0.43,likely_fallback_metadata,metadata_tables_close_same_structure,Stephan_etal_1981_TableXVI,103,,,Stephan_etal_1981_TableXVI = 0.425 (1.2%),Stephan_etal_1981_TableXVI = 0.425 (Corpus_subcommissurale_Vol.mm3; 1.16%; scale 1; 103 prior contributions),Stephan_etal_1981_TableXVI; Stephan_etal_1981 [restricted: Stephan_1981.csv],Stephan_etal_1981_TableXVI,Stephan et al 1981
Cebus_albifrons,Frontal.motor,FrontalMotor_white_matter_Vol.mm3,crosswalk_exact,1.43,resolved_fallback_metadata,metadata_tables_near_perfect,Smaers_etal_2017_TableS1part1,0,,,NA,Smaers_etal_2017_TableS1part1 = 1425 (FrontalMotor_white_matter_Vol.mm3; 0.35%; scale 0.001; 0 prior contributions),Smaers_etal_2017_TableS1part1,Smaers_etal_2017_TableS1part1,Smaers et al 2017
Cebus_albifrons,Frontal.motor.Gray,FrontalMotor_grey_matter_Vol.mm3,crosswalk_exact,1.98,resolved_fallback_metadata,metadata_tables_near_perfect,Smaers_etal_2017_TableS1part1,0,,,NA,Smaers_etal_2017_TableS1part1 = 1977 (FrontalMotor_grey_matter_Vol.mm3; 0.15%; scale 0.001; 0 prior contributions),Smaers_etal_2017_TableS1part1; Smaers_etal_2017 [restricted: Smaers.csv],Smaers_etal_2017_TableS1part1,Smaers et al 2017
Cebus_albifrons,LGN_Sousa,Corpus_geniculatum_laterale_Vol.mm3,crosswalk_exact,137,resolved_fallback_metadata,metadata_tables_near_perfect,deSousa_etal_2010_SupTable2,0,,,Evo-M1 value matches Stephan_etal_1981_TableIX; Stephan_etal_1984_Table1 (not the metadata source); attributed to metadata source; see source_hunt,deSousa_etal_2010_SupTable2 = 137 (Corpus_geniculatum_laterale_Vol.mm3; 0.00%; scale 1; 0 prior contributions),deSousa_etal_2010_SupTable2; Frahm_etal_1998_Table1; Stephan_etal_1984_Table1; Stephan_etal_1981_TableIX; deSousa_etal_2010 [restricted: Visual_volumes.xlsx]; deSousa_etal_2010 [restricted: deSousa_2010.csv]; Stephan_etal_1981 [restricted: Stephan_1981.csv],Stephan_etal_1981_TableIX; Stephan_etal_1984_Table1; deSousa_etal_2010_SupTable2; Frahm_etal_1998_Table1,de Sousa et al 2010; de Sousa et al 2013
Cebus_albifrons,Other.cortical.association.areas.Gray,AssociationCortex_grey_matter_Vol.mm3,crosswalk_exact,21.02,resolved_fallback_metadata,metadata_tables_near_perfect,Smaers_etal_2017_TableS1part1,0,,,NA,Smaers_etal_2017_TableS1part1 = 21024 (AssociationCortex_grey_matter_Vol.mm3; 0.02%; scale 0.001; 0 prior contributions),Smaers_etal_2017_TableS1part1; Smaers_etal_2017 [restricted: Smaers.csv],Smaers_etal_2017_TableS1part1,Smaers et al 2017
Cebus_albifrons,Other.cortical.association.areas.White,AssociationCortex_white_matter_Vol.mm3,crosswalk_exact,12.05,resolved_fallback_metadata,metadata_tables_near_perfect,Smaers_etal_2017_TableS1part1,0,,,NA,Smaers_etal_2017_TableS1part1 = 12053 (AssociationCortex_white_matter_Vol.mm3; 0.02%; scale 0.001; 0 prior contributions),Smaers_etal_2017_TableS1part1; Smaers_etal_2017 [restricted: Smaers.csv],Smaers_etal_2017_TableS1part1,Smaers et al 2017
Cebus_albifrons,Prefrontal.Gray,PrefrontalCortex_grey_matter_Vol.mm3,crosswalk_exact,1.43,resolved_fallback_metadata,metadata_tables_near_perfect,Smaers_etal_2017_TableS1part1,0,,,NA,Smaers_etal_2017_TableS1part1 = 1434 (PrefrontalCortex_grey_matter_Vol.mm3; 0.28%; scale 0.001; 0 prior contributions),Smaers_etal_2017_TableS1part1; Smaers_etal_2011_SupplementaryTable2; Smaers_etal_2017 [restricted: Smaers.csv],Smaers_etal_2017_TableS1part1; Smaers_etal_2011_SupplementaryTable2,Smaers et al 2017
Cebus_albifrons,Prefrontal.White,PrefrontalCortex_white_matter_Vol.mm3,crosswalk_exact,0.26,resolved_fallback_metadata,metadata_tables_near_perfect,Smaers_etal_2017_TableS1part1,0,,,NA,Smaers_etal_2017_TableS1part1 = 257 (PrefrontalCortex_white_matter_Vol.mm3; 1.15%; scale 0.001; 0 prior contributions),Smaers_etal_2017_TableS1part1; Smaers_etal_2011_SupplementaryTable2; Smaers_etal_2017 [restricted: Smaers.csv],Smaers_etal_2017_TableS1part1; Smaers_etal_2011_SupplementaryTable2,Smaers et al 2017
Cebus_albifrons,Primary.visual.White.Smaers,Area_striata_white_matter_Vol.mm3,crosswalk_exact,0.94,resolved_fallback_metadata,metadata_tables_near_perfect,Smaers_etal_2017_TableS1part1,0,,,Evo-M1 value matches Frahm_etal_1984_Table1 (not the metadata source); attributed to metadata source; see source_hunt,Smaers_etal_2017_TableS1part1 = 939 (Area_striata_white_matter_Vol.mm3; 0.11%; scale 0.001; 0 prior contributions),Smaers_etal_2017_TableS1part1; Frahm_etal_1984_Table1; Smaers_etal_2017 [restricted: Smaers.csv],Frahm_etal_1984_Table1; Smaers_etal_2017_TableS1part1,Smaers et al 2017
Cercocebus_agilis,Brain_mass,Brain_Mass.mg,crosswalk_exact,95300,resolved_unique,direct_same_structure_unique,Bauernfeind_etal_2013_Table1,181,1000,,NA,,,Bauernfeind_etal_2013_Table1,Bauernfeind et al 2013
Cercocebus_agilis,Brain_weight,Brain_Mass.mg,crosswalk_exact,95300,resolved_unique,direct_same_structure_unique,Bauernfeind_etal_2013_Table1,181,1000,,NA,,,Bauernfeind_etal_2013_Table1,Stephan et al 1981; Zilles and Rehkamper 1988; Bauernfeind et al 2013
Cercopithecus_ascanius,ASG_Sousa,Area_striata_grey_matter_Vol.mm3,crosswalk_exact,4272,resolved_fallback_metadata,metadata_tables_near_perfect,deSousa_etal_2010_SupTable2,0,,,Evo-M1 value matches Frahm_etal_1984_Table1 (not the metadata source); attributed to metadata source; see source_hunt,deSousa_etal_2010_SupTable2 = 4300 (Area_striata_grey_matter_Vol.mm3; 0.65%; scale 1; 0 prior contributions),deSousa_etal_2010_SupTable2; Smaers_etal_2017_TableS1part1; Frahm_etal_1998_Table1; Frahm_etal_1984_Table1; deSousa_etal_2010 [restricted: Visual_volumes.xlsx]; deSousa_etal_2010 [restricted: deSousa_2010.csv]; Stephan_etal_1981 [restricted: Stephan_1981.csv],Frahm_etal_1984_Table1; deSousa_etal_2010_SupTable2; Smaers_etal_2017_TableS1part1; Frahm_etal_1998_Table1,de Sousa et al 2010
Cercopithecus_ascanius,Frontal.motor,FrontalMotor_white_matter_Vol.mm3,crosswalk_exact,0.93,resolved_fallback_metadata,metadata_tables_near_perfect,Smaers_etal_2017_TableS1part1,0,,,NA,Smaers_etal_2017_TableS1part1 = 930 (FrontalMotor_white_matter_Vol.mm3; 0.00%; scale 0.001; 0 prior contributions),Smaers_etal_2017_TableS1part1,Smaers_etal_2017_TableS1part1,Smaers et al 2017
Cercopithecus_ascanius,Frontal.motor.Gray,FrontalMotor_grey_matter_Vol.mm3,crosswalk_exact,1.35,resolved_fallback_metadata,metadata_tables_near_perfect,Smaers_etal_2017_TableS1part1,0,,,NA,Smaers_etal_2017_TableS1part1 = 1351 (FrontalMotor_grey_matter_Vol.mm3; 0.07%; scale 0.001; 0 prior contributions),Smaers_etal_2017_TableS1part1; Smaers_etal_2017 [restricted: Smaers.csv],Smaers_etal_2017_TableS1part1,Smaers et al 2017
Cercopithecus_ascanius,Other.cortical.association.areas.Gray,AssociationCortex_grey_matter_Vol.mm3,crosswalk_exact,16.06,resolved_fallback_metadata,metadata_tables_near_perfect,Smaers_etal_2017_TableS1part1,0,,,NA,Smaers_etal_2017_TableS1part1 = 16060 (AssociationCortex_grey_matter_Vol.mm3; 0.00%; scale 0.001; 0 prior contributions),Smaers_etal_2017_TableS1part1; Smaers_etal_2017 [restricted: Smaers.csv],Smaers_etal_2017_TableS1part1,Smaers et al 2017
Cercopithecus_ascanius,Other.cortical.association.areas.White,AssociationCortex_white_matter_Vol.mm3,crosswalk_exact,8.3,resolved_fallback_metadata,metadata_tables_near_perfect,Smaers_etal_2017_TableS1part1,0,,,NA,Smaers_etal_2017_TableS1part1 = 8297 (AssociationCortex_white_matter_Vol.mm3; 0.04%; scale 0.001; 0 prior contributions),Smaers_etal_2017_TableS1part1; Smaers_etal_2017 [restricted: Smaers.csv],Smaers_etal_2017_TableS1part1,Smaers et al 2017
Cercopithecus_ascanius,Prefrontal.Gray,PrefrontalCortex_grey_matter_Vol.mm3,crosswalk_exact,1.15,resolved_fallback_metadata,metadata_tables_near_perfect,Smaers_etal_2017_TableS1part1,0,,,NA,Smaers_etal_2017_TableS1part1 = 1154 (PrefrontalCortex_grey_matter_Vol.mm3; 0.35%; scale 0.001; 0 prior contributions),Smaers_etal_2017_TableS1part1; Smaers_etal_2011_SupplementaryTable2; Smaers_etal_2017 [restricted: Smaers.csv],Smaers_etal_2017_TableS1part1; Smaers_etal_2011_SupplementaryTable2,Smaers et al 2017
Cercopithecus_ascanius,Prefrontal.White,PrefrontalCortex_white_matter_Vol.mm3,crosswalk_exact,0.16,resolved_fallback_metadata,metadata_tables_near_perfect,Smaers_etal_2017_TableS1part1,0,,,NA,Smaers_etal_2017_TableS1part1 = 159 (PrefrontalCortex_white_matter_Vol.mm3; 0.63%; scale 0.001; 0 prior contributions),Smaers_etal_2017_TableS1part1; Smaers_etal_2011_SupplementaryTable2; Smaers_etal_2017 [restricted: Smaers.csv],Smaers_etal_2017_TableS1part1; Smaers_etal_2011_SupplementaryTable2,Smaers et al 2017
Cercopithecus_ascanius,Primary.visual.White.Smaers,Area_striata_white_matter_Vol.mm3,crosswalk_exact,0.83,resolved_fallback_metadata,metadata_tables_near_perfect,Smaers_etal_2017_TableS1part1,0,,,Evo-M1 value matches Frahm_etal_1984_Table1 (not the metadata source); attributed to metadata source; see source_hunt,Smaers_etal_2017_TableS1part1 = 834 (Area_striata_white_matter_Vol.mm3; 0.48%; scale 0.001; 0 prior contributions),Smaers_etal_2017_TableS1part1; Frahm_etal_1984_Table1; Smaers_etal_2017 [restricted: Smaers.csv],Frahm_etal_1984_Table1; Smaers_etal_2017_TableS1part1,Smaers et al 2017
Cercopithecus_mitis,ASG_Sousa,Area_striata_grey_matter_Vol.mm3,crosswalk_exact,4232,resolved_fallback_metadata,metadata_tables_near_perfect,deSousa_etal_2010_SupTable2,0,,,Evo-M1 value matches Frahm_etal_1984_Table1 (not the metadata source); attributed to metadata source; see source_hunt,deSousa_etal_2010_SupTable2 = 4200 (Area_striata_grey_matter_Vol.mm3; 0.76%; scale 1; 0 prior contributions),deSousa_etal_2010_SupTable2; Smaers_etal_2017_TableS1part1; Frahm_etal_1998_Table1; Frahm_etal_1984_Table1; deSousa_etal_2010 [restricted: deSousa_2010.csv]; deSousa_etal_2010 [restricted: Visual_volumes.xlsx]; Stephan_etal_1981 [restricted: Stephan_1981.csv],Frahm_etal_1984_Table1; deSousa_etal_2010_SupTable2; Smaers_etal_2017_TableS1part1; Frahm_etal_1998_Table1,de Sousa et al 2010
Cercopithecus_mitis,Brain_mass,Brain_Mass.mg,crosswalk_exact,71600,resolved_unique,direct_same_structure_unique,Bauernfeind_etal_2013_Table1,181,1000,,NA,,,Bauernfeind_etal_2013_Table1,Bauernfeind et al 2013
Cercopithecus_mitis,Frontal.motor,FrontalMotor_white_matter_Vol.mm3,crosswalk_exact,0.95,resolved_fallback_metadata,metadata_tables_near_perfect,Smaers_etal_2017_TableS1part1,0,,,NA,Smaers_etal_2017_TableS1part1 = 946 (FrontalMotor_white_matter_Vol.mm3; 0.42%; scale 0.001; 0 prior contributions),Smaers_etal_2017_TableS1part1,Smaers_etal_2017_TableS1part1,Smaers et al 2017
Cercopithecus_mitis,Frontal.motor.Gray,FrontalMotor_grey_matter_Vol.mm3,crosswalk_exact,1.85,resolved_fallback_metadata,metadata_tables_near_perfect,Smaers_etal_2017_TableS1part1,0,,,NA,Smaers_etal_2017_TableS1part1 = 1852 (FrontalMotor_grey_matter_Vol.mm3; 0.11%; scale 0.001; 0 prior contributions),Smaers_etal_2017_TableS1part1; Smaers_etal_2017 [restricted: Smaers.csv],Smaers_etal_2017_TableS1part1,Smaers et al 2017
Cercopithecus_mitis,LGN_Sousa,Corpus_geniculatum_laterale_Vol.mm3,crosswalk_exact,150,resolved_fallback_metadata,metadata_tables_near_perfect,deSousa_etal_2010_SupTable2,0,,,Evo-M1 value matches Stephan_etal_1981_TableIX; Stephan_etal_1984_Table1 (not the metadata source); attributed to metadata source; see source_hunt,deSousa_etal_2010_SupTable2 = 150 (Corpus_geniculatum_laterale_Vol.mm3; 0.00%; scale 1; 0 prior contributions),deSousa_etal_2010_SupTable2; Frahm_etal_1998_Table1; Stephan_etal_1984_Table1; Stephan_etal_1981_TableIX; deSousa_etal_2013 [restricted: compare_LGN_vs_Stephan.csv]; deSousa_etal_2013 [restricted: deSousa_2013.csv]; deSousa_etal_2010 [restricted: deSousa_2010.csv]; deSousa_etal_2010 [restricted: Visual_volumes.xlsx]; Stephan_etal_1981 [restricted: Stephan_1981.csv],Stephan_etal_1981_TableIX; Stephan_etal_1984_Table1; deSousa_etal_2010_SupTable2; Frahm_etal_1998_Table1,de Sousa et al 2010; de Sousa et al 2013
Cercopithecus_mitis,Other.cortical.association.areas.Gray,AssociationCortex_grey_matter_Vol.mm3,crosswalk_exact,19.39,resolved_fallback_metadata,metadata_tables_near_perfect,Smaers_etal_2017_TableS1part1,0,,,NA,Smaers_etal_2017_TableS1part1 = 19385 (AssociationCortex_grey_matter_Vol.mm3; 0.03%; scale 0.001; 0 prior contributions),Smaers_etal_2017_TableS1part1; Smaers_etal_2017 [restricted: Smaers.csv],Smaers_etal_2017_TableS1part1,Smaers et al 2017
Cercopithecus_mitis,Other.cortical.association.areas.White,AssociationCortex_white_matter_Vol.mm3,crosswalk_exact,9.91,resolved_fallback_metadata,metadata_tables_near_perfect,Smaers_etal_2017_TableS1part1,0,,,NA,Smaers_etal_2017_TableS1part1 = 9911 (AssociationCortex_white_matter_Vol.mm3; 0.01%; scale 0.001; 0 prior contributions),Smaers_etal_2017_TableS1part1; Smaers_etal_2017 [restricted: Smaers.csv],Smaers_etal_2017_TableS1part1,Smaers et al 2017
Cercopithecus_mitis,Prefrontal.Gray,PrefrontalCortex_grey_matter_Vol.mm3,crosswalk_exact,1.38,resolved_fallback_metadata,metadata_tables_near_perfect,Smaers_etal_2017_TableS1part1,0,,,NA,Smaers_etal_2017_TableS1part1 = 1380 (PrefrontalCortex_grey_matter_Vol.mm3; 0.00%; scale 0.001; 0 prior contributions),Smaers_etal_2017_TableS1part1; Smaers_etal_2011_SupplementaryTable2; Smaers_etal_2017 [restricted: Smaers.csv],Smaers_etal_2017_TableS1part1; Smaers_etal_2011_SupplementaryTable2,Smaers et al 2017
Cercopithecus_mitis,Prefrontal.White,PrefrontalCortex_white_matter_Vol.mm3,crosswalk_exact,0.21,resolved_fallback_metadata,metadata_tables_near_perfect,Smaers_etal_2017_TableS1part1,0,,,NA,Smaers_etal_2017_TableS1part1 = 205 (PrefrontalCortex_white_matter_Vol.mm3; 2.38%; scale 0.001; 0 prior contributions),Smaers_etal_2017_TableS1part1; Smaers_etal_2011_SupplementaryTable2; Smaers_etal_2017 [restricted: Smaers.csv],Smaers_etal_2017_TableS1part1; Smaers_etal_2011_SupplementaryTable2,Smaers et al 2017
Cercopithecus_mitis,Primary.visual.White.Smaers,Area_striata_white_matter_Vol.mm3,crosswalk_exact,1.04,resolved_fallback_metadata,metadata_tables_near_perfect,Smaers_etal_2017_TableS1part1,0,,,Evo-M1 value matches Frahm_etal_1984_Table1 (not the metadata source); attributed to metadata source; see source_hunt,Smaers_etal_2017_TableS1part1 = 1042 (Area_striata_white_matter_Vol.mm3; 0.19%; scale 0.001; 0 prior contributions),Smaers_etal_2017_TableS1part1; Frahm_etal_1984_Table1; Smaers_etal_2017 [restricted: Smaers.csv],Frahm_etal_1984_Table1; Smaers_etal_2017_TableS1part1,Smaers et al 2017
Cheirogaleus_major,ASG_Sousa,Area_striata_grey_matter_Vol.mm3,crosswalk_exact,433,resolved_fallback_restricted,restricted_documents_near_perfect,deSousa_etal_2010 [restricted: Visual_volumes.xlsx],0,1000,,Evo-M1 value matches Frahm_etal_1984_Table1 (not the metadata source); attributed to metadata source; see source_hunt,deSousa_etal_2010 [restricted: Visual_volumes.xlsx] = 0.433 (0.00%; scale 1000; restricted_checks/deSousa_etal_2010/comparison/Visual_volumes.xlsx R32C5; 0 prior contributions),Frahm_etal_1998_Table1; Frahm_etal_1984_Table1; deSousa_etal_2010 [restricted: Visual_volumes.xlsx]; deSousa_etal_2010 [restricted: deSousa_2010.csv]; Stephan_etal_1981 [restricted: Stephan_1981.csv],Frahm_etal_1984_Table1; Frahm_etal_1998_Table1; deSousa_etal_2010 [restricted: Visual_volumes.xlsx],de Sousa et al 2010
Cheirogaleus_major,LGN_Sousa,Corpus_geniculatum_laterale_Vol.mm3,crosswalk_exact,21.5,resolved_fallback_restricted,restricted_documents_near_perfect,deSousa_etal_2010 [restricted: Visual_volumes.xlsx],0,,,Evo-M1 value matches Stephan_etal_1981_TableIX; Stephan_etal_1984_Table1 (not the metadata source); attributed to metadata source; see source_hunt,deSousa_etal_2010 [restricted: Visual_volumes.xlsx] = 21.5 (0.00%; scale 1; restricted_checks/deSousa_etal_2010/comparison/Visual_volumes.xlsx R32C10; 0 prior contributions),deSousa_etal_2010_SupTable2; Frahm_etal_1998_Table1; Stephan_etal_1984_Table1; Stephan_etal_1981_TableIX; deSousa_etal_2010 [restricted: Visual_volumes.xlsx]; deSousa_etal_2010 [restricted: deSousa_2010.csv]; Stephan_etal_1981 [restricted: Stephan_1981.csv],Stephan_etal_1981_TableIX; Stephan_etal_1984_Table1; deSousa_etal_2010_SupTable2; Frahm_etal_1998_Table1; deSousa_etal_2010 [restricted: Visual_volumes.xlsx],de Sousa et al 2010; de Sousa et al 2013
Cheirogaleus_medius,ASG_Sousa,Area_striata_grey_matter_Vol.mm3,crosswalk_exact,199,resolved_fallback_metadata,metadata_tables_near_perfect,deSousa_etal_2010_SupTable2,0,,,Evo-M1 value matches Frahm_etal_1984_Table1 (not the metadata source); attributed to metadata source; see source_hunt,deSousa_etal_2010_SupTable2 = 200 (Area_striata_grey_matter_Vol.mm3; 0.50%; scale 1; 0 prior contributions),deSousa_etal_2010_SupTable2; Frahm_etal_1984_Table1; deSousa_etal_2010 [restricted: Visual_volumes.xlsx]; deSousa_etal_2010 [restricted: deSousa_2010.csv]; Stephan_etal_1981 [restricted: Stephan_1981.csv],Frahm_etal_1984_Table1; deSousa_etal_2010_SupTable2,de Sousa et al 2010
Cheirogaleus_medius,LGN_Sousa,Corpus_geniculatum_laterale_Vol.mm3,crosswalk_exact,10.8,resolved_fallback_restricted,restricted_documents_near_perfect,deSousa_etal_2010 [restricted: Visual_volumes.xlsx],0,,,Evo-M1 value matches Stephan_etal_1981_TableIX; Stephan_etal_1984_Table1 (not the metadata source); attributed to metadata source; see source_hunt,deSousa_etal_2010 [restricted: Visual_volumes.xlsx] = 10.8 (0.00%; scale 1; restricted_checks/deSousa_etal_2010/comparison/Visual_volumes.xlsx R33C10; 0 prior contributions),deSousa_etal_2010_SupTable2; Stephan_etal_1984_Table1; Stephan_etal_1981_TableIX; deSousa_etal_2010 [restricted: Visual_volumes.xlsx]; deSousa_etal_2010 [restricted: deSousa_2010.csv]; Stephan_etal_1981 [restricted: Stephan_1981.csv],Stephan_etal_1981_TableIX; Stephan_etal_1984_Table1; deSousa_etal_2010_SupTable2; deSousa_etal_2010 [restricted: Visual_volumes.xlsx],de Sousa et al 2010; de Sousa et al 2013
Cheirogaleus_medius,Nucleus.septalis.triangularis,Nucleus_septalis_triangularis_Vol.mm3,crosswalk_exact,0.39,likely_fallback_metadata,metadata_tables_close_same_structure,Stephan_etal_1981_TableXV,88,,,Stephan_etal_1981_TableXV = 0.385 (1.3%),Stephan_etal_1981_TableXV = 0.385 (Nucleus_septalis_triangularis_Vol.mm3; 1.28%; scale 1; 88 prior contributions),Stephan_etal_1981_TableXV; Stephan_etal_1981 [restricted: Stephan_1981.csv],Stephan_etal_1981_TableXV,Stephan et al 1981
Colobus_angolensis,Brain_mass,Brain_Mass.mg,crosswalk_exact,74400,resolved_multiple,direct_same_structure_multiple,Bauernfeind_etal_2013_Table1,181,1000,,NA,,,Bauernfeind_etal_2013_Table1; deSousa_etal_2013_Table1,Bauernfeind et al 2013
Colobus_angolensis,Brain_weight,Brain_Mass.mg,crosswalk_exact,74400,resolved_multiple,direct_same_structure_multiple,Bauernfeind_etal_2013_Table1,181,1000,,NA,,,Bauernfeind_etal_2013_Table1; deSousa_etal_2013_Table1,Stephan et al 1981; Zilles and Rehkamper 1988; Bauernfeind et al 2013
Daubentonia_madagascariensis,ASG_Sousa,Area_striata_grey_matter_Vol.mm3,crosswalk_exact,1113,resolved_fallback_restricted,restricted_documents_near_perfect,deSousa_etal_2010 [restricted: Visual_volumes.xlsx],0,1000,,Evo-M1 value matches Frahm_etal_1984_Table1 (not the metadata source); attributed to metadata source; see source_hunt,deSousa_etal_2010 [restricted: Visual_volumes.xlsx] = 1.113 (0.00%; scale 1000; restricted_checks/deSousa_etal_2010/comparison/Visual_volumes.xlsx R40C5; 0 prior contributions),deSousa_etal_2010_SupTable2; Frahm_etal_1984_Table1; deSousa_etal_2010 [restricted: Visual_volumes.xlsx]; deSousa_etal_2010 [restricted: deSousa_2010.csv]; Stephan_etal_1981 [restricted: Stephan_1981.csv],Frahm_etal_1984_Table1; deSousa_etal_2010_SupTable2; deSousa_etal_2010 [restricted: Visual_volumes.xlsx],de Sousa et al 2010
Daubentonia_madagascariensis,LGN_Sousa,Corpus_geniculatum_laterale_Vol.mm3,crosswalk_exact,58.5,resolved_fallback_metadata,metadata_tables_near_perfect,deSousa_etal_2010_SupTable2,0,,,Evo-M1 value matches Stephan_etal_1981_TableIX; Stephan_etal_1984_Table1 (not the metadata source); attributed to metadata source; see source_hunt,deSousa_etal_2010_SupTable2 = 59 (Corpus_geniculatum_laterale_Vol.mm3; 0.85%; scale 1; 0 prior contributions),deSousa_etal_2010_SupTable2; Stephan_etal_1984_Table1; Stephan_etal_1981_TableIX; deSousa_etal_2010 [restricted: Visual_volumes.xlsx]; deSousa_etal_2010 [restricted: deSousa_2010.csv]; Stephan_etal_1981 [restricted: Stephan_1981.csv],Stephan_etal_1981_TableIX; Stephan_etal_1984_Table1; deSousa_etal_2010_SupTable2,de Sousa et al 2010; de Sousa et al 2013
Erythrocebus_patas,Frontal.motor,FrontalMotor_white_matter_Vol.mm3,crosswalk_exact,1.85,resolved_fallback_metadata,metadata_tables_near_perfect,Smaers_etal_2017_TableS1part1,0,,,NA,Smaers_etal_2017_TableS1part1 = 1848 (FrontalMotor_white_matter_Vol.mm3; 0.11%; scale 0.001; 0 prior contributions),Smaers_etal_2017_TableS1part1,Smaers_etal_2017_TableS1part1,Smaers et al 2017
Erythrocebus_patas,Frontal.motor.Gray,FrontalMotor_grey_matter_Vol.mm3,crosswalk_exact,2.55,resolved_fallback_metadata,metadata_tables_near_perfect,Smaers_etal_2017_TableS1part1,0,,,NA,Smaers_etal_2017_TableS1part1 = 2552 (FrontalMotor_grey_matter_Vol.mm3; 0.08%; scale 0.001; 0 prior contributions),Smaers_etal_2017_TableS1part1; Smaers_etal_2017 [restricted: Smaers.csv],Smaers_etal_2017_TableS1part1,Smaers et al 2017
Erythrocebus_patas,Prefrontal.Gray,PrefrontalCortex_grey_matter_Vol.mm3,crosswalk_exact,1.56,resolved_fallback_metadata,metadata_tables_near_perfect,Smaers_etal_2017_TableS1part1,0,,,NA,Smaers_etal_2017_TableS1part1 = 1560 (PrefrontalCortex_grey_matter_Vol.mm3; 0.00%; scale 0.001; 0 prior contributions),Smaers_etal_2017_TableS1part1; Smaers_etal_2011_SupplementaryTable2; Smaers_etal_2017 [restricted: Smaers.csv],Smaers_etal_2017_TableS1part1; Smaers_etal_2011_SupplementaryTable2,Smaers et al 2017
Erythrocebus_patas,Prefrontal.White,PrefrontalCortex_white_matter_Vol.mm3,crosswalk_exact,0.27,resolved_fallback_metadata,metadata_tables_near_perfect,Smaers_etal_2017_TableS1part1,0,,,NA,Smaers_etal_2017_TableS1part1 = 272 (PrefrontalCortex_white_matter_Vol.mm3; 0.74%; scale 0.001; 0 prior contributions),Smaers_etal_2017_TableS1part1; Smaers_etal_2011_SupplementaryTable2; Smaers_etal_2017 [restricted: Smaers.csv],Smaers_etal_2017_TableS1part1; Smaers_etal_2011_SupplementaryTable2,Smaers et al 2017
Eulemur_fulvus,ASG_Sousa,Area_striata_grey_matter_Vol.mm3,crosswalk_exact,1253,resolved_fallback_restricted,restricted_documents_near_perfect,deSousa_etal_2010 [restricted: Visual_volumes.xlsx],0,1000,,Evo-M1 value matches Frahm_etal_1984_Table1 (not the metadata source); attributed to metadata source; see source_hunt,deSousa_etal_2010 [restricted: Visual_volumes.xlsx] = 1.253 (0.00%; scale 1000; restricted_checks/deSousa_etal_2010/comparison/Visual_volumes.xlsx R34C5; 0 prior contributions),deSousa_etal_2010_SupTable2; Frahm_etal_1984_Table1; deSousa_etal_2010 [restricted: Visual_volumes.xlsx]; deSousa_etal_2010 [restricted: deSousa_2010.csv]; Stephan_etal_1981 [restricted: Stephan_1981.csv],Frahm_etal_1984_Table1; deSousa_etal_2010_SupTable2; deSousa_etal_2010 [restricted: Visual_volumes.xlsx],de Sousa et al 2010
Eulemur_fulvus,LGN_Sousa,Corpus_geniculatum_laterale_Vol.mm3,crosswalk_exact,51.8,resolved_fallback_metadata,metadata_tables_near_perfect,deSousa_etal_2010_SupTable2,0,,,Evo-M1 value matches Stephan_etal_1981_TableIX; Stephan_etal_1984_Table1 (not the metadata source); attributed to metadata source; see source_hunt,deSousa_etal_2010_SupTable2 = 52 (Corpus_geniculatum_laterale_Vol.mm3; 0.38%; scale 1; 0 prior contributions),deSousa_etal_2010_SupTable2; Stephan_etal_1984_Table1; Stephan_etal_1981_TableIX; deSousa_etal_2010 [restricted: Visual_volumes.xlsx]; deSousa_etal_2010 [restricted: deSousa_2010.csv]; Stephan_etal_1981 [restricted: Stephan_1981.csv],Stephan_etal_1981_TableIX; Stephan_etal_1984_Table1; deSousa_etal_2010_SupTable2,de Sousa et al 2010; de Sousa et al 2013
Galago_senegalensis,ASG_Sousa,Area_striata_grey_matter_Vol.mm3,crosswalk_exact,301,resolved_fallback_metadata,metadata_tables_near_perfect,deSousa_etal_2010_SupTable2,0,,,Evo-M1 value matches Frahm_etal_1984_Table1 (not the metadata source); attributed to metadata source; see source_hunt,deSousa_etal_2010_SupTable2 = 300 (Area_striata_grey_matter_Vol.mm3; 0.33%; scale 1; 0 prior contributions),deSousa_etal_2010_SupTable2; Frahm_etal_1998_Table1; Frahm_etal_1984_Table1; deSousa_etal_2010 [restricted: Visual_volumes.xlsx]; deSousa_etal_2010 [restricted: deSousa_2010.csv]; Stephan_etal_1981 [restricted: Stephan_1981.csv],Frahm_etal_1984_Table1; deSousa_etal_2010_SupTable2; Frahm_etal_1998_Table1,de Sousa et al 2010
Galago_senegalensis,LGN_Sousa,Corpus_geniculatum_laterale_Vol.mm3,crosswalk_exact,16,resolved_fallback_metadata,metadata_tables_near_perfect,deSousa_etal_2010_SupTable2,0,,,Evo-M1 value matches Stephan_etal_1981_TableIX; Stephan_etal_1984_Table1 (not the metadata source); attributed to metadata source; see source_hunt,deSousa_etal_2010_SupTable2 = 16 (Corpus_geniculatum_laterale_Vol.mm3; 0.00%; scale 1; 0 prior contributions),deSousa_etal_2010_SupTable2; Frahm_etal_1998_Table1; Stephan_etal_1984_Table1; Stephan_etal_1981_TableIX; deSousa_etal_2010 [restricted: Visual_volumes.xlsx]; deSousa_etal_2010 [restricted: deSousa_2010.csv]; Stephan_etal_1981 [restricted: Stephan_1981.csv],Stephan_etal_1981_TableIX; Stephan_etal_1984_Table1; deSousa_etal_2010_SupTable2; Frahm_etal_1998_Table1,de Sousa et al 2010; de Sousa et al 2013
Galagoides_demidoff,ASG_Sousa,Area_striata_grey_matter_Vol.mm3,crosswalk_exact,214,resolved_fallback_restricted,restricted_documents_near_perfect,deSousa_etal_2010 [restricted: Visual_volumes.xlsx],0,1000,,Evo-M1 value matches Frahm_etal_1984_Table1 (not the metadata source); attributed to metadata source; see source_hunt,deSousa_etal_2010 [restricted: Visual_volumes.xlsx] = 0.214 (0.00%; scale 1000; restricted_checks/deSousa_etal_2010/comparison/Visual_volumes.xlsx R46C5; 0 prior contributions),Frahm_etal_1998_Table1; Frahm_etal_1984_Table1; deSousa_etal_2010 [restricted: Visual_volumes.xlsx]; deSousa_etal_2010 [restricted: deSousa_2010.csv]; Stephan_etal_1981 [restricted: Stephan_1981.csv],Frahm_etal_1984_Table1; Frahm_etal_1998_Table1; deSousa_etal_2010 [restricted: Visual_volumes.xlsx],de Sousa et al 2010
Galagoides_demidoff,Brain_mass,Brain_Mass.mg,crosswalk_exact,3300,resolved_unique,direct_same_structure_unique,Bauernfeind_etal_2013_Table1,181,1000,,NA,,,Bauernfeind_etal_2013_Table1,Bauernfeind et al 2013
Galagoides_demidoff,LGN_Sousa,Corpus_geniculatum_laterale_Vol.mm3,crosswalk_exact,10.9,resolved_fallback_metadata,metadata_tables_near_perfect,deSousa_etal_2010_SupTable2,0,,,Evo-M1 value matches Stephan_etal_1981_TableIX; Stephan_etal_1984_Table1 (not the metadata source); attributed to metadata source; see source_hunt,deSousa_etal_2010_SupTable2 = 11 (Corpus_geniculatum_laterale_Vol.mm3; 0.91%; scale 1; 0 prior contributions),deSousa_etal_2010_SupTable2; Frahm_etal_1998_Table1; Stephan_etal_1984_Table1; Stephan_etal_1981_TableIX; deSousa_etal_2010 [restricted: Visual_volumes.xlsx]; deSousa_etal_2010 [restricted: deSousa_2010.csv]; Stephan_etal_1981 [restricted: Stephan_1981.csv],Stephan_etal_1981_TableIX; Stephan_etal_1984_Table1; deSousa_etal_2010_SupTable2; Frahm_etal_1998_Table1,de Sousa et al 2010; de Sousa et al 2013
Gorilla_gorilla,ASG_Sousa,Area_striata_grey_matter_Vol.mm3,crosswalk_exact,9129,resolved_fallback_metadata,metadata_tables_near_perfect,deSousa_etal_2010_SupTable2,0,,,Frahm_etal_1984_Table1 = 12062 (24.3%),deSousa_etal_2010_SupTable2 = 9100 (Area_striata_grey_matter_Vol.mm3; 0.32%; scale 1; 0 prior contributions),deSousa_etal_2010_SupTable2; deSousa_etal_2010 [restricted: deSousa_2010.csv]; deSousa_etal_2010 [restricted: Visual_volumes.xlsx]; Stephan_etal_1981 [restricted: Stephan_1981.csv],deSousa_etal_2010_SupTable2,de Sousa et al 2010
Gorilla_gorilla,Brain_mass,Brain_Mass.mg,crosswalk_exact,416250,resolved_unique,direct_same_structure_unique,Bauernfeind_etal_2013_Table1,181,1000,,NA,,,Bauernfeind_etal_2013_Table1,Bauernfeind et al 2013
Gorilla_gorilla,Frontal.motor,FrontalMotor_white_matter_Vol.mm3,crosswalk_exact,10.3,resolved_fallback_metadata,metadata_tables_near_perfect,Smaers_etal_2017_TableS1part1,0,,,NA,Smaers_etal_2017_TableS1part1 = 10295 (FrontalMotor_white_matter_Vol.mm3; 0.05%; scale 0.001; 0 prior contributions),Smaers_etal_2017_TableS1part1,Smaers_etal_2017_TableS1part1,Smaers et al 2017
Gorilla_gorilla,Frontal.motor.Gray,FrontalMotor_grey_matter_Vol.mm3,crosswalk_exact,14.85,resolved_fallback_metadata,metadata_tables_near_perfect,Smaers_etal_2017_TableS1part1,0,,,NA,Smaers_etal_2017_TableS1part1 = 14854 (FrontalMotor_grey_matter_Vol.mm3; 0.03%; scale 0.001; 0 prior contributions),Smaers_etal_2017_TableS1part1; Smaers_etal_2017 [restricted: Smaers.csv],Smaers_etal_2017_TableS1part1,Smaers et al 2017
Gorilla_gorilla,LGN_Sousa,Corpus_geniculatum_laterale_Vol.mm3,crosswalk_exact,308.5,likely_fallback_metadata,metadata_tables_close_same_structure,deSousa_etal_2013_Table1,15,,,deSousa_etal_2013_Table1 = 300.1 (2.7%),deSousa_etal_2013_Table1 = 300.1 (Corpus_geniculatum_laterale_Vol.mm3; 2.72%; scale 1; 15 prior contributions),deSousa_etal_2013_Table1; deSousa_etal_2010_SupTable2; deSousa_etal_2013 [restricted: deSousa_2013.csv]; deSousa_etal_2010 [restricted: deSousa_2010.csv]; deSousa_etal_2010 [restricted: Visual_volumes.xlsx],deSousa_etal_2013_Table1; deSousa_etal_2010_SupTable2,de Sousa et al 2010; de Sousa et al 2013
Gorilla_gorilla,Other.cortical.association.areas.Gray,AssociationCortex_grey_matter_Vol.mm3,crosswalk_exact,125.54,resolved_fallback_metadata,metadata_tables_near_perfect,Smaers_etal_2017_TableS1part1,0,,,NA,Smaers_etal_2017_TableS1part1 = 125539 (AssociationCortex_grey_matter_Vol.mm3; 0.00%; scale 0.001; 0 prior contributions),Smaers_etal_2017_TableS1part1; Smaers_etal_2017 [restricted: Smaers.csv],Smaers_etal_2017_TableS1part1,Smaers et al 2017
Gorilla_gorilla,Other.cortical.association.areas.White,AssociationCortex_white_matter_Vol.mm3,crosswalk_exact,60.39,resolved_fallback_metadata,metadata_tables_near_perfect,Smaers_etal_2017_TableS1part1,0,,,NA,Smaers_etal_2017_TableS1part1 = 60386 (AssociationCortex_white_matter_Vol.mm3; 0.01%; scale 0.001; 0 prior contributions),Smaers_etal_2017_TableS1part1; Smaers_etal_2017 [restricted: Smaers.csv],Smaers_etal_2017_TableS1part1,Smaers et al 2017
Gorilla_gorilla,Prefrontal.Gray,PrefrontalCortex_grey_matter_Vol.mm3,crosswalk_exact,11.64,resolved_fallback_metadata,metadata_tables_near_perfect,Smaers_etal_2017_TableS1part1,0,,,NA,Smaers_etal_2017_TableS1part1 = 11642 (PrefrontalCortex_grey_matter_Vol.mm3; 0.02%; scale 0.001; 0 prior contributions),Smaers_etal_2017_TableS1part1; Smaers_etal_2011_SupplementaryTable2; Smaers_etal_2017 [restricted: Smaers.csv],Smaers_etal_2017_TableS1part1; Smaers_etal_2011_SupplementaryTable2,Smaers et al 2017
Gorilla_gorilla,Prefrontal.White,PrefrontalCortex_white_matter_Vol.mm3,crosswalk_exact,2.61,resolved_fallback_metadata,metadata_tables_near_perfect,Smaers_etal_2017_TableS1part1,0,,,NA,Smaers_etal_2017_TableS1part1 = 2608 (PrefrontalCortex_white_matter_Vol.mm3; 0.08%; scale 0.001; 0 prior contributions),Smaers_etal_2017_TableS1part1; Smaers_etal_2011_SupplementaryTable2; Smaers_etal_2017 [restricted: Smaers.csv],Smaers_etal_2017_TableS1part1; Smaers_etal_2011_SupplementaryTable2,Smaers et al 2017
Gorilla_gorilla,Primary.visual.White.Smaers,Area_striata_white_matter_Vol.mm3,crosswalk_exact,3.12,resolved_fallback_metadata,metadata_tables_near_perfect,Smaers_etal_2017_TableS1part1,0,,,Evo-M1 value matches Frahm_etal_1984_Table1 (not the metadata source); attributed to metadata source; see source_hunt,Smaers_etal_2017_TableS1part1 = 3123 (Area_striata_white_matter_Vol.mm3; 0.10%; scale 0.001; 0 prior contributions),Smaers_etal_2017_TableS1part1; Frahm_etal_1984_Table1; Smaers_etal_2017 [restricted: Smaers.csv],Frahm_etal_1984_Table1; Smaers_etal_2017_TableS1part1,Smaers et al 2017
Homo_sapiens,ASG_Sousa,Area_striata_grey_matter_Vol.mm3,crosswalk_exact,15247.5,resolved_fallback_metadata,metadata_tables_near_perfect,deSousa_etal_2010_SupTable2,0,,,Frahm_etal_1984_Table1 = 14787 (3.0%),deSousa_etal_2010_SupTable2 = 15200 (Area_striata_grey_matter_Vol.mm3; 0.31%; scale 1; 0 prior contributions),deSousa_etal_2010_SupTable2; Smaers_etal_2017_TableS1part1; Frahm_etal_1984_Table1; deSousa_etal_2010 [restricted: deSousa_2010.csv]; deSousa_etal_2010 [restricted: Visual_volumes.xlsx]; Stephan_etal_1981 [restricted: Stephan_1981.csv],deSousa_etal_2010_SupTable2; Smaers_etal_2017_TableS1part1; Frahm_etal_1984_Table1,de Sousa et al 2010
Homo_sapiens,Brain_mass,Brain_Mass.mg,crosswalk_exact,1406720,resolved_unique,direct_same_structure_unique,Bauernfeind_etal_2013_Table1,181,1000,,NA,,,Bauernfeind_etal_2013_Table1,Bauernfeind et al 2013
Homo_sapiens,Frontal.motor,FrontalMotor_white_matter_Vol.mm3,crosswalk_exact,29.76,resolved_fallback_metadata,metadata_tables_near_perfect,Smaers_etal_2017_TableS1part1,0,,,NA,Smaers_etal_2017_TableS1part1 = 29755 (FrontalMotor_white_matter_Vol.mm3; 0.02%; scale 0.001; 0 prior contributions),Smaers_etal_2017_TableS1part1,Smaers_etal_2017_TableS1part1,Smaers et al 2017
Homo_sapiens,Frontal.motor.Gray,FrontalMotor_grey_matter_Vol.mm3,crosswalk_exact,29.01,resolved_fallback_metadata,metadata_tables_near_perfect,Smaers_etal_2017_TableS1part1,0,,,NA,Smaers_etal_2017_TableS1part1 = 29013 (FrontalMotor_grey_matter_Vol.mm3; 0.01%; scale 0.001; 0 prior contributions),Smaers_etal_2017_TableS1part1; Smaers_etal_2017 [restricted: Smaers.csv],Smaers_etal_2017_TableS1part1,Smaers et al 2017
Homo_sapiens,Other.cortical.association.areas.Gray,AssociationCortex_grey_matter_Vol.mm3,crosswalk_exact,271.89,resolved_fallback_metadata,metadata_tables_near_perfect,Smaers_etal_2017_TableS1part1,0,,,NA,Smaers_etal_2017_TableS1part1 = 271891 (AssociationCortex_grey_matter_Vol.mm3; 0.00%; scale 0.001; 0 prior contributions),Smaers_etal_2017_TableS1part1; Smaers_etal_2017 [restricted: Smaers.csv],Smaers_etal_2017_TableS1part1,Smaers et al 2017
Homo_sapiens,Other.cortical.association.areas.White,AssociationCortex_white_matter_Vol.mm3,crosswalk_exact,258.22,resolved_fallback_metadata,metadata_tables_near_perfect,Smaers_etal_2017_TableS1part1,0,,,NA,Smaers_etal_2017_TableS1part1 = 258218 (AssociationCortex_white_matter_Vol.mm3; 0.00%; scale 0.001; 0 prior contributions),Smaers_etal_2017_TableS1part1; Smaers_etal_2017 [restricted: Smaers.csv],Smaers_etal_2017_TableS1part1,Smaers et al 2017
Homo_sapiens,Prefrontal.Gray,PrefrontalCortex_grey_matter_Vol.mm3,crosswalk_exact,46.32,resolved_fallback_metadata,metadata_tables_near_perfect,Smaers_etal_2017_TableS1part1,0,,,NA,Smaers_etal_2017_TableS1part1 = 46323 (PrefrontalCortex_grey_matter_Vol.mm3; 0.01%; scale 0.001; 0 prior contributions),Smaers_etal_2017_TableS1part1; Smaers_etal_2011_SupplementaryTable2; Smaers_etal_2017 [restricted: Smaers.csv],Smaers_etal_2017_TableS1part1; Smaers_etal_2011_SupplementaryTable2,Smaers et al 2017
Homo_sapiens,Prefrontal.White,PrefrontalCortex_white_matter_Vol.mm3,crosswalk_exact,28.14,resolved_fallback_metadata,metadata_tables_near_perfect,Smaers_etal_2017_TableS1part1,0,,,NA,Smaers_etal_2017_TableS1part1 = 28135 (PrefrontalCortex_white_matter_Vol.mm3; 0.02%; scale 0.001; 0 prior contributions),Smaers_etal_2017_TableS1part1; Smaers_etal_2011_SupplementaryTable2; Smaers_etal_2017 [restricted: Smaers.csv],Smaers_etal_2017_TableS1part1; Smaers_etal_2011_SupplementaryTable2,Smaers et al 2017
Homo_sapiens,Primary.visual.White.Smaers,Area_striata_white_matter_Vol.mm3,crosswalk_exact,5.44,resolved_fallback_metadata,metadata_tables_near_perfect,Smaers_etal_2017_TableS1part1,0,,,Evo-M1 value matches Frahm_etal_1984_Table1 (not the metadata source); attributed to metadata source; see source_hunt,Smaers_etal_2017_TableS1part1 = 5439 (Area_striata_white_matter_Vol.mm3; 0.02%; scale 0.001; 0 prior contributions),Smaers_etal_2017_TableS1part1; Frahm_etal_1984_Table1; Smaers_etal_2017 [restricted: Smaers.csv],Frahm_etal_1984_Table1; Smaers_etal_2017_TableS1part1,Smaers et al 2017
Homo_sapiens,Total_insula_volume_L,Insula_left_Vol.mm3,crosswalk_exact,6165,likely_fallback_metadata,metadata_tables_close_same_structure,Bauernfeind_etal_2013_Table1,181,,,Bauernfeind_etal_2013_Table1 = 6479 (4.8%),Bauernfeind_etal_2013_Table1 = 6479 (Insula_left_Vol.mm3; 4.85%; scale 1; 181 prior contributions),Bauernfeind_etal_2013_Table1; Bauernfeind_etal_2013 [restricted: Bauernfeind_2013.csv],Bauernfeind_etal_2013_Table1,Bauernfeind et al 2013
Hylobates_lar,ASG_Sousa,Area_striata_grey_matter_Vol.mm3,crosswalk_exact,4086.7,resolved_fallback_metadata,metadata_tables_near_perfect,deSousa_etal_2010_SupTable2,0,,,Frahm_etal_1984_Table1 = 4574 (10.7%),deSousa_etal_2010_SupTable2 = 4100 (Area_striata_grey_matter_Vol.mm3; 0.32%; scale 1; 0 prior contributions),deSousa_etal_2010_SupTable2; deSousa_etal_2010 [restricted: deSousa_2010.csv]; deSousa_etal_2010 [restricted: Visual_volumes.xlsx]; Stephan_etal_1981 [restricted: Stephan_1981.csv],deSousa_etal_2010_SupTable2,de Sousa et al 2010
Hylobates_lar,Brain_mass,Brain_Mass.mg,crosswalk_exact,92000,resolved_unique,direct_same_structure_unique,Bauernfeind_etal_2013_Table1,181,1000,,NA,,,Bauernfeind_etal_2013_Table1,Bauernfeind et al 2013
Hylobates_lar,Frontal.motor,FrontalMotor_white_matter_Vol.mm3,crosswalk_exact,1.74,resolved_fallback_metadata,metadata_tables_near_perfect,Smaers_etal_2017_TableS1part1,0,,,NA,Smaers_etal_2017_TableS1part1 = 1743 (FrontalMotor_white_matter_Vol.mm3; 0.17%; scale 0.001; 0 prior contributions),Smaers_etal_2017_TableS1part1,Smaers_etal_2017_TableS1part1,Smaers et al 2017
Hylobates_lar,Frontal.motor.Gray,FrontalMotor_grey_matter_Vol.mm3,crosswalk_exact,2.74,resolved_fallback_metadata,metadata_tables_near_perfect,Smaers_etal_2017_TableS1part1,0,,,NA,Smaers_etal_2017_TableS1part1 = 2744 (FrontalMotor_grey_matter_Vol.mm3; 0.15%; scale 0.001; 0 prior contributions),Smaers_etal_2017_TableS1part1; Smaers_etal_2017 [restricted: Smaers.csv],Smaers_etal_2017_TableS1part1,Smaers et al 2017
Hylobates_lar,Other.cortical.association.areas.Gray,AssociationCortex_grey_matter_Vol.mm3,crosswalk_exact,28.42,resolved_fallback_metadata,metadata_tables_near_perfect,Smaers_etal_2017_TableS1part1,0,,,NA,Smaers_etal_2017_TableS1part1 = 28424 (AssociationCortex_grey_matter_Vol.mm3; 0.01%; scale 0.001; 0 prior contributions),Smaers_etal_2017_TableS1part1; Smaers_etal_2017 [restricted: Smaers.csv],Smaers_etal_2017_TableS1part1,Smaers et al 2017
Hylobates_lar,Other.cortical.association.areas.White,AssociationCortex_white_matter_Vol.mm3,crosswalk_exact,12.92,resolved_fallback_metadata,metadata_tables_near_perfect,Smaers_etal_2017_TableS1part1,0,,,NA,Smaers_etal_2017_TableS1part1 = 12915 (AssociationCortex_white_matter_Vol.mm3; 0.04%; scale 0.001; 0 prior contributions),Smaers_etal_2017_TableS1part1; Smaers_etal_2017 [restricted: Smaers.csv],Smaers_etal_2017_TableS1part1,Smaers et al 2017
Hylobates_lar,Prefrontal.Gray,PrefrontalCortex_grey_matter_Vol.mm3,crosswalk_exact,2.59,resolved_fallback_metadata,metadata_tables_near_perfect,Smaers_etal_2017_TableS1part1,0,,,NA,Smaers_etal_2017_TableS1part1 = 2588 (PrefrontalCortex_grey_matter_Vol.mm3; 0.08%; scale 0.001; 0 prior contributions),Smaers_etal_2017_TableS1part1; Smaers_etal_2011_SupplementaryTable2; Smaers_etal_2017 [restricted: Smaers.csv],Smaers_etal_2017_TableS1part1; Smaers_etal_2011_SupplementaryTable2,Smaers et al 2017
Hylobates_lar,Prefrontal.White,PrefrontalCortex_white_matter_Vol.mm3,crosswalk_exact,0.51,resolved_fallback_metadata,metadata_tables_near_perfect,Smaers_etal_2017_TableS1part1,0,,,NA,Smaers_etal_2017_TableS1part1 = 510 (PrefrontalCortex_white_matter_Vol.mm3; 0.00%; scale 0.001; 0 prior contributions),Smaers_etal_2017_TableS1part1; Smaers_etal_2011_SupplementaryTable2; Smaers_etal_2017 [restricted: Smaers.csv],Smaers_etal_2017_TableS1part1; Smaers_etal_2011_SupplementaryTable2,Smaers et al 2017
Hylobates_lar,Primary.visual.White.Smaers,Area_striata_white_matter_Vol.mm3,crosswalk_exact,1.18,resolved_fallback_metadata,metadata_tables_near_perfect,Smaers_etal_2017_TableS1part1,0,,,Evo-M1 value matches Frahm_etal_1984_Table1 (not the metadata source); attributed to metadata source; see source_hunt,Smaers_etal_2017_TableS1part1 = 1176 (Area_striata_white_matter_Vol.mm3; 0.34%; scale 0.001; 0 prior contributions),Smaers_etal_2017_TableS1part1; Frahm_etal_1984_Table1; Smaers_etal_2017 [restricted: Smaers.csv],Frahm_etal_1984_Table1; Smaers_etal_2017_TableS1part1,Smaers et al 2017
Hylobates_muelleri,Brain_mass,Brain_Mass.mg,crosswalk_exact,101800,resolved_multiple,direct_same_structure_multiple,Bauernfeind_etal_2013_Table1,181,1000,,NA,,,Bauernfeind_etal_2013_Table1; deSousa_etal_2013_Table1,Bauernfeind et al 2013
Hylobates_muelleri,Brain_weight,Brain_Mass.mg,crosswalk_exact,101800,resolved_multiple,direct_same_structure_multiple,Bauernfeind_etal_2013_Table1,181,1000,,NA,,,Bauernfeind_etal_2013_Table1; deSousa_etal_2013_Table1,Stephan et al 1981; Zilles and Rehkamper 1988; Bauernfeind et al 2013
Indri_indri,ASG_Sousa,Area_striata_grey_matter_Vol.mm3,crosswalk_exact,1648,resolved_fallback_restricted,restricted_documents_near_perfect,deSousa_etal_2010 [restricted: Visual_volumes.xlsx],0,1000,,Evo-M1 value matches Frahm_etal_1984_Table1 (not the metadata source); attributed to metadata source; see source_hunt,deSousa_etal_2010 [restricted: Visual_volumes.xlsx] = 1.648 (0.00%; scale 1000; restricted_checks/deSousa_etal_2010/comparison/Visual_volumes.xlsx R39C5; 0 prior contributions),deSousa_etal_2010_SupTable2; Frahm_etal_1998_Table1; Frahm_etal_1984_Table1; deSousa_etal_2010 [restricted: Visual_volumes.xlsx]; deSousa_etal_2010 [restricted: deSousa_2010.csv]; Stephan_etal_1981 [restricted: Stephan_1981.csv],Frahm_etal_1984_Table1; deSousa_etal_2010_SupTable2; Frahm_etal_1998_Table1; deSousa_etal_2010 [restricted: Visual_volumes.xlsx],de Sousa et al 2010
Indri_indri,Brain_mass,Brain_Mass.mg,crosswalk_exact,33700,resolved_unique,direct_same_structure_unique,Bauernfeind_etal_2013_Table1,181,1000,,NA,,,Bauernfeind_etal_2013_Table1,Bauernfeind et al 2013
Indri_indri,LGN_Sousa,Corpus_geniculatum_laterale_Vol.mm3,crosswalk_exact,94.5,resolved_fallback_metadata,metadata_tables_near_perfect,deSousa_etal_2010_SupTable2,0,,,Evo-M1 value matches Stephan_etal_1984_Table1 (not the metadata source); attributed to metadata source; see source_hunt,deSousa_etal_2010_SupTable2 = 95 (Corpus_geniculatum_laterale_Vol.mm3; 0.53%; scale 1; 0 prior contributions),deSousa_etal_2010_SupTable2; Frahm_etal_1998_Table1; Stephan_etal_1984_Table1; deSousa_etal_2010 [restricted: Visual_volumes.xlsx]; deSousa_etal_2010 [restricted: deSousa_2010.csv],Stephan_etal_1984_Table1; deSousa_etal_2010_SupTable2; Frahm_etal_1998_Table1,de Sousa et al 2010; de Sousa et al 2013
Lagothrix_lagotricha,ASG_Sousa,Area_striata_grey_matter_Vol.mm3,crosswalk_exact,4856,resolved_fallback_restricted,restricted_documents_near_perfect,deSousa_etal_2010 [restricted: deSousa_2010.csv],0,,,Evo-M1 value matches Frahm_etal_1984_Table1 (not the metadata source); attributed to metadata source; see source_hunt,deSousa_etal_2010 [restricted: deSousa_2010.csv] = 4856 (0.00%; scale 1; restricted_checks/deSousa_etal_2010/comparison/deSousa_2010.csv R48C2; 0 prior contributions),Smaers_etal_2017_TableS1part1; Frahm_etal_1984_Table1; deSousa_etal_2010 [restricted: deSousa_2010.csv]; Stephan_etal_1981 [restricted: Stephan_1981.csv],Frahm_etal_1984_Table1; Smaers_etal_2017_TableS1part1; deSousa_etal_2010 [restricted: deSousa_2010.csv],de Sousa et al 2010
Lagothrix_lagotricha,Frontal.motor,FrontalMotor_white_matter_Vol.mm3,crosswalk_exact,1.63,resolved_fallback_metadata,metadata_tables_near_perfect,Smaers_etal_2017_TableS1part1,0,,,NA,Smaers_etal_2017_TableS1part1 = 1625 (FrontalMotor_white_matter_Vol.mm3; 0.31%; scale 0.001; 0 prior contributions),Smaers_etal_2017_TableS1part1,Smaers_etal_2017_TableS1part1,Smaers et al 2017
Lagothrix_lagotricha,Frontal.motor.Gray,FrontalMotor_grey_matter_Vol.mm3,crosswalk_exact,2.43,resolved_fallback_metadata,metadata_tables_near_perfect,Smaers_etal_2017_TableS1part1,0,,,NA,Smaers_etal_2017_TableS1part1 = 2434 (FrontalMotor_grey_matter_Vol.mm3; 0.16%; scale 0.001; 0 prior contributions),Smaers_etal_2017_TableS1part1; Smaers_etal_2017 [restricted: Smaers.csv],Smaers_etal_2017_TableS1part1,Smaers et al 2017
Lagothrix_lagotricha,LGN_Sousa,Corpus_geniculatum_laterale_Vol.mm3,crosswalk_exact,164,resolved_fallback_restricted,restricted_documents_near_perfect,deSousa_etal_2010 [restricted: deSousa_2010.csv],0,,,Evo-M1 value matches Stephan_etal_1984_Table1 (not the metadata source); attributed to metadata source; see source_hunt,deSousa_etal_2010 [restricted: deSousa_2010.csv] = 164 (0.00%; scale 1; restricted_checks/deSousa_etal_2010/comparison/deSousa_2010.csv R48C6; 0 prior contributions),Stephan_etal_1984_Table1; deSousa_etal_2010 [restricted: deSousa_2010.csv],Stephan_etal_1984_Table1; deSousa_etal_2010 [restricted: deSousa_2010.csv],de Sousa et al 2010; de Sousa et al 2013
Lagothrix_lagotricha,Other.cortical.association.areas.Gray,AssociationCortex_grey_matter_Vol.mm3,crosswalk_exact,24.19,resolved_fallback_metadata,metadata_tables_near_perfect,Smaers_etal_2017_TableS1part1,0,,,NA,Smaers_etal_2017_TableS1part1 = 24188 (AssociationCortex_grey_matter_Vol.mm3; 0.01%; scale 0.001; 0 prior contributions),Smaers_etal_2017_TableS1part1; Smaers_etal_2017 [restricted: Smaers.csv],Smaers_etal_2017_TableS1part1,Smaers et al 2017
Lagothrix_lagotricha,Other.cortical.association.areas.White,AssociationCortex_white_matter_Vol.mm3,crosswalk_exact,12.5,resolved_fallback_metadata,metadata_tables_near_perfect,Smaers_etal_2017_TableS1part1,0,,,NA,Smaers_etal_2017_TableS1part1 = 12496 (AssociationCortex_white_matter_Vol.mm3; 0.03%; scale 0.001; 0 prior contributions),Smaers_etal_2017_TableS1part1; Smaers_etal_2017 [restricted: Smaers.csv],Smaers_etal_2017_TableS1part1,Smaers et al 2017
Lagothrix_lagotricha,Prefrontal.Gray,PrefrontalCortex_grey_matter_Vol.mm3,crosswalk_exact,1.89,resolved_fallback_metadata,metadata_tables_near_perfect,Smaers_etal_2017_TableS1part1,0,,,NA,Smaers_etal_2017_TableS1part1 = 1887 (PrefrontalCortex_grey_matter_Vol.mm3; 0.16%; scale 0.001; 0 prior contributions),Smaers_etal_2017_TableS1part1; Smaers_etal_2011_SupplementaryTable2; Smaers_etal_2017 [restricted: Smaers.csv],Smaers_etal_2017_TableS1part1; Smaers_etal_2011_SupplementaryTable2,Smaers et al 2017
Lagothrix_lagotricha,Prefrontal.White,PrefrontalCortex_white_matter_Vol.mm3,crosswalk_exact,0.23,resolved_fallback_metadata,metadata_tables_near_perfect,Smaers_etal_2017_TableS1part1,0,,,NA,Smaers_etal_2017_TableS1part1 = 226 (PrefrontalCortex_white_matter_Vol.mm3; 1.74%; scale 0.001; 0 prior contributions),Smaers_etal_2017_TableS1part1; Smaers_etal_2011_SupplementaryTable2; Smaers_etal_2017 [restricted: Smaers.csv],Smaers_etal_2017_TableS1part1; Smaers_etal_2011_SupplementaryTable2,Smaers et al 2017
Lagothrix_lagotricha,Primary.visual.White.Smaers,Area_striata_white_matter_Vol.mm3,crosswalk_exact,1.23,resolved_fallback_metadata,metadata_tables_near_perfect,Smaers_etal_2017_TableS1part1,0,,,Evo-M1 value matches Frahm_etal_1984_Table1 (not the metadata source); attributed to metadata source; see source_hunt,Smaers_etal_2017_TableS1part1 = 1226 (Area_striata_white_matter_Vol.mm3; 0.33%; scale 0.001; 0 prior contributions),Smaers_etal_2017_TableS1part1; Frahm_etal_1984_Table1; Smaers_etal_2017 [restricted: Smaers.csv],Frahm_etal_1984_Table1; Smaers_etal_2017_TableS1part1,Smaers et al 2017
Leontopithecus_rosalia,Brain_mass,Brain_Mass.mg,crosswalk_exact,12700,resolved_unique,direct_same_structure_unique,Bauernfeind_etal_2013_Table1,181,1000,,NA,,,Bauernfeind_etal_2013_Table1,Bauernfeind et al 2013
Leontopithecus_rosalia,Brain_weight,Brain_Mass.mg,crosswalk_exact,12700,resolved_unique,direct_same_structure_unique,Bauernfeind_etal_2013_Table1,181,1000,,NA,,,Bauernfeind_etal_2013_Table1,Stephan et al 1981; Zilles and Rehkamper 1988; Bauernfeind et al 2013
Lepilemur_ruficaudatus,ASG_Sousa,Area_striata_grey_matter_Vol.mm3,crosswalk_exact,326,resolved_fallback_restricted,restricted_documents_near_perfect,deSousa_etal_2010 [restricted: Visual_volumes.xlsx],0,1000,,Evo-M1 value matches Frahm_etal_1984_Table1 (not the metadata source); attributed to metadata source; see source_hunt,deSousa_etal_2010 [restricted: Visual_volumes.xlsx] = 0.326 (0.00%; scale 1000; restricted_checks/deSousa_etal_2010/comparison/Visual_volumes.xlsx R36C5; 0 prior contributions),Frahm_etal_1984_Table1; deSousa_etal_2010 [restricted: Visual_volumes.xlsx]; deSousa_etal_2010 [restricted: deSousa_2010.csv]; Stephan_etal_1981 [restricted: Stephan_1981.csv],Frahm_etal_1984_Table1; deSousa_etal_2010 [restricted: Visual_volumes.xlsx],de Sousa et al 2010
Lepilemur_ruficaudatus,LGN_Sousa,Corpus_geniculatum_laterale_Vol.mm3,crosswalk_exact,15.6,resolved_fallback_restricted,restricted_documents_near_perfect,deSousa_etal_2010 [restricted: Visual_volumes.xlsx],0,,,Evo-M1 value matches Stephan_etal_1981_TableIX; Stephan_etal_1984_Table1 (not the metadata source); attributed to metadata source; see source_hunt,deSousa_etal_2010 [restricted: Visual_volumes.xlsx] = 15.6 (0.00%; scale 1; restricted_checks/deSousa_etal_2010/comparison/Visual_volumes.xlsx R36C10; 0 prior contributions),deSousa_etal_2010_SupTable2; Stephan_etal_1984_Table1; Stephan_etal_1981_TableIX; deSousa_etal_2010 [restricted: Visual_volumes.xlsx]; deSousa_etal_2010 [restricted: deSousa_2010.csv]; Stephan_etal_1981 [restricted: Stephan_1981.csv],Stephan_etal_1981_TableIX; Stephan_etal_1984_Table1; deSousa_etal_2010_SupTable2; deSousa_etal_2010 [restricted: Visual_volumes.xlsx],de Sousa et al 2010; de Sousa et al 2013
Lepilemur_ruficaudatus,Nucleus.vestibularis.lateralis,Nucleus_vestibularis_lateralis_unilateral_Vol.mm3,crosswalk_exact,2.3,likely_fallback_metadata,metadata_tables_close_same_structure,Stephan_etal_1981_TableXIII,129,,,Stephan_etal_1981_TableXIII = 2.38 (3.4%),Stephan_etal_1981_TableXIII = 2.38 (Nucleus_vestibularis_lateralis_unilateral_Vol.mm3; 3.36%; scale 1; 129 prior contributions),Stephan_etal_1981_TableXIII; Matano__1986_TableI; Stephan_etal_1981 [restricted: Stephan_1981.csv],Stephan_etal_1981_TableXIII; Matano__1986_TableI,Stephan et al 1981
Lophocebus_albigena,ASG_Sousa,Area_striata_grey_matter_Vol.mm3,crosswalk_exact,5420,resolved_fallback_metadata,metadata_tables_near_perfect,deSousa_etal_2010_SupTable2,0,,,Evo-M1 value matches Frahm_etal_1984_Table1 (not the metadata source); attributed to metadata source; see source_hunt,deSousa_etal_2010_SupTable2 = 5400 (Area_striata_grey_matter_Vol.mm3; 0.37%; scale 1; 0 prior contributions),deSousa_etal_2010_SupTable2; Smaers_etal_2017_TableS1part1; Frahm_etal_1998_Table1; Frahm_etal_1984_Table1; deSousa_etal_2010 [restricted: Visual_volumes.xlsx]; deSousa_etal_2010 [restricted: deSousa_2010.csv]; Stephan_etal_1981 [restricted: Stephan_1981.csv],Frahm_etal_1984_Table1; deSousa_etal_2010_SupTable2; Smaers_etal_2017_TableS1part1; Frahm_etal_1998_Table1,de Sousa et al 2010
Lophocebus_albigena,Brain_mass,Brain_Mass.mg,crosswalk_exact,110500,resolved_multiple,direct_same_structure_multiple,Bauernfeind_etal_2013_Table1,181,1000,,NA,,,Bauernfeind_etal_2013_Table1; deSousa_etal_2013_Table1,Bauernfeind et al 2013
Lophocebus_albigena,Frontal.motor,FrontalMotor_white_matter_Vol.mm3,crosswalk_exact,3.06,resolved_fallback_metadata,metadata_tables_near_perfect,Smaers_etal_2017_TableS1part1,0,,,NA,Smaers_etal_2017_TableS1part1 = 3063 (FrontalMotor_white_matter_Vol.mm3; 0.10%; scale 0.001; 0 prior contributions),Smaers_etal_2017_TableS1part1,Smaers_etal_2017_TableS1part1,Smaers et al 2017
Lophocebus_albigena,Frontal.motor.Gray,FrontalMotor_grey_matter_Vol.mm3,crosswalk_exact,3.93,resolved_fallback_metadata,metadata_tables_near_perfect,Smaers_etal_2017_TableS1part1,0,,,NA,Smaers_etal_2017_TableS1part1 = 3926 (FrontalMotor_grey_matter_Vol.mm3; 0.10%; scale 0.001; 0 prior contributions),Smaers_etal_2017_TableS1part1; Smaers_etal_2017 [restricted: Smaers.csv],Smaers_etal_2017_TableS1part1,Smaers et al 2017
Lophocebus_albigena,Other.cortical.association.areas.Gray,AssociationCortex_grey_matter_Vol.mm3,crosswalk_exact,29.1,resolved_fallback_metadata,metadata_tables_near_perfect,Smaers_etal_2017_TableS1part1,0,,,NA,Smaers_etal_2017_TableS1part1 = 29102 (AssociationCortex_grey_matter_Vol.mm3; 0.01%; scale 0.001; 0 prior contributions),Smaers_etal_2017_TableS1part1; Smaers_etal_2017 [restricted: Smaers.csv],Smaers_etal_2017_TableS1part1,Smaers et al 2017
Lophocebus_albigena,Other.cortical.association.areas.White,AssociationCortex_white_matter_Vol.mm3,crosswalk_exact,17.09,resolved_fallback_metadata,metadata_tables_near_perfect,Smaers_etal_2017_TableS1part1,0,,,NA,Smaers_etal_2017_TableS1part1 = 17092 (AssociationCortex_white_matter_Vol.mm3; 0.01%; scale 0.001; 0 prior contributions),Smaers_etal_2017_TableS1part1; Smaers_etal_2017 [restricted: Smaers.csv],Smaers_etal_2017_TableS1part1,Smaers et al 2017
Lophocebus_albigena,Prefrontal.Gray,PrefrontalCortex_grey_matter_Vol.mm3,crosswalk_exact,2.31,resolved_fallback_metadata,metadata_tables_near_perfect,Smaers_etal_2017_TableS1part1,0,,,NA,Smaers_etal_2017_TableS1part1 = 2311 (PrefrontalCortex_grey_matter_Vol.mm3; 0.04%; scale 0.001; 0 prior contributions),Smaers_etal_2017_TableS1part1; Smaers_etal_2011_SupplementaryTable2; Smaers_etal_2017 [restricted: Smaers.csv],Smaers_etal_2017_TableS1part1; Smaers_etal_2011_SupplementaryTable2,Smaers et al 2017
Lophocebus_albigena,Prefrontal.White,PrefrontalCortex_white_matter_Vol.mm3,crosswalk_exact,0.42,resolved_fallback_metadata,metadata_tables_near_perfect,Smaers_etal_2017_TableS1part1,0,,,NA,Smaers_etal_2017_TableS1part1 = 424 (PrefrontalCortex_white_matter_Vol.mm3; 0.94%; scale 0.001; 0 prior contributions),Smaers_etal_2017_TableS1part1; Smaers_etal_2011_SupplementaryTable2; Smaers_etal_2017 [restricted: Smaers.csv],Smaers_etal_2017_TableS1part1; Smaers_etal_2011_SupplementaryTable2,Smaers et al 2017
Lophocebus_albigena,Primary.visual.White.Smaers,Area_striata_white_matter_Vol.mm3,crosswalk_exact,1.41,resolved_fallback_metadata,metadata_tables_near_perfect,Smaers_etal_2017_TableS1part1,0,,,Evo-M1 value matches Frahm_etal_1984_Table1 (not the metadata source); attributed to metadata source; see source_hunt,Smaers_etal_2017_TableS1part1 = 1411 (Area_striata_white_matter_Vol.mm3; 0.07%; scale 0.001; 0 prior contributions),Smaers_etal_2017_TableS1part1; Frahm_etal_1984_Table1; Smaers_etal_2017 [restricted: Smaers.csv],Frahm_etal_1984_Table1; Smaers_etal_2017_TableS1part1,Smaers et al 2017
Loris_tardigradus,ASG_Sousa,Area_striata_grey_matter_Vol.mm3,crosswalk_exact,529,resolved_fallback_restricted,restricted_documents_near_perfect,deSousa_etal_2010 [restricted: deSousa_2010.csv],0,,,Evo-M1 value matches Frahm_etal_1984_Table1 (not the metadata source); attributed to metadata source; see source_hunt,deSousa_etal_2010 [restricted: deSousa_2010.csv] = 529 (0.00%; scale 1; restricted_checks/deSousa_etal_2010/comparison/deSousa_2010.csv R52C2; 0 prior contributions),Frahm_etal_1998_Table1; Frahm_etal_1984_Table1; deSousa_etal_2010 [restricted: deSousa_2010.csv]; deSousa_etal_2010 [restricted: Visual_volumes.xlsx]; Stephan_etal_1981 [restricted: Stephan_1981.csv],Frahm_etal_1984_Table1; Frahm_etal_1998_Table1; deSousa_etal_2010 [restricted: deSousa_2010.csv],de Sousa et al 2010
Loris_tardigradus,Brain_mass,Brain_Mass.mg,crosswalk_exact,6900,resolved_unique,direct_same_structure_unique,Bauernfeind_etal_2013_Table1,181,1000,,NA,,,Bauernfeind_etal_2013_Table1,Bauernfeind et al 2013
Loris_tardigradus,LGN_Sousa,Corpus_geniculatum_laterale_Vol.mm3,crosswalk_exact,24.6,resolved_fallback_restricted,restricted_documents_near_perfect,deSousa_etal_2010 [restricted: deSousa_2010.csv],0,,,Evo-M1 value matches Stephan_etal_1981_TableIX; Stephan_etal_1984_Table1 (not the metadata source); attributed to metadata source; see source_hunt,deSousa_etal_2010 [restricted: deSousa_2010.csv] = 24.6 (0.00%; scale 1; restricted_checks/deSousa_etal_2010/comparison/deSousa_2010.csv R52C6; 0 prior contributions),deSousa_etal_2010_SupTable2; Frahm_etal_1998_Table1; Stephan_etal_1984_Table1; Stephan_etal_1981_TableIX; deSousa_etal_2010 [restricted: deSousa_2010.csv]; deSousa_etal_2010 [restricted: Visual_volumes.xlsx]; Stephan_etal_1981 [restricted: Stephan_1981.csv],Stephan_etal_1981_TableIX; Stephan_etal_1984_Table1; deSousa_etal_2010_SupTable2; Frahm_etal_1998_Table1; deSousa_etal_2010 [restricted: deSousa_2010.csv],de Sousa et al 2010; de Sousa et al 2013
Macaca_fascicularis,ASG_Sousa,Area_striata_grey_matter_Vol.mm3,crosswalk_exact,2713.3,resolved_fallback_metadata,metadata_tables_near_perfect,deSousa_etal_2010_SupTable2,0,,,NA,deSousa_etal_2010_SupTable2 = 2700 (Area_striata_grey_matter_Vol.mm3; 0.49%; scale 1; 0 prior contributions),deSousa_etal_2010_SupTable2; deSousa_etal_2010 [restricted: deSousa_2010.csv]; deSousa_etal_2010 [restricted: Visual_volumes.xlsx]; Stephan_etal_1981 [restricted: Stephan_1981.csv],deSousa_etal_2010_SupTable2,de Sousa et al 2010
Macaca_fascicularis,Brain_weight,Brain_Mass.mg,crosswalk_exact,57600,resolved_fallback_evom1,evom1_all_volume_tables_near_perfect,deSousa_etal_2013_Table1,15,,,Evo-M1 value matches deSousa_etal_2013_Table1 (not the metadata source); attributed to metadata source; see source_hunt,deSousa_etal_2013_Table1 = 57600 (Brain_Mass.mg; 0.00%; scale 1; 15 prior contributions),deSousa_etal_2013_Table1; deSousa_etal_2013 [restricted: deSousa_2013.csv],deSousa_etal_2013_Table1,Stephan et al 1981; Zilles and Rehkamper 1988; Bauernfeind et al 2013
Macaca_maura,Brain_mass,Brain_Mass.mg,crosswalk_exact,83300,resolved_unique,direct_same_structure_unique,Bauernfeind_etal_2013_Table1,181,1000,,NA,,,Bauernfeind_etal_2013_Table1,Bauernfeind et al 2013
Macaca_maura,Brain_weight,Brain_Mass.mg,crosswalk_exact,83300,resolved_unique,direct_same_structure_unique,Bauernfeind_etal_2013_Table1,181,1000,,NA,,,Bauernfeind_etal_2013_Table1,Stephan et al 1981; Zilles and Rehkamper 1988; Bauernfeind et al 2013
Macaca_mulatta,ASG_Sousa,Area_striata_grey_matter_Vol.mm3,crosswalk_exact,5343,resolved_fallback_metadata,metadata_tables_near_perfect,deSousa_etal_2010_SupTable2,0,,,Evo-M1 value matches Frahm_etal_1984_Table1 (not the metadata source); attributed to metadata source; see source_hunt,deSousa_etal_2010_SupTable2 = 5300 (Area_striata_grey_matter_Vol.mm3; 0.80%; scale 1; 0 prior contributions),deSousa_etal_2010_SupTable2; Frahm_etal_1998_Table1; Frahm_etal_1984_Table1; deSousa_etal_2010 [restricted: Visual_volumes.xlsx]; deSousa_etal_2010 [restricted: deSousa_2010.csv]; Stephan_etal_1981 [restricted: Stephan_1981.csv],Frahm_etal_1984_Table1; deSousa_etal_2010_SupTable2; Frahm_etal_1998_Table1,de Sousa et al 2010
Microcebus_murinus,ASG_Sousa,Area_striata_grey_matter_Vol.mm3,crosswalk_exact,136,resolved_fallback_restricted,restricted_documents_near_perfect,deSousa_etal_2010 [restricted: deSousa_2010.csv],0,,,Evo-M1 value matches Frahm_etal_1984_Table1 (not the metadata source); attributed to metadata source; see source_hunt,deSousa_etal_2010 [restricted: deSousa_2010.csv] = 136 (0.00%; scale 1; restricted_checks/deSousa_etal_2010/comparison/deSousa_2010.csv R56C2; 0 prior contributions),Frahm_etal_1998_Table1; Frahm_etal_1984_Table1; deSousa_etal_2010 [restricted: deSousa_2010.csv]; deSousa_etal_2010 [restricted: Visual_volumes.xlsx]; Stephan_etal_1981 [restricted: Stephan_1981.csv],Frahm_etal_1984_Table1; Frahm_etal_1998_Table1; deSousa_etal_2010 [restricted: deSousa_2010.csv],de Sousa et al 2010
Microcebus_murinus,LGN_Sousa,Corpus_geniculatum_laterale_Vol.mm3,crosswalk_exact,7.1,resolved_fallback_restricted,restricted_documents_near_perfect,deSousa_etal_2010 [restricted: Visual_volumes.xlsx],0,,,Evo-M1 value matches Stephan_etal_1981_TableIX; Stephan_etal_1984_Table1 (not the metadata source); attributed to metadata source; see source_hunt,deSousa_etal_2010 [restricted: Visual_volumes.xlsx] = 7.1 (0.00%; scale 1; restricted_checks/deSousa_etal_2010/comparison/Visual_volumes.xlsx R31C10; 0 prior contributions),deSousa_etal_2010_SupTable2; Frahm_etal_1998_Table1; Stephan_etal_1984_Table1; Stephan_etal_1981_TableIX; deSousa_etal_2010 [restricted: Visual_volumes.xlsx]; deSousa_etal_2010 [restricted: deSousa_2010.csv]; Stephan_etal_1981 [restricted: Stephan_1981.csv],Stephan_etal_1981_TableIX; Stephan_etal_1984_Table1; deSousa_etal_2010_SupTable2; Frahm_etal_1998_Table1; deSousa_etal_2010 [restricted: Visual_volumes.xlsx],de Sousa et al 2010; de Sousa et al 2013
Miopithecus_talapoin,ASG_Sousa,Area_striata_grey_matter_Vol.mm3,crosswalk_exact,2339,resolved_fallback_restricted,restricted_documents_near_perfect,deSousa_etal_2010 [restricted: Visual_volumes.xlsx],0,1000,,Evo-M1 value matches Frahm_etal_1984_Table1 (not the metadata source); attributed to metadata source; see source_hunt,deSousa_etal_2010 [restricted: Visual_volumes.xlsx] = 2.339 (0.00%; scale 1000; restricted_checks/deSousa_etal_2010/comparison/Visual_volumes.xlsx R16C5; 0 prior contributions),deSousa_etal_2010_SupTable2; Smaers_etal_2017_TableS1part1; Frahm_etal_1998_Table1; Frahm_etal_1984_Table1; deSousa_etal_2010 [restricted: Visual_volumes.xlsx]; deSousa_etal_2010 [restricted: deSousa_2010.csv]; Stephan_etal_1981 [restricted: Stephan_1981.csv],Frahm_etal_1984_Table1; deSousa_etal_2010_SupTable2; Smaers_etal_2017_TableS1part1; Frahm_etal_1998_Table1; deSousa_etal_2010 [restricted: Visual_volumes.xlsx],de Sousa et al 2010
Miopithecus_talapoin,Frontal.motor,FrontalMotor_white_matter_Vol.mm3,crosswalk_exact,0.55,resolved_fallback_metadata,metadata_tables_near_perfect,Smaers_etal_2017_TableS1part1,0,,,NA,Smaers_etal_2017_TableS1part1 = 548 (FrontalMotor_white_matter_Vol.mm3; 0.36%; scale 0.001; 0 prior contributions),Smaers_etal_2017_TableS1part1,Smaers_etal_2017_TableS1part1,Smaers et al 2017
Miopithecus_talapoin,Frontal.motor.Gray,FrontalMotor_grey_matter_Vol.mm3,crosswalk_exact,0.91,resolved_fallback_metadata,metadata_tables_near_perfect,Smaers_etal_2017_TableS1part1,0,,,NA,Smaers_etal_2017_TableS1part1 = 906 (FrontalMotor_grey_matter_Vol.mm3; 0.44%; scale 0.001; 0 prior contributions),Smaers_etal_2017_TableS1part1; Smaers_etal_2017 [restricted: Smaers.csv],Smaers_etal_2017_TableS1part1,Smaers et al 2017
Miopithecus_talapoin,Other.cortical.association.areas.Gray,AssociationCortex_grey_matter_Vol.mm3,crosswalk_exact,12.22,resolved_fallback_metadata,metadata_tables_near_perfect,Smaers_etal_2017_TableS1part1,0,,,NA,Smaers_etal_2017_TableS1part1 = 12218 (AssociationCortex_grey_matter_Vol.mm3; 0.02%; scale 0.001; 0 prior contributions),Smaers_etal_2017_TableS1part1; Smaers_etal_2017 [restricted: Smaers.csv],Smaers_etal_2017_TableS1part1,Smaers et al 2017
Miopithecus_talapoin,Other.cortical.association.areas.White,AssociationCortex_white_matter_Vol.mm3,crosswalk_exact,4.64,resolved_fallback_metadata,metadata_tables_near_perfect,Smaers_etal_2017_TableS1part1,0,,,NA,Smaers_etal_2017_TableS1part1 = 4642 (AssociationCortex_white_matter_Vol.mm3; 0.04%; scale 0.001; 0 prior contributions),Smaers_etal_2017_TableS1part1; Smaers_etal_2017 [restricted: Smaers.csv],Smaers_etal_2017_TableS1part1,Smaers et al 2017
Miopithecus_talapoin,Prefrontal.Gray,PrefrontalCortex_grey_matter_Vol.mm3,crosswalk_exact,1.02,resolved_fallback_metadata,metadata_tables_near_perfect,Smaers_etal_2017_TableS1part1,0,,,NA,Smaers_etal_2017_TableS1part1 = 1018 (PrefrontalCortex_grey_matter_Vol.mm3; 0.20%; scale 0.001; 0 prior contributions),Smaers_etal_2017_TableS1part1; Smaers_etal_2011_SupplementaryTable2; Smaers_etal_2017 [restricted: Smaers.csv],Smaers_etal_2017_TableS1part1; Smaers_etal_2011_SupplementaryTable2,Smaers et al 2017
Miopithecus_talapoin,Prefrontal.White,PrefrontalCortex_white_matter_Vol.mm3,crosswalk_exact,0.15,resolved_fallback_metadata,metadata_tables_near_perfect,Smaers_etal_2017_TableS1part1,0,,,NA,Smaers_etal_2017_TableS1part1 = 152 (PrefrontalCortex_white_matter_Vol.mm3; 1.32%; scale 0.001; 0 prior contributions),Smaers_etal_2017_TableS1part1; Smaers_etal_2017 [restricted: Smaers.csv],Smaers_etal_2017_TableS1part1,Smaers et al 2017
Miopithecus_talapoin,Primary.visual.White.Smaers,Area_striata_white_matter_Vol.mm3,crosswalk_exact,0.71,resolved_fallback_metadata,metadata_tables_near_perfect,Smaers_etal_2017_TableS1part1,0,,,Evo-M1 value matches Frahm_etal_1984_Table1 (not the metadata source); attributed to metadata source; see source_hunt,Smaers_etal_2017_TableS1part1 = 709 (Area_striata_white_matter_Vol.mm3; 0.14%; scale 0.001; 0 prior contributions),Smaers_etal_2017_TableS1part1; Frahm_etal_1984_Table1; Smaers_etal_2017 [restricted: Smaers.csv],Frahm_etal_1984_Table1; Smaers_etal_2017_TableS1part1,Smaers et al 2017
Nasalis_larvatus,Frontal.motor,FrontalMotor_white_matter_Vol.mm3,crosswalk_exact,0.93,resolved_fallback_metadata,metadata_tables_near_perfect,Smaers_etal_2017_TableS1part1,0,,,NA,Smaers_etal_2017_TableS1part1 = 933 (FrontalMotor_white_matter_Vol.mm3; 0.32%; scale 0.001; 0 prior contributions),Smaers_etal_2017_TableS1part1,Smaers_etal_2017_TableS1part1,Smaers et al 2017
Nasalis_larvatus,Frontal.motor.Gray,FrontalMotor_grey_matter_Vol.mm3,crosswalk_exact,1.75,resolved_fallback_metadata,metadata_tables_near_perfect,Smaers_etal_2017_TableS1part1,0,,,NA,Smaers_etal_2017_TableS1part1 = 1749 (FrontalMotor_grey_matter_Vol.mm3; 0.06%; scale 0.001; 0 prior contributions),Smaers_etal_2017_TableS1part1; Smaers_etal_2017 [restricted: Smaers.csv],Smaers_etal_2017_TableS1part1,Smaers et al 2017
Nasalis_larvatus,Prefrontal.Gray,PrefrontalCortex_grey_matter_Vol.mm3,crosswalk_exact,0.81,resolved_fallback_metadata,metadata_tables_near_perfect,Smaers_etal_2017_TableS1part1,0,,,NA,Smaers_etal_2017_TableS1part1 = 813 (PrefrontalCortex_grey_matter_Vol.mm3; 0.37%; scale 0.001; 0 prior contributions),Smaers_etal_2017_TableS1part1; Smaers_etal_2011_SupplementaryTable2; Smaers_etal_2017 [restricted: Smaers.csv],Smaers_etal_2017_TableS1part1; Smaers_etal_2011_SupplementaryTable2,Smaers et al 2017
Nasalis_larvatus,Prefrontal.White,PrefrontalCortex_white_matter_Vol.mm3,crosswalk_exact,0.07,resolved_fallback_metadata,metadata_tables_near_perfect,Smaers_etal_2017_TableS1part1,0,,,NA,Smaers_etal_2017_TableS1part1 = 74 (PrefrontalCortex_white_matter_Vol.mm3; 5.41%; scale 0.001; 0 prior contributions),Smaers_etal_2017_TableS1part1; Smaers_etal_2011_SupplementaryTable2; Smaers_etal_2017 [restricted: Smaers.csv],Smaers_etal_2017_TableS1part1; Smaers_etal_2011_SupplementaryTable2,Smaers et al 2017
Nycticebus_coucang,ASG_Sousa,Area_striata_grey_matter_Vol.mm3,crosswalk_exact,696,resolved_fallback_metadata,metadata_tables_near_perfect,deSousa_etal_2010_SupTable2,0,,,Evo-M1 value matches Frahm_etal_1984_Table1 (not the metadata source); attributed to metadata source; see source_hunt,deSousa_etal_2010_SupTable2 = 700 (Area_striata_grey_matter_Vol.mm3; 0.57%; scale 1; 0 prior contributions),deSousa_etal_2010_SupTable2; Frahm_etal_1984_Table1; deSousa_etal_2010 [restricted: Visual_volumes.xlsx]; deSousa_etal_2010 [restricted: deSousa_2010.csv]; Stephan_etal_1981 [restricted: Stephan_1981.csv],Frahm_etal_1984_Table1; deSousa_etal_2010_SupTable2,de Sousa et al 2010
Nycticebus_coucang,Corpus.subfornicale,Corpus_subfornicale_Vol.mm3,crosswalk_exact,0.18,likely_fallback_metadata,metadata_tables_close_same_structure,Stephan_etal_1981_TableXV,88,,,Stephan_etal_1981_TableXV = 0.175 (2.8%),Stephan_etal_1981_TableXV = 0.175 (Corpus_subfornicale_Vol.mm3; 2.78%; scale 1; 88 prior contributions),Stephan_etal_1981_TableXV; Stephan_etal_1981 [restricted: Stephan_1981.csv],Stephan_etal_1981_TableXV,Stephan et al 1981
Nycticebus_coucang,LGN_Sousa,Corpus_geniculatum_laterale_Vol.mm3,crosswalk_exact,35.9,resolved_fallback_metadata,metadata_tables_near_perfect,deSousa_etal_2010_SupTable2,0,,,Evo-M1 value matches Stephan_etal_1984_Table1 (not the metadata source); attributed to metadata source; see source_hunt,deSousa_etal_2010_SupTable2 = 36 (Corpus_geniculatum_laterale_Vol.mm3; 0.28%; scale 1; 0 prior contributions),deSousa_etal_2010_SupTable2; Stephan_etal_1984_Table1; Stephan_etal_1981_TableIX; deSousa_etal_2010 [restricted: Visual_volumes.xlsx]; deSousa_etal_2010 [restricted: deSousa_2010.csv],Stephan_etal_1984_Table1; deSousa_etal_2010_SupTable2; Stephan_etal_1981_TableIX,de Sousa et al 2010; de Sousa et al 2013
Otolemur_crassicaudatus,ASG_Sousa,Area_striata_grey_matter_Vol.mm3,crosswalk_exact,479,resolved_fallback_restricted,restricted_documents_near_perfect,deSousa_etal_2010 [restricted: Visual_volumes.xlsx],0,1000,,Evo-M1 value matches Frahm_etal_1984_Table1 (not the metadata source); attributed to metadata source; see source_hunt,deSousa_etal_2010 [restricted: Visual_volumes.xlsx] = 0.479 (0.00%; scale 1000; restricted_checks/deSousa_etal_2010/comparison/Visual_volumes.xlsx R45C5; 0 prior contributions),deSousa_etal_2010_SupTable2; Frahm_etal_1998_Table1; Frahm_etal_1984_Table1; deSousa_etal_2010 [restricted: Visual_volumes.xlsx]; deSousa_etal_2010 [restricted: deSousa_2010.csv]; Stephan_etal_1981 [restricted: Stephan_1981.csv],Frahm_etal_1984_Table1; deSousa_etal_2010_SupTable2; Frahm_etal_1998_Table1; deSousa_etal_2010 [restricted: Visual_volumes.xlsx],de Sousa et al 2010
Otolemur_crassicaudatus,LGN_Sousa,Corpus_geniculatum_laterale_Vol.mm3,crosswalk_exact,23.2,resolved_fallback_metadata,metadata_tables_near_perfect,deSousa_etal_2010_SupTable2,0,,,Evo-M1 value matches Stephan_etal_1984_Table1 (not the metadata source); attributed to metadata source; see source_hunt,deSousa_etal_2010_SupTable2 = 23 (Corpus_geniculatum_laterale_Vol.mm3; 0.86%; scale 1; 0 prior contributions),deSousa_etal_2010_SupTable2; Frahm_etal_1998_Table1; Stephan_etal_1984_Table1; Stephan_etal_1981_TableIX; deSousa_etal_2010 [restricted: Visual_volumes.xlsx]; deSousa_etal_2010 [restricted: deSousa_2010.csv],Stephan_etal_1984_Table1; deSousa_etal_2010_SupTable2; Frahm_etal_1998_Table1; Stephan_etal_1981_TableIX,de Sousa et al 2010; de Sousa et al 2013
Pan_paniscus,ASG_Sousa,Area_striata_grey_matter_Vol.mm3,crosswalk_exact,11606.5,resolved_fallback_metadata,metadata_tables_near_perfect,deSousa_etal_2010_SupTable2,0,,,NA,deSousa_etal_2010_SupTable2 = 11600 (Area_striata_grey_matter_Vol.mm3; 0.06%; scale 1; 0 prior contributions),deSousa_etal_2010_SupTable2; deSousa_etal_2010 [restricted: deSousa_2010.csv]; deSousa_etal_2010 [restricted: Visual_volumes.xlsx]; Stephan_etal_1981 [restricted: Stephan_1981.csv],deSousa_etal_2010_SupTable2,de Sousa et al 2010
Pan_paniscus,Brain_mass,Brain_Mass.mg,crosswalk_exact,352000,resolved_unique,direct_same_structure_unique,Bauernfeind_etal_2013_Table1,181,1000,,NA,,,Bauernfeind_etal_2013_Table1,Bauernfeind et al 2013
Pan_paniscus,Brain_weight,Brain_Mass.mg,crosswalk_exact,352000,resolved_unique,direct_same_structure_unique,Bauernfeind_etal_2013_Table1,181,1000,,NA,,,Bauernfeind_etal_2013_Table1,Stephan et al 1981; Zilles and Rehkamper 1988; Bauernfeind et al 2013
Pan_paniscus,Frontal.motor,FrontalMotor_white_matter_Vol.mm3,crosswalk_exact,5.24,resolved_fallback_metadata,metadata_tables_near_perfect,Smaers_etal_2017_TableS1part1,0,,,NA,Smaers_etal_2017_TableS1part1 = 5243 (FrontalMotor_white_matter_Vol.mm3; 0.06%; scale 0.001; 0 prior contributions),Smaers_etal_2017_TableS1part1,Smaers_etal_2017_TableS1part1,Smaers et al 2017
Pan_paniscus,Frontal.motor.Gray,FrontalMotor_grey_matter_Vol.mm3,crosswalk_exact,8.36,resolved_fallback_metadata,metadata_tables_near_perfect,Smaers_etal_2017_TableS1part1,0,,,NA,Smaers_etal_2017_TableS1part1 = 8356 (FrontalMotor_grey_matter_Vol.mm3; 0.05%; scale 0.001; 0 prior contributions),Smaers_etal_2017_TableS1part1; Smaers_etal_2017 [restricted: Smaers.csv],Smaers_etal_2017_TableS1part1,Smaers et al 2017
Pan_paniscus,LGN_Sousa,Corpus_geniculatum_laterale_Vol.mm3,crosswalk_exact,275.1,resolved_fallback_restricted,restricted_documents_near_perfect,deSousa_etal_2013 [restricted: compare_LGN_vs_Stephan.csv],15,,,deSousa_etal_2013_Table1 = 282.3 (2.6%),deSousa_etal_2013 [restricted: compare_LGN_vs_Stephan.csv] = 275.1 (0.00%; scale 1; restricted_checks/deSousa_etal_2013/comparison/compare_LGN_vs_Stephan.csv R4C3; 15 prior contributions),deSousa_etal_2013_Table1; deSousa_etal_2010_SupTable2; deSousa_etal_2013 [restricted: compare_LGN_vs_Stephan.csv]; deSousa_etal_2013 [restricted: deSousa_2013.csv]; deSousa_etal_2010 [restricted: deSousa_2010.csv]; deSousa_etal_2010 [restricted: Visual_volumes.xlsx],deSousa_etal_2013_Table1; deSousa_etal_2010_SupTable2; deSousa_etal_2013 [restricted: compare_LGN_vs_Stephan.csv],de Sousa et al 2010; de Sousa et al 2013
Pan_paniscus,Prefrontal.Gray,PrefrontalCortex_grey_matter_Vol.mm3,crosswalk_exact,7.96,resolved_fallback_metadata,metadata_tables_near_perfect,Smaers_etal_2017_TableS1part1,0,,,NA,Smaers_etal_2017_TableS1part1 = 7956 (PrefrontalCortex_grey_matter_Vol.mm3; 0.05%; scale 0.001; 0 prior contributions),Smaers_etal_2017_TableS1part1; Smaers_etal_2011_SupplementaryTable2; Smaers_etal_2017 [restricted: Smaers.csv],Smaers_etal_2017_TableS1part1; Smaers_etal_2011_SupplementaryTable2,Smaers et al 2017
Pan_paniscus,Prefrontal.White,PrefrontalCortex_white_matter_Vol.mm3,crosswalk_exact,2.06,resolved_fallback_metadata,metadata_tables_near_perfect,Smaers_etal_2017_TableS1part1,0,,,NA,Smaers_etal_2017_TableS1part1 = 2056 (PrefrontalCortex_white_matter_Vol.mm3; 0.19%; scale 0.001; 0 prior contributions),Smaers_etal_2017_TableS1part1; Smaers_etal_2011_SupplementaryTable2; Smaers_etal_2017 [restricted: Smaers.csv],Smaers_etal_2017_TableS1part1; Smaers_etal_2011_SupplementaryTable2,Smaers et al 2017
Pan_troglodytes,ASG_Sousa,Area_striata_grey_matter_Vol.mm3,crosswalk_exact,8268.3,resolved_fallback_metadata,metadata_tables_near_perfect,deSousa_etal_2010_SupTable2,0,,,Frahm_etal_1984_Table1 = 10593 (21.9%),deSousa_etal_2010_SupTable2 = 8300 (Area_striata_grey_matter_Vol.mm3; 0.38%; scale 1; 0 prior contributions),deSousa_etal_2010_SupTable2; deSousa_etal_2010 [restricted: deSousa_2010.csv]; deSousa_etal_2010 [restricted: Visual_volumes.xlsx]; Stephan_etal_1981 [restricted: Stephan_1981.csv],deSousa_etal_2010_SupTable2,de Sousa et al 2010
Pan_troglodytes,Brain_mass,Brain_Mass.mg,crosswalk_exact,342700,resolved_unique,direct_same_structure_unique,Bauernfeind_etal_2013_Table1,181,1000,,NA,,,Bauernfeind_etal_2013_Table1,Bauernfeind et al 2013
Pan_troglodytes,Frontal.motor,FrontalMotor_white_matter_Vol.mm3,crosswalk_exact,12.78,resolved_fallback_metadata,metadata_tables_near_perfect,Smaers_etal_2017_TableS1part1,0,,,NA,Smaers_etal_2017_TableS1part1 = 12780 (FrontalMotor_white_matter_Vol.mm3; 0.00%; scale 0.001; 0 prior contributions),Smaers_etal_2017_TableS1part1,Smaers_etal_2017_TableS1part1,Smaers et al 2017
Pan_troglodytes,Frontal.motor.Gray,FrontalMotor_grey_matter_Vol.mm3,crosswalk_exact,13.41,resolved_fallback_metadata,metadata_tables_near_perfect,Smaers_etal_2017_TableS1part1,0,,,NA,Smaers_etal_2017_TableS1part1 = 13407 (FrontalMotor_grey_matter_Vol.mm3; 0.02%; scale 0.001; 0 prior contributions),Smaers_etal_2017_TableS1part1; Smaers_etal_2017 [restricted: Smaers.csv],Smaers_etal_2017_TableS1part1,Smaers et al 2017
Pan_troglodytes,LGN_Sousa,Corpus_geniculatum_laterale_Vol.mm3,crosswalk_exact,250.7,resolved_fallback_metadata,metadata_tables_near_perfect,deSousa_etal_2010_SupTable2,0,,,deSousa_etal_2013_Table1 = 344 (27.1%),deSousa_etal_2010_SupTable2 = 251 (Corpus_geniculatum_laterale_Vol.mm3; 0.12%; scale 1; 0 prior contributions),deSousa_etal_2010_SupTable2; deSousa_etal_2013 [restricted: compare_LGN_vs_Stephan.csv]; deSousa_etal_2010 [restricted: deSousa_2010.csv]; deSousa_etal_2010 [restricted: Visual_volumes.xlsx],deSousa_etal_2010_SupTable2,de Sousa et al 2010; de Sousa et al 2013
Pan_troglodytes,Other.cortical.association.areas.Gray,AssociationCortex_grey_matter_Vol.mm3,crosswalk_exact,112.75,resolved_fallback_metadata,metadata_tables_near_perfect,Smaers_etal_2017_TableS1part1,0,,,NA,Smaers_etal_2017_TableS1part1 = 112750 (AssociationCortex_grey_matter_Vol.mm3; 0.00%; scale 0.001; 0 prior contributions),Smaers_etal_2017_TableS1part1; Smaers_etal_2017 [restricted: Smaers.csv],Smaers_etal_2017_TableS1part1,Smaers et al 2017
Pan_troglodytes,Other.cortical.association.areas.White,AssociationCortex_white_matter_Vol.mm3,crosswalk_exact,76.6,resolved_fallback_metadata,metadata_tables_near_perfect,Smaers_etal_2017_TableS1part1,0,,,NA,Smaers_etal_2017_TableS1part1 = 76600 (AssociationCortex_white_matter_Vol.mm3; 0.00%; scale 0.001; 0 prior contributions),Smaers_etal_2017_TableS1part1; Smaers_etal_2017 [restricted: Smaers.csv],Smaers_etal_2017_TableS1part1,Smaers et al 2017
Pan_troglodytes,Prefrontal.Gray,PrefrontalCortex_grey_matter_Vol.mm3,crosswalk_exact,14.21,resolved_fallback_metadata,metadata_tables_near_perfect,Smaers_etal_2017_TableS1part1,0,,,NA,Smaers_etal_2017_TableS1part1 = 14209 (PrefrontalCortex_grey_matter_Vol.mm3; 0.01%; scale 0.001; 0 prior contributions),Smaers_etal_2017_TableS1part1; Smaers_etal_2011_SupplementaryTable2; Smaers_etal_2017 [restricted: Smaers.csv],Smaers_etal_2017_TableS1part1; Smaers_etal_2011_SupplementaryTable2,Smaers et al 2017
Pan_troglodytes,Prefrontal.White,PrefrontalCortex_white_matter_Vol.mm3,crosswalk_exact,4.61,resolved_fallback_metadata,metadata_tables_near_perfect,Smaers_etal_2017_TableS1part1,0,,,NA,Smaers_etal_2017_TableS1part1 = 4607 (PrefrontalCortex_white_matter_Vol.mm3; 0.07%; scale 0.001; 0 prior contributions),Smaers_etal_2017_TableS1part1; Smaers_etal_2011_SupplementaryTable2; Smaers_etal_2017 [restricted: Smaers.csv],Smaers_etal_2017_TableS1part1; Smaers_etal_2011_SupplementaryTable2,Smaers et al 2017
Pan_troglodytes,Primary.visual.White.Smaers,Area_striata_white_matter_Vol.mm3,crosswalk_exact,4,resolved_fallback_metadata,metadata_tables_near_perfect,Smaers_etal_2017_TableS1part1,0,,,Evo-M1 value matches Frahm_etal_1984_Table1 (not the metadata source); attributed to metadata source; see source_hunt,Smaers_etal_2017_TableS1part1 = 4004 (Area_striata_white_matter_Vol.mm3; 0.10%; scale 0.001; 0 prior contributions),Smaers_etal_2017_TableS1part1; Frahm_etal_1984_Table1; Smaers_etal_2017 [restricted: Smaers.csv],Frahm_etal_1984_Table1; Smaers_etal_2017_TableS1part1,Smaers et al 2017
Papio_anubis,ASG_Sousa,Area_striata_grey_matter_Vol.mm3,crosswalk_exact,10001,resolved_fallback_metadata,metadata_tables_near_perfect,deSousa_etal_2010_SupTable2,0,,,Evo-M1 value matches Frahm_etal_1984_Table1 (not the metadata source); attributed to metadata source; see source_hunt,deSousa_etal_2010_SupTable2 = 10000 (Area_striata_grey_matter_Vol.mm3; 0.01%; scale 1; 0 prior contributions),deSousa_etal_2010_SupTable2; Smaers_etal_2017_TableS1part1; Frahm_etal_1998_Table1; Frahm_etal_1984_Table1; deSousa_etal_2010 [restricted: Visual_volumes.xlsx]; deSousa_etal_2010 [restricted: deSousa_2010.csv]; Stephan_etal_1981 [restricted: Stephan_1981.csv],Frahm_etal_1984_Table1; deSousa_etal_2010_SupTable2; Smaers_etal_2017_TableS1part1; Frahm_etal_1998_Table1,de Sousa et al 2010
Papio_anubis,Frontal.motor,FrontalMotor_white_matter_Vol.mm3,crosswalk_exact,3.33,resolved_fallback_metadata,metadata_tables_near_perfect,Smaers_etal_2017_TableS1part1,0,,,NA,Smaers_etal_2017_TableS1part1 = 3325 (FrontalMotor_white_matter_Vol.mm3; 0.15%; scale 0.001; 0 prior contributions),Smaers_etal_2017_TableS1part1,Smaers_etal_2017_TableS1part1,Smaers et al 2017
Papio_anubis,Frontal.motor.Gray,FrontalMotor_grey_matter_Vol.mm3,crosswalk_exact,4.69,resolved_fallback_metadata,metadata_tables_near_perfect,Smaers_etal_2017_TableS1part1,0,,,NA,Smaers_etal_2017_TableS1part1 = 4686 (FrontalMotor_grey_matter_Vol.mm3; 0.09%; scale 0.001; 0 prior contributions),Smaers_etal_2017_TableS1part1; Smaers_etal_2017 [restricted: Smaers.csv],Smaers_etal_2017_TableS1part1,Smaers et al 2017
Papio_anubis,Other.cortical.association.areas.Gray,AssociationCortex_grey_matter_Vol.mm3,crosswalk_exact,45.24,resolved_fallback_metadata,metadata_tables_near_perfect,Smaers_etal_2017_TableS1part1,0,,,NA,Smaers_etal_2017_TableS1part1 = 45240 (AssociationCortex_grey_matter_Vol.mm3; 0.00%; scale 0.001; 0 prior contributions),Smaers_etal_2017_TableS1part1; Smaers_etal_2017 [restricted: Smaers.csv],Smaers_etal_2017_TableS1part1,Smaers et al 2017
Papio_anubis,Other.cortical.association.areas.White,AssociationCortex_white_matter_Vol.mm3,crosswalk_exact,33.84,resolved_fallback_metadata,metadata_tables_near_perfect,Smaers_etal_2017_TableS1part1,0,,,NA,Smaers_etal_2017_TableS1part1 = 33835 (AssociationCortex_white_matter_Vol.mm3; 0.01%; scale 0.001; 0 prior contributions),Smaers_etal_2017_TableS1part1; Smaers_etal_2017 [restricted: Smaers.csv],Smaers_etal_2017_TableS1part1,Smaers et al 2017
Papio_anubis,Prefrontal.Gray,PrefrontalCortex_grey_matter_Vol.mm3,crosswalk_exact,3.92,resolved_fallback_metadata,metadata_tables_near_perfect,Smaers_etal_2017_TableS1part1,0,,,NA,Smaers_etal_2017_TableS1part1 = 3921 (PrefrontalCortex_grey_matter_Vol.mm3; 0.03%; scale 0.001; 0 prior contributions),Smaers_etal_2017_TableS1part1; Smaers_etal_2011_SupplementaryTable2; Smaers_etal_2017 [restricted: Smaers.csv],Smaers_etal_2017_TableS1part1; Smaers_etal_2011_SupplementaryTable2,Smaers et al 2017
Papio_anubis,Prefrontal.White,PrefrontalCortex_white_matter_Vol.mm3,crosswalk_exact,0.85,resolved_fallback_metadata,metadata_tables_near_perfect,Smaers_etal_2017_TableS1part1,0,,,NA,Smaers_etal_2017_TableS1part1 = 845 (PrefrontalCortex_white_matter_Vol.mm3; 0.59%; scale 0.001; 0 prior contributions),Smaers_etal_2017_TableS1part1; Smaers_etal_2011_SupplementaryTable2; Smaers_etal_2017 [restricted: Smaers.csv],Smaers_etal_2017_TableS1part1; Smaers_etal_2011_SupplementaryTable2,Smaers et al 2017
Papio_anubis,Primary.visual.White.Smaers,Area_striata_white_matter_Vol.mm3,crosswalk_exact,3.74,resolved_fallback_metadata,metadata_tables_near_perfect,Smaers_etal_2017_TableS1part1,0,,,Evo-M1 value matches Frahm_etal_1984_Table1 (not the metadata source); attributed to metadata source; see source_hunt,Smaers_etal_2017_TableS1part1 = 3740 (Area_striata_white_matter_Vol.mm3; 0.00%; scale 0.001; 0 prior contributions),Smaers_etal_2017_TableS1part1; Frahm_etal_1984_Table1; Smaers_etal_2017 [restricted: Smaers.csv],Frahm_etal_1984_Table1; Smaers_etal_2017_TableS1part1,Smaers et al 2017
Perodicticus_potto,ASG_Sousa,Area_striata_grey_matter_Vol.mm3,crosswalk_exact,495,resolved_fallback_metadata,metadata_tables_near_perfect,deSousa_etal_2010_SupTable2,0,,,Evo-M1 value matches Frahm_etal_1984_Table1 (not the metadata source); attributed to metadata source; see source_hunt,deSousa_etal_2010_SupTable2 = 500 (Area_striata_grey_matter_Vol.mm3; 1.00%; scale 1; 0 prior contributions),deSousa_etal_2010_SupTable2; Frahm_etal_1984_Table1; deSousa_etal_2010 [restricted: Visual_volumes.xlsx]; deSousa_etal_2010 [restricted: deSousa_2010.csv]; Stephan_etal_1981 [restricted: Stephan_1981.csv],Frahm_etal_1984_Table1; deSousa_etal_2010_SupTable2,de Sousa et al 2010
Perodicticus_potto,Brain_mass,Brain_Mass.mg,crosswalk_exact,11500,resolved_unique,direct_same_structure_unique,Bauernfeind_etal_2013_Table1,181,1000,,NA,,,Bauernfeind_etal_2013_Table1,Bauernfeind et al 2013
Perodicticus_potto,LGN_Sousa,Corpus_geniculatum_laterale_Vol.mm3,crosswalk_exact,24.3,resolved_fallback_restricted,restricted_documents_near_perfect,deSousa_etal_2010 [restricted: Visual_volumes.xlsx],0,,,Evo-M1 value matches Stephan_etal_1981_TableIX; Stephan_etal_1984_Table1 (not the metadata source); attributed to metadata source; see source_hunt,deSousa_etal_2010 [restricted: Visual_volumes.xlsx] = 24.3 (0.00%; scale 1; restricted_checks/deSousa_etal_2010/comparison/Visual_volumes.xlsx R43C10; 0 prior contributions),deSousa_etal_2010_SupTable2; Stephan_etal_1984_Table1; Stephan_etal_1981_TableIX; deSousa_etal_2010 [restricted: Visual_volumes.xlsx]; deSousa_etal_2010 [restricted: deSousa_2010.csv]; Stephan_etal_1981 [restricted: Stephan_1981.csv],Stephan_etal_1981_TableIX; Stephan_etal_1984_Table1; deSousa_etal_2010_SupTable2; deSousa_etal_2010 [restricted: Visual_volumes.xlsx],de Sousa et al 2010; de Sousa et al 2013
Piliocolobus_badius,ASG_Sousa,Area_striata_grey_matter_Vol.mm3,crosswalk_exact,3053,resolved_fallback_restricted,restricted_documents_near_perfect,deSousa_etal_2010 [restricted: Visual_volumes.xlsx],0,1000,,Evo-M1 value matches Frahm_etal_1984_Table1 (not the metadata source); attributed to metadata source; see source_hunt,deSousa_etal_2010 [restricted: Visual_volumes.xlsx] = 3.053 (0.00%; scale 1000; restricted_checks/deSousa_etal_2010/comparison/Visual_volumes.xlsx R17C5; 0 prior contributions),Smaers_etal_2017_TableS1part1; Frahm_etal_1984_Table1; deSousa_etal_2010 [restricted: Visual_volumes.xlsx]; deSousa_etal_2010 [restricted: deSousa_2010.csv]; Stephan_etal_1981 [restricted: Stephan_1981.csv],Frahm_etal_1984_Table1; Smaers_etal_2017_TableS1part1; deSousa_etal_2010 [restricted: Visual_volumes.xlsx],de Sousa et al 2010
Piliocolobus_badius,Brain_mass,Brain_Mass.mg,crosswalk_exact,75000,resolved_unique,direct_same_structure_unique,Bauernfeind_etal_2013_Table1,181,1000,,NA,,,Bauernfeind_etal_2013_Table1,Bauernfeind et al 2013
Piliocolobus_badius,Corpus.subcommissurale,Corpus_subcommissurale_Vol.mm3,crosswalk_exact,0.27,likely_fallback_metadata,metadata_tables_close_same_structure,Stephan_etal_1981_TableXVI,103,,,Stephan_etal_1981_TableXVI = 0.265 (1.9%),Stephan_etal_1981_TableXVI = 0.265 (Corpus_subcommissurale_Vol.mm3; 1.85%; scale 1; 103 prior contributions),Stephan_etal_1981_TableXVI; Stephan_etal_1981 [restricted: Stephan_1981.csv],Stephan_etal_1981_TableXVI,Stephan et al 1981
Piliocolobus_badius,Frontal.motor,FrontalMotor_white_matter_Vol.mm3,crosswalk_exact,1.32,resolved_fallback_metadata,metadata_tables_near_perfect,Smaers_etal_2017_TableS1part1,0,,,NA,Smaers_etal_2017_TableS1part1 = 1317 (FrontalMotor_white_matter_Vol.mm3; 0.23%; scale 0.001; 0 prior contributions),Smaers_etal_2017_TableS1part1,Smaers_etal_2017_TableS1part1,Smaers et al 2017
Piliocolobus_badius,Frontal.motor.Gray,FrontalMotor_grey_matter_Vol.mm3,crosswalk_exact,2.26,resolved_fallback_metadata,metadata_tables_near_perfect,Smaers_etal_2017_TableS1part1,0,,,NA,Smaers_etal_2017_TableS1part1 = 2260 (FrontalMotor_grey_matter_Vol.mm3; 0.00%; scale 0.001; 0 prior contributions),Smaers_etal_2017_TableS1part1; Smaers_etal_2017 [restricted: Smaers.csv],Smaers_etal_2017_TableS1part1,Smaers et al 2017
Piliocolobus_badius,Other.cortical.association.areas.Gray,AssociationCortex_grey_matter_Vol.mm3,crosswalk_exact,22.63,resolved_fallback_metadata,metadata_tables_near_perfect,Smaers_etal_2017_TableS1part1,0,,,NA,Smaers_etal_2017_TableS1part1 = 22629 (AssociationCortex_grey_matter_Vol.mm3; 0.00%; scale 0.001; 0 prior contributions),Smaers_etal_2017_TableS1part1; Smaers_etal_2017 [restricted: Smaers.csv],Smaers_etal_2017_TableS1part1,Smaers et al 2017
Piliocolobus_badius,Other.cortical.association.areas.White,AssociationCortex_white_matter_Vol.mm3,crosswalk_exact,9.67,resolved_fallback_metadata,metadata_tables_near_perfect,Smaers_etal_2017_TableS1part1,0,,,NA,Smaers_etal_2017_TableS1part1 = 9665 (AssociationCortex_white_matter_Vol.mm3; 0.05%; scale 0.001; 0 prior contributions),Smaers_etal_2017_TableS1part1; Smaers_etal_2017 [restricted: Smaers.csv],Smaers_etal_2017_TableS1part1,Smaers et al 2017
Piliocolobus_badius,Prefrontal.Gray,PrefrontalCortex_grey_matter_Vol.mm3,crosswalk_exact,1.59,resolved_fallback_metadata,metadata_tables_near_perfect,Smaers_etal_2017_TableS1part1,0,,,NA,Smaers_etal_2017_TableS1part1 = 1591 (PrefrontalCortex_grey_matter_Vol.mm3; 0.06%; scale 0.001; 0 prior contributions),Smaers_etal_2017_TableS1part1; Smaers_etal_2011_SupplementaryTable2; Smaers_etal_2017 [restricted: Smaers.csv],Smaers_etal_2017_TableS1part1; Smaers_etal_2011_SupplementaryTable2,Smaers et al 2017
Piliocolobus_badius,Prefrontal.White,PrefrontalCortex_white_matter_Vol.mm3,crosswalk_exact,0.2,resolved_fallback_metadata,metadata_tables_near_perfect,Smaers_etal_2017_TableS1part1,0,,,NA,Smaers_etal_2017_TableS1part1 = 201 (PrefrontalCortex_white_matter_Vol.mm3; 0.50%; scale 0.001; 0 prior contributions),Smaers_etal_2017_TableS1part1; Smaers_etal_2011_SupplementaryTable2; Smaers_etal_2017 [restricted: Smaers.csv],Smaers_etal_2017_TableS1part1; Smaers_etal_2011_SupplementaryTable2,Smaers et al 2017
Piliocolobus_badius,Primary.visual.White.Smaers,Area_striata_white_matter_Vol.mm3,crosswalk_exact,0.93,resolved_fallback_metadata,metadata_tables_near_perfect,Smaers_etal_2017_TableS1part1,0,,,Evo-M1 value matches Frahm_etal_1984_Table1 (not the metadata source); attributed to metadata source; see source_hunt,Smaers_etal_2017_TableS1part1 = 926 (Area_striata_white_matter_Vol.mm3; 0.43%; scale 0.001; 0 prior contributions),Smaers_etal_2017_TableS1part1; Frahm_etal_1984_Table1; Smaers_etal_2017 [restricted: Smaers.csv],Frahm_etal_1984_Table1; Smaers_etal_2017_TableS1part1,Smaers et al 2017
Pithecia_monachus,ASG_Sousa,Area_striata_grey_matter_Vol.mm3,crosswalk_exact,1679,resolved_fallback_restricted,restricted_documents_near_perfect,deSousa_etal_2010 [restricted: deSousa_2010.csv],0,,,Evo-M1 value matches Frahm_etal_1984_Table1 (not the metadata source); attributed to metadata source; see source_hunt,deSousa_etal_2010 [restricted: deSousa_2010.csv] = 1679 (0.00%; scale 1; restricted_checks/deSousa_etal_2010/comparison/deSousa_2010.csv R76C2; 0 prior contributions),deSousa_etal_2010_SupTable2; Frahm_etal_1998_Table1; Frahm_etal_1984_Table1; deSousa_etal_2010 [restricted: deSousa_2010.csv]; Stephan_etal_1981 [restricted: Stephan_1981.csv],Frahm_etal_1984_Table1; deSousa_etal_2010_SupTable2; Frahm_etal_1998_Table1; deSousa_etal_2010 [restricted: deSousa_2010.csv],de Sousa et al 2010
Pithecia_monachus,LGN_Sousa,Corpus_geniculatum_laterale_Vol.mm3,crosswalk_exact,76.3,resolved_fallback_metadata,metadata_tables_near_perfect,deSousa_etal_2010_SupTable2,0,,,Evo-M1 value matches Stephan_etal_1984_Table1 (not the metadata source); attributed to metadata source; see source_hunt,deSousa_etal_2010_SupTable2 = 76 (Corpus_geniculatum_laterale_Vol.mm3; 0.39%; scale 1; 0 prior contributions),deSousa_etal_2010_SupTable2; Frahm_etal_1998_Table1; Stephan_etal_1984_Table1; deSousa_etal_2010 [restricted: deSousa_2010.csv],Stephan_etal_1984_Table1; deSousa_etal_2010_SupTable2; Frahm_etal_1998_Table1,de Sousa et al 2010; de Sousa et al 2013
Pithecia_pithecia,Brain_mass,Brain_Mass.mg,crosswalk_exact,30000,resolved_unique,direct_same_structure_unique,Bauernfeind_etal_2013_Table1,181,1000,,NA,,,Bauernfeind_etal_2013_Table1,Bauernfeind et al 2013
Pithecia_pithecia,Brain_weight,Brain_Mass.mg,crosswalk_exact,30000,resolved_unique,direct_same_structure_unique,Bauernfeind_etal_2013_Table1,181,1000,,NA,,,Bauernfeind_etal_2013_Table1,Stephan et al 1981; Zilles and Rehkamper 1988; Bauernfeind et al 2013
Pithecia_pithecia,Frontal.motor,FrontalMotor_white_matter_Vol.mm3,crosswalk_exact,0.5,resolved_fallback_metadata,metadata_tables_near_perfect,Smaers_etal_2017_TableS1part1,0,,,NA,Smaers_etal_2017_TableS1part1 = 496 (FrontalMotor_white_matter_Vol.mm3; 0.80%; scale 0.001; 0 prior contributions),Smaers_etal_2017_TableS1part1,Smaers_etal_2017_TableS1part1,Smaers et al 2017
Pithecia_pithecia,Frontal.motor.Gray,FrontalMotor_grey_matter_Vol.mm3,crosswalk_exact,0.82,resolved_fallback_metadata,metadata_tables_near_perfect,Smaers_etal_2017_TableS1part1,0,,,NA,Smaers_etal_2017_TableS1part1 = 819 (FrontalMotor_grey_matter_Vol.mm3; 0.12%; scale 0.001; 0 prior contributions),Smaers_etal_2017_TableS1part1; Smaers_etal_2017 [restricted: Smaers.csv],Smaers_etal_2017_TableS1part1,Smaers et al 2017
Pithecia_pithecia,Other.cortical.association.areas.Gray,AssociationCortex_grey_matter_Vol.mm3,crosswalk_exact,9.24,resolved_fallback_metadata,metadata_tables_near_perfect,Smaers_etal_2017_TableS1part1,0,,,NA,Smaers_etal_2017_TableS1part1 = 9242 (AssociationCortex_grey_matter_Vol.mm3; 0.02%; scale 0.001; 0 prior contributions),Smaers_etal_2017_TableS1part1; Smaers_etal_2017 [restricted: Smaers.csv],Smaers_etal_2017_TableS1part1,Smaers et al 2017
Pithecia_pithecia,Other.cortical.association.areas.White,AssociationCortex_white_matter_Vol.mm3,crosswalk_exact,4.2,resolved_fallback_metadata,metadata_tables_near_perfect,Smaers_etal_2017_TableS1part1,0,,,NA,Smaers_etal_2017_TableS1part1 = 4200 (AssociationCortex_white_matter_Vol.mm3; 0.00%; scale 0.001; 0 prior contributions),Smaers_etal_2017_TableS1part1; Smaers_etal_2017 [restricted: Smaers.csv],Smaers_etal_2017_TableS1part1,Smaers et al 2017
Pithecia_pithecia,Prefrontal.Gray,PrefrontalCortex_grey_matter_Vol.mm3,crosswalk_exact,0.6,resolved_fallback_metadata,metadata_tables_near_perfect,Smaers_etal_2017_TableS1part1,0,,,NA,Smaers_etal_2017_TableS1part1 = 600 (PrefrontalCortex_grey_matter_Vol.mm3; 0.00%; scale 0.001; 0 prior contributions),Smaers_etal_2017_TableS1part1; Smaers_etal_2017 [restricted: Smaers.csv],Smaers_etal_2017_TableS1part1,Smaers et al 2017
Pithecia_pithecia,Prefrontal.White,PrefrontalCortex_white_matter_Vol.mm3,crosswalk_exact,0.08,resolved_fallback_metadata,metadata_tables_near_perfect,Smaers_etal_2017_TableS1part1,0,,,NA,Smaers_etal_2017_TableS1part1 = 81 (PrefrontalCortex_white_matter_Vol.mm3; 1.23%; scale 0.001; 0 prior contributions),Smaers_etal_2017_TableS1part1; Smaers_etal_2017 [restricted: Smaers.csv],Smaers_etal_2017_TableS1part1,Smaers et al 2017
Pithecia_pithecia,Primary.visual.White.Smaers,Area_striata_white_matter_Vol.mm3,crosswalk_exact,0.45,resolved_fallback_metadata,metadata_tables_near_perfect,Smaers_etal_2017_TableS1part1,0,,,NA,Smaers_etal_2017_TableS1part1 = 451 (Area_striata_white_matter_Vol.mm3; 0.22%; scale 0.001; 0 prior contributions),Smaers_etal_2017_TableS1part1; Smaers_etal_2017 [restricted: Smaers.csv],Smaers_etal_2017_TableS1part1,Smaers et al 2017
Plecturocebus_moloch,ASG_Sousa,Area_striata_grey_matter_Vol.mm3,crosswalk_exact,1201,resolved_fallback_metadata,metadata_tables_near_perfect,deSousa_etal_2010_SupTable2,0,,,Evo-M1 value matches Frahm_etal_1984_Table1 (not the metadata source); attributed to metadata source; see source_hunt,deSousa_etal_2010_SupTable2 = 1200 (Area_striata_grey_matter_Vol.mm3; 0.08%; scale 1; 0 prior contributions),deSousa_etal_2010_SupTable2; Frahm_etal_1998_Table1; Frahm_etal_1984_Table1; deSousa_etal_2010 [restricted: Visual_volumes.xlsx]; deSousa_etal_2010 [restricted: deSousa_2010.csv]; Stephan_etal_1981 [restricted: Stephan_1981.csv],Frahm_etal_1984_Table1; deSousa_etal_2010_SupTable2; Frahm_etal_1998_Table1,de Sousa et al 2010
Plecturocebus_moloch,Bulbus_olfactorius_accessorius,Bulbus_olfactorius_accessorius_Vol.mm3,crosswalk_exact,0.33,likely_fallback_metadata,metadata_tables_close_same_structure,Stephan_etal_1981_TableVI,215,,,Stephan_etal_1981_TableVI = 0.325 (1.5%),Stephan_etal_1981_TableVI = 0.325 (Bulbus_olfactorius_accessorius_Vol.mm3; 1.52%; scale 1; 215 prior contributions),Stephan_etal_1981_TableVI; Stephan_etal_1981 [restricted: Stephan_1981.csv],Stephan_etal_1981_TableVI,Stephan et al 1981
Plecturocebus_moloch,LGN_Sousa,Corpus_geniculatum_laterale_Vol.mm3,crosswalk_exact,54.2,resolved_fallback_metadata,metadata_tables_near_perfect,deSousa_etal_2010_SupTable2,0,,,Evo-M1 value matches Stephan_etal_1984_Table1 (not the metadata source); attributed to metadata source; see source_hunt,deSousa_etal_2010_SupTable2 = 54 (Corpus_geniculatum_laterale_Vol.mm3; 0.37%; scale 1; 0 prior contributions),deSousa_etal_2010_SupTable2; Frahm_etal_1998_Table1; Stephan_etal_1984_Table1; Stephan_etal_1981_TableIX; deSousa_etal_2010 [restricted: Visual_volumes.xlsx]; deSousa_etal_2010 [restricted: deSousa_2010.csv],Stephan_etal_1984_Table1; deSousa_etal_2010_SupTable2; Frahm_etal_1998_Table1; Stephan_etal_1981_TableIX,de Sousa et al 2010; de Sousa et al 2013
Pongo_abelii,Brain_mass,Brain_Mass.mg,crosswalk_exact,345900,likely_fallback_metadata,metadata_tables_close_same_structure,Bauernfeind_etal_2013_Table1,181,1000,,deSousa_etal_2013_Table1 = 384667 (10.1%),Bauernfeind_etal_2013_Table1 = 353.2 (Brain_Mass.mg; 2.07%; scale 1000; 181 prior contributions),Bauernfeind_etal_2013_Table1; Bauernfeind_etal_2013 [restricted: Bauernfeind_2013.csv]; Bauernfeind_etal_2013 [restricted: insulaAmy.xls],Bauernfeind_etal_2013_Table1,Bauernfeind et al 2013
Pongo_abelii,Brain_weight,Brain_Mass.mg,crosswalk_exact,345900,likely_fallback_metadata,metadata_tables_close_same_structure,Bauernfeind_etal_2013_Table1,181,1000,,deSousa_etal_2013_Table1 = 384667 (10.1%),Bauernfeind_etal_2013_Table1 = 353.2 (Brain_Mass.mg; 2.07%; scale 1000; 181 prior contributions),Bauernfeind_etal_2013_Table1; Bauernfeind_etal_2013 [restricted: Bauernfeind_2013.csv]; Bauernfeind_etal_2013 [restricted: insulaAmy.xls],Bauernfeind_etal_2013_Table1,Stephan et al 1981; Zilles and Rehkamper 1988; Bauernfeind et al 2013
Pongo_abelii,Granular_volume_L,Granular_insular_cortex_left_Vol.mm3,crosswalk_exact,218.5,likely_fallback_metadata,metadata_tables_close_same_structure,Bauernfeind_etal_2013_Table1,181,,,Bauernfeind_etal_2013_Table1 = 208.75 (4.5%),Bauernfeind_etal_2013_Table1 = 208.75 (Granular_insular_cortex_left_Vol.mm3; 4.46%; scale 1; 181 prior contributions),Bauernfeind_etal_2013_Table1; Bauernfeind_etal_2013 [restricted: Bauernfeind_2013.csv],Bauernfeind_etal_2013_Table1,Bauernfeind et al 2013
Pongo_abelii,Total_insula_volume_L,Insula_left_Vol.mm3,crosswalk_exact,1158,likely_fallback_restricted,restricted_documents_close_metadata_source,Bauernfeind_etal_2013 [restricted: insulaAmy.xls],181,1000,,Bauernfeind_etal_2013_Table1 = 1331.5 (13.0%),Bauernfeind_etal_2013 [restricted: insulaAmy.xls] = 1.204335 (3.85%; scale 1000; restricted_checks/Bauernfeind_etal_2013/comparison/insulaAmy.xls R21C4; 181 prior contributions),Bauernfeind_etal_2013 [restricted: insulaAmy.xls],Bauernfeind_etal_2013 [restricted: insulaAmy.xls],Bauernfeind et al 2013
Pongo_pygmaeus,ASG_Sousa,Area_striata_grey_matter_Vol.mm3,crosswalk_exact,8233.7,resolved_fallback_metadata,metadata_tables_near_perfect,deSousa_etal_2010_SupTable2,0,,,Zilles_Rehkämper_1988_Table12-2 = 8400 (2.0%),deSousa_etal_2010_SupTable2 = 8200 (Area_striata_grey_matter_Vol.mm3; 0.41%; scale 1; 0 prior contributions),deSousa_etal_2010_SupTable2; Zilles_Rehkämper_1988_Table12-2; deSousa_etal_2010 [restricted: deSousa_2010.csv]; deSousa_etal_2010 [restricted: Visual_volumes.xlsx],deSousa_etal_2010_SupTable2; Zilles_Rehkämper_1988_Table12-2,de Sousa et al 2010
Pongo_pygmaeus,Brain_mass,Brain_Mass.mg,crosswalk_exact,360500,likely_fallback_metadata,metadata_tables_close_same_structure,Bauernfeind_etal_2013_Table1,181,1000,,deSousa_etal_2013_Table1 = 384667 (6.3%),Bauernfeind_etal_2013_Table1 = 353.2 (Brain_Mass.mg; 2.02%; scale 1000; 181 prior contributions),Bauernfeind_etal_2013_Table1; Bauernfeind_etal_2013 [restricted: Bauernfeind_2013.csv]; Bauernfeind_etal_2013 [restricted: insulaAmy.xls],Bauernfeind_etal_2013_Table1,Bauernfeind et al 2013
Pongo_pygmaeus,Brain_weight,Brain_Mass.mg,crosswalk_exact,336000,resolved_fallback_restricted,restricted_documents_near_perfect,Bauernfeind_etal_2013 [restricted: insulaAmy.xls],181,1000,,deSousa_etal_2013_Table1 = 384667 (12.7%),Bauernfeind_etal_2013 [restricted: insulaAmy.xls] = 333.8 (0.65%; scale 1000; restricted_checks/Bauernfeind_etal_2013/comparison/insulaAmy.xls R23C2; 181 prior contributions),Bauernfeind_etal_2013_Table1; Bauernfeind_etal_2013 [restricted: insulaAmy.xls]; Bauernfeind_etal_2013 [restricted: Bauernfeind_2013.csv],Bauernfeind_etal_2013_Table1; Bauernfeind_etal_2013 [restricted: insulaAmy.xls],Stephan et al 1981; Zilles and Rehkamper 1988; Bauernfeind et al 2013
Pongo_pygmaeus,Frontal.motor,FrontalMotor_white_matter_Vol.mm3,crosswalk_exact,4.75,resolved_fallback_metadata,metadata_tables_near_perfect,Smaers_etal_2017_TableS1part1,0,,,NA,Smaers_etal_2017_TableS1part1 = 4745 (FrontalMotor_white_matter_Vol.mm3; 0.11%; scale 0.001; 0 prior contributions),Smaers_etal_2017_TableS1part1,Smaers_etal_2017_TableS1part1,Smaers et al 2017
Pongo_pygmaeus,Frontal.motor.Gray,FrontalMotor_grey_matter_Vol.mm3,crosswalk_exact,6.35,resolved_fallback_metadata,metadata_tables_near_perfect,Smaers_etal_2017_TableS1part1,0,,,NA,Smaers_etal_2017_TableS1part1 = 6353 (FrontalMotor_grey_matter_Vol.mm3; 0.05%; scale 0.001; 0 prior contributions),Smaers_etal_2017_TableS1part1; Smaers_etal_2017 [restricted: Smaers.csv],Smaers_etal_2017_TableS1part1,Smaers et al 2017
Pongo_pygmaeus,Granular_volume_L,Granular_insular_cortex_left_Vol.mm3,crosswalk_exact,199,likely_fallback_metadata,metadata_tables_close_same_structure,Bauernfeind_etal_2013_Table1,181,,,Bauernfeind_etal_2013_Table1 = 208.75 (4.7%),Bauernfeind_etal_2013_Table1 = 208.75 (Granular_insular_cortex_left_Vol.mm3; 4.67%; scale 1; 181 prior contributions),Bauernfeind_etal_2013_Table1; Bauernfeind_etal_2013 [restricted: Bauernfeind_2013.csv],Bauernfeind_etal_2013_Table1,Bauernfeind et al 2013
Pongo_pygmaeus,NeoG_Frahm,Neocortex_grey_matter_Vol.mm3,crosswalk_exact,138300,resolved_fallback_restricted,restricted_documents_near_perfect,Frahm_etal_1982 [restricted: Frahm_1982.csv],46,,,Zilles_Rehkämper_1988_Table12-2 = 129900 (6.1%),Frahm_etal_1982 [restricted: Frahm_1982.csv] = 138300 (0.00%; scale 1; restricted_checks/Frahm_etal_1982/comparison/Frahm_1982.csv R78C4; 46 prior contributions),Frahm_etal_1982 [restricted: Frahm_1982.csv],Frahm_etal_1982 [restricted: Frahm_1982.csv],Frahm et al 1992; Zilles and Rehkamper 1988
Pongo_pygmaeus,Other.cortical.association.areas.Gray,AssociationCortex_grey_matter_Vol.mm3,crosswalk_exact,76.92,resolved_fallback_metadata,metadata_tables_near_perfect,Smaers_etal_2017_TableS1part1,0,,,NA,Smaers_etal_2017_TableS1part1 = 76924 (AssociationCortex_grey_matter_Vol.mm3; 0.01%; scale 0.001; 0 prior contributions),Smaers_etal_2017_TableS1part1; Smaers_etal_2017 [restricted: Smaers.csv],Smaers_etal_2017_TableS1part1,Smaers et al 2017
Pongo_pygmaeus,Prefrontal.Gray,PrefrontalCortex_grey_matter_Vol.mm3,crosswalk_exact,8.6,resolved_fallback_metadata,metadata_tables_near_perfect,Smaers_etal_2017_TableS1part1,0,,,NA,Smaers_etal_2017_TableS1part1 = 8596 (PrefrontalCortex_grey_matter_Vol.mm3; 0.05%; scale 0.001; 0 prior contributions),Smaers_etal_2017_TableS1part1; Smaers_etal_2011_SupplementaryTable2; Smaers_etal_2017 [restricted: Smaers.csv],Smaers_etal_2017_TableS1part1; Smaers_etal_2011_SupplementaryTable2,Smaers et al 2017
Pongo_pygmaeus,Prefrontal.White,PrefrontalCortex_white_matter_Vol.mm3,crosswalk_exact,2.52,resolved_fallback_metadata,metadata_tables_near_perfect,Smaers_etal_2017_TableS1part1,0,,,NA,Smaers_etal_2017_TableS1part1 = 2520 (PrefrontalCortex_white_matter_Vol.mm3; 0.00%; scale 0.001; 0 prior contributions),Smaers_etal_2017_TableS1part1; Smaers_etal_2011_SupplementaryTable2; Smaers_etal_2017 [restricted: Smaers.csv],Smaers_etal_2017_TableS1part1; Smaers_etal_2011_SupplementaryTable2,Smaers et al 2017
Propithecus_verreauxi,ASG_Sousa,Area_striata_grey_matter_Vol.mm3,crosswalk_exact,1106,resolved_fallback_metadata,metadata_tables_near_perfect,deSousa_etal_2010_SupTable2,0,,,Evo-M1 value matches Frahm_etal_1984_Table1 (not the metadata source); attributed to metadata source; see source_hunt,deSousa_etal_2010_SupTable2 = 1100 (Area_striata_grey_matter_Vol.mm3; 0.54%; scale 1; 0 prior contributions),deSousa_etal_2010_SupTable2; Frahm_etal_1984_Table1; deSousa_etal_2010 [restricted: Visual_volumes.xlsx]; deSousa_etal_2010 [restricted: deSousa_2010.csv]; Stephan_etal_1981 [restricted: Stephan_1981.csv],Frahm_etal_1984_Table1; deSousa_etal_2010_SupTable2,de Sousa et al 2010
Propithecus_verreauxi,LGN_Sousa,Corpus_geniculatum_laterale_Vol.mm3,crosswalk_exact,64.5,resolved_fallback_metadata,metadata_tables_near_perfect,deSousa_etal_2010_SupTable2,0,,,Evo-M1 value matches Stephan_etal_1984_Table1 (not the metadata source); attributed to metadata source; see source_hunt,deSousa_etal_2010_SupTable2 = 65 (Corpus_geniculatum_laterale_Vol.mm3; 0.77%; scale 1; 0 prior contributions),deSousa_etal_2010_SupTable2; Stephan_etal_1984_Table1; deSousa_etal_2010 [restricted: Visual_volumes.xlsx]; deSousa_etal_2010 [restricted: deSousa_2010.csv],Stephan_etal_1984_Table1; deSousa_etal_2010_SupTable2,de Sousa et al 2010; de Sousa et al 2013
Saguinus_geoffroyi,Brain_mass,Brain_Mass.mg,crosswalk_exact,10500,resolved_unique,direct_same_structure_unique,Bauernfeind_etal_2013_Table1,181,1000,,NA,,,Bauernfeind_etal_2013_Table1,Bauernfeind et al 2013
Saguinus_geoffroyi,Brain_weight,Brain_Mass.mg,crosswalk_exact,10500,resolved_unique,direct_same_structure_unique,Bauernfeind_etal_2013_Table1,181,1000,,NA,,,Bauernfeind_etal_2013_Table1,Stephan et al 1981; Zilles and Rehkamper 1988; Bauernfeind et al 2013
Saguinus_midas,ASG_Sousa,Area_striata_grey_matter_Vol.mm3,crosswalk_exact,841,resolved_fallback_restricted,restricted_documents_near_perfect,deSousa_etal_2010 [restricted: deSousa_2010.csv],0,,,Evo-M1 value matches Frahm_etal_1984_Table1 (not the metadata source); attributed to metadata source; see source_hunt,deSousa_etal_2010 [restricted: deSousa_2010.csv] = 841 (0.00%; scale 1; restricted_checks/deSousa_etal_2010/comparison/deSousa_2010.csv R86C2; 0 prior contributions),deSousa_etal_2010_SupTable2; Frahm_etal_1998_Table1; Frahm_etal_1984_Table1; deSousa_etal_2010 [restricted: deSousa_2010.csv]; Stephan_etal_1981 [restricted: Stephan_1981.csv],Frahm_etal_1984_Table1; deSousa_etal_2010_SupTable2; Frahm_etal_1998_Table1; deSousa_etal_2010 [restricted: deSousa_2010.csv],de Sousa et al 2010
Saguinus_midas,LGN_Sousa,Corpus_geniculatum_laterale_Vol.mm3,crosswalk_exact,36,resolved_fallback_metadata,metadata_tables_near_perfect,deSousa_etal_2010_SupTable2,0,,,Stephan_etal_1981_TableIX = 36.8 (2.2%),deSousa_etal_2010_SupTable2 = 36 (Corpus_geniculatum_laterale_Vol.mm3; 0.00%; scale 1; 0 prior contributions),deSousa_etal_2010_SupTable2; Frahm_etal_1998_Table1; Stephan_etal_1981_TableIX; deSousa_etal_2010 [restricted: deSousa_2010.csv],deSousa_etal_2010_SupTable2; Frahm_etal_1998_Table1; Stephan_etal_1981_TableIX,de Sousa et al 2010; de Sousa et al 2013
Saguinus_oedipus,ASG_Sousa,Area_striata_grey_matter_Vol.mm3,crosswalk_exact,807,resolved_fallback_metadata,metadata_tables_near_perfect,deSousa_etal_2010_SupTable2,0,,,Evo-M1 value matches Frahm_etal_1984_Table1 (not the metadata source); attributed to metadata source; see source_hunt,deSousa_etal_2010_SupTable2 = 800 (Area_striata_grey_matter_Vol.mm3; 0.87%; scale 1; 0 prior contributions),deSousa_etal_2010_SupTable2; Frahm_etal_1998_Table1; Frahm_etal_1984_Table1; deSousa_etal_2010 [restricted: deSousa_2010.csv]; Stephan_etal_1981 [restricted: Stephan_1981.csv],Frahm_etal_1984_Table1; deSousa_etal_2010_SupTable2; Frahm_etal_1998_Table1,de Sousa et al 2010
Saguinus_oedipus,Brain_mass,Brain_Mass.mg,crosswalk_exact,9300,resolved_unique,direct_same_structure_unique,Bauernfeind_etal_2013_Table1,181,1000,,NA,,,Bauernfeind_etal_2013_Table1,Bauernfeind et al 2013
Saguinus_oedipus,LGN_Sousa,Corpus_geniculatum_laterale_Vol.mm3,crosswalk_exact,34.2,resolved_fallback_metadata,metadata_tables_near_perfect,deSousa_etal_2010_SupTable2,0,,,Evo-M1 value matches Stephan_etal_1984_Table1 (not the metadata source); attributed to metadata source; see source_hunt,deSousa_etal_2010_SupTable2 = 34 (Corpus_geniculatum_laterale_Vol.mm3; 0.58%; scale 1; 0 prior contributions),deSousa_etal_2010_SupTable2; Frahm_etal_1998_Table1; Stephan_etal_1984_Table1; Stephan_etal_1981_TableIX; deSousa_etal_2010 [restricted: deSousa_2010.csv],Stephan_etal_1984_Table1; deSousa_etal_2010_SupTable2; Frahm_etal_1998_Table1; Stephan_etal_1981_TableIX,de Sousa et al 2010; de Sousa et al 2013
Saimiri_sciureus,ASG_Sousa,Area_striata_grey_matter_Vol.mm3,crosswalk_exact,1884,resolved_fallback_metadata,metadata_tables_near_perfect,deSousa_etal_2010_SupTable2,0,,,Evo-M1 value matches Frahm_etal_1984_Table1 (not the metadata source); attributed to metadata source; see source_hunt,deSousa_etal_2010_SupTable2 = 1900 (Area_striata_grey_matter_Vol.mm3; 0.84%; scale 1; 0 prior contributions),deSousa_etal_2010_SupTable2; Frahm_etal_1984_Table1; deSousa_etal_2010 [restricted: Visual_volumes.xlsx]; deSousa_etal_2010 [restricted: deSousa_2010.csv]; Stephan_etal_1981 [restricted: Stephan_1981.csv],Frahm_etal_1984_Table1; deSousa_etal_2010_SupTable2,de Sousa et al 2010
Saimiri_sciureus,LGN_Sousa,Corpus_geniculatum_laterale_Vol.mm3,crosswalk_exact,62.9,resolved_fallback_metadata,metadata_tables_near_perfect,deSousa_etal_2010_SupTable2,0,,,Evo-M1 value matches Stephan_etal_1981_TableIX; Stephan_etal_1984_Table1 (not the metadata source); attributed to metadata source; see source_hunt,deSousa_etal_2010_SupTable2 = 63 (Corpus_geniculatum_laterale_Vol.mm3; 0.16%; scale 1; 0 prior contributions),deSousa_etal_2010_SupTable2; Stephan_etal_1984_Table1; Stephan_etal_1981_TableIX; deSousa_etal_2010 [restricted: Visual_volumes.xlsx]; deSousa_etal_2010 [restricted: deSousa_2010.csv]; Stephan_etal_1981 [restricted: Stephan_1981.csv],Stephan_etal_1981_TableIX; Stephan_etal_1984_Table1; deSousa_etal_2010_SupTable2,de Sousa et al 2010; de Sousa et al 2013
Symphalangus_syndactylus,ASG_Sousa,Area_striata_grey_matter_Vol.mm3,crosswalk_exact,5468.9,resolved_fallback_metadata,metadata_tables_near_perfect,deSousa_etal_2010_SupTable2,0,,,NA,deSousa_etal_2010_SupTable2 = 5500 (Area_striata_grey_matter_Vol.mm3; 0.57%; scale 1; 0 prior contributions),deSousa_etal_2010_SupTable2; deSousa_etal_2010 [restricted: deSousa_2010.csv]; deSousa_etal_2010 [restricted: Visual_volumes.xlsx]; Stephan_etal_1981 [restricted: Stephan_1981.csv],deSousa_etal_2010_SupTable2,de Sousa et al 2010
Symphalangus_syndactylus,Brain_mass,Brain_Mass.mg,crosswalk_exact,138700,resolved_unique,direct_same_structure_unique,Bauernfeind_etal_2013_Table1,181,1000,,NA,,,Bauernfeind_etal_2013_Table1,Bauernfeind et al 2013
Symphalangus_syndactylus,Brain_weight,Brain_Mass.mg,crosswalk_exact,138700,resolved_unique,direct_same_structure_unique,Bauernfeind_etal_2013_Table1,181,1000,,NA,,,Bauernfeind_etal_2013_Table1,Stephan et al 1981; Zilles and Rehkamper 1988; Bauernfeind et al 2013
Tarsius_syrichta,ASG_Sousa,Area_striata_grey_matter_Vol.mm3,crosswalk_exact,349,resolved_fallback_restricted,restricted_documents_near_perfect,deSousa_etal_2010 [restricted: Visual_volumes.xlsx],0,1000,,Evo-M1 value matches Frahm_etal_1984_Table1 (not the metadata source); attributed to metadata source; see source_hunt,deSousa_etal_2010 [restricted: Visual_volumes.xlsx] = 0.349 (0.00%; scale 1000; restricted_checks/deSousa_etal_2010/comparison/Visual_volumes.xlsx R30C5; 0 prior contributions),Frahm_etal_1998_Table1; Frahm_etal_1984_Table1; deSousa_etal_2010 [restricted: Visual_volumes.xlsx]; deSousa_etal_2010 [restricted: deSousa_2010.csv]; Stephan_etal_1981 [restricted: Stephan_1981.csv],Frahm_etal_1984_Table1; Frahm_etal_1998_Table1; deSousa_etal_2010 [restricted: Visual_volumes.xlsx],de Sousa et al 2010
Tarsius_syrichta,LGN_Sousa,Corpus_geniculatum_laterale_Vol.mm3,crosswalk_exact,20.8,resolved_fallback_metadata,metadata_tables_near_perfect,deSousa_etal_2010_SupTable2,0,,,Evo-M1 value matches Stephan_etal_1981_TableIX; Stephan_etal_1984_Table1 (not the metadata source); attributed to metadata source; see source_hunt,deSousa_etal_2010_SupTable2 = 21 (Corpus_geniculatum_laterale_Vol.mm3; 0.95%; scale 1; 0 prior contributions),deSousa_etal_2010_SupTable2; Frahm_etal_1998_Table1; Stephan_etal_1984_Table1; Stephan_etal_1981_TableIX; deSousa_etal_2010 [restricted: Visual_volumes.xlsx]; deSousa_etal_2010 [restricted: deSousa_2010.csv]; Stephan_etal_1981 [restricted: Stephan_1981.csv],Stephan_etal_1981_TableIX; Stephan_etal_1984_Table1; deSousa_etal_2010_SupTable2; Frahm_etal_1998_Table1,de Sousa et al 2010; de Sousa et al 2013
Trachypithecus_francoisi,Brain_mass,Brain_Mass.mg,crosswalk_exact,102100,resolved_unique,direct_same_structure_unique,Bauernfeind_etal_2013_Table1,181,1000,,NA,,,Bauernfeind_etal_2013_Table1,Bauernfeind et al 2013
Trachypithecus_francoisi,Brain_weight,Brain_Mass.mg,crosswalk_exact,102100,resolved_unique,direct_same_structure_unique,Bauernfeind_etal_2013_Table1,181,1000,,NA,,,Bauernfeind_etal_2013_Table1,Stephan et al 1981; Zilles and Rehkamper 1988; Bauernfeind et al 2013
Varecia_variegata,ASG_Sousa,Area_striata_grey_matter_Vol.mm3,crosswalk_exact,1745,resolved_fallback_restricted,restricted_documents_near_perfect,deSousa_etal_2010 [restricted: Visual_volumes.xlsx],0,1000,,Evo-M1 value matches Frahm_etal_1984_Table1 (not the metadata source); attributed to metadata source; see source_hunt,deSousa_etal_2010 [restricted: Visual_volumes.xlsx] = 1.745 (0.00%; scale 1000; restricted_checks/deSousa_etal_2010/comparison/Visual_volumes.xlsx R35C5; 0 prior contributions),deSousa_etal_2010_SupTable2; Frahm_etal_1984_Table1; deSousa_etal_2010 [restricted: Visual_volumes.xlsx]; deSousa_etal_2010 [restricted: deSousa_2010.csv]; Stephan_etal_1981 [restricted: Stephan_1981.csv],Frahm_etal_1984_Table1; deSousa_etal_2010_SupTable2; deSousa_etal_2010 [restricted: Visual_volumes.xlsx],de Sousa et al 2010
Varecia_variegata,Brain_mass,Brain_Mass.mg,crosswalk_exact,31500,resolved_multiple,direct_same_structure_multiple,Bauernfeind_etal_2013_Table1,181,1000,,NA,,,Bauernfeind_etal_2013_Table1; Stephan_etal_1981_TableII; Stephan_etal_1988_TABLE1,Bauernfeind et al 2013
Varecia_variegata,Brain_weight,Brain_Mass.mg,crosswalk_exact,31500,resolved_multiple,direct_same_structure_multiple,Stephan_etal_1981_TableII,162,1000,,NA,,,Bauernfeind_etal_2013_Table1; Stephan_etal_1981_TableII; Stephan_etal_1988_TABLE1,Stephan et al 1981; Zilles and Rehkamper 1988; Bauernfeind et al 2013
Varecia_variegata,LGN_Sousa,Corpus_geniculatum_laterale_Vol.mm3,crosswalk_exact,68.9,resolved_fallback_metadata,metadata_tables_near_perfect,deSousa_etal_2010_SupTable2,0,,,Evo-M1 value matches Stephan_etal_1981_TableIX; Stephan_etal_1984_Table1 (not the metadata source); attributed to metadata source; see source_hunt,deSousa_etal_2010_SupTable2 = 69 (Corpus_geniculatum_laterale_Vol.mm3; 0.14%; scale 1; 0 prior contributions),deSousa_etal_2010_SupTable2; Stephan_etal_1984_Table1; Stephan_etal_1981_TableIX; deSousa_etal_2010 [restricted: Visual_volumes.xlsx]; deSousa_etal_2010 [restricted: deSousa_2010.csv]; Stephan_etal_1981 [restricted: Stephan_1981.csv],Stephan_etal_1981_TableIX; Stephan_etal_1984_Table1; deSousa_etal_2010_SupTable2,de Sousa et al 2010; de Sousa et al 2013
