Species,Species_evo,Stephan_column,EvoM1_variable,structure_key_rule,Stephan_value,status,preferred_reference,preferred_citation,all_matching_sources,n_candidate_sources,metadata_reference,unit_rescale_flag,merge_deviation_flag,closest_nonmatching,resolution_method,fallback_candidate_sources,fallback_match_detail,preferred_source_prior_contributions,source_cutoff_year
Alouatta_caraya,Alouatta caraya,Agranular_volume_L,Agranular_insular_cortex_left_Vol.mm3,crosswalk_exact,42,resolved_unique,Bauernfeind_etal_2013_Table1,Bauernfeind et al. 2013 (J Hum Evol 64:263-279),Bauernfeind_etal_2013_Table1,1,Bauernfeind et al 2013,,,NA,direct_same_structure_unique,,,181,2019
Alouatta_caraya,Alouatta caraya,Body_mass,Body_Mass.g,crosswalk_exact,6420,resolved_unique,Bauernfeind_etal_2013_Table1,Bauernfeind et al. 2013 (J Hum Evol 64:263-279),Bauernfeind_etal_2013_Table1,1,Bauernfeind et al 2013,,,NA,direct_same_structure_unique,,,181,2019
Alouatta_caraya,Alouatta caraya,Body_weight,Body_Mass.g,crosswalk_exact,6420,resolved_unique,Bauernfeind_etal_2013_Table1,Bauernfeind et al. 2013 (J Hum Evol 64:263-279),Bauernfeind_etal_2013_Table1,1,Stephan et al 1981; Zilles and Rehkamper 1988; Bauernfeind et al 2013,,,NA,direct_same_structure_unique,,,181,2019
Alouatta_caraya,Alouatta caraya,Brain_mass,Brain_Mass.mg,crosswalk_exact,55800,resolved_unique,Bauernfeind_etal_2013_Table1,Bauernfeind et al. 2013 (J Hum Evol 64:263-279),Bauernfeind_etal_2013_Table1,1,Bauernfeind et al 2013,1000,,NA,direct_same_structure_unique,,,181,2019
Alouatta_caraya,Alouatta caraya,Brain_volume,NA,no_defensible_volume_key,53861,metadata_only,NA,NA,,0,Bauernfeind et al 2013,,,NA,metadata_only_no_volume_crosswalk,,,0,2019
Alouatta_caraya,Alouatta caraya,Brain_weight,Brain_Mass.mg,crosswalk_exact,55800,resolved_unique,Bauernfeind_etal_2013_Table1,Bauernfeind et al. 2013 (J Hum Evol 64:263-279),Bauernfeind_etal_2013_Table1,1,Stephan et al 1981; Zilles and Rehkamper 1988; Bauernfeind et al 2013,1000,,NA,direct_same_structure_unique,,,181,2019
Alouatta_caraya,Alouatta caraya,Dysgranular_volume_L,Dysgranular_insular_cortex_left_Vol.mm3,crosswalk_exact,141,resolved_unique,Bauernfeind_etal_2013_Table1,Bauernfeind et al. 2013 (J Hum Evol 64:263-279),Bauernfeind_etal_2013_Table1,1,Bauernfeind et al 2013,,,NA,direct_same_structure_unique,,,181,2019
Alouatta_caraya,Alouatta caraya,Granular_volume_L,Granular_insular_cortex_left_Vol.mm3,crosswalk_exact,89,resolved_unique,Bauernfeind_etal_2013_Table1,Bauernfeind et al. 2013 (J Hum Evol 64:263-279),Bauernfeind_etal_2013_Table1,1,Bauernfeind et al 2013,,,NA,direct_same_structure_unique,,,181,2019
Alouatta_caraya,Alouatta caraya,Total_insula_volume_L,Insula_left_Vol.mm3,crosswalk_exact,272,resolved_unique,Bauernfeind_etal_2013_Table1,Bauernfeind et al. 2013 (J Hum Evol 64:263-279),Bauernfeind_etal_2013_Table1,1,Bauernfeind et al 2013,,,NA,direct_same_structure_unique,,,181,2019
Alouatta_seniculus,Alouatta seniculus,ASG_Sousa,Area_striata_grey_matter_Vol.mm3,crosswalk_exact,1918,resolved_fallback_metadata,deSousa_etal_2010_SupTable2,de Sousa et al. 2010 (J Hum Evol 58:281-292),Frahm_etal_1984_Table1; deSousa_etal_2010_SupTable2; Smaers_etal_2017_TableS1part1; Frahm_etal_1998_Table1,1,de Sousa et al 2010,,,Evo-M1 value matches Frahm_etal_1984_Table1 (not the metadata source); attributed to metadata source; see source_hunt,metadata_tables_near_perfect,deSousa_etal_2010_SupTable2; Smaers_etal_2017_TableS1part1; Frahm_etal_1998_Table1; Frahm_etal_1984_Table1; deSousa_etal_2010 [restricted: Visual_volumes.xlsx]; deSousa_etal_2010 [restricted: deSousa_2010.csv]; Stephan_etal_1981 [restricted: Stephan_1981.csv],deSousa_etal_2010_SupTable2 = 1900 (Area_striata_grey_matter_Vol.mm3; 0.94%; scale 1; 0 prior contributions),0,2019
Alouatta_seniculus,Alouatta seniculus,Amygdala,Amygdala_Vol.mm3,crosswalk_exact,413,resolved_unique,Stephan_etal_1981_TableXI,"Stephan, Frahm & Baron 1981 (Folia Primatol 35:1-29)",Stephan_etal_1981_TableXI,1,Stephan et al 1981; Zilles and Rehkamper 1988,,,NA,direct_same_structure_unique,,,100,2019
Alouatta_seniculus,Alouatta seniculus,Body_weight,Body_Mass.g,crosswalk_exact,6400,resolved_multiple,Stephan_etal_1981_TableIII,"Stephan, Frahm & Baron 1981 (Folia Primatol 35:1-29)",Matano__1986_TableI; Matano_etal_1985_a_Table1; Matano_etal_1985_b_Table1; Stephan_etal_1981_TableIII; Stephan_etal_1988_TABLE1,5,Stephan et al 1981; Zilles and Rehkamper 1988; Bauernfeind et al 2013,,,NA,direct_same_structure_multiple,,,243,2019
Alouatta_seniculus,Alouatta seniculus,Body_weight_1985a,Body_Mass.g,crosswalk_exact,6400,resolved_multiple,Matano_etal_1985_a_Table1,Matano et al. 1985 (Folia Primatol 44:182-203),Matano__1986_TableI; Matano_etal_1985_a_Table1; Matano_etal_1985_b_Table1; Stephan_etal_1981_TableIII; Stephan_etal_1988_TABLE1,5,NA,,,NA,direct_same_structure_multiple,,,220,2019
Alouatta_seniculus,Alouatta seniculus,Brain_weight,Brain_Mass.mg,crosswalk_exact,52000,resolved_multiple,Stephan_etal_1981_TableIII,"Stephan, Frahm & Baron 1981 (Folia Primatol 35:1-29)",Stephan_etal_1981_TableIII; Stephan_etal_1988_TABLE1,2,Stephan et al 1981; Zilles and Rehkamper 1988; Bauernfeind et al 2013,,,NA,direct_same_structure_multiple,,,243,2019
Alouatta_seniculus,Alouatta seniculus,Brainvol,NA,no_defensible_volume_key,50193.05,metadata_only,NA,NA,,0,de Sousa et al 2010; Stephan et al 1981,,,NA,metadata_only_no_volume_crosswalk,,,0,2019
Alouatta_seniculus,Alouatta seniculus,Bulbus_olfactorius,Bulbus_olfactorius_Vol.mm3,crosswalk_exact,41.4,resolved_unique,Stephan_etal_1981_TableVI,"Stephan, Frahm & Baron 1981 (Folia Primatol 35:1-29)",Stephan_etal_1981_TableVI,1,Stephan et al 1981,,,NA,direct_same_structure_unique,,,215,2019
Alouatta_seniculus,Alouatta seniculus,Bulbus_olfactorius_accessorius,Bulbus_olfactorius_accessorius_Vol.mm3,crosswalk_exact,0.6,resolved_unique,Stephan_etal_1981_TableVI,"Stephan, Frahm & Baron 1981 (Folia Primatol 35:1-29)",Stephan_etal_1981_TableVI,1,Stephan et al 1981,,,NA,direct_same_structure_unique,,,215,2019
Alouatta_seniculus,Alouatta seniculus,Cerebellar_nuclei_total,Cerebellar_nuclei_total_Vol.mm3,crosswalk_exact,113.79,resolved_unique,Matano_etal_1985_a_Table1,Matano et al. 1985 (Folia Primatol 44:182-203),Matano_etal_1985_a_Table1,1,NA,,,NA,direct_same_structure_unique,,,220,2019
Alouatta_seniculus,Alouatta seniculus,Cerebellum,Cerebellum_Vol.mm3,crosswalk_exact,5699,resolved_unique,Stephan_etal_1981_TableIII,"Stephan, Frahm & Baron 1981 (Folia Primatol 35:1-29)",Stephan_etal_1981_TableIII,1,Stephan et al 1981; Zilles and Rehkamper 1988,,,NA,direct_same_structure_unique,,,243,2019
Alouatta_seniculus,Alouatta seniculus,Complexus_centromedialis,Complexus_centromedialis_Vol.mm3,crosswalk_exact,94.9,resolved_unique,Stephan_etal_1981_TableXI,"Stephan, Frahm & Baron 1981 (Folia Primatol 35:1-29)",Stephan_etal_1981_TableXI,1,Stephan et al 1981,,,NA,direct_same_structure_unique,,,100,2019
Alouatta_seniculus,Alouatta seniculus,Complexus_cortico_basolateralis,Complexus_corticobasolateralis_Vol.mm3,crosswalk_exact,318,resolved_unique,Stephan_etal_1981_TableXI,"Stephan, Frahm & Baron 1981 (Folia Primatol 35:1-29)",Stephan_etal_1981_TableXI,1,Stephan et al 1981,,,NA,direct_same_structure_unique,,,100,2019
Alouatta_seniculus,Alouatta seniculus,Corpus.pineale,Corpus_pineal_Vol.mm3,crosswalk_exact,0.25,resolved_unique,Stephan_etal_1981_TableXVI,"Stephan, Frahm & Baron 1981 (Folia Primatol 35:1-29)",Stephan_etal_1981_TableXVI,1,Stephan et al 1981,,,NA,direct_same_structure_unique,,,103,2019
Alouatta_seniculus,Alouatta seniculus,Corpus.subcommissurale,Corpus_subcommissurale_Vol.mm3,crosswalk_exact,0.4,resolved_unique,Stephan_etal_1981_TableXVI,"Stephan, Frahm & Baron 1981 (Folia Primatol 35:1-29)",Stephan_etal_1981_TableXVI,1,Stephan et al 1981,,,NA,direct_same_structure_unique,,,103,2019
Alouatta_seniculus,Alouatta seniculus,Corpus.subfornicale,Corpus_subfornicale_Vol.mm3,crosswalk_exact,0.37,resolved_unique,Stephan_etal_1981_TableXVI,"Stephan, Frahm & Baron 1981 (Folia Primatol 35:1-29)",Stephan_etal_1981_TableXVI,1,Stephan et al 1981,,,NA,direct_same_structure_unique,,,103,2019
Alouatta_seniculus,Alouatta seniculus,Diencephalon,Diencephalon_Vol.mm3,crosswalk_exact,3344,resolved_unique,Stephan_etal_1981_TableIII,"Stephan, Frahm & Baron 1981 (Folia Primatol 35:1-29)",Stephan_etal_1981_TableIII,1,Stephan et al 1981; Zilles and Rehkamper 1988,,,NA,direct_same_structure_unique,,,243,2019
Alouatta_seniculus,Alouatta seniculus,Frontal.motor,FrontalMotor_white_matter_Vol.mm3,crosswalk_exact,0.87,resolved_fallback_metadata,Smaers_etal_2017_TableS1part1,"Smaers et al. 2017 (Curr Biol 27:714-720, Table S1)",Smaers_etal_2017_TableS1part1,0,Smaers et al 2017,,,NA,metadata_tables_near_perfect,Smaers_etal_2017_TableS1part1,Smaers_etal_2017_TableS1part1 = 866 (FrontalMotor_white_matter_Vol.mm3; 0.46%; scale 0.001; 0 prior contributions),0,2019
Alouatta_seniculus,Alouatta seniculus,Frontal.motor.Gray,FrontalMotor_grey_matter_Vol.mm3,crosswalk_exact,1.08,resolved_fallback_metadata,Smaers_etal_2017_TableS1part1,"Smaers et al. 2017 (Curr Biol 27:714-720, Table S1)",Smaers_etal_2017_TableS1part1,0,Smaers et al 2017,,,NA,metadata_tables_near_perfect,Smaers_etal_2017_TableS1part1; Smaers_etal_2017 [restricted: Smaers.csv],Smaers_etal_2017_TableS1part1 = 1077 (FrontalMotor_grey_matter_Vol.mm3; 0.28%; scale 0.001; 0 prior contributions),0,2019
Alouatta_seniculus,Alouatta seniculus,Hippocampus,Hippocampus_Vol.mm3,crosswalk_exact,1320,resolved_unique,Stephan_etal_1981_TableVI,"Stephan, Frahm & Baron 1981 (Folia Primatol 35:1-29)",Stephan_etal_1981_TableVI,1,Stephan et al 1981; Zilles and Rehkamper 1988,,,NA,direct_same_structure_unique,,,215,2019
Alouatta_seniculus,Alouatta seniculus,Interpositus_cerebellar_nuclei,Interpositus_cerebellar_nuclei_Vol.mm3,crosswalk_exact,26.57,resolved_unique,Matano_etal_1985_a_Table1,Matano et al. 1985 (Folia Primatol 44:182-203),Matano_etal_1985_a_Table1,1,NA,,,NA,direct_same_structure_unique,,,220,2019
Alouatta_seniculus,Alouatta seniculus,LGN_Sousa,Corpus_geniculatum_laterale_Vol.mm3,crosswalk_exact,87.4,resolved_fallback_metadata,deSousa_etal_2010_SupTable2,de Sousa et al. 2010 (J Hum Evol 58:281-292),Stephan_etal_1984_Table1; deSousa_etal_2010_SupTable2; Frahm_etal_1998_Table1; Stephan_etal_1981_TableIX,2,de Sousa et al 2010; de Sousa et al 2013,,,Evo-M1 value matches Stephan_etal_1984_Table1 (not the metadata source); attributed to metadata source; see source_hunt,metadata_tables_near_perfect,deSousa_etal_2010_SupTable2; Frahm_etal_1998_Table1; Stephan_etal_1984_Table1; Stephan_etal_1981_TableIX; deSousa_etal_2010 [restricted: Visual_volumes.xlsx]; deSousa_etal_2010 [restricted: deSousa_2010.csv],deSousa_etal_2010_SupTable2 = 87 (Corpus_geniculatum_laterale_Vol.mm3; 0.46%; scale 1; 0 prior contributions),0,2019
Alouatta_seniculus,Alouatta seniculus,Lateral_cerebellar_nuclei,Lateral_cerebellar_nuclei_Vol.mm3,crosswalk_exact,59.75,resolved_unique,Matano_etal_1985_a_Table1,Matano et al. 1985 (Folia Primatol 44:182-203),Matano_etal_1985_a_Table1,1,NA,,,NA,direct_same_structure_unique,,,220,2019
Alouatta_seniculus,Alouatta seniculus,Lobus_piriformis,Lobus_piriformis_Vol.mm3,crosswalk_exact,827,resolved_unique,Stephan_etal_1981_TableVI,"Stephan, Frahm & Baron 1981 (Folia Primatol 35:1-29)",Stephan_etal_1981_TableVI,1,Stephan et al 1981; Zilles and Rehkamper 1988,,,NA,direct_same_structure_unique,,,215,2019
Alouatta_seniculus,Alouatta seniculus,Medial_cerebellar_nuclei,Medial_cerebellar_nuclei_Vol.mm3,crosswalk_exact,27.47,resolved_unique,Matano_etal_1985_a_Table1,Matano et al. 1985 (Folia Primatol 44:182-203),Matano_etal_1985_a_Table1,1,NA,,,NA,direct_same_structure_unique,,,220,2019
Alouatta_seniculus,Alouatta seniculus,Medulla_oblongata,Medulla_oblongata_Vol.mm3,crosswalk_exact,1593,resolved_unique,Stephan_etal_1981_TableIII,"Stephan, Frahm & Baron 1981 (Folia Primatol 35:1-29)",Stephan_etal_1981_TableIII,1,Stephan et al 1981; Zilles and Rehkamper 1988,,,NA,direct_same_structure_unique,,,243,2019
Alouatta_seniculus,Alouatta seniculus,Meninges_hypophysis_nerves_etc,NA,no_defensible_volume_key,568,metadata_only,NA,NA,,0,Stephan et al 1981,,,NA,metadata_only_no_volume_crosswalk,,,0,2019
Alouatta_seniculus,Alouatta seniculus,Mesencephalon,Mesencephalon_Vol.mm3,crosswalk_exact,986,resolved_unique,Stephan_etal_1981_TableIII,"Stephan, Frahm & Baron 1981 (Folia Primatol 35:1-29)",Stephan_etal_1981_TableIII,1,Stephan et al 1981; Zilles and Rehkamper 1988,,,NA,direct_same_structure_unique,,,243,2019
Alouatta_seniculus,Alouatta seniculus,NeoG_Frahm,Neocortex_grey_matter_Vol.mm3,crosswalk_exact,21791,resolved_unique,Frahm_etal_1982_Table2,"Frahm, Stephan & Stephan 1982 (J Hirnforsch 23:375-389)",Frahm_etal_1982_Table2,1,Frahm et al 1992; Zilles and Rehkamper 1988,,,NA,direct_same_structure_unique,,,46,2019
Alouatta_seniculus,Alouatta seniculus,NeoWG,Neocortex_Vol.mm3,crosswalk_exact,31660,resolved_multiple,Stephan_etal_1981_TableVI,"Stephan, Frahm & Baron 1981 (Folia Primatol 35:1-29)",Frahm_etal_1982_Table2; Stephan_etal_1981_TableVI,2,Stephan et al 1981; Zilles and Rehkamper 1988,,,NA,direct_same_structure_multiple,,,215,2019
Alouatta_seniculus,Alouatta seniculus,NeoW_Frahm,Neocortex_white_matter_Vol.mm3,crosswalk_exact,9869,resolved_unique,Frahm_etal_1982_Table2,"Frahm, Stephan & Stephan 1982 (J Hirnforsch 23:375-389)",Frahm_etal_1982_Table2,1,Frahm et al 1992; Zilles and Rehkamper 1988,,,NA,direct_same_structure_unique,,,46,2019
Alouatta_seniculus,Alouatta seniculus,Nucleus.habenularis.medialis,Nucleus_habenularis_medialis_Vol.mm3,crosswalk_exact,3.3,resolved_unique,Stephan_etal_1981_TableXVI,"Stephan, Frahm & Baron 1981 (Folia Primatol 35:1-29)",Stephan_etal_1981_TableXVI,1,Stephan et al 1981,,,NA,direct_same_structure_unique,,,103,2019
Alouatta_seniculus,Alouatta seniculus,Nucleus.septalis.triangularis,Nucleus_septalis_triangularis_Vol.mm3,crosswalk_exact,1.72,resolved_unique,Stephan_etal_1981_TableXVI,"Stephan, Frahm & Baron 1981 (Folia Primatol 35:1-29)",Stephan_etal_1981_TableXVI,1,Stephan et al 1981,,,NA,direct_same_structure_unique,,,103,2019
Alouatta_seniculus,Alouatta seniculus,Nucleus_amygdalae_basalis_parsmagnocellularis,Nucleus_amygdalae_basalis_pars_magnocellularis_Vol.mm3,crosswalk_exact,30.7,resolved_unique,Stephan_etal_1981_TableXI,"Stephan, Frahm & Baron 1981 (Folia Primatol 35:1-29)",Stephan_etal_1981_TableXI,1,Stephan et al 1981,,,NA,direct_same_structure_unique,,,100,2019
Alouatta_seniculus,Alouatta seniculus,Nucleus_tractus_olfactorius,Nucleus_tractus_olfactorius_Vol.mm3,crosswalk_exact,0,resolved_unique,Stephan_etal_1981_TableXI,"Stephan, Frahm & Baron 1981 (Folia Primatol 35:1-29)",Stephan_etal_1981_TableXI,1,Stephan et al 1981,,,NA,direct_same_structure_unique,,,100,2019
Alouatta_seniculus,Alouatta seniculus,Other.cortical.association.areas.Gray,AssociationCortex_grey_matter_Vol.mm3,crosswalk_exact,12.39,resolved_fallback_metadata,Smaers_etal_2017_TableS1part1,"Smaers et al. 2017 (Curr Biol 27:714-720, Table S1)",Smaers_etal_2017_TableS1part1,0,Smaers et al 2017,,,NA,metadata_tables_near_perfect,Smaers_etal_2017_TableS1part1; Smaers_etal_2017 [restricted: Smaers.csv],Smaers_etal_2017_TableS1part1 = 12394 (AssociationCortex_grey_matter_Vol.mm3; 0.03%; scale 0.001; 0 prior contributions),0,2019
Alouatta_seniculus,Alouatta seniculus,Other.cortical.association.areas.White,AssociationCortex_white_matter_Vol.mm3,crosswalk_exact,4.21,resolved_fallback_metadata,Smaers_etal_2017_TableS1part1,"Smaers et al. 2017 (Curr Biol 27:714-720, Table S1)",Smaers_etal_2017_TableS1part1,0,Smaers et al 2017,,,NA,metadata_tables_near_perfect,Smaers_etal_2017_TableS1part1; Smaers_etal_2017 [restricted: Smaers.csv],Smaers_etal_2017_TableS1part1 = 4212 (AssociationCortex_white_matter_Vol.mm3; 0.05%; scale 0.001; 0 prior contributions),0,2019
Alouatta_seniculus,Alouatta seniculus,Palaeocortex,Palaeocortex_Vol.mm3,crosswalk_exact,488,resolved_unique,Stephan_etal_1981_TableXI,"Stephan, Frahm & Baron 1981 (Folia Primatol 35:1-29)",Stephan_etal_1981_TableXI,1,Stephan et al 1981; Zilles and Rehkamper 1988,,,NA,direct_same_structure_unique,,,100,2019
Alouatta_seniculus,Alouatta seniculus,Prefrontal.Gray,PrefrontalCortex_grey_matter_Vol.mm3,crosswalk_exact,1.02,resolved_fallback_metadata,Smaers_etal_2017_TableS1part1,"Smaers et al. 2017 (Curr Biol 27:714-720, Table S1)",Smaers_etal_2017_TableS1part1; Smaers_etal_2011_SupplementaryTable2,0,Smaers et al 2017,,,NA,metadata_tables_near_perfect,Smaers_etal_2017_TableS1part1; Smaers_etal_2011_SupplementaryTable2; Smaers_etal_2017 [restricted: Smaers.csv],Smaers_etal_2017_TableS1part1 = 1015 (PrefrontalCortex_grey_matter_Vol.mm3; 0.49%; scale 0.001; 0 prior contributions),0,2019
Alouatta_seniculus,Alouatta seniculus,Prefrontal.White,PrefrontalCortex_white_matter_Vol.mm3,crosswalk_exact,0.18,resolved_fallback_metadata,Smaers_etal_2017_TableS1part1,"Smaers et al. 2017 (Curr Biol 27:714-720, Table S1)",Smaers_etal_2017_TableS1part1,0,Smaers et al 2017,,,NA,metadata_tables_near_perfect,Smaers_etal_2017_TableS1part1; Smaers_etal_2017 [restricted: Smaers.csv],Smaers_etal_2017_TableS1part1 = 177 (PrefrontalCortex_white_matter_Vol.mm3; 1.67%; scale 0.001; 0 prior contributions),0,2019
Alouatta_seniculus,Alouatta seniculus,Primary.visual.White.Smaers,Area_striata_white_matter_Vol.mm3,crosswalk_exact,0.54,resolved_fallback_metadata,Smaers_etal_2017_TableS1part1,"Smaers et al. 2017 (Curr Biol 27:714-720, Table S1)",Frahm_etal_1984_Table1; Smaers_etal_2017_TableS1part1,1,Smaers et al 2017,,,Evo-M1 value matches Frahm_etal_1984_Table1 (not the metadata source); attributed to metadata source; see source_hunt,metadata_tables_near_perfect,Smaers_etal_2017_TableS1part1; Frahm_etal_1984_Table1; Smaers_etal_2017 [restricted: Smaers.csv],Smaers_etal_2017_TableS1part1 = 543 (Area_striata_white_matter_Vol.mm3; 0.55%; scale 0.001; 0 prior contributions),0,2019
Alouatta_seniculus,Alouatta seniculus,Schizocortex,Schizo_cortex_Vol.mm3,crosswalk_exact,510,resolved_unique,Stephan_etal_1981_TableVI,"Stephan, Frahm & Baron 1981 (Folia Primatol 35:1-29)",Stephan_etal_1981_TableVI,1,Stephan et al 1981,,,NA,direct_same_structure_unique,,,215,2019
Alouatta_seniculus,Alouatta seniculus,Septum,Septum_Vol.mm3,crosswalk_exact,200,resolved_unique,Stephan_etal_1981_TableVI,"Stephan, Frahm & Baron 1981 (Folia Primatol 35:1-29)",Stephan_etal_1981_TableVI,1,Stephan et al 1981; Zilles and Rehkamper 1988,,,NA,direct_same_structure_unique,,,215,2019
Alouatta_seniculus,Alouatta seniculus,Striatum,Striatum_Vol.mm3,crosswalk_exact,2829,resolved_unique,Stephan_etal_1981_TableVI,"Stephan, Frahm & Baron 1981 (Folia Primatol 35:1-29)",Stephan_etal_1981_TableVI,1,Stephan et al 1981; Zilles and Rehkamper 1988,,,NA,direct_same_structure_unique,,,215,2019
Alouatta_seniculus,Alouatta seniculus,Telencephalon,Telencephalon_Vol.mm3,crosswalk_exact,37388,resolved_unique,Stephan_etal_1981_TableIII,"Stephan, Frahm & Baron 1981 (Folia Primatol 35:1-29)",Stephan_etal_1981_TableIII,1,Stephan et al 1981; Zilles and Rehkamper 1988,,,NA,direct_same_structure_unique,,,243,2019
Alouatta_seniculus,Alouatta seniculus,Total_brain_net_volume,Total_brain_net_volume_Vol.mm3,crosswalk_exact,49009,resolved_unique,Stephan_etal_1981_TableIII,"Stephan, Frahm & Baron 1981 (Folia Primatol 35:1-29)",Stephan_etal_1981_TableIII,1,Stephan et al 1981,,,NA,direct_same_structure_unique,,,243,2019
Alouatta_seniculus,Alouatta seniculus,Ventricles,Ventricles_Vol.mm3,crosswalk_exact,616,resolved_unique,Stephan_etal_1981_TableIII,"Stephan, Frahm & Baron 1981 (Folia Primatol 35:1-29)",Stephan_etal_1981_TableIII,1,Stephan et al 1981,,,NA,direct_same_structure_unique,,,243,2019
Aotus_trivirgatus,Aotus trivirgatus,ASG_Sousa,Area_striata_grey_matter_Vol.mm3,crosswalk_exact,996,resolved_fallback_metadata,deSousa_etal_2010_SupTable2,de Sousa et al. 2010 (J Hum Evol 58:281-292),Frahm_etal_1984_Table1; deSousa_etal_2010_SupTable2; Frahm_etal_1998_Table1,1,de Sousa et al 2010,,,Evo-M1 value matches Frahm_etal_1984_Table1 (not the metadata source); attributed to metadata source; see source_hunt,metadata_tables_near_perfect,deSousa_etal_2010_SupTable2; Frahm_etal_1998_Table1; Frahm_etal_1984_Table1; deSousa_etal_2010 [restricted: Visual_volumes.xlsx]; deSousa_etal_2010 [restricted: deSousa_2010.csv]; Stephan_etal_1981 [restricted: Stephan_1981.csv],deSousa_etal_2010_SupTable2 = 1000 (Area_striata_grey_matter_Vol.mm3; 0.40%; scale 1; 0 prior contributions),0,2019
Aotus_trivirgatus,Aotus trivirgatus,Amygdala,Amygdala_Vol.mm3,crosswalk_exact,201,resolved_unique,Stephan_etal_1981_TableXI,"Stephan, Frahm & Baron 1981 (Folia Primatol 35:1-29)",Stephan_etal_1981_TableXI,1,Stephan et al 1981; Zilles and Rehkamper 1988,,,NA,direct_same_structure_unique,,,100,2019
Aotus_trivirgatus,Aotus trivirgatus,Body_weight,Body_Mass.g,crosswalk_exact,830,resolved_multiple,Stephan_etal_1981_TableIII,"Stephan, Frahm & Baron 1981 (Folia Primatol 35:1-29)",Matano__1986_TableI; Matano_etal_1985_a_Table1; Matano_etal_1985_b_Table1; Stephan_etal_1981_TableIII; Stephan_etal_1988_TABLE1,5,Stephan et al 1981; Zilles and Rehkamper 1988; Bauernfeind et al 2013,,,NA,direct_same_structure_multiple,,,243,2019
Aotus_trivirgatus,Aotus trivirgatus,Body_weight_1985a,Body_Mass.g,crosswalk_exact,830,resolved_multiple,Matano_etal_1985_a_Table1,Matano et al. 1985 (Folia Primatol 44:182-203),Matano__1986_TableI; Matano_etal_1985_a_Table1; Matano_etal_1985_b_Table1; Stephan_etal_1981_TableIII; Stephan_etal_1988_TABLE1,5,NA,,,NA,direct_same_structure_multiple,,,220,2019
Aotus_trivirgatus,Aotus trivirgatus,Brain_weight,Brain_Mass.mg,crosswalk_exact,17100,resolved_multiple,Stephan_etal_1981_TableIII,"Stephan, Frahm & Baron 1981 (Folia Primatol 35:1-29)",Stephan_etal_1981_TableIII; Stephan_etal_1988_TABLE1,2,Stephan et al 1981; Zilles and Rehkamper 1988; Bauernfeind et al 2013,,,NA,direct_same_structure_multiple,,,243,2019
Aotus_trivirgatus,Aotus trivirgatus,Brainvol,NA,no_defensible_volume_key,16505.79,metadata_only,NA,NA,,0,de Sousa et al 2010; Stephan et al 1981,,,NA,metadata_only_no_volume_crosswalk,,,0,2019
Aotus_trivirgatus,Aotus trivirgatus,Bulbus_olfactorius,Bulbus_olfactorius_Vol.mm3,crosswalk_exact,56,resolved_unique,Stephan_etal_1981_TableVI,"Stephan, Frahm & Baron 1981 (Folia Primatol 35:1-29)",Stephan_etal_1981_TableVI,1,Stephan et al 1981,,,NA,direct_same_structure_unique,,,215,2019
Aotus_trivirgatus,Aotus trivirgatus,Bulbus_olfactorius_accessorius,Bulbus_olfactorius_accessorius_Vol.mm3,crosswalk_exact,0.22,resolved_unique,Stephan_etal_1981_TableVI,"Stephan, Frahm & Baron 1981 (Folia Primatol 35:1-29)",Stephan_etal_1981_TableVI,1,Stephan et al 1981,,,NA,direct_same_structure_unique,,,215,2019
Aotus_trivirgatus,Aotus trivirgatus,Cerebellar_nuclei_total,Cerebellar_nuclei_total_Vol.mm3,crosswalk_exact,41.45,resolved_unique,Matano_etal_1985_a_Table1,Matano et al. 1985 (Folia Primatol 44:182-203),Matano_etal_1985_a_Table1,1,NA,,,NA,direct_same_structure_unique,,,220,2019
Aotus_trivirgatus,Aotus trivirgatus,Cerebellum,Cerebellum_Vol.mm3,crosswalk_exact,1873,resolved_unique,Stephan_etal_1981_TableIII,"Stephan, Frahm & Baron 1981 (Folia Primatol 35:1-29)",Stephan_etal_1981_TableIII,1,Stephan et al 1981; Zilles and Rehkamper 1988,,,NA,direct_same_structure_unique,,,243,2019
Aotus_trivirgatus,Aotus trivirgatus,Complexus_centromedialis,Complexus_centromedialis_Vol.mm3,crosswalk_exact,54.5,resolved_unique,Stephan_etal_1981_TableXI,"Stephan, Frahm & Baron 1981 (Folia Primatol 35:1-29)",Stephan_etal_1981_TableXI,1,Stephan et al 1981,,,NA,direct_same_structure_unique,,,100,2019
Aotus_trivirgatus,Aotus trivirgatus,Complexus_cortico_basolateralis,Complexus_corticobasolateralis_Vol.mm3,crosswalk_exact,147,resolved_unique,Stephan_etal_1981_TableXI,"Stephan, Frahm & Baron 1981 (Folia Primatol 35:1-29)",Stephan_etal_1981_TableXI,1,Stephan et al 1981,,,NA,direct_same_structure_unique,,,100,2019
Aotus_trivirgatus,Aotus trivirgatus,Corpus.pineale,Corpus_pineal_Vol.mm3,crosswalk_exact,1.55,resolved_unique,Stephan_etal_1981_TableXVI,"Stephan, Frahm & Baron 1981 (Folia Primatol 35:1-29)",Stephan_etal_1981_TableXVI,1,Stephan et al 1981,,,NA,direct_same_structure_unique,,,103,2019
Aotus_trivirgatus,Aotus trivirgatus,Corpus.subcommissurale,Corpus_subcommissurale_Vol.mm3,crosswalk_exact,0.14,resolved_unique,Stephan_etal_1981_TableXVI,"Stephan, Frahm & Baron 1981 (Folia Primatol 35:1-29)",Stephan_etal_1981_TableXVI,1,Stephan et al 1981,,,NA,direct_same_structure_unique,,,103,2019
Aotus_trivirgatus,Aotus trivirgatus,Corpus.subfornicale,Corpus_subfornicale_Vol.mm3,crosswalk_exact,0.16,resolved_unique,Stephan_etal_1981_TableXVI,"Stephan, Frahm & Baron 1981 (Folia Primatol 35:1-29)",Stephan_etal_1981_TableXVI,1,Stephan et al 1981,,,NA,direct_same_structure_unique,,,103,2019
Aotus_trivirgatus,Aotus trivirgatus,Diencephalon,Diencephalon_Vol.mm3,crosswalk_exact,1098,resolved_unique,Stephan_etal_1981_TableIII,"Stephan, Frahm & Baron 1981 (Folia Primatol 35:1-29)",Stephan_etal_1981_TableIII,1,Stephan et al 1981; Zilles and Rehkamper 1988,,,NA,direct_same_structure_unique,,,243,2019
Aotus_trivirgatus,Aotus trivirgatus,Hippocampus,Hippocampus_Vol.mm3,crosswalk_exact,539,resolved_unique,Stephan_etal_1981_TableVI,"Stephan, Frahm & Baron 1981 (Folia Primatol 35:1-29)",Stephan_etal_1981_TableVI,1,Stephan et al 1981; Zilles and Rehkamper 1988,,,NA,direct_same_structure_unique,,,215,2019
Aotus_trivirgatus,Aotus trivirgatus,Interpositus_cerebellar_nuclei,Interpositus_cerebellar_nuclei_Vol.mm3,crosswalk_exact,11.42,resolved_unique,Matano_etal_1985_a_Table1,Matano et al. 1985 (Folia Primatol 44:182-203),Matano_etal_1985_a_Table1,1,NA,,,NA,direct_same_structure_unique,,,220,2019
Aotus_trivirgatus,Aotus trivirgatus,LGN_Sousa,Corpus_geniculatum_laterale_Vol.mm3,crosswalk_exact,32.9,resolved_fallback_metadata,deSousa_etal_2010_SupTable2,de Sousa et al. 2010 (J Hum Evol 58:281-292),Stephan_etal_1984_Table1; deSousa_etal_2010_SupTable2; Frahm_etal_1998_Table1,2,de Sousa et al 2010; de Sousa et al 2013,,,Evo-M1 value matches Stephan_etal_1984_Table1 (not the metadata source); attributed to metadata source; see source_hunt,metadata_tables_near_perfect,deSousa_etal_2010_SupTable2; Frahm_etal_1998_Table1; Stephan_etal_1984_Table1; deSousa_etal_2010 [restricted: Visual_volumes.xlsx]; deSousa_etal_2010 [restricted: deSousa_2010.csv],deSousa_etal_2010_SupTable2 = 33 (Corpus_geniculatum_laterale_Vol.mm3; 0.30%; scale 1; 0 prior contributions),0,2019
Aotus_trivirgatus,Aotus trivirgatus,Lateral_cerebellar_nuclei,Lateral_cerebellar_nuclei_Vol.mm3,crosswalk_exact,17.02,resolved_unique,Matano_etal_1985_a_Table1,Matano et al. 1985 (Folia Primatol 44:182-203),Matano_etal_1985_a_Table1,1,NA,,,NA,direct_same_structure_unique,,,220,2019
Aotus_trivirgatus,Aotus trivirgatus,Lobus_piriformis,Lobus_piriformis_Vol.mm3,crosswalk_exact,394,resolved_unique,Stephan_etal_1981_TableVI,"Stephan, Frahm & Baron 1981 (Folia Primatol 35:1-29)",Stephan_etal_1981_TableVI,1,Stephan et al 1981; Zilles and Rehkamper 1988,,,NA,direct_same_structure_unique,,,215,2019
Aotus_trivirgatus,Aotus trivirgatus,Medial_cerebellar_nuclei,Medial_cerebellar_nuclei_Vol.mm3,crosswalk_exact,13.01,resolved_unique,Matano_etal_1985_a_Table1,Matano et al. 1985 (Folia Primatol 44:182-203),Matano_etal_1985_a_Table1,1,NA,,,NA,direct_same_structure_unique,,,220,2019
Aotus_trivirgatus,Aotus trivirgatus,Medulla_oblongata,Medulla_oblongata_Vol.mm3,crosswalk_exact,686,resolved_unique,Stephan_etal_1981_TableIII,"Stephan, Frahm & Baron 1981 (Folia Primatol 35:1-29)",Stephan_etal_1981_TableIII,1,Stephan et al 1981; Zilles and Rehkamper 1988,,,NA,direct_same_structure_unique,,,243,2019
Aotus_trivirgatus,Aotus trivirgatus,Meninges_hypophysis_nerves_etc,NA,no_defensible_volume_key,206,metadata_only,NA,NA,,0,Stephan et al 1981,,,NA,metadata_only_no_volume_crosswalk,,,0,2019
Aotus_trivirgatus,Aotus trivirgatus,Mesencephalon,Mesencephalon_Vol.mm3,crosswalk_exact,409,resolved_unique,Stephan_etal_1981_TableIII,"Stephan, Frahm & Baron 1981 (Folia Primatol 35:1-29)",Stephan_etal_1981_TableIII,1,Stephan et al 1981; Zilles and Rehkamper 1988,,,NA,direct_same_structure_unique,,,243,2019
Aotus_trivirgatus,Aotus trivirgatus,NeoG_Frahm,Neocortex_grey_matter_Vol.mm3,crosswalk_exact,7776,resolved_unique,Frahm_etal_1982_Table2,"Frahm, Stephan & Stephan 1982 (J Hirnforsch 23:375-389)",Frahm_etal_1982_Table2,1,Frahm et al 1992; Zilles and Rehkamper 1988,,,NA,direct_same_structure_unique,,,46,2019
Aotus_trivirgatus,Aotus trivirgatus,NeoWG,Neocortex_Vol.mm3,crosswalk_exact,9950,resolved_multiple,Stephan_etal_1981_TableVI,"Stephan, Frahm & Baron 1981 (Folia Primatol 35:1-29)",Frahm_etal_1982_Table2; Stephan_etal_1981_TableVI,2,Stephan et al 1981; Zilles and Rehkamper 1988,,,NA,direct_same_structure_multiple,,,215,2019
Aotus_trivirgatus,Aotus trivirgatus,NeoW_Frahm,Neocortex_white_matter_Vol.mm3,crosswalk_exact,2174,resolved_unique,Frahm_etal_1982_Table2,"Frahm, Stephan & Stephan 1982 (J Hirnforsch 23:375-389)",Frahm_etal_1982_Table2,1,Frahm et al 1992; Zilles and Rehkamper 1988,,,NA,direct_same_structure_unique,,,46,2019
Aotus_trivirgatus,Aotus trivirgatus,Nucleus.habenularis.medialis,Nucleus_habenularis_medialis_Vol.mm3,crosswalk_exact,3.21,resolved_unique,Stephan_etal_1981_TableXVI,"Stephan, Frahm & Baron 1981 (Folia Primatol 35:1-29)",Stephan_etal_1981_TableXVI,1,Stephan et al 1981,,,NA,direct_same_structure_unique,,,103,2019
Aotus_trivirgatus,Aotus trivirgatus,Nucleus.septalis.triangularis,Nucleus_septalis_triangularis_Vol.mm3,crosswalk_exact,0.96,resolved_unique,Stephan_etal_1981_TableXVI,"Stephan, Frahm & Baron 1981 (Folia Primatol 35:1-29)",Stephan_etal_1981_TableXVI,1,Stephan et al 1981,,,NA,direct_same_structure_unique,,,103,2019
Aotus_trivirgatus,Aotus trivirgatus,Nucleus_amygdalae_basalis_parsmagnocellularis,Nucleus_amygdalae_basalis_pars_magnocellularis_Vol.mm3,crosswalk_exact,15.7,resolved_unique,Stephan_etal_1981_TableXI,"Stephan, Frahm & Baron 1981 (Folia Primatol 35:1-29)",Stephan_etal_1981_TableXI,1,Stephan et al 1981,,,NA,direct_same_structure_unique,,,100,2019
Aotus_trivirgatus,Aotus trivirgatus,Nucleus_tractus_olfactorius,Nucleus_tractus_olfactorius_Vol.mm3,crosswalk_exact,0.2,resolved_unique,Stephan_etal_1981_TableXI,"Stephan, Frahm & Baron 1981 (Folia Primatol 35:1-29)",Stephan_etal_1981_TableXI,1,Stephan et al 1981,,,NA,direct_same_structure_unique,,,100,2019
Aotus_trivirgatus,Aotus trivirgatus,Palaeocortex,Palaeocortex_Vol.mm3,crosswalk_exact,203,resolved_unique,Stephan_etal_1981_TableXI,"Stephan, Frahm & Baron 1981 (Folia Primatol 35:1-29)",Stephan_etal_1981_TableXI,1,Stephan et al 1981; Zilles and Rehkamper 1988,,,NA,direct_same_structure_unique,,,100,2019
Aotus_trivirgatus,Aotus trivirgatus,Pons,Ventral_pons_Vol.mm3,Matano ventral pons,112.1,resolved_unique,Matano_etal_1985_b_Table1,Matano et al. 1985 (Folia Primatol 44:182-203),Matano_etal_1985_b_Table1,1,Matano et al 1985; Zilles and Rehkamper 1988,,,NA,direct_same_structure_unique,,,40,2019
Aotus_trivirgatus,Aotus trivirgatus,Schizocortex,Schizo_cortex_Vol.mm3,crosswalk_exact,243,resolved_unique,Stephan_etal_1981_TableVI,"Stephan, Frahm & Baron 1981 (Folia Primatol 35:1-29)",Stephan_etal_1981_TableVI,1,Stephan et al 1981,,,NA,direct_same_structure_unique,,,215,2019
Aotus_trivirgatus,Aotus trivirgatus,Septum,Septum_Vol.mm3,crosswalk_exact,83.8,resolved_unique,Stephan_etal_1981_TableVI,"Stephan, Frahm & Baron 1981 (Folia Primatol 35:1-29)",Stephan_etal_1981_TableVI,1,Stephan et al 1981; Zilles and Rehkamper 1988,,,NA,direct_same_structure_unique,,,215,2019
Aotus_trivirgatus,Aotus trivirgatus,Striatum,Striatum_Vol.mm3,crosswalk_exact,862,resolved_unique,Stephan_etal_1981_TableVI,"Stephan, Frahm & Baron 1981 (Folia Primatol 35:1-29)",Stephan_etal_1981_TableVI,1,Stephan et al 1981; Zilles and Rehkamper 1988,,,NA,direct_same_structure_unique,,,215,2019
Aotus_trivirgatus,Aotus trivirgatus,Telencephalon,Telencephalon_Vol.mm3,crosswalk_exact,12128,resolved_unique,Stephan_etal_1981_TableIII,"Stephan, Frahm & Baron 1981 (Folia Primatol 35:1-29)",Stephan_etal_1981_TableIII,1,Stephan et al 1981; Zilles and Rehkamper 1988,,,NA,direct_same_structure_unique,,,243,2019
Aotus_trivirgatus,Aotus trivirgatus,Total_brain_net_volume,Total_brain_net_volume_Vol.mm3,crosswalk_exact,16195,resolved_unique,Stephan_etal_1981_TableIII,"Stephan, Frahm & Baron 1981 (Folia Primatol 35:1-29)",Stephan_etal_1981_TableIII,1,Stephan et al 1981,,,NA,direct_same_structure_unique,,,243,2019
Aotus_trivirgatus,Aotus trivirgatus,Ventricles,Ventricles_Vol.mm3,crosswalk_exact,105,resolved_unique,Stephan_etal_1981_TableIII,"Stephan, Frahm & Baron 1981 (Folia Primatol 35:1-29)",Stephan_etal_1981_TableIII,1,Stephan et al 1981,,,NA,direct_same_structure_unique,,,243,2019
Ateles_geoffroyi,Ateles geoffroyi,ASG_Sousa,Area_striata_grey_matter_Vol.mm3,crosswalk_exact,3753,resolved_fallback_restricted,deSousa_etal_2010 [restricted: Visual_volumes.xlsx],de Sousa et al. 2010 (J Hum Evol 58:281-292),Frahm_etal_1984_Table1; deSousa_etal_2010_SupTable2; Smaers_etal_2017_TableS1part1; deSousa_etal_2010 [restricted: Visual_volumes.xlsx],1,de Sousa et al 2010,1000,,Evo-M1 value matches Frahm_etal_1984_Table1 (not the metadata source); attributed to metadata source; see source_hunt,restricted_documents_near_perfect,deSousa_etal_2010_SupTable2; Smaers_etal_2017_TableS1part1; Frahm_etal_1984_Table1; deSousa_etal_2010 [restricted: Visual_volumes.xlsx]; deSousa_etal_2010 [restricted: deSousa_2010.csv]; Stephan_etal_1981 [restricted: Stephan_1981.csv],deSousa_etal_2010 [restricted: Visual_volumes.xlsx] = 3.753 (0.00%; scale 1000; restricted_checks/deSousa_etal_2010/comparison/Visual_volumes.xlsx R28C5; 0 prior contributions),0,2019
Ateles_geoffroyi,Ateles geoffroyi,Agranular_volume_L,Agranular_insular_cortex_left_Vol.mm3,crosswalk_exact,135,resolved_unique,Bauernfeind_etal_2013_Table1,Bauernfeind et al. 2013 (J Hum Evol 64:263-279),Bauernfeind_etal_2013_Table1,1,Bauernfeind et al 2013,,,NA,direct_same_structure_unique,,,181,2019
Ateles_geoffroyi,Ateles geoffroyi,Body_mass,Body_Mass.g,crosswalk_exact,7780,resolved_unique,Bauernfeind_etal_2013_Table1,Bauernfeind et al. 2013 (J Hum Evol 64:263-279),Bauernfeind_etal_2013_Table1,6,Bauernfeind et al 2013,,,NA,direct_same_structure_unique,,,181,2019
Ateles_geoffroyi,Ateles geoffroyi,Body_weight,Body_Mass.g,crosswalk_exact,8000,resolved_multiple,Stephan_etal_1981_TableIII,"Stephan, Frahm & Baron 1981 (Folia Primatol 35:1-29)",Matano__1986_TableI; Matano_etal_1985_a_Table1; Matano_etal_1985_b_Table1; Stephan_etal_1981_TableIII; Stephan_etal_1988_TABLE1,6,Stephan et al 1981; Zilles and Rehkamper 1988; Bauernfeind et al 2013,,,NA,direct_same_structure_multiple,,,243,2019
Ateles_geoffroyi,Ateles geoffroyi,Body_weight_1985a,Body_Mass.g,crosswalk_exact,8000,resolved_multiple,Matano_etal_1985_a_Table1,Matano et al. 1985 (Folia Primatol 44:182-203),Matano__1986_TableI; Matano_etal_1985_a_Table1; Matano_etal_1985_b_Table1; Stephan_etal_1981_TableIII; Stephan_etal_1988_TABLE1,6,NA,,,NA,direct_same_structure_multiple,,,220,2019
Ateles_geoffroyi,Ateles geoffroyi,Brain_mass,Brain_Mass.mg,crosswalk_exact,106400,resolved_unique,Bauernfeind_etal_2013_Table1,Bauernfeind et al. 2013 (J Hum Evol 64:263-279),Bauernfeind_etal_2013_Table1,3,Bauernfeind et al 2013,1000,,NA,direct_same_structure_unique,,,181,2019
Ateles_geoffroyi,Ateles geoffroyi,Brain_volume,NA,no_defensible_volume_key,102700,metadata_only,NA,NA,,0,Bauernfeind et al 2013,,,NA,metadata_only_no_volume_crosswalk,,,0,2019
Ateles_geoffroyi,Ateles geoffroyi,Brain_weight,Brain_Mass.mg,crosswalk_exact,108000,resolved_multiple,Stephan_etal_1981_TableIII,"Stephan, Frahm & Baron 1981 (Folia Primatol 35:1-29)",Stephan_etal_1981_TableIII; Stephan_etal_1988_TABLE1,3,Stephan et al 1981; Zilles and Rehkamper 1988; Bauernfeind et al 2013,,,NA,direct_same_structure_multiple,,,243,2019
Ateles_geoffroyi,Ateles geoffroyi,Brainvol,NA,no_defensible_volume_key,104247.1,metadata_only,NA,NA,,0,de Sousa et al 2010; Stephan et al 1981,,,NA,metadata_only_no_volume_crosswalk,,,0,2019
Ateles_geoffroyi,Ateles geoffroyi,Bulbus_olfactorius,Bulbus_olfactorius_Vol.mm3,crosswalk_exact,90.4,resolved_unique,Stephan_etal_1981_TableVI,"Stephan, Frahm & Baron 1981 (Folia Primatol 35:1-29)",Stephan_etal_1981_TableVI,1,Stephan et al 1981,,,NA,direct_same_structure_unique,,,215,2019
Ateles_geoffroyi,Ateles geoffroyi,Bulbus_olfactorius_accessorius,Bulbus_olfactorius_accessorius_Vol.mm3,crosswalk_exact,2.19,resolved_unique,Stephan_etal_1981_TableVI,"Stephan, Frahm & Baron 1981 (Folia Primatol 35:1-29)",Stephan_etal_1981_TableVI,1,Stephan et al 1981,,,NA,direct_same_structure_unique,,,215,2019
Ateles_geoffroyi,Ateles geoffroyi,Capsula_interna,Capsula_interna_Vol.mm3,crosswalk_exact,570,resolved_unique,Stephan_etal_1981_TableVIII,"Stephan, Frahm & Baron 1981 (Folia Primatol 35:1-29)",Stephan_etal_1981_TableVIII,1,Stephan et al 1981,,,NA,direct_same_structure_unique,,,200,2019
Ateles_geoffroyi,Ateles geoffroyi,Cerebellar_nuclei_total,Cerebellar_nuclei_total_Vol.mm3,crosswalk_exact,209.17,resolved_unique,Matano_etal_1985_a_Table1,Matano et al. 1985 (Folia Primatol 44:182-203),Matano_etal_1985_a_Table1,1,NA,,,NA,direct_same_structure_unique,,,220,2019
Ateles_geoffroyi,Ateles geoffroyi,Cerebellum,Cerebellum_Vol.mm3,crosswalk_exact,12438,resolved_unique,Stephan_etal_1981_TableIII,"Stephan, Frahm & Baron 1981 (Folia Primatol 35:1-29)",Stephan_etal_1981_TableIII,1,Stephan et al 1981; Zilles and Rehkamper 1988,,,NA,direct_same_structure_unique,,,243,2019
Ateles_geoffroyi,Ateles geoffroyi,Complexus.vestibularis,Complexus_vestibularis_unilateral_Vol.mm3,crosswalk_exact,49.7,resolved_multiple,Stephan_etal_1981_TableXIII,"Stephan, Frahm & Baron 1981 (Folia Primatol 35:1-29)",Matano__1986_TableI; Stephan_etal_1981_TableXIII,2,Stephan et al 1981,,,NA,direct_same_structure_multiple,,,129,2019
Ateles_geoffroyi,Ateles geoffroyi,Corpus.pineale,Corpus_pineal_Vol.mm3,crosswalk_exact,3.1,resolved_unique,Stephan_etal_1981_TableXVI,"Stephan, Frahm & Baron 1981 (Folia Primatol 35:1-29)",Stephan_etal_1981_TableXVI,1,Stephan et al 1981,,,NA,direct_same_structure_unique,,,103,2019
Ateles_geoffroyi,Ateles geoffroyi,Corpus.subcommissurale,Corpus_subcommissurale_Vol.mm3,crosswalk_exact,0.61,resolved_unique,Stephan_etal_1981_TableXVI,"Stephan, Frahm & Baron 1981 (Folia Primatol 35:1-29)",Stephan_etal_1981_TableXVI,1,Stephan et al 1981,,,NA,direct_same_structure_unique,,,103,2019
Ateles_geoffroyi,Ateles geoffroyi,Corpus.subfornicale,Corpus_subfornicale_Vol.mm3,crosswalk_exact,0.44,resolved_unique,Stephan_etal_1981_TableXVI,"Stephan, Frahm & Baron 1981 (Folia Primatol 35:1-29)",Stephan_etal_1981_TableXVI,1,Stephan et al 1981,,,NA,direct_same_structure_unique,,,103,2019
Ateles_geoffroyi,Ateles geoffroyi,Diencephalon,Diencephalon_Vol.mm3,crosswalk_exact,5334,resolved_unique,Stephan_etal_1981_TableIII,"Stephan, Frahm & Baron 1981 (Folia Primatol 35:1-29)",Stephan_etal_1981_TableIII,1,Stephan et al 1981; Zilles and Rehkamper 1988,,,NA,direct_same_structure_unique,,,243,2019
Ateles_geoffroyi,Ateles geoffroyi,Dysgranular_volume_L,Dysgranular_insular_cortex_left_Vol.mm3,crosswalk_exact,181,resolved_unique,Bauernfeind_etal_2013_Table1,Bauernfeind et al. 2013 (J Hum Evol 64:263-279),Bauernfeind_etal_2013_Table1,1,Bauernfeind et al 2013,,,NA,direct_same_structure_unique,,,181,2019
Ateles_geoffroyi,Ateles geoffroyi,Epithalamus,Epithalamus_Vol.mm3,crosswalk_exact,30.5,resolved_unique,Stephan_etal_1981_TableVIII,"Stephan, Frahm & Baron 1981 (Folia Primatol 35:1-29)",Stephan_etal_1981_TableVIII,1,Stephan et al 1981,,,NA,direct_same_structure_unique,,,200,2019
Ateles_geoffroyi,Ateles geoffroyi,Frontal.motor,FrontalMotor_white_matter_Vol.mm3,crosswalk_exact,1.59,resolved_fallback_metadata,Smaers_etal_2017_TableS1part1,"Smaers et al. 2017 (Curr Biol 27:714-720, Table S1)",Smaers_etal_2017_TableS1part1,0,Smaers et al 2017,,,NA,metadata_tables_near_perfect,Smaers_etal_2017_TableS1part1,Smaers_etal_2017_TableS1part1 = 1586 (FrontalMotor_white_matter_Vol.mm3; 0.25%; scale 0.001; 0 prior contributions),0,2019
Ateles_geoffroyi,Ateles geoffroyi,Frontal.motor.Gray,FrontalMotor_grey_matter_Vol.mm3,crosswalk_exact,3.12,resolved_fallback_metadata,Smaers_etal_2017_TableS1part1,"Smaers et al. 2017 (Curr Biol 27:714-720, Table S1)",Smaers_etal_2017_TableS1part1,0,Smaers et al 2017,,,NA,metadata_tables_near_perfect,Smaers_etal_2017_TableS1part1; Smaers_etal_2017 [restricted: Smaers.csv],Smaers_etal_2017_TableS1part1 = 3119 (FrontalMotor_grey_matter_Vol.mm3; 0.03%; scale 0.001; 0 prior contributions),0,2019
Ateles_geoffroyi,Ateles geoffroyi,Granular_volume_L,Granular_insular_cortex_left_Vol.mm3,crosswalk_exact,100,resolved_unique,Bauernfeind_etal_2013_Table1,Bauernfeind et al. 2013 (J Hum Evol 64:263-279),Bauernfeind_etal_2013_Table1,1,Bauernfeind et al 2013,,,NA,direct_same_structure_unique,,,181,2019
Ateles_geoffroyi,Ateles geoffroyi,Hippocampus,Hippocampus_Vol.mm3,crosswalk_exact,1366,resolved_unique,Stephan_etal_1981_TableVI,"Stephan, Frahm & Baron 1981 (Folia Primatol 35:1-29)",Stephan_etal_1981_TableVI,1,Stephan et al 1981; Zilles and Rehkamper 1988,,,NA,direct_same_structure_unique,,,215,2019
Ateles_geoffroyi,Ateles geoffroyi,Hypothalamus,Hypothalamus_Vol.mm3,crosswalk_exact,629,resolved_unique,Stephan_etal_1981_TableVIII,"Stephan, Frahm & Baron 1981 (Folia Primatol 35:1-29)",Stephan_etal_1981_TableVIII,1,Stephan et al 1981,,,NA,direct_same_structure_unique,,,200,2019
Ateles_geoffroyi,Ateles geoffroyi,Interpositus_cerebellar_nuclei,Interpositus_cerebellar_nuclei_Vol.mm3,crosswalk_exact,59.75,resolved_unique,Matano_etal_1985_a_Table1,Matano et al. 1985 (Folia Primatol 44:182-203),Matano_etal_1985_a_Table1,1,NA,,,NA,direct_same_structure_unique,,,220,2019
Ateles_geoffroyi,Ateles geoffroyi,LGN_Sousa,Corpus_geniculatum_laterale_Vol.mm3,crosswalk_exact,151,resolved_fallback_metadata,deSousa_etal_2010_SupTable2,de Sousa et al. 2010 (J Hum Evol 58:281-292),Stephan_etal_1981_TableIX; Stephan_etal_1984_Table1; deSousa_etal_2010_SupTable2,2,de Sousa et al 2010; de Sousa et al 2013,,,Evo-M1 value matches Stephan_etal_1981_TableIX; Stephan_etal_1984_Table1 (not the metadata source); attributed to metadata source; see source_hunt,metadata_tables_near_perfect,deSousa_etal_2010_SupTable2; Stephan_etal_1984_Table1; Stephan_etal_1981_TableIX; deSousa_etal_2010 [restricted: Visual_volumes.xlsx]; deSousa_etal_2010 [restricted: deSousa_2010.csv]; Stephan_etal_1981 [restricted: Stephan_1981.csv],deSousa_etal_2010_SupTable2 = 151 (Corpus_geniculatum_laterale_Vol.mm3; 0.00%; scale 1; 0 prior contributions),0,2019
Ateles_geoffroyi,Ateles geoffroyi,Lateral_cerebellar_nuclei,Lateral_cerebellar_nuclei_Vol.mm3,crosswalk_exact,114.79,resolved_unique,Matano_etal_1985_a_Table1,Matano et al. 1985 (Folia Primatol 44:182-203),Matano_etal_1985_a_Table1,1,NA,,,NA,direct_same_structure_unique,,,220,2019
Ateles_geoffroyi,Ateles geoffroyi,Lobus_piriformis,Lobus_piriformis_Vol.mm3,crosswalk_exact,1625,resolved_unique,Stephan_etal_1981_TableVI,"Stephan, Frahm & Baron 1981 (Folia Primatol 35:1-29)",Stephan_etal_1981_TableVI,1,Stephan et al 1981; Zilles and Rehkamper 1988,,,NA,direct_same_structure_unique,,,215,2019
Ateles_geoffroyi,Ateles geoffroyi,Medial_cerebellar_nuclei,Medial_cerebellar_nuclei_Vol.mm3,crosswalk_exact,34.63,resolved_unique,Matano_etal_1985_a_Table1,Matano et al. 1985 (Folia Primatol 44:182-203),Matano_etal_1985_a_Table1,1,NA,,,NA,direct_same_structure_unique,,,220,2019
Ateles_geoffroyi,Ateles geoffroyi,Medulla_oblongata,Medulla_oblongata_Vol.mm3,crosswalk_exact,1834,resolved_unique,Stephan_etal_1981_TableIII,"Stephan, Frahm & Baron 1981 (Folia Primatol 35:1-29)",Stephan_etal_1981_TableIII,1,Stephan et al 1981; Zilles and Rehkamper 1988,,,NA,direct_same_structure_unique,,,243,2019
Ateles_geoffroyi,Ateles geoffroyi,Meninges_hypophysis_nerves_etc,NA,no_defensible_volume_key,1824,metadata_only,NA,NA,,0,Stephan et al 1981,,,NA,metadata_only_no_volume_crosswalk,,,0,2019
Ateles_geoffroyi,Ateles geoffroyi,Mesencephalon,Mesencephalon_Vol.mm3,crosswalk_exact,1482,resolved_unique,Stephan_etal_1981_TableIII,"Stephan, Frahm & Baron 1981 (Folia Primatol 35:1-29)",Stephan_etal_1981_TableIII,1,Stephan et al 1981; Zilles and Rehkamper 1988,,,NA,direct_same_structure_unique,,,243,2019
Ateles_geoffroyi,Ateles geoffroyi,NeoWG,Neocortex_Vol.mm3,crosswalk_exact,70856,resolved_unique,Stephan_etal_1981_TableVI,"Stephan, Frahm & Baron 1981 (Folia Primatol 35:1-29)",Stephan_etal_1981_TableVI,1,Stephan et al 1981; Zilles and Rehkamper 1988,,,NA,direct_same_structure_unique,,,215,2019
Ateles_geoffroyi,Ateles geoffroyi,Nucleus.habenularis.medialis,Nucleus_habenularis_medialis_Vol.mm3,crosswalk_exact,7.29,resolved_unique,Stephan_etal_1981_TableXVI,"Stephan, Frahm & Baron 1981 (Folia Primatol 35:1-29)",Stephan_etal_1981_TableXVI,1,Stephan et al 1981,,,NA,direct_same_structure_unique,,,103,2019
Ateles_geoffroyi,Ateles geoffroyi,Nucleus.septalis.triangularis,Nucleus_septalis_triangularis_Vol.mm3,crosswalk_exact,3.18,resolved_unique,Stephan_etal_1981_TableXVI,"Stephan, Frahm & Baron 1981 (Folia Primatol 35:1-29)",Stephan_etal_1981_TableXVI,1,Stephan et al 1981,,,NA,direct_same_structure_unique,,,103,2019
Ateles_geoffroyi,Ateles geoffroyi,Nucleus.vestibularis.descendens,Nucleus_vestibularis_descendens_unilateral_Vol.mm3,crosswalk_exact,11.9,resolved_multiple,Stephan_etal_1981_TableXIII,"Stephan, Frahm & Baron 1981 (Folia Primatol 35:1-29)",Matano__1986_TableI; Stephan_etal_1981_TableXIII,2,Stephan et al 1981,,,NA,direct_same_structure_multiple,,,129,2019
Ateles_geoffroyi,Ateles geoffroyi,Nucleus.vestibularis.lateralis,Nucleus_vestibularis_lateralis_unilateral_Vol.mm3,crosswalk_exact,6.81,resolved_multiple,Stephan_etal_1981_TableXIII,"Stephan, Frahm & Baron 1981 (Folia Primatol 35:1-29)",Matano__1986_TableI; Stephan_etal_1981_TableXIII,2,Stephan et al 1981,,,NA,direct_same_structure_multiple,,,129,2019
Ateles_geoffroyi,Ateles geoffroyi,Nucleus.vestibularis.medialis,Nucleus_vestibularis_medialis_unilateral_Vol.mm3,crosswalk_exact,23.8,resolved_multiple,Stephan_etal_1981_TableXIII,"Stephan, Frahm & Baron 1981 (Folia Primatol 35:1-29)",Matano__1986_TableI; Stephan_etal_1981_TableXIII,2,Stephan et al 1981,,,NA,direct_same_structure_multiple,,,129,2019
Ateles_geoffroyi,Ateles geoffroyi,Nucleus.vestibularis.superior,Nucleus_vestibularis_superior_unilateral_Vol.mm3,crosswalk_exact,7.2,resolved_multiple,Stephan_etal_1981_TableXIII,"Stephan, Frahm & Baron 1981 (Folia Primatol 35:1-29)",Matano__1986_TableI; Stephan_etal_1981_TableXIII,2,Stephan et al 1981,,,NA,direct_same_structure_multiple,,,129,2019
Ateles_geoffroyi,Ateles geoffroyi,Nucleus_subthalamicus,Nucleus_subthalamicus_Vol.mm3,crosswalk_exact,52.8,resolved_unique,Stephan_etal_1981_TableVIII,"Stephan, Frahm & Baron 1981 (Folia Primatol 35:1-29)",Stephan_etal_1981_TableVIII,1,Stephan et al 1981,,,NA,direct_same_structure_unique,,,200,2019
Ateles_geoffroyi,Ateles geoffroyi,Other.cortical.association.areas.Gray,AssociationCortex_grey_matter_Vol.mm3,crosswalk_exact,32.93,resolved_fallback_metadata,Smaers_etal_2017_TableS1part1,"Smaers et al. 2017 (Curr Biol 27:714-720, Table S1)",Smaers_etal_2017_TableS1part1,0,Smaers et al 2017,,,NA,metadata_tables_near_perfect,Smaers_etal_2017_TableS1part1; Smaers_etal_2017 [restricted: Smaers.csv],Smaers_etal_2017_TableS1part1 = 32933 (AssociationCortex_grey_matter_Vol.mm3; 0.01%; scale 0.001; 0 prior contributions),0,2019
Ateles_geoffroyi,Ateles geoffroyi,Other.cortical.association.areas.White,AssociationCortex_white_matter_Vol.mm3,crosswalk_exact,10.33,resolved_fallback_metadata,Smaers_etal_2017_TableS1part1,"Smaers et al. 2017 (Curr Biol 27:714-720, Table S1)",Smaers_etal_2017_TableS1part1,0,Smaers et al 2017,,,NA,metadata_tables_near_perfect,Smaers_etal_2017_TableS1part1; Smaers_etal_2017 [restricted: Smaers.csv],Smaers_etal_2017_TableS1part1 = 10332 (AssociationCortex_white_matter_Vol.mm3; 0.02%; scale 0.001; 0 prior contributions),0,2019
Ateles_geoffroyi,Ateles geoffroyi,Pallidum,Pallidum_Vol.mm3,crosswalk_exact,807,resolved_unique,Stephan_etal_1981_TableVIII,"Stephan, Frahm & Baron 1981 (Folia Primatol 35:1-29)",Stephan_etal_1981_TableVIII,1,Stephan et al 1981; Zilles and Rehkamper 1988,,,NA,direct_same_structure_unique,,,200,2019
Ateles_geoffroyi,Ateles geoffroyi,Prefrontal.Gray,PrefrontalCortex_grey_matter_Vol.mm3,crosswalk_exact,2.77,resolved_fallback_metadata,Smaers_etal_2017_TableS1part1,"Smaers et al. 2017 (Curr Biol 27:714-720, Table S1)",Smaers_etal_2017_TableS1part1; Smaers_etal_2011_SupplementaryTable2,0,Smaers et al 2017,,,NA,metadata_tables_near_perfect,Smaers_etal_2017_TableS1part1; Smaers_etal_2011_SupplementaryTable2; Smaers_etal_2017 [restricted: Smaers.csv],Smaers_etal_2017_TableS1part1 = 2773 (PrefrontalCortex_grey_matter_Vol.mm3; 0.11%; scale 0.001; 0 prior contributions),0,2019
Ateles_geoffroyi,Ateles geoffroyi,Prefrontal.White,PrefrontalCortex_white_matter_Vol.mm3,crosswalk_exact,0.29,resolved_fallback_metadata,Smaers_etal_2017_TableS1part1,"Smaers et al. 2017 (Curr Biol 27:714-720, Table S1)",Smaers_etal_2017_TableS1part1; Smaers_etal_2011_SupplementaryTable2,0,Smaers et al 2017,,,NA,metadata_tables_near_perfect,Smaers_etal_2017_TableS1part1; Smaers_etal_2011_SupplementaryTable2; Smaers_etal_2017 [restricted: Smaers.csv],Smaers_etal_2017_TableS1part1 = 286 (PrefrontalCortex_white_matter_Vol.mm3; 1.38%; scale 0.001; 0 prior contributions),0,2019
Ateles_geoffroyi,Ateles geoffroyi,Primary.visual.White.Smaers,Area_striata_white_matter_Vol.mm3,crosswalk_exact,0.99,resolved_fallback_metadata,Smaers_etal_2017_TableS1part1,"Smaers et al. 2017 (Curr Biol 27:714-720, Table S1)",Frahm_etal_1984_Table1; Smaers_etal_2017_TableS1part1,1,Smaers et al 2017,,,Evo-M1 value matches Frahm_etal_1984_Table1 (not the metadata source); attributed to metadata source; see source_hunt,metadata_tables_near_perfect,Smaers_etal_2017_TableS1part1; Frahm_etal_1984_Table1; Smaers_etal_2017 [restricted: Smaers.csv],Smaers_etal_2017_TableS1part1 = 985 (Area_striata_white_matter_Vol.mm3; 0.51%; scale 0.001; 0 prior contributions),0,2019
Ateles_geoffroyi,Ateles geoffroyi,Schizocortex,Schizo_cortex_Vol.mm3,crosswalk_exact,732,resolved_unique,Stephan_etal_1981_TableVI,"Stephan, Frahm & Baron 1981 (Folia Primatol 35:1-29)",Stephan_etal_1981_TableVI,1,Stephan et al 1981,,,NA,direct_same_structure_unique,,,215,2019
Ateles_geoffroyi,Ateles geoffroyi,Septum,Septum_Vol.mm3,crosswalk_exact,324,resolved_unique,Stephan_etal_1981_TableVI,"Stephan, Frahm & Baron 1981 (Folia Primatol 35:1-29)",Stephan_etal_1981_TableVI,1,Stephan et al 1981; Zilles and Rehkamper 1988,,,NA,direct_same_structure_unique,,,215,2019
Ateles_geoffroyi,Ateles geoffroyi,Striatum,Striatum_Vol.mm3,crosswalk_exact,4950,resolved_unique,Stephan_etal_1981_TableVI,"Stephan, Frahm & Baron 1981 (Folia Primatol 35:1-29)",Stephan_etal_1981_TableVI,1,Stephan et al 1981; Zilles and Rehkamper 1988,,,NA,direct_same_structure_unique,,,215,2019
Ateles_geoffroyi,Ateles geoffroyi,Subthalamus,Subthalamus_Vol.mm3,crosswalk_exact,860,resolved_unique,Stephan_etal_1981_TableVIII,"Stephan, Frahm & Baron 1981 (Folia Primatol 35:1-29)",Stephan_etal_1981_TableVIII,1,Stephan et al 1981,,,NA,direct_same_structure_unique,,,200,2019
Ateles_geoffroyi,Ateles geoffroyi,Telencephalon,Telencephalon_Vol.mm3,crosswalk_exact,79946,resolved_unique,Stephan_etal_1981_TableIII,"Stephan, Frahm & Baron 1981 (Folia Primatol 35:1-29)",Stephan_etal_1981_TableIII,1,Stephan et al 1981; Zilles and Rehkamper 1988,,,NA,direct_same_structure_unique,,,243,2019
Ateles_geoffroyi,Ateles geoffroyi,Thalamus,Thalamus_Vol.mm3,crosswalk_exact,2930,resolved_unique,Stephan_etal_1981_TableVIII,"Stephan, Frahm & Baron 1981 (Folia Primatol 35:1-29)",Stephan_etal_1981_TableVIII,1,Stephan et al 1981,,,NA,direct_same_structure_unique,,,200,2019
Ateles_geoffroyi,Ateles geoffroyi,Total_brain_net_volume,Total_brain_net_volume_Vol.mm3,crosswalk_exact,101034,resolved_unique,Stephan_etal_1981_TableIII,"Stephan, Frahm & Baron 1981 (Folia Primatol 35:1-29)",Stephan_etal_1981_TableIII,2,Stephan et al 1981,,,NA,direct_same_structure_unique,,,243,2019
Ateles_geoffroyi,Ateles geoffroyi,Total_insula_volume_L,Insula_left_Vol.mm3,crosswalk_exact,416,resolved_unique,Bauernfeind_etal_2013_Table1,Bauernfeind et al. 2013 (J Hum Evol 64:263-279),Bauernfeind_etal_2013_Table1,1,Bauernfeind et al 2013,,,NA,direct_same_structure_unique,,,181,2019
Ateles_geoffroyi,Ateles geoffroyi,Tractus_opticus,Tractus_opticus_Vol.mm3,crosswalk_exact,204,resolved_unique,Stephan_etal_1981_TableVIII,"Stephan, Frahm & Baron 1981 (Folia Primatol 35:1-29)",Stephan_etal_1981_TableVIII,1,Stephan et al 1981,,,NA,direct_same_structure_unique,,,200,2019
Ateles_geoffroyi,Ateles geoffroyi,Ventricles,Ventricles_Vol.mm3,crosswalk_exact,1389,resolved_unique,Stephan_etal_1981_TableIII,"Stephan, Frahm & Baron 1981 (Folia Primatol 35:1-29)",Stephan_etal_1981_TableIII,1,Stephan et al 1981,,,NA,direct_same_structure_unique,,,243,2019
Avahi_laniger,Avahi laniger,ASG_Sousa,Area_striata_grey_matter_Vol.mm3,crosswalk_exact,475,resolved_fallback_restricted,deSousa_etal_2010 [restricted: deSousa_2010.csv],de Sousa et al. 2010 (J Hum Evol 58:281-292),Frahm_etal_1984_Table1; deSousa_etal_2010_SupTable2; deSousa_etal_2010 [restricted: deSousa_2010.csv],1,de Sousa et al 2010,,,Evo-M1 value matches Frahm_etal_1984_Table1 (not the metadata source); attributed to metadata source; see source_hunt,restricted_documents_near_perfect,deSousa_etal_2010_SupTable2; Frahm_etal_1984_Table1; deSousa_etal_2010 [restricted: deSousa_2010.csv]; deSousa_etal_2010 [restricted: Visual_volumes.xlsx]; Stephan_etal_1981 [restricted: Stephan_1981.csv],deSousa_etal_2010 [restricted: deSousa_2010.csv] = 475 (0.00%; scale 1; restricted_checks/deSousa_etal_2010/comparison/deSousa_2010.csv R9C2; 0 prior contributions),0,2019
Avahi_laniger,Avahi laniger,Agranular_volume_L,Agranular_insular_cortex_left_Vol.mm3,crosswalk_exact,7,resolved_fallback_restricted,Bauernfeind_etal_2013 [restricted: Bauernfeind_2013.csv],Bauernfeind et al. 2013 (J Hum Evol 64:263-279),Bauernfeind_etal_2013 [restricted: Bauernfeind_2013.csv],0,Bauernfeind et al 2013,,,NA,restricted_documents_near_perfect,Bauernfeind_etal_2013 [restricted: Bauernfeind_2013.csv],Bauernfeind_etal_2013 [restricted: Bauernfeind_2013.csv] = 7 (0.00%; scale 1; restricted_checks/Bauernfeind_etal_2013/comparison/Bauernfeind_2013.csv R10C9; 181 prior contributions),181,2019
Avahi_laniger,Avahi laniger,Body_mass,Body_Mass.g,crosswalk_exact,1030,resolved_fallback_restricted,Bauernfeind_etal_2013 [restricted: Bauernfeind_2013.csv],Bauernfeind et al. 2013 (J Hum Evol 64:263-279),Bauernfeind_etal_2013 [restricted: Bauernfeind_2013.csv],5,Bauernfeind et al 2013,,,Stephan_etal_1981_TableII = 1285 (19.8%),restricted_documents_near_perfect,Bauernfeind_etal_2013 [restricted: Bauernfeind_2013.csv],Bauernfeind_etal_2013 [restricted: Bauernfeind_2013.csv] = 1030 (0.00%; scale 1; restricted_checks/Bauernfeind_etal_2013/comparison/Bauernfeind_2013.csv R10C6; 181 prior contributions),181,2019
Avahi_laniger,Avahi laniger,Body_weight,Body_Mass.g,crosswalk_exact,1285,resolved_multiple,Stephan_etal_1981_TableII,"Stephan, Frahm & Baron 1981 (Folia Primatol 35:1-29)",Matano__1986_TableI; Matano_etal_1985_a_Table1; Matano_etal_1985_b_Table1; Stephan_etal_1981_TableII; Stephan_etal_1988_TABLE1,5,Stephan et al 1981; Zilles and Rehkamper 1988; Bauernfeind et al 2013,,,NA,direct_same_structure_multiple,,,162,2019
Avahi_laniger,Avahi laniger,Body_weight_1985a,Body_Mass.g,crosswalk_exact,1285,resolved_multiple,Matano_etal_1985_a_Table1,Matano et al. 1985 (Folia Primatol 44:182-203),Matano__1986_TableI; Matano_etal_1985_a_Table1; Matano_etal_1985_b_Table1; Stephan_etal_1981_TableII; Stephan_etal_1988_TABLE1,5,NA,,,NA,direct_same_structure_multiple,,,220,2019
Avahi_laniger,Avahi laniger,Brain_mass,Brain_Mass.mg,crosswalk_exact,9600,resolved_fallback_restricted,Bauernfeind_etal_2013 [restricted: Bauernfeind_2013.csv],Bauernfeind et al. 2013 (J Hum Evol 64:263-279),Stephan_etal_1970_Table2; Bauernfeind_etal_2013 [restricted: Bauernfeind_2013.csv],2,Bauernfeind et al 2013,,,Stephan_etal_1981_TableII = 10490 (8.5%),restricted_documents_near_perfect,Stephan_etal_1970_Table2; Bauernfeind_etal_2013 [restricted: Bauernfeind_2013.csv]; Stephan_etal_1981 [restricted: Stephan_1981.csv],Bauernfeind_etal_2013 [restricted: Bauernfeind_2013.csv] = 9600 (0.00%; scale 1; restricted_checks/Bauernfeind_etal_2013/comparison/Bauernfeind_2013.csv R10C7; 181 prior contributions),181,2019
Avahi_laniger,Avahi laniger,Brain_volume,NA,no_defensible_volume_key,9256.8,metadata_only,NA,NA,,0,Bauernfeind et al 2013,,,NA,metadata_only_no_volume_crosswalk,,,0,2019
Avahi_laniger,Avahi laniger,Brain_weight,Brain_Mass.mg,crosswalk_exact,10490,resolved_multiple,Stephan_etal_1981_TableII,"Stephan, Frahm & Baron 1981 (Folia Primatol 35:1-29)",Stephan_etal_1981_TableII; Stephan_etal_1988_TABLE1,2,Stephan et al 1981; Zilles and Rehkamper 1988; Bauernfeind et al 2013,,,NA,direct_same_structure_multiple,,,162,2019
Avahi_laniger,Avahi laniger,Bulbus_olfactorius,Bulbus_olfactorius_Vol.mm3,crosswalk_exact,89.2,resolved_unique,Stephan_etal_1981_TableV,"Stephan, Frahm & Baron 1981 (Folia Primatol 35:1-29)",Stephan_etal_1981_TableV,1,Stephan et al 1981,,,NA,direct_same_structure_unique,,,144,2019
Avahi_laniger,Avahi laniger,Bulbus_olfactorius_accessorius,Bulbus_olfactorius_accessorius_Vol.mm3,crosswalk_exact,3.01,resolved_unique,Stephan_etal_1981_TableV,"Stephan, Frahm & Baron 1981 (Folia Primatol 35:1-29)",Stephan_etal_1981_TableV,1,Stephan et al 1981,,,NA,direct_same_structure_unique,,,144,2019
Avahi_laniger,Avahi laniger,Capsula_interna,Capsula_interna_Vol.mm3,crosswalk_exact,105,resolved_fallback_restricted,Stephan_etal_1981 [restricted: Stephan_1981.csv],"Stephan, Frahm & Baron 1981 (Folia Primatol 35:1-29)",Stephan_etal_1981 [restricted: Stephan_1981.csv],0,Stephan et al 1981,,,NA,restricted_documents_near_perfect,Stephan_etal_1981 [restricted: Stephan_1981.csv],Stephan_etal_1981 [restricted: Stephan_1981.csv] = 105 (0.00%; scale 1; restricted_checks/Stephan_etal_1981/comparison/Stephan_1981.csv R10C36; 1384 prior contributions),1384,2019
Avahi_laniger,Avahi laniger,Cerebellar_nuclei_total,Cerebellar_nuclei_total_Vol.mm3,crosswalk_exact,37.89,resolved_unique,Matano_etal_1985_a_Table1,Matano et al. 1985 (Folia Primatol 44:182-203),Matano_etal_1985_a_Table1,1,NA,,,NA,direct_same_structure_unique,,,220,2019
Avahi_laniger,Avahi laniger,Cerebellum,Cerebellum_Vol.mm3,crosswalk_exact,1489,resolved_unique,Stephan_etal_1981_TableII,"Stephan, Frahm & Baron 1981 (Folia Primatol 35:1-29)",Stephan_etal_1981_TableII,1,Stephan et al 1981; Zilles and Rehkamper 1988,,,NA,direct_same_structure_unique,,,162,2019
Avahi_laniger,Avahi laniger,Corpus.pineale,Corpus_pineal_Vol.mm3,crosswalk_exact,0.7,resolved_unique,Stephan_etal_1981_TableXV,"Stephan, Frahm & Baron 1981 (Folia Primatol 35:1-29)",Stephan_etal_1981_TableXV,1,Stephan et al 1981,,,NA,direct_same_structure_unique,,,88,2019
Avahi_laniger,Avahi laniger,Corpus.subcommissurale,Corpus_subcommissurale_Vol.mm3,crosswalk_exact,0.14,resolved_unique,Stephan_etal_1981_TableXV,"Stephan, Frahm & Baron 1981 (Folia Primatol 35:1-29)",Stephan_etal_1981_TableXV,1,Stephan et al 1981,,,NA,direct_same_structure_unique,,,88,2019
Avahi_laniger,Avahi laniger,Corpus.subfornicale,Corpus_subfornicale_Vol.mm3,crosswalk_exact,0.12,resolved_unique,Stephan_etal_1981_TableXV,"Stephan, Frahm & Baron 1981 (Folia Primatol 35:1-29)",Stephan_etal_1981_TableXV,1,Stephan et al 1981,,,NA,direct_same_structure_unique,,,88,2019
Avahi_laniger,Avahi laniger,Diencephalon,Diencephalon_Vol.mm3,crosswalk_exact,862,resolved_unique,Stephan_etal_1981_TableII,"Stephan, Frahm & Baron 1981 (Folia Primatol 35:1-29)",Stephan_etal_1981_TableII,1,Stephan et al 1981; Zilles and Rehkamper 1988,,,NA,direct_same_structure_unique,,,162,2019
Avahi_laniger,Avahi laniger,Dysgranular_volume_L,Dysgranular_insular_cortex_left_Vol.mm3,crosswalk_exact,18,resolved_fallback_restricted,Bauernfeind_etal_2013 [restricted: Bauernfeind_2013.csv],Bauernfeind et al. 2013 (J Hum Evol 64:263-279),Bauernfeind_etal_2013 [restricted: Bauernfeind_2013.csv],0,Bauernfeind et al 2013,,,NA,restricted_documents_near_perfect,Bauernfeind_etal_2013 [restricted: Bauernfeind_2013.csv],Bauernfeind_etal_2013 [restricted: Bauernfeind_2013.csv] = 18 (0.00%; scale 1; restricted_checks/Bauernfeind_etal_2013/comparison/Bauernfeind_2013.csv R10C10; 181 prior contributions),181,2019
Avahi_laniger,Avahi laniger,Epithalamus,Epithalamus_Vol.mm3,crosswalk_exact,6.52,resolved_fallback_restricted,Stephan_etal_1981 [restricted: Stephan_1981.csv],"Stephan, Frahm & Baron 1981 (Folia Primatol 35:1-29)",Stephan_etal_1981 [restricted: Stephan_1981.csv],0,Stephan et al 1981,,,NA,restricted_documents_near_perfect,Stephan_etal_1981 [restricted: Stephan_1981.csv],Stephan_etal_1981 [restricted: Stephan_1981.csv] = 6.52 (0.00%; scale 1; restricted_checks/Stephan_etal_1981/comparison/Stephan_1981.csv R10C30; 1384 prior contributions),1384,2019
Avahi_laniger,Avahi laniger,Granular_volume_L,Granular_insular_cortex_left_Vol.mm3,crosswalk_exact,13,resolved_fallback_restricted,Bauernfeind_etal_2013 [restricted: Bauernfeind_2013.csv],Bauernfeind et al. 2013 (J Hum Evol 64:263-279),Bauernfeind_etal_2013 [restricted: Bauernfeind_2013.csv],0,Bauernfeind et al 2013,,,NA,restricted_documents_near_perfect,Bauernfeind_etal_2013 [restricted: Bauernfeind_2013.csv],Bauernfeind_etal_2013 [restricted: Bauernfeind_2013.csv] = 13 (0.00%; scale 1; restricted_checks/Bauernfeind_etal_2013/comparison/Bauernfeind_2013.csv R10C12; 181 prior contributions),181,2019
Avahi_laniger,Avahi laniger,Hippocampus,Hippocampus_Vol.mm3,crosswalk_exact,526,resolved_unique,Stephan_etal_1981_TableV,"Stephan, Frahm & Baron 1981 (Folia Primatol 35:1-29)",Stephan_etal_1981_TableV,1,Stephan et al 1981; Zilles and Rehkamper 1988,,,NA,direct_same_structure_unique,,,144,2019
Avahi_laniger,Avahi laniger,Hypothalamus,Hypothalamus_Vol.mm3,crosswalk_exact,137,resolved_fallback_restricted,Stephan_etal_1981 [restricted: Stephan_1981.csv],"Stephan, Frahm & Baron 1981 (Folia Primatol 35:1-29)",Stephan_etal_1981 [restricted: Stephan_1981.csv],0,Stephan et al 1981,,,NA,restricted_documents_near_perfect,Stephan_etal_1981 [restricted: Stephan_1981.csv],Stephan_etal_1981 [restricted: Stephan_1981.csv] = 137 (0.00%; scale 1; restricted_checks/Stephan_etal_1981/comparison/Stephan_1981.csv R10C32; 1384 prior contributions),1384,2019
Avahi_laniger,Avahi laniger,Interpositus_cerebellar_nuclei,Interpositus_cerebellar_nuclei_Vol.mm3,crosswalk_exact,11.28,resolved_unique,Matano_etal_1985_a_Table1,Matano et al. 1985 (Folia Primatol 44:182-203),Matano_etal_1985_a_Table1,1,NA,,,NA,direct_same_structure_unique,,,220,2019
Avahi_laniger,Avahi laniger,LGN_Sousa,Corpus_geniculatum_laterale_Vol.mm3,crosswalk_exact,27.6,likely_fallback_metadata,deSousa_etal_2010_SupTable2,de Sousa et al. 2010 (J Hum Evol 58:281-292),Stephan_etal_1981_TableIX; Stephan_etal_1984_Table1; deSousa_etal_2010_SupTable2,2,de Sousa et al 2010; de Sousa et al 2013,,,Evo-M1 value matches Stephan_etal_1981_TableIX; Stephan_etal_1984_Table1 (not the metadata source); attributed to metadata source; see source_hunt,metadata_tables_close_same_structure,deSousa_etal_2010_SupTable2; Stephan_etal_1984_Table1; Stephan_etal_1981_TableIX; deSousa_etal_2010 [restricted: deSousa_2010.csv]; deSousa_etal_2010 [restricted: Visual_volumes.xlsx]; Stephan_etal_1981 [restricted: Stephan_1981.csv],deSousa_etal_2010_SupTable2 = 29 (Corpus_geniculatum_laterale_Vol.mm3; 4.83%; scale 1; 0 prior contributions),0,2019
Avahi_laniger,Avahi laniger,Lateral_cerebellar_nuclei,Lateral_cerebellar_nuclei_Vol.mm3,crosswalk_exact,14.46,resolved_unique,Matano_etal_1985_a_Table1,Matano et al. 1985 (Folia Primatol 44:182-203),Matano_etal_1985_a_Table1,1,NA,,,NA,direct_same_structure_unique,,,220,2019
Avahi_laniger,Avahi laniger,Lobus_piriformis,Lobus_piriformis_Vol.mm3,crosswalk_exact,284,resolved_unique,Stephan_etal_1981_TableV,"Stephan, Frahm & Baron 1981 (Folia Primatol 35:1-29)",Stephan_etal_1981_TableV,1,Stephan et al 1981; Zilles and Rehkamper 1988,,,NA,direct_same_structure_unique,,,144,2019
Avahi_laniger,Avahi laniger,Medial_cerebellar_nuclei,Medial_cerebellar_nuclei_Vol.mm3,crosswalk_exact,12.15,resolved_unique,Matano_etal_1985_a_Table1,Matano et al. 1985 (Folia Primatol 44:182-203),Matano_etal_1985_a_Table1,1,NA,,,NA,direct_same_structure_unique,,,220,2019
Avahi_laniger,Avahi laniger,Medulla_oblongata,Medulla_oblongata_Vol.mm3,crosswalk_exact,553,resolved_unique,Stephan_etal_1981_TableII,"Stephan, Frahm & Baron 1981 (Folia Primatol 35:1-29)",Stephan_etal_1981_TableII,1,Stephan et al 1981; Zilles and Rehkamper 1988,,,NA,direct_same_structure_unique,,,162,2019
Avahi_laniger,Avahi laniger,Meninges_hypophysis_nerves_etc,NA,no_defensible_volume_key,156,metadata_only,NA,NA,,0,Stephan et al 1981,,,NA,metadata_only_no_volume_crosswalk,,,0,2019
Avahi_laniger,Avahi laniger,Mesencephalon,Mesencephalon_Vol.mm3,crosswalk_exact,343,resolved_unique,Stephan_etal_1981_TableII,"Stephan, Frahm & Baron 1981 (Folia Primatol 35:1-29)",Stephan_etal_1981_TableII,1,Stephan et al 1981; Zilles and Rehkamper 1988,,,NA,direct_same_structure_unique,,,162,2019
Avahi_laniger,Avahi laniger,NeoWG,Neocortex_Vol.mm3,crosswalk_exact,4813,resolved_unique,Stephan_etal_1981_TableV,"Stephan, Frahm & Baron 1981 (Folia Primatol 35:1-29)",Stephan_etal_1981_TableV,1,Stephan et al 1981; Zilles and Rehkamper 1988,,,NA,direct_same_structure_unique,,,144,2019
Avahi_laniger,Avahi laniger,Nucleus.habenularis.medialis,Nucleus_habenularis_medialis_Vol.mm3,crosswalk_exact,2.21,resolved_unique,Stephan_etal_1981_TableXV,"Stephan, Frahm & Baron 1981 (Folia Primatol 35:1-29)",Stephan_etal_1981_TableXV,1,Stephan et al 1981,,,NA,direct_same_structure_unique,,,88,2019
Avahi_laniger,Avahi laniger,Nucleus.septalis.triangularis,Nucleus_septalis_triangularis_Vol.mm3,crosswalk_exact,1.29,resolved_unique,Stephan_etal_1981_TableXV,"Stephan, Frahm & Baron 1981 (Folia Primatol 35:1-29)",Stephan_etal_1981_TableXV,1,Stephan et al 1981,,,NA,direct_same_structure_unique,,,88,2019
Avahi_laniger,Avahi laniger,Nucleus_subthalamicus,Nucleus_subthalamicus_Vol.mm3,crosswalk_exact,5.94,resolved_fallback_restricted,Stephan_etal_1981 [restricted: Stephan_1981.csv],"Stephan, Frahm & Baron 1981 (Folia Primatol 35:1-29)",Stephan_etal_1981 [restricted: Stephan_1981.csv],0,Stephan et al 1981,,,NA,restricted_documents_near_perfect,Stephan_etal_1981 [restricted: Stephan_1981.csv],Stephan_etal_1981 [restricted: Stephan_1981.csv] = 5.94 (0.00%; scale 1; restricted_checks/Stephan_etal_1981/comparison/Stephan_1981.csv R10C35; 1384 prior contributions),1384,2019
Avahi_laniger,Avahi laniger,Pallidum,Pallidum_Vol.mm3,crosswalk_exact,74.5,resolved_fallback_restricted,Stephan_etal_1981 [restricted: Stephan_1981.csv],"Stephan, Frahm & Baron 1981 (Folia Primatol 35:1-29)",Stephan_etal_1981 [restricted: Stephan_1981.csv],0,Stephan et al 1981; Zilles and Rehkamper 1988,,,NA,restricted_documents_near_perfect,Stephan_etal_1981 [restricted: Stephan_1981.csv],Stephan_etal_1981 [restricted: Stephan_1981.csv] = 74.5 (0.00%; scale 1; restricted_checks/Stephan_etal_1981/comparison/Stephan_1981.csv R10C34; 1384 prior contributions),1384,2019
Avahi_laniger,Avahi laniger,Pons,Ventral_pons_Vol.mm3,Matano ventral pons,60.9,resolved_unique,Matano_etal_1985_b_Table1,Matano et al. 1985 (Folia Primatol 44:182-203),Matano_etal_1985_b_Table1,1,Matano et al 1985; Zilles and Rehkamper 1988,,,NA,direct_same_structure_unique,,,40,2019
Avahi_laniger,Avahi laniger,Schizocortex,Schizo_cortex_Vol.mm3,crosswalk_exact,241,resolved_unique,Stephan_etal_1981_TableV,"Stephan, Frahm & Baron 1981 (Folia Primatol 35:1-29)",Stephan_etal_1981_TableV,1,Stephan et al 1981,,,NA,direct_same_structure_unique,,,144,2019
Avahi_laniger,Avahi laniger,Septum,Septum_Vol.mm3,crosswalk_exact,69.7,resolved_unique,Stephan_etal_1981_TableV,"Stephan, Frahm & Baron 1981 (Folia Primatol 35:1-29)",Stephan_etal_1981_TableV,1,Stephan et al 1981; Zilles and Rehkamper 1988,,,NA,direct_same_structure_unique,,,144,2019
Avahi_laniger,Avahi laniger,Striatum,Striatum_Vol.mm3,crosswalk_exact,524,resolved_unique,Stephan_etal_1981_TableV,"Stephan, Frahm & Baron 1981 (Folia Primatol 35:1-29)",Stephan_etal_1981_TableV,1,Stephan et al 1981; Zilles and Rehkamper 1988,,,NA,direct_same_structure_unique,,,144,2019
Avahi_laniger,Avahi laniger,Subthalamus,Subthalamus_Vol.mm3,crosswalk_exact,80.5,resolved_fallback_restricted,Stephan_etal_1981 [restricted: Stephan_1981.csv],"Stephan, Frahm & Baron 1981 (Folia Primatol 35:1-29)",Stephan_etal_1981 [restricted: Stephan_1981.csv],0,Stephan et al 1981,,,NA,restricted_documents_near_perfect,Stephan_etal_1981 [restricted: Stephan_1981.csv],Stephan_etal_1981 [restricted: Stephan_1981.csv] = 80.5 (0.00%; scale 1; restricted_checks/Stephan_etal_1981/comparison/Stephan_1981.csv R10C33; 1384 prior contributions),1384,2019
Avahi_laniger,Avahi laniger,Telencephalon,Telencephalon_Vol.mm3,crosswalk_exact,6550,resolved_unique,Stephan_etal_1981_TableII,"Stephan, Frahm & Baron 1981 (Folia Primatol 35:1-29)",Stephan_etal_1981_TableII,1,Stephan et al 1981; Zilles and Rehkamper 1988,,,NA,direct_same_structure_unique,,,162,2019
Avahi_laniger,Avahi laniger,Thalamus,Thalamus_Vol.mm3,crosswalk_exact,489,resolved_fallback_restricted,Stephan_etal_1981 [restricted: Stephan_1981.csv],"Stephan, Frahm & Baron 1981 (Folia Primatol 35:1-29)",Stephan_etal_1981 [restricted: Stephan_1981.csv],0,Stephan et al 1981,,,NA,restricted_documents_near_perfect,Stephan_etal_1981 [restricted: Stephan_1981.csv],Stephan_etal_1981 [restricted: Stephan_1981.csv] = 489 (0.00%; scale 1; restricted_checks/Stephan_etal_1981/comparison/Stephan_1981.csv R10C31; 1384 prior contributions),1384,2019
Avahi_laniger,Avahi laniger,Total_brain_net_volume,Total_brain_net_volume_Vol.mm3,crosswalk_exact,9798,resolved_unique,Stephan_etal_1981_TableII,"Stephan, Frahm & Baron 1981 (Folia Primatol 35:1-29)",Stephan_etal_1981_TableII,1,Stephan et al 1981,,,NA,direct_same_structure_unique,,,162,2019
Avahi_laniger,Avahi laniger,Total_insula_volume_L,Insula_left_Vol.mm3,crosswalk_exact,38,resolved_fallback_restricted,Bauernfeind_etal_2013 [restricted: Bauernfeind_2013.csv],Bauernfeind et al. 2013 (J Hum Evol 64:263-279),Bauernfeind_etal_2013 [restricted: Bauernfeind_2013.csv],0,Bauernfeind et al 2013,,,NA,restricted_documents_near_perfect,Bauernfeind_etal_2013 [restricted: Bauernfeind_2013.csv]; Matano_etal_1985_a [restricted: Matano_1985a.csv],Bauernfeind_etal_2013 [restricted: Bauernfeind_2013.csv] = 38 (0.00%; scale 1; restricted_checks/Bauernfeind_etal_2013/comparison/Bauernfeind_2013.csv R10C13; 181 prior contributions),181,2019
Avahi_laniger,Avahi laniger,Tractus_opticus,Tractus_opticus_Vol.mm3,crosswalk_exact,38.3,resolved_fallback_restricted,Stephan_etal_1981 [restricted: Stephan_1981.csv],"Stephan, Frahm & Baron 1981 (Folia Primatol 35:1-29)",Stephan_etal_1981 [restricted: Stephan_1981.csv],0,Stephan et al 1981,,,NA,restricted_documents_near_perfect,Stephan_etal_1981 [restricted: Stephan_1981.csv],Stephan_etal_1981 [restricted: Stephan_1981.csv] = 38.3 (0.00%; scale 1; restricted_checks/Stephan_etal_1981/comparison/Stephan_1981.csv R10C37; 1384 prior contributions),1384,2019
Avahi_laniger,Avahi laniger,Ventricles,Ventricles_Vol.mm3,crosswalk_exact,172,resolved_unique,Stephan_etal_1981_TableII,"Stephan, Frahm & Baron 1981 (Folia Primatol 35:1-29)",Stephan_etal_1981_TableII,1,Stephan et al 1981,,,NA,direct_same_structure_unique,,,162,2019
Avahi_occidentalis,Avahi occidentalis,ASG_Sousa,Area_striata_grey_matter_Vol.mm3,crosswalk_exact,450,resolved_fallback_restricted,deSousa_etal_2010 [restricted: deSousa_2010.csv],de Sousa et al. 2010 (J Hum Evol 58:281-292),Frahm_etal_1984_Table1; deSousa_etal_2010 [restricted: deSousa_2010.csv],1,de Sousa et al 2010,,,Evo-M1 value matches Frahm_etal_1984_Table1 (not the metadata source); attributed to metadata source; see source_hunt,restricted_documents_near_perfect,Frahm_etal_1984_Table1; deSousa_etal_2010 [restricted: deSousa_2010.csv]; deSousa_etal_2010 [restricted: Visual_volumes.xlsx]; Stephan_etal_1981 [restricted: Stephan_1981.csv],deSousa_etal_2010 [restricted: deSousa_2010.csv] = 450 (0.00%; scale 1; restricted_checks/deSousa_etal_2010/comparison/deSousa_2010.csv R10C2; 0 prior contributions),0,2019
Avahi_occidentalis,Avahi occidentalis,Body_weight,Body_Mass.g,crosswalk_exact,860,resolved_multiple,Stephan_etal_1981_TableII,"Stephan, Frahm & Baron 1981 (Folia Primatol 35:1-29)",Matano__1986_TableI; Matano_etal_1985_a_Table1; Matano_etal_1985_b_Table1; Stephan_etal_1981_TableII; Stephan_etal_1988_TABLE1,6,Stephan et al 1981; Zilles and Rehkamper 1988; Bauernfeind et al 2013,,,NA,direct_same_structure_multiple,,,162,2019
Avahi_occidentalis,Avahi occidentalis,Body_weight_1985a,Body_Mass.g,crosswalk_exact,860,resolved_multiple,Matano_etal_1985_a_Table1,Matano et al. 1985 (Folia Primatol 44:182-203),Matano__1986_TableI; Matano_etal_1985_a_Table1; Matano_etal_1985_b_Table1; Stephan_etal_1981_TableII; Stephan_etal_1988_TABLE1,6,NA,,,NA,direct_same_structure_multiple,,,220,2019
Avahi_occidentalis,Avahi occidentalis,Brain_weight,Brain_Mass.mg,crosswalk_exact,9670,resolved_multiple,Stephan_etal_1981_TableII,"Stephan, Frahm & Baron 1981 (Folia Primatol 35:1-29)",Bauernfeind_etal_2013_Table1; Stephan_etal_1981_TableII; Stephan_etal_1988_TABLE1,3,Stephan et al 1981; Zilles and Rehkamper 1988; Bauernfeind et al 2013,1000,,NA,direct_same_structure_multiple,,,162,2019
Avahi_occidentalis,Avahi occidentalis,Bulbus_olfactorius,Bulbus_olfactorius_Vol.mm3,crosswalk_exact,70.1,resolved_unique,Stephan_etal_1981_TableV,"Stephan, Frahm & Baron 1981 (Folia Primatol 35:1-29)",Stephan_etal_1981_TableV,1,Stephan et al 1981,,,NA,direct_same_structure_unique,,,144,2019
Avahi_occidentalis,Avahi occidentalis,Bulbus_olfactorius_accessorius,Bulbus_olfactorius_accessorius_Vol.mm3,crosswalk_exact,2.55,resolved_unique,Stephan_etal_1981_TableV,"Stephan, Frahm & Baron 1981 (Folia Primatol 35:1-29)",Stephan_etal_1981_TableV,1,Stephan et al 1981,,,NA,direct_same_structure_unique,,,144,2019
Avahi_occidentalis,Avahi occidentalis,Cerebellar_nuclei_total,Cerebellar_nuclei_total_Vol.mm3,crosswalk_exact,29.66,resolved_unique,Matano_etal_1985_a_Table1,Matano et al. 1985 (Folia Primatol 44:182-203),Matano_etal_1985_a_Table1,1,NA,,,NA,direct_same_structure_unique,,,220,2019
Avahi_occidentalis,Avahi occidentalis,Cerebellum,Cerebellum_Vol.mm3,crosswalk_exact,1383,resolved_unique,Stephan_etal_1981_TableII,"Stephan, Frahm & Baron 1981 (Folia Primatol 35:1-29)",Stephan_etal_1981_TableII,1,Stephan et al 1981; Zilles and Rehkamper 1988,,,NA,direct_same_structure_unique,,,162,2019
Avahi_occidentalis,Avahi occidentalis,Complexus.vestibularis,Complexus_vestibularis_unilateral_Vol.mm3,crosswalk_exact,18.1,resolved_multiple,Stephan_etal_1981_TableXIII,"Stephan, Frahm & Baron 1981 (Folia Primatol 35:1-29)",Matano__1986_TableI; Stephan_etal_1981_TableXIII,2,Stephan et al 1981,,,NA,direct_same_structure_multiple,,,129,2019
Avahi_occidentalis,Avahi occidentalis,Corpus.pineale,Corpus_pineal_Vol.mm3,crosswalk_exact,0.65,resolved_unique,Stephan_etal_1981_TableXV,"Stephan, Frahm & Baron 1981 (Folia Primatol 35:1-29)",Stephan_etal_1981_TableXV,1,Stephan et al 1981,,,NA,direct_same_structure_unique,,,88,2019
Avahi_occidentalis,Avahi occidentalis,Corpus.subcommissurale,Corpus_subcommissurale_Vol.mm3,crosswalk_exact,0.09,resolved_unique,Stephan_etal_1981_TableXV,"Stephan, Frahm & Baron 1981 (Folia Primatol 35:1-29)",Stephan_etal_1981_TableXV,1,Stephan et al 1981,,,NA,direct_same_structure_unique,,,88,2019
Avahi_occidentalis,Avahi occidentalis,Corpus.subfornicale,Corpus_subfornicale_Vol.mm3,crosswalk_exact,0.19,resolved_unique,Stephan_etal_1981_TableXV,"Stephan, Frahm & Baron 1981 (Folia Primatol 35:1-29)",Stephan_etal_1981_TableXV,1,Stephan et al 1981,,,NA,direct_same_structure_unique,,,88,2019
Avahi_occidentalis,Avahi occidentalis,Diencephalon,Diencephalon_Vol.mm3,crosswalk_exact,861,resolved_unique,Stephan_etal_1981_TableII,"Stephan, Frahm & Baron 1981 (Folia Primatol 35:1-29)",Stephan_etal_1981_TableII,1,Stephan et al 1981; Zilles and Rehkamper 1988,,,NA,direct_same_structure_unique,,,162,2019
Avahi_occidentalis,Avahi occidentalis,Hippocampus,Hippocampus_Vol.mm3,crosswalk_exact,476,resolved_unique,Stephan_etal_1981_TableV,"Stephan, Frahm & Baron 1981 (Folia Primatol 35:1-29)",Stephan_etal_1981_TableV,1,Stephan et al 1981; Zilles and Rehkamper 1988,,,NA,direct_same_structure_unique,,,144,2019
Avahi_occidentalis,Avahi occidentalis,Interpositus_cerebellar_nuclei,Interpositus_cerebellar_nuclei_Vol.mm3,crosswalk_exact,10.18,resolved_unique,Matano_etal_1985_a_Table1,Matano et al. 1985 (Folia Primatol 44:182-203),Matano_etal_1985_a_Table1,1,NA,,,NA,direct_same_structure_unique,,,220,2019
Avahi_occidentalis,Avahi occidentalis,LGN_Sousa,Corpus_geniculatum_laterale_Vol.mm3,crosswalk_exact,29.3,resolved_fallback_evom1,Stephan_etal_1984_Table1,Stephan et al. 1984 (J Hirnforsch 25:385-403),Stephan_etal_1984_Table1,2,de Sousa et al 2010; de Sousa et al 2013,,,Evo-M1 value matches Stephan_etal_1984_Table1 (not the metadata source); attributed to metadata source; see source_hunt,evom1_all_volume_tables_near_perfect,Stephan_etal_1984_Table1; deSousa_etal_2010 [restricted: Visual_volumes.xlsx]; deSousa_etal_2010 [restricted: deSousa_2010.csv],Stephan_etal_1984_Table1 = 29.3 (Corpus_geniculatum_laterale_Vol.mm3; 0.00%; scale 1; 0 prior contributions),0,2019
Avahi_occidentalis,Avahi occidentalis,Lateral_cerebellar_nuclei,Lateral_cerebellar_nuclei_Vol.mm3,crosswalk_exact,11.3,resolved_unique,Matano_etal_1985_a_Table1,Matano et al. 1985 (Folia Primatol 44:182-203),Matano_etal_1985_a_Table1,1,NA,,,NA,direct_same_structure_unique,,,220,2019
Avahi_occidentalis,Avahi occidentalis,Lobus_piriformis,Lobus_piriformis_Vol.mm3,crosswalk_exact,265,resolved_unique,Stephan_etal_1981_TableV,"Stephan, Frahm & Baron 1981 (Folia Primatol 35:1-29)",Stephan_etal_1981_TableV,1,Stephan et al 1981; Zilles and Rehkamper 1988,,,NA,direct_same_structure_unique,,,144,2019
Avahi_occidentalis,Avahi occidentalis,Medial_cerebellar_nuclei,Medial_cerebellar_nuclei_Vol.mm3,crosswalk_exact,8.18,resolved_unique,Matano_etal_1985_a_Table1,Matano et al. 1985 (Folia Primatol 44:182-203),Matano_etal_1985_a_Table1,1,NA,,,NA,direct_same_structure_unique,,,220,2019
Avahi_occidentalis,Avahi occidentalis,Medulla_oblongata,Medulla_oblongata_Vol.mm3,crosswalk_exact,508,resolved_unique,Stephan_etal_1981_TableII,"Stephan, Frahm & Baron 1981 (Folia Primatol 35:1-29)",Stephan_etal_1981_TableII,1,Stephan et al 1981; Zilles and Rehkamper 1988,,,NA,direct_same_structure_unique,,,162,2019
Avahi_occidentalis,Avahi occidentalis,Meninges_hypophysis_nerves_etc,NA,no_defensible_volume_key,137,metadata_only,NA,NA,,0,Stephan et al 1981,,,NA,metadata_only_no_volume_crosswalk,,,0,2019
Avahi_occidentalis,Avahi occidentalis,Mesencephalon,Mesencephalon_Vol.mm3,crosswalk_exact,345,resolved_unique,Stephan_etal_1981_TableII,"Stephan, Frahm & Baron 1981 (Folia Primatol 35:1-29)",Stephan_etal_1981_TableII,1,Stephan et al 1981; Zilles and Rehkamper 1988,,,NA,direct_same_structure_unique,,,162,2019
Avahi_occidentalis,Avahi occidentalis,NeoG_Frahm,Neocortex_grey_matter_Vol.mm3,crosswalk_exact,3666,resolved_unique,Frahm_etal_1982_Table2,"Frahm, Stephan & Stephan 1982 (J Hirnforsch 23:375-389)",Frahm_etal_1982_Table2,1,Frahm et al 1992; Zilles and Rehkamper 1988,,,NA,direct_same_structure_unique,,,46,2019
Avahi_occidentalis,Avahi occidentalis,NeoWG,Neocortex_Vol.mm3,crosswalk_exact,4443,resolved_multiple,Stephan_etal_1981_TableV,"Stephan, Frahm & Baron 1981 (Folia Primatol 35:1-29)",Frahm_etal_1982_Table2; Stephan_etal_1981_TableV,2,Stephan et al 1981; Zilles and Rehkamper 1988,,,NA,direct_same_structure_multiple,,,144,2019
Avahi_occidentalis,Avahi occidentalis,NeoW_Frahm,Neocortex_white_matter_Vol.mm3,crosswalk_exact,777,resolved_unique,Frahm_etal_1982_Table2,"Frahm, Stephan & Stephan 1982 (J Hirnforsch 23:375-389)",Frahm_etal_1982_Table2,1,Frahm et al 1992; Zilles and Rehkamper 1988,,,NA,direct_same_structure_unique,,,46,2019
Avahi_occidentalis,Avahi occidentalis,Nucleus.habenularis.medialis,Nucleus_habenularis_medialis_Vol.mm3,crosswalk_exact,2.04,resolved_unique,Stephan_etal_1981_TableXV,"Stephan, Frahm & Baron 1981 (Folia Primatol 35:1-29)",Stephan_etal_1981_TableXV,1,Stephan et al 1981,,,NA,direct_same_structure_unique,,,88,2019
Avahi_occidentalis,Avahi occidentalis,Nucleus.septalis.triangularis,Nucleus_septalis_triangularis_Vol.mm3,crosswalk_exact,0.99,resolved_unique,Stephan_etal_1981_TableXV,"Stephan, Frahm & Baron 1981 (Folia Primatol 35:1-29)",Stephan_etal_1981_TableXV,1,Stephan et al 1981,,,NA,direct_same_structure_unique,,,88,2019
Avahi_occidentalis,Avahi occidentalis,Nucleus.vestibularis.descendens,Nucleus_vestibularis_descendens_unilateral_Vol.mm3,crosswalk_exact,4.81,resolved_multiple,Stephan_etal_1981_TableXIII,"Stephan, Frahm & Baron 1981 (Folia Primatol 35:1-29)",Matano__1986_TableI; Stephan_etal_1981_TableXIII,2,Stephan et al 1981,,,NA,direct_same_structure_multiple,,,129,2019
Avahi_occidentalis,Avahi occidentalis,Nucleus.vestibularis.lateralis,Nucleus_vestibularis_lateralis_unilateral_Vol.mm3,crosswalk_exact,3.32,resolved_multiple,Stephan_etal_1981_TableXIII,"Stephan, Frahm & Baron 1981 (Folia Primatol 35:1-29)",Matano__1986_TableI; Stephan_etal_1981_TableXIII,2,Stephan et al 1981,,,NA,direct_same_structure_multiple,,,129,2019
Avahi_occidentalis,Avahi occidentalis,Nucleus.vestibularis.medialis,Nucleus_vestibularis_medialis_unilateral_Vol.mm3,crosswalk_exact,6.86,resolved_multiple,Stephan_etal_1981_TableXIII,"Stephan, Frahm & Baron 1981 (Folia Primatol 35:1-29)",Matano__1986_TableI; Stephan_etal_1981_TableXIII,2,Stephan et al 1981,,,NA,direct_same_structure_multiple,,,129,2019
Avahi_occidentalis,Avahi occidentalis,Nucleus.vestibularis.superior,Nucleus_vestibularis_superior_unilateral_Vol.mm3,crosswalk_exact,3.1,resolved_multiple,Stephan_etal_1981_TableXIII,"Stephan, Frahm & Baron 1981 (Folia Primatol 35:1-29)",Matano__1986_TableI; Stephan_etal_1981_TableXIII,2,Stephan et al 1981,,,NA,direct_same_structure_multiple,,,129,2019
Avahi_occidentalis,Avahi occidentalis,Pons,Ventral_pons_Vol.mm3,Matano ventral pons,60.3,resolved_unique,Matano_etal_1985_b_Table1,Matano et al. 1985 (Folia Primatol 44:182-203),Matano_etal_1985_b_Table1,1,Matano et al 1985; Zilles and Rehkamper 1988,,,NA,direct_same_structure_unique,,,40,2019
Avahi_occidentalis,Avahi occidentalis,Schizocortex,Schizo_cortex_Vol.mm3,crosswalk_exact,222,resolved_unique,Stephan_etal_1981_TableV,"Stephan, Frahm & Baron 1981 (Folia Primatol 35:1-29)",Stephan_etal_1981_TableV,1,Stephan et al 1981,,,NA,direct_same_structure_unique,,,144,2019
Avahi_occidentalis,Avahi occidentalis,Septum,Septum_Vol.mm3,crosswalk_exact,69.3,resolved_unique,Stephan_etal_1981_TableV,"Stephan, Frahm & Baron 1981 (Folia Primatol 35:1-29)",Stephan_etal_1981_TableV,1,Stephan et al 1981; Zilles and Rehkamper 1988,,,NA,direct_same_structure_unique,,,144,2019
Avahi_occidentalis,Avahi occidentalis,Striatum,Striatum_Vol.mm3,crosswalk_exact,478,resolved_unique,Stephan_etal_1981_TableV,"Stephan, Frahm & Baron 1981 (Folia Primatol 35:1-29)",Stephan_etal_1981_TableV,1,Stephan et al 1981; Zilles and Rehkamper 1988,,,NA,direct_same_structure_unique,,,144,2019
Avahi_occidentalis,Avahi occidentalis,Telencephalon,Telencephalon_Vol.mm3,crosswalk_exact,6026,resolved_unique,Stephan_etal_1981_TableII,"Stephan, Frahm & Baron 1981 (Folia Primatol 35:1-29)",Stephan_etal_1981_TableII,1,Stephan et al 1981; Zilles and Rehkamper 1988,,,NA,direct_same_structure_unique,,,162,2019
Avahi_occidentalis,Avahi occidentalis,Total_brain_net_volume,Total_brain_net_volume_Vol.mm3,crosswalk_exact,9124,resolved_unique,Stephan_etal_1981_TableII,"Stephan, Frahm & Baron 1981 (Folia Primatol 35:1-29)",Stephan_etal_1981_TableII,2,Stephan et al 1981,,,NA,direct_same_structure_unique,,,162,2019
Avahi_occidentalis,Avahi occidentalis,Ventricles,Ventricles_Vol.mm3,crosswalk_exact,73.7,resolved_unique,Stephan_etal_1981_TableII,"Stephan, Frahm & Baron 1981 (Folia Primatol 35:1-29)",Stephan_etal_1981_TableII,1,Stephan et al 1981,,,NA,direct_same_structure_unique,,,162,2019
Callimico_goeldii,Callimico goeldii,Body_weight,Body_Mass.g,crosswalk_exact,480,resolved_multiple,Stephan_etal_1981_TableIII,"Stephan, Frahm & Baron 1981 (Folia Primatol 35:1-29)",Stephan_etal_1981_TableIII; Stephan_etal_1988_TABLE1,2,Stephan et al 1981; Zilles and Rehkamper 1988; Bauernfeind et al 2013,,,NA,direct_same_structure_multiple,,,243,2019
Callimico_goeldii,Callimico goeldii,Brain_weight,Brain_Mass.mg,crosswalk_exact,11000,resolved_multiple,Stephan_etal_1981_TableIII,"Stephan, Frahm & Baron 1981 (Folia Primatol 35:1-29)",Stephan_etal_1981_TableIII; Stephan_etal_1988_TABLE1,2,Stephan et al 1981; Zilles and Rehkamper 1988; Bauernfeind et al 2013,,,NA,direct_same_structure_multiple,,,243,2019
Callimico_goeldii,Callimico goeldii,Bulbus_olfactorius,Bulbus_olfactorius_Vol.mm3,crosswalk_exact,27,resolved_unique,Stephan_etal_1981_TableVI,"Stephan, Frahm & Baron 1981 (Folia Primatol 35:1-29)",Stephan_etal_1981_TableVI,1,Stephan et al 1981,,,NA,direct_same_structure_unique,,,215,2019
Callimico_goeldii,Callimico goeldii,Bulbus_olfactorius_accessorius,Bulbus_olfactorius_accessorius_Vol.mm3,crosswalk_exact,0.51,resolved_unique,Stephan_etal_1981_TableVI,"Stephan, Frahm & Baron 1981 (Folia Primatol 35:1-29)",Stephan_etal_1981_TableVI,1,Stephan et al 1981,,,NA,direct_same_structure_unique,,,215,2019
Callimico_goeldii,Callimico goeldii,Cerebellum,Cerebellum_Vol.mm3,crosswalk_exact,1240,resolved_unique,Stephan_etal_1981_TableIII,"Stephan, Frahm & Baron 1981 (Folia Primatol 35:1-29)",Stephan_etal_1981_TableIII,1,Stephan et al 1981; Zilles and Rehkamper 1988,,,NA,direct_same_structure_unique,,,243,2019
Callimico_goeldii,Callimico goeldii,Diencephalon,Diencephalon_Vol.mm3,crosswalk_exact,739,resolved_unique,Stephan_etal_1981_TableIII,"Stephan, Frahm & Baron 1981 (Folia Primatol 35:1-29)",Stephan_etal_1981_TableIII,1,Stephan et al 1981; Zilles and Rehkamper 1988,,,NA,direct_same_structure_unique,,,243,2019
Callimico_goeldii,Callimico goeldii,Hippocampus,Hippocampus_Vol.mm3,crosswalk_exact,281,resolved_unique,Stephan_etal_1981_TableVI,"Stephan, Frahm & Baron 1981 (Folia Primatol 35:1-29)",Stephan_etal_1981_TableVI,1,Stephan et al 1981; Zilles and Rehkamper 1988,,,NA,direct_same_structure_unique,,,215,2019
Callimico_goeldii,Callimico goeldii,Lobus_piriformis,Lobus_piriformis_Vol.mm3,crosswalk_exact,253,resolved_unique,Stephan_etal_1981_TableVI,"Stephan, Frahm & Baron 1981 (Folia Primatol 35:1-29)",Stephan_etal_1981_TableVI,1,Stephan et al 1981; Zilles and Rehkamper 1988,,,NA,direct_same_structure_unique,,,215,2019
Callimico_goeldii,Callimico goeldii,Medulla_oblongata,Medulla_oblongata_Vol.mm3,crosswalk_exact,460,resolved_unique,Stephan_etal_1981_TableIII,"Stephan, Frahm & Baron 1981 (Folia Primatol 35:1-29)",Stephan_etal_1981_TableIII,1,Stephan et al 1981; Zilles and Rehkamper 1988,,,NA,direct_same_structure_unique,,,243,2019
Callimico_goeldii,Callimico goeldii,Meninges_hypophysis_nerves_etc,NA,no_defensible_volume_key,59.5,metadata_only,NA,NA,,0,Stephan et al 1981,,,NA,metadata_only_no_volume_crosswalk,,,0,2019
Callimico_goeldii,Callimico goeldii,Mesencephalon,Mesencephalon_Vol.mm3,crosswalk_exact,340,resolved_unique,Stephan_etal_1981_TableIII,"Stephan, Frahm & Baron 1981 (Folia Primatol 35:1-29)",Stephan_etal_1981_TableIII,1,Stephan et al 1981; Zilles and Rehkamper 1988,,,NA,direct_same_structure_unique,,,243,2019
Callimico_goeldii,Callimico goeldii,NeoWG,Neocortex_Vol.mm3,crosswalk_exact,6476,resolved_unique,Stephan_etal_1981_TableVI,"Stephan, Frahm & Baron 1981 (Folia Primatol 35:1-29)",Stephan_etal_1981_TableVI,1,Stephan et al 1981; Zilles and Rehkamper 1988,,,NA,direct_same_structure_unique,,,215,2019
Callimico_goeldii,Callimico goeldii,Schizocortex,Schizo_cortex_Vol.mm3,crosswalk_exact,138,resolved_unique,Stephan_etal_1981_TableVI,"Stephan, Frahm & Baron 1981 (Folia Primatol 35:1-29)",Stephan_etal_1981_TableVI,1,Stephan et al 1981,,,NA,direct_same_structure_unique,,,215,2019
Callimico_goeldii,Callimico goeldii,Septum,Septum_Vol.mm3,crosswalk_exact,63.5,resolved_unique,Stephan_etal_1981_TableVI,"Stephan, Frahm & Baron 1981 (Folia Primatol 35:1-29)",Stephan_etal_1981_TableVI,1,Stephan et al 1981; Zilles and Rehkamper 1988,,,NA,direct_same_structure_unique,,,215,2019
Callimico_goeldii,Callimico goeldii,Striatum,Striatum_Vol.mm3,crosswalk_exact,493,resolved_unique,Stephan_etal_1981_TableVI,"Stephan, Frahm & Baron 1981 (Folia Primatol 35:1-29)",Stephan_etal_1981_TableVI,1,Stephan et al 1981; Zilles and Rehkamper 1988,,,NA,direct_same_structure_unique,,,215,2019
Callimico_goeldii,Callimico goeldii,Telencephalon,Telencephalon_Vol.mm3,crosswalk_exact,7733,resolved_unique,Stephan_etal_1981_TableIII,"Stephan, Frahm & Baron 1981 (Folia Primatol 35:1-29)",Stephan_etal_1981_TableIII,1,Stephan et al 1981; Zilles and Rehkamper 1988,,,NA,direct_same_structure_unique,,,243,2019
Callimico_goeldii,Callimico goeldii,Total_brain_net_volume,Total_brain_net_volume_Vol.mm3,crosswalk_exact,10510,resolved_unique,Stephan_etal_1981_TableIII,"Stephan, Frahm & Baron 1981 (Folia Primatol 35:1-29)",Stephan_etal_1981_TableIII,1,Stephan et al 1981,,,NA,direct_same_structure_unique,,,243,2019
Callimico_goeldii,Callimico goeldii,Ventricles,Ventricles_Vol.mm3,crosswalk_exact,47.9,resolved_unique,Stephan_etal_1981_TableIII,"Stephan, Frahm & Baron 1981 (Folia Primatol 35:1-29)",Stephan_etal_1981_TableIII,1,Stephan et al 1981,,,NA,direct_same_structure_unique,,,243,2019
Callithrix_jacchus,Callithrix jacchus,ASG_Sousa,Area_striata_grey_matter_Vol.mm3,crosswalk_exact,566,resolved_fallback_restricted,deSousa_etal_2010 [restricted: Visual_volumes.xlsx],de Sousa et al. 2010 (J Hum Evol 58:281-292),Frahm_etal_1984_Table1; Frahm_etal_1998_Table1; deSousa_etal_2010 [restricted: Visual_volumes.xlsx],1,de Sousa et al 2010,1000,,Evo-M1 value matches Frahm_etal_1984_Table1 (not the metadata source); attributed to metadata source; see source_hunt,restricted_documents_near_perfect,Frahm_etal_1998_Table1; Frahm_etal_1984_Table1; deSousa_etal_2010 [restricted: Visual_volumes.xlsx]; deSousa_etal_2010 [restricted: deSousa_2010.csv]; Stephan_etal_1981 [restricted: Stephan_1981.csv],deSousa_etal_2010 [restricted: Visual_volumes.xlsx] = 0.566 (0.00%; scale 1000; restricted_checks/deSousa_etal_2010/comparison/Visual_volumes.xlsx R18C5; 0 prior contributions),0,2019
Callithrix_jacchus,Callithrix jacchus,Amygdala,Amygdala_Vol.mm3,crosswalk_exact,113,resolved_unique,Stephan_etal_1981_TableXI,"Stephan, Frahm & Baron 1981 (Folia Primatol 35:1-29)",Stephan_etal_1981_TableXI,1,Stephan et al 1981; Zilles and Rehkamper 1988,,,NA,direct_same_structure_unique,,,100,2019
Callithrix_jacchus,Callithrix jacchus,Body_weight,Body_Mass.g,crosswalk_exact,280,resolved_multiple,Stephan_etal_1981_TableIII,"Stephan, Frahm & Baron 1981 (Folia Primatol 35:1-29)",Matano__1986_TableI; Matano_etal_1985_a_Table1; Matano_etal_1985_b_Table1; Stephan_etal_1981_TableIII; Stephan_etal_1988_TABLE1,5,Stephan et al 1981; Zilles and Rehkamper 1988; Bauernfeind et al 2013,,,NA,direct_same_structure_multiple,,,243,2019
Callithrix_jacchus,Callithrix jacchus,Body_weight_1985a,Body_Mass.g,crosswalk_exact,280,resolved_multiple,Matano_etal_1985_a_Table1,Matano et al. 1985 (Folia Primatol 44:182-203),Matano__1986_TableI; Matano_etal_1985_a_Table1; Matano_etal_1985_b_Table1; Stephan_etal_1981_TableIII; Stephan_etal_1988_TABLE1,5,NA,,,NA,direct_same_structure_multiple,,,220,2019
Callithrix_jacchus,Callithrix jacchus,Brain_weight,Brain_Mass.mg,crosswalk_exact,7600,resolved_multiple,Stephan_etal_1981_TableIII,"Stephan, Frahm & Baron 1981 (Folia Primatol 35:1-29)",Stephan_etal_1981_TableIII; Stephan_etal_1988_TABLE1,2,Stephan et al 1981; Zilles and Rehkamper 1988; Bauernfeind et al 2013,,,NA,direct_same_structure_multiple,,,243,2019
Callithrix_jacchus,Callithrix jacchus,Brainvol,NA,no_defensible_volume_key,7335.91,metadata_only,NA,NA,,0,de Sousa et al 2010; Stephan et al 1981,,,NA,metadata_only_no_volume_crosswalk,,,0,2019
Callithrix_jacchus,Callithrix jacchus,Bulbus_olfactorius,Bulbus_olfactorius_Vol.mm3,crosswalk_exact,22.8,resolved_unique,Stephan_etal_1981_TableVI,"Stephan, Frahm & Baron 1981 (Folia Primatol 35:1-29)",Stephan_etal_1981_TableVI,1,Stephan et al 1981,,,NA,direct_same_structure_unique,,,215,2019
Callithrix_jacchus,Callithrix jacchus,Bulbus_olfactorius_accessorius,Bulbus_olfactorius_accessorius_Vol.mm3,crosswalk_exact,0.33,resolved_unique,Stephan_etal_1981_TableVI,"Stephan, Frahm & Baron 1981 (Folia Primatol 35:1-29)",Stephan_etal_1981_TableVI,1,Stephan et al 1981,,,NA,direct_same_structure_unique,,,215,2019
Callithrix_jacchus,Callithrix jacchus,Cerebellar_nuclei_total,Cerebellar_nuclei_total_Vol.mm3,crosswalk_exact,20.96,resolved_unique,Matano_etal_1985_a_Table1,Matano et al. 1985 (Folia Primatol 44:182-203),Matano_etal_1985_a_Table1,1,NA,,,NA,direct_same_structure_unique,,,220,2019
Callithrix_jacchus,Callithrix jacchus,Cerebellum,Cerebellum_Vol.mm3,crosswalk_exact,757,resolved_unique,Stephan_etal_1981_TableIII,"Stephan, Frahm & Baron 1981 (Folia Primatol 35:1-29)",Stephan_etal_1981_TableIII,1,Stephan et al 1981; Zilles and Rehkamper 1988,,,NA,direct_same_structure_unique,,,243,2019
Callithrix_jacchus,Callithrix jacchus,Complexus_centromedialis,Complexus_centromedialis_Vol.mm3,crosswalk_exact,28.3,resolved_unique,Stephan_etal_1981_TableXI,"Stephan, Frahm & Baron 1981 (Folia Primatol 35:1-29)",Stephan_etal_1981_TableXI,1,Stephan et al 1981,,,NA,direct_same_structure_unique,,,100,2019
Callithrix_jacchus,Callithrix jacchus,Complexus_cortico_basolateralis,Complexus_corticobasolateralis_Vol.mm3,crosswalk_exact,84.6,resolved_unique,Stephan_etal_1981_TableXI,"Stephan, Frahm & Baron 1981 (Folia Primatol 35:1-29)",Stephan_etal_1981_TableXI,1,Stephan et al 1981,,,NA,direct_same_structure_unique,,,100,2019
Callithrix_jacchus,Callithrix jacchus,Corpus.pineale,Corpus_pineal_Vol.mm3,crosswalk_exact,0.49,resolved_unique,Stephan_etal_1981_TableXVI,"Stephan, Frahm & Baron 1981 (Folia Primatol 35:1-29)",Stephan_etal_1981_TableXVI,1,Stephan et al 1981,,,NA,direct_same_structure_unique,,,103,2019
Callithrix_jacchus,Callithrix jacchus,Corpus.subcommissurale,Corpus_subcommissurale_Vol.mm3,crosswalk_exact,0.08,resolved_unique,Stephan_etal_1981_TableXVI,"Stephan, Frahm & Baron 1981 (Folia Primatol 35:1-29)",Stephan_etal_1981_TableXVI,1,Stephan et al 1981,,,NA,direct_same_structure_unique,,,103,2019
Callithrix_jacchus,Callithrix jacchus,Corpus.subfornicale,Corpus_subfornicale_Vol.mm3,crosswalk_exact,0.13,resolved_unique,Stephan_etal_1981_TableXVI,"Stephan, Frahm & Baron 1981 (Folia Primatol 35:1-29)",Stephan_etal_1981_TableXVI,1,Stephan et al 1981,,,NA,direct_same_structure_unique,,,103,2019
Callithrix_jacchus,Callithrix jacchus,Diencephalon,Diencephalon_Vol.mm3,crosswalk_exact,554,resolved_unique,Stephan_etal_1981_TableIII,"Stephan, Frahm & Baron 1981 (Folia Primatol 35:1-29)",Stephan_etal_1981_TableIII,1,Stephan et al 1981; Zilles and Rehkamper 1988,,,NA,direct_same_structure_unique,,,243,2019
Callithrix_jacchus,Callithrix jacchus,Hippocampus,Hippocampus_Vol.mm3,crosswalk_exact,221,resolved_unique,Stephan_etal_1981_TableVI,"Stephan, Frahm & Baron 1981 (Folia Primatol 35:1-29)",Stephan_etal_1981_TableVI,1,Stephan et al 1981; Zilles and Rehkamper 1988,,,NA,direct_same_structure_unique,,,215,2019
Callithrix_jacchus,Callithrix jacchus,Interpositus_cerebellar_nuclei,Interpositus_cerebellar_nuclei_Vol.mm3,crosswalk_exact,5.44,resolved_unique,Matano_etal_1985_a_Table1,Matano et al. 1985 (Folia Primatol 44:182-203),Matano_etal_1985_a_Table1,1,NA,,,NA,direct_same_structure_unique,,,220,2019
Callithrix_jacchus,Callithrix jacchus,LGN_Sousa,Corpus_geniculatum_laterale_Vol.mm3,crosswalk_exact,25.1,resolved_fallback_metadata,deSousa_etal_2010_SupTable2,de Sousa et al. 2010 (J Hum Evol 58:281-292),Stephan_etal_1984_Table1; deSousa_etal_2010_SupTable2; Frahm_etal_1998_Table1; Stephan_etal_1981_TableIX,2,de Sousa et al 2010; de Sousa et al 2013,,,Evo-M1 value matches Stephan_etal_1984_Table1 (not the metadata source); attributed to metadata source; see source_hunt,metadata_tables_near_perfect,deSousa_etal_2010_SupTable2; Frahm_etal_1998_Table1; Stephan_etal_1984_Table1; Stephan_etal_1981_TableIX; deSousa_etal_2010 [restricted: Visual_volumes.xlsx]; deSousa_etal_2010 [restricted: deSousa_2010.csv],deSousa_etal_2010_SupTable2 = 25 (Corpus_geniculatum_laterale_Vol.mm3; 0.40%; scale 1; 0 prior contributions),0,2019
Callithrix_jacchus,Callithrix jacchus,Lateral_cerebellar_nuclei,Lateral_cerebellar_nuclei_Vol.mm3,crosswalk_exact,7.93,resolved_unique,Matano_etal_1985_a_Table1,Matano et al. 1985 (Folia Primatol 44:182-203),Matano_etal_1985_a_Table1,1,NA,,,NA,direct_same_structure_unique,,,220,2019
Callithrix_jacchus,Callithrix jacchus,Lobus_piriformis,Lobus_piriformis_Vol.mm3,crosswalk_exact,191,resolved_unique,Stephan_etal_1981_TableVI,"Stephan, Frahm & Baron 1981 (Folia Primatol 35:1-29)",Stephan_etal_1981_TableVI,1,Stephan et al 1981; Zilles and Rehkamper 1988,,,NA,direct_same_structure_unique,,,215,2019
Callithrix_jacchus,Callithrix jacchus,Medial_cerebellar_nuclei,Medial_cerebellar_nuclei_Vol.mm3,crosswalk_exact,7.59,resolved_unique,Matano_etal_1985_a_Table1,Matano et al. 1985 (Folia Primatol 44:182-203),Matano_etal_1985_a_Table1,1,NA,,,NA,direct_same_structure_unique,,,220,2019
Callithrix_jacchus,Callithrix jacchus,Medulla_oblongata,Medulla_oblongata_Vol.mm3,crosswalk_exact,318,resolved_unique,Stephan_etal_1981_TableIII,"Stephan, Frahm & Baron 1981 (Folia Primatol 35:1-29)",Stephan_etal_1981_TableIII,1,Stephan et al 1981; Zilles and Rehkamper 1988,,,NA,direct_same_structure_unique,,,243,2019
Callithrix_jacchus,Callithrix jacchus,Meninges_hypophysis_nerves_etc,NA,no_defensible_volume_key,42.9,metadata_only,NA,NA,,0,Stephan et al 1981,,,NA,metadata_only_no_volume_crosswalk,,,0,2019
Callithrix_jacchus,Callithrix jacchus,Mesencephalon,Mesencephalon_Vol.mm3,crosswalk_exact,295,resolved_unique,Stephan_etal_1981_TableIII,"Stephan, Frahm & Baron 1981 (Folia Primatol 35:1-29)",Stephan_etal_1981_TableIII,1,Stephan et al 1981; Zilles and Rehkamper 1988,,,NA,direct_same_structure_unique,,,243,2019
Callithrix_jacchus,Callithrix jacchus,NeoG_Frahm,Neocortex_grey_matter_Vol.mm3,crosswalk_exact,3564,resolved_unique,Frahm_etal_1982_Table2,"Frahm, Stephan & Stephan 1982 (J Hirnforsch 23:375-389)",Frahm_etal_1982_Table2,1,Frahm et al 1992; Zilles and Rehkamper 1988,,,NA,direct_same_structure_unique,,,46,2019
Callithrix_jacchus,Callithrix jacchus,NeoWG,Neocortex_Vol.mm3,crosswalk_exact,4371,resolved_multiple,Stephan_etal_1981_TableVI,"Stephan, Frahm & Baron 1981 (Folia Primatol 35:1-29)",Frahm_etal_1982_Table2; Stephan_etal_1981_TableVI,2,Stephan et al 1981; Zilles and Rehkamper 1988,,,NA,direct_same_structure_multiple,,,215,2019
Callithrix_jacchus,Callithrix jacchus,NeoW_Frahm,Neocortex_white_matter_Vol.mm3,crosswalk_exact,807.1,resolved_unique,Frahm_etal_1982_Table2,"Frahm, Stephan & Stephan 1982 (J Hirnforsch 23:375-389)",Frahm_etal_1982_Table2,1,Frahm et al 1992; Zilles and Rehkamper 1988,,,NA,direct_same_structure_unique,,,46,2019
Callithrix_jacchus,Callithrix jacchus,Nucleus.habenularis.medialis,Nucleus_habenularis_medialis_Vol.mm3,crosswalk_exact,1.63,resolved_unique,Stephan_etal_1981_TableXVI,"Stephan, Frahm & Baron 1981 (Folia Primatol 35:1-29)",Stephan_etal_1981_TableXVI,1,Stephan et al 1981,,,NA,direct_same_structure_unique,,,103,2019
Callithrix_jacchus,Callithrix jacchus,Nucleus.septalis.triangularis,Nucleus_septalis_triangularis_Vol.mm3,crosswalk_exact,0.44,resolved_unique,Stephan_etal_1981_TableXVI,"Stephan, Frahm & Baron 1981 (Folia Primatol 35:1-29)",Stephan_etal_1981_TableXVI,1,Stephan et al 1981,,,NA,direct_same_structure_unique,,,103,2019
Callithrix_jacchus,Callithrix jacchus,Nucleus_amygdalae_basalis_parsmagnocellularis,Nucleus_amygdalae_basalis_pars_magnocellularis_Vol.mm3,crosswalk_exact,8.57,resolved_unique,Stephan_etal_1981_TableXI,"Stephan, Frahm & Baron 1981 (Folia Primatol 35:1-29)",Stephan_etal_1981_TableXI,1,Stephan et al 1981,,,NA,direct_same_structure_unique,,,100,2019
Callithrix_jacchus,Callithrix jacchus,Nucleus_tractus_olfactorius,Nucleus_tractus_olfactorius_Vol.mm3,crosswalk_exact,0.2,resolved_unique,Stephan_etal_1981_TableXI,"Stephan, Frahm & Baron 1981 (Folia Primatol 35:1-29)",Stephan_etal_1981_TableXI,1,Stephan et al 1981,,,NA,direct_same_structure_unique,,,100,2019
Callithrix_jacchus,Callithrix jacchus,Palaeocortex,Palaeocortex_Vol.mm3,crosswalk_exact,99.3,resolved_unique,Stephan_etal_1981_TableXI,"Stephan, Frahm & Baron 1981 (Folia Primatol 35:1-29)",Stephan_etal_1981_TableXI,1,Stephan et al 1981; Zilles and Rehkamper 1988,,,NA,direct_same_structure_unique,,,100,2019
Callithrix_jacchus,Callithrix jacchus,Pons,Ventral_pons_Vol.mm3,Matano ventral pons,38.8,resolved_unique,Matano_etal_1985_b_Table1,Matano et al. 1985 (Folia Primatol 44:182-203),Matano_etal_1985_b_Table1,1,Matano et al 1985; Zilles and Rehkamper 1988,,,NA,direct_same_structure_unique,,,40,2019
Callithrix_jacchus,Callithrix jacchus,Schizocortex,Schizo_cortex_Vol.mm3,crosswalk_exact,90,resolved_unique,Stephan_etal_1981_TableVI,"Stephan, Frahm & Baron 1981 (Folia Primatol 35:1-29)",Stephan_etal_1981_TableVI,1,Stephan et al 1981,,,NA,direct_same_structure_unique,,,215,2019
Callithrix_jacchus,Callithrix jacchus,Septum,Septum_Vol.mm3,crosswalk_exact,49.8,resolved_unique,Stephan_etal_1981_TableVI,"Stephan, Frahm & Baron 1981 (Folia Primatol 35:1-29)",Stephan_etal_1981_TableVI,1,Stephan et al 1981; Zilles and Rehkamper 1988,,,NA,direct_same_structure_unique,,,215,2019
Callithrix_jacchus,Callithrix jacchus,Striatum,Striatum_Vol.mm3,crosswalk_exact,372,resolved_unique,Stephan_etal_1981_TableVI,"Stephan, Frahm & Baron 1981 (Folia Primatol 35:1-29)",Stephan_etal_1981_TableVI,1,Stephan et al 1981; Zilles and Rehkamper 1988,,,NA,direct_same_structure_unique,,,215,2019
Callithrix_jacchus,Callithrix jacchus,Telencephalon,Telencephalon_Vol.mm3,crosswalk_exact,5318,resolved_unique,Stephan_etal_1981_TableIII,"Stephan, Frahm & Baron 1981 (Folia Primatol 35:1-29)",Stephan_etal_1981_TableIII,1,Stephan et al 1981; Zilles and Rehkamper 1988,,,NA,direct_same_structure_unique,,,243,2019
Callithrix_jacchus,Callithrix jacchus,Total_brain_net_volume,Total_brain_net_volume_Vol.mm3,crosswalk_exact,7241,resolved_unique,Stephan_etal_1981_TableIII,"Stephan, Frahm & Baron 1981 (Folia Primatol 35:1-29)",Stephan_etal_1981_TableIII,1,Stephan et al 1981,,,NA,direct_same_structure_unique,,,243,2019
Callithrix_jacchus,Callithrix jacchus,Ventricles,Ventricles_Vol.mm3,crosswalk_exact,52,resolved_unique,Stephan_etal_1981_TableIII,"Stephan, Frahm & Baron 1981 (Folia Primatol 35:1-29)",Stephan_etal_1981_TableIII,1,Stephan et al 1981,,,NA,direct_same_structure_unique,,,243,2019
Callithrix_pygmaea,Callithrix pygmaea,ASG_Sousa,Area_striata_grey_matter_Vol.mm3,crosswalk_exact,363,resolved_fallback_restricted,deSousa_etal_2010 [restricted: Visual_volumes.xlsx],de Sousa et al. 2010 (J Hum Evol 58:281-292),Frahm_etal_1984_Table1; Frahm_etal_1998_Table1; deSousa_etal_2010 [restricted: Visual_volumes.xlsx],1,de Sousa et al 2010,1000,,Evo-M1 value matches Frahm_etal_1984_Table1 (not the metadata source); attributed to metadata source; see source_hunt,restricted_documents_near_perfect,Frahm_etal_1998_Table1; Frahm_etal_1984_Table1; deSousa_etal_2010 [restricted: Visual_volumes.xlsx]; deSousa_etal_2010 [restricted: deSousa_2010.csv]; Stephan_etal_1981 [restricted: Stephan_1981.csv],deSousa_etal_2010 [restricted: Visual_volumes.xlsx] = 0.363 (0.00%; scale 1000; restricted_checks/deSousa_etal_2010/comparison/Visual_volumes.xlsx R19C5; 0 prior contributions),0,2019
Callithrix_pygmaea,Callithrix pygmaea,Agranular_volume_L,Agranular_insular_cortex_left_Vol.mm3,crosswalk_exact,1,resolved_fallback_restricted,Bauernfeind_etal_2013 [restricted: Bauernfeind_2013.csv],Bauernfeind et al. 2013 (J Hum Evol 64:263-279),Bauernfeind_etal_2013 [restricted: Bauernfeind_2013.csv],0,Bauernfeind et al 2013,,,NA,restricted_documents_near_perfect,Bauernfeind_etal_2013 [restricted: Bauernfeind_2013.csv],Bauernfeind_etal_2013 [restricted: Bauernfeind_2013.csv] = 1 (0.00%; scale 1; restricted_checks/Bauernfeind_etal_2013/comparison/Bauernfeind_2013.csv R15C9; 181 prior contributions),181,2019
Callithrix_pygmaea,Callithrix pygmaea,Body_mass,Body_Mass.g,crosswalk_exact,110,resolved_fallback_restricted,Bauernfeind_etal_2013 [restricted: Bauernfeind_2013.csv],Bauernfeind et al. 2013 (J Hum Evol 64:263-279),Bauernfeind_etal_2013 [restricted: Bauernfeind_2013.csv],5,Bauernfeind et al 2013,,,Matano_etal_1985_a_Table1 = 120 (8.3%),restricted_documents_near_perfect,Bauernfeind_etal_2013 [restricted: Bauernfeind_2013.csv],Bauernfeind_etal_2013 [restricted: Bauernfeind_2013.csv] = 110 (0.00%; scale 1; restricted_checks/Bauernfeind_etal_2013/comparison/Bauernfeind_2013.csv R15C6; 181 prior contributions),181,2019
Callithrix_pygmaea,Callithrix pygmaea,Body_weight,Body_Mass.g,crosswalk_exact,140,resolved_multiple,Stephan_etal_1981_TableIII,"Stephan, Frahm & Baron 1981 (Folia Primatol 35:1-29)",Matano__1986_TableI; Stephan_etal_1981_TableIII,5,Stephan et al 1981; Zilles and Rehkamper 1988; Bauernfeind et al 2013,,,NA,direct_same_structure_multiple,,,243,2019
Callithrix_pygmaea,Callithrix pygmaea,Body_weight_1985a,Body_Mass.g,crosswalk_exact,120,resolved_multiple,Matano_etal_1985_a_Table1,Matano et al. 1985 (Folia Primatol 44:182-203),Matano_etal_1985_a_Table1; Matano_etal_1985_b_Table1; Stephan_etal_1988_TABLE1,5,NA,,,NA,direct_same_structure_multiple,,,220,2019
Callithrix_pygmaea,Callithrix pygmaea,Brain_mass,Brain_Mass.mg,crosswalk_exact,4200,resolved_fallback_restricted,Bauernfeind_etal_2013 [restricted: Bauernfeind_2013.csv],Bauernfeind et al. 2013 (J Hum Evol 64:263-279),Frahm_etal_1998_Table1; Bauernfeind_etal_2013 [restricted: Bauernfeind_2013.csv],2,Bauernfeind et al 2013,,,Stephan_etal_1988_TABLE1 = 4150 (1.2%),restricted_documents_near_perfect,Frahm_etal_1998_Table1; Bauernfeind_etal_2013 [restricted: Bauernfeind_2013.csv]; Bauernfeind_etal_2013 [restricted: insulaAmy.xls],Bauernfeind_etal_2013 [restricted: Bauernfeind_2013.csv] = 4200 (0.00%; scale 1; restricted_checks/Bauernfeind_etal_2013/comparison/Bauernfeind_2013.csv R15C7; 181 prior contributions),181,2019
Callithrix_pygmaea,Callithrix pygmaea,Brain_volume,NA,no_defensible_volume_key,4005.8,metadata_only,NA,NA,,0,Bauernfeind et al 2013,,,NA,metadata_only_no_volume_crosswalk,,,0,2019
Callithrix_pygmaea,Callithrix pygmaea,Brain_weight,Brain_Mass.mg,crosswalk_exact,4500,resolved_unique,Stephan_etal_1981_TableIII,"Stephan, Frahm & Baron 1981 (Folia Primatol 35:1-29)",Stephan_etal_1981_TableIII,2,Stephan et al 1981; Zilles and Rehkamper 1988; Bauernfeind et al 2013,,,NA,direct_same_structure_unique,,,243,2019
Callithrix_pygmaea,Callithrix pygmaea,Brainvol,NA,no_defensible_volume_key,4343.63,metadata_only,NA,NA,,0,de Sousa et al 2010; Stephan et al 1981,,,NA,metadata_only_no_volume_crosswalk,,,0,2019
Callithrix_pygmaea,Callithrix pygmaea,Bulbus_olfactorius,Bulbus_olfactorius_Vol.mm3,crosswalk_exact,12.3,resolved_unique,Stephan_etal_1981_TableVI,"Stephan, Frahm & Baron 1981 (Folia Primatol 35:1-29)",Stephan_etal_1981_TableVI,1,Stephan et al 1981,,,NA,direct_same_structure_unique,,,215,2019
Callithrix_pygmaea,Callithrix pygmaea,Bulbus_olfactorius_accessorius,Bulbus_olfactorius_accessorius_Vol.mm3,crosswalk_exact,0.39,resolved_unique,Stephan_etal_1981_TableVI,"Stephan, Frahm & Baron 1981 (Folia Primatol 35:1-29)",Stephan_etal_1981_TableVI,1,Stephan et al 1981,,,NA,direct_same_structure_unique,,,215,2019
Callithrix_pygmaea,Callithrix pygmaea,Capsula_interna,Capsula_interna_Vol.mm3,crosswalk_exact,21.8,resolved_unique,Stephan_etal_1981_TableVIII,"Stephan, Frahm & Baron 1981 (Folia Primatol 35:1-29)",Stephan_etal_1981_TableVIII,1,Stephan et al 1981,,,NA,direct_same_structure_unique,,,200,2019
Callithrix_pygmaea,Callithrix pygmaea,Cerebellar_nuclei_total,Cerebellar_nuclei_total_Vol.mm3,crosswalk_exact,11.48,resolved_unique,Matano_etal_1985_a_Table1,Matano et al. 1985 (Folia Primatol 44:182-203),Matano_etal_1985_a_Table1,1,NA,,,NA,direct_same_structure_unique,,,220,2019
Callithrix_pygmaea,Callithrix pygmaea,Cerebellum,Cerebellum_Vol.mm3,crosswalk_exact,468,resolved_unique,Stephan_etal_1981_TableIII,"Stephan, Frahm & Baron 1981 (Folia Primatol 35:1-29)",Stephan_etal_1981_TableIII,1,Stephan et al 1981; Zilles and Rehkamper 1988,,,NA,direct_same_structure_unique,,,243,2019
Callithrix_pygmaea,Callithrix pygmaea,Complexus.vestibularis,Complexus_vestibularis_unilateral_Vol.mm3,crosswalk_exact,11.1,resolved_multiple,Stephan_etal_1981_TableXIII,"Stephan, Frahm & Baron 1981 (Folia Primatol 35:1-29)",Matano__1986_TableI; Stephan_etal_1981_TableXIII,2,Stephan et al 1981,,,NA,direct_same_structure_multiple,,,129,2019
Callithrix_pygmaea,Callithrix pygmaea,Diencephalon,Diencephalon_Vol.mm3,crosswalk_exact,342,resolved_unique,Stephan_etal_1981_TableIII,"Stephan, Frahm & Baron 1981 (Folia Primatol 35:1-29)",Stephan_etal_1981_TableIII,1,Stephan et al 1981; Zilles and Rehkamper 1988,,,NA,direct_same_structure_unique,,,243,2019
Callithrix_pygmaea,Callithrix pygmaea,Dysgranular_volume_L,Dysgranular_insular_cortex_left_Vol.mm3,crosswalk_exact,7,resolved_fallback_restricted,Bauernfeind_etal_2013 [restricted: Bauernfeind_2013.csv],Bauernfeind et al. 2013 (J Hum Evol 64:263-279),Bauernfeind_etal_2013 [restricted: Bauernfeind_2013.csv],0,Bauernfeind et al 2013,,,NA,restricted_documents_near_perfect,Bauernfeind_etal_2013 [restricted: Bauernfeind_2013.csv],Bauernfeind_etal_2013 [restricted: Bauernfeind_2013.csv] = 7 (0.00%; scale 1; restricted_checks/Bauernfeind_etal_2013/comparison/Bauernfeind_2013.csv R15C10; 181 prior contributions),181,2019
Callithrix_pygmaea,Callithrix pygmaea,Epithalamus,Epithalamus_Vol.mm3,crosswalk_exact,3.68,resolved_unique,Stephan_etal_1981_TableVIII,"Stephan, Frahm & Baron 1981 (Folia Primatol 35:1-29)",Stephan_etal_1981_TableVIII,1,Stephan et al 1981,,,NA,direct_same_structure_unique,,,200,2019
Callithrix_pygmaea,Callithrix pygmaea,Granular_volume_L,Granular_insular_cortex_left_Vol.mm3,crosswalk_exact,3,resolved_fallback_restricted,Bauernfeind_etal_2013 [restricted: Bauernfeind_2013.csv],Bauernfeind et al. 2013 (J Hum Evol 64:263-279),Bauernfeind_etal_2013 [restricted: Bauernfeind_2013.csv],0,Bauernfeind et al 2013,,,NA,restricted_documents_near_perfect,Bauernfeind_etal_2013 [restricted: Bauernfeind_2013.csv],Bauernfeind_etal_2013 [restricted: Bauernfeind_2013.csv] = 3 (0.00%; scale 1; restricted_checks/Bauernfeind_etal_2013/comparison/Bauernfeind_2013.csv R15C12; 181 prior contributions),181,2019
Callithrix_pygmaea,Callithrix pygmaea,Hippocampus,Hippocampus_Vol.mm3,crosswalk_exact,133,resolved_unique,Stephan_etal_1981_TableVI,"Stephan, Frahm & Baron 1981 (Folia Primatol 35:1-29)",Stephan_etal_1981_TableVI,1,Stephan et al 1981; Zilles and Rehkamper 1988,,,NA,direct_same_structure_unique,,,215,2019
Callithrix_pygmaea,Callithrix pygmaea,Hypothalamus,Hypothalamus_Vol.mm3,crosswalk_exact,69.2,resolved_unique,Stephan_etal_1981_TableVIII,"Stephan, Frahm & Baron 1981 (Folia Primatol 35:1-29)",Stephan_etal_1981_TableVIII,1,Stephan et al 1981,,,NA,direct_same_structure_unique,,,200,2019
Callithrix_pygmaea,Callithrix pygmaea,Interpositus_cerebellar_nuclei,Interpositus_cerebellar_nuclei_Vol.mm3,crosswalk_exact,3.2,resolved_unique,Matano_etal_1985_a_Table1,Matano et al. 1985 (Folia Primatol 44:182-203),Matano_etal_1985_a_Table1,1,NA,,,NA,direct_same_structure_unique,,,220,2019
Callithrix_pygmaea,Callithrix pygmaea,LGN_Sousa,Corpus_geniculatum_laterale_Vol.mm3,crosswalk_exact,16.9,resolved_fallback_restricted,deSousa_etal_2010 [restricted: Visual_volumes.xlsx],de Sousa et al. 2010 (J Hum Evol 58:281-292),Frahm_etal_1998_Table1; deSousa_etal_2010 [restricted: Visual_volumes.xlsx],0,de Sousa et al 2010; de Sousa et al 2013,,,NA,restricted_documents_near_perfect,Frahm_etal_1998_Table1; deSousa_etal_2010 [restricted: Visual_volumes.xlsx]; deSousa_etal_2010 [restricted: deSousa_2010.csv],deSousa_etal_2010 [restricted: Visual_volumes.xlsx] = 16.9 (0.00%; scale 1; restricted_checks/deSousa_etal_2010/comparison/Visual_volumes.xlsx R19C10; 0 prior contributions),0,2019
Callithrix_pygmaea,Callithrix pygmaea,Lateral_cerebellar_nuclei,Lateral_cerebellar_nuclei_Vol.mm3,crosswalk_exact,4.35,resolved_unique,Matano_etal_1985_a_Table1,Matano et al. 1985 (Folia Primatol 44:182-203),Matano_etal_1985_a_Table1,1,NA,,,NA,direct_same_structure_unique,,,220,2019
Callithrix_pygmaea,Callithrix pygmaea,Lobus_piriformis,Lobus_piriformis_Vol.mm3,crosswalk_exact,133,resolved_unique,Stephan_etal_1981_TableVI,"Stephan, Frahm & Baron 1981 (Folia Primatol 35:1-29)",Stephan_etal_1981_TableVI,1,Stephan et al 1981; Zilles and Rehkamper 1988,,,NA,direct_same_structure_unique,,,215,2019
Callithrix_pygmaea,Callithrix pygmaea,Medial_cerebellar_nuclei,Medial_cerebellar_nuclei_Vol.mm3,crosswalk_exact,3.93,resolved_unique,Matano_etal_1985_a_Table1,Matano et al. 1985 (Folia Primatol 44:182-203),Matano_etal_1985_a_Table1,1,NA,,,NA,direct_same_structure_unique,,,220,2019
Callithrix_pygmaea,Callithrix pygmaea,Medulla_oblongata,Medulla_oblongata_Vol.mm3,crosswalk_exact,201,resolved_unique,Stephan_etal_1981_TableIII,"Stephan, Frahm & Baron 1981 (Folia Primatol 35:1-29)",Stephan_etal_1981_TableIII,1,Stephan et al 1981; Zilles and Rehkamper 1988,,,NA,direct_same_structure_unique,,,243,2019
Callithrix_pygmaea,Callithrix pygmaea,Meninges_hypophysis_nerves_etc,NA,no_defensible_volume_key,16.9,metadata_only,NA,NA,,0,Stephan et al 1981,,,NA,metadata_only_no_volume_crosswalk,,,0,2019
Callithrix_pygmaea,Callithrix pygmaea,Mesencephalon,Mesencephalon_Vol.mm3,crosswalk_exact,192,resolved_unique,Stephan_etal_1981_TableIII,"Stephan, Frahm & Baron 1981 (Folia Primatol 35:1-29)",Stephan_etal_1981_TableIII,1,Stephan et al 1981; Zilles and Rehkamper 1988,,,NA,direct_same_structure_unique,,,243,2019
Callithrix_pygmaea,Callithrix pygmaea,NeoG_Frahm,Neocortex_grey_matter_Vol.mm3,crosswalk_exact,2139,resolved_unique,Frahm_etal_1982_Table2,"Frahm, Stephan & Stephan 1982 (J Hirnforsch 23:375-389)",Frahm_etal_1982_Table2,1,Frahm et al 1992; Zilles and Rehkamper 1988,,,NA,direct_same_structure_unique,,,46,2019
Callithrix_pygmaea,Callithrix pygmaea,NeoWG,Neocortex_Vol.mm3,crosswalk_exact,2535,resolved_multiple,Stephan_etal_1981_TableVI,"Stephan, Frahm & Baron 1981 (Folia Primatol 35:1-29)",Frahm_etal_1982_Table2; Stephan_etal_1981_TableVI,2,Stephan et al 1981; Zilles and Rehkamper 1988,,,NA,direct_same_structure_multiple,,,215,2019
Callithrix_pygmaea,Callithrix pygmaea,NeoW_Frahm,Neocortex_white_matter_Vol.mm3,crosswalk_exact,395.3,resolved_unique,Frahm_etal_1982_Table2,"Frahm, Stephan & Stephan 1982 (J Hirnforsch 23:375-389)",Frahm_etal_1982_Table2,1,Frahm et al 1992; Zilles and Rehkamper 1988,,,NA,direct_same_structure_unique,,,46,2019
Callithrix_pygmaea,Callithrix pygmaea,Nucleus.vestibularis.descendens,Nucleus_vestibularis_descendens_unilateral_Vol.mm3,crosswalk_exact,1.96,resolved_multiple,Stephan_etal_1981_TableXIII,"Stephan, Frahm & Baron 1981 (Folia Primatol 35:1-29)",Matano__1986_TableI; Stephan_etal_1981_TableXIII,2,Stephan et al 1981,,,NA,direct_same_structure_multiple,,,129,2019
Callithrix_pygmaea,Callithrix pygmaea,Nucleus.vestibularis.lateralis,Nucleus_vestibularis_lateralis_unilateral_Vol.mm3,crosswalk_exact,2.94,resolved_multiple,Stephan_etal_1981_TableXIII,"Stephan, Frahm & Baron 1981 (Folia Primatol 35:1-29)",Matano__1986_TableI; Stephan_etal_1981_TableXIII,2,Stephan et al 1981,,,NA,direct_same_structure_multiple,,,129,2019
Callithrix_pygmaea,Callithrix pygmaea,Nucleus.vestibularis.medialis,Nucleus_vestibularis_medialis_unilateral_Vol.mm3,crosswalk_exact,4.11,resolved_multiple,Stephan_etal_1981_TableXIII,"Stephan, Frahm & Baron 1981 (Folia Primatol 35:1-29)",Matano__1986_TableI; Stephan_etal_1981_TableXIII,2,Stephan et al 1981,,,NA,direct_same_structure_multiple,,,129,2019
Callithrix_pygmaea,Callithrix pygmaea,Nucleus.vestibularis.superior,Nucleus_vestibularis_superior_unilateral_Vol.mm3,crosswalk_exact,2.1,resolved_multiple,Stephan_etal_1981_TableXIII,"Stephan, Frahm & Baron 1981 (Folia Primatol 35:1-29)",Matano__1986_TableI; Stephan_etal_1981_TableXIII,2,Stephan et al 1981,,,NA,direct_same_structure_multiple,,,129,2019
Callithrix_pygmaea,Callithrix pygmaea,Nucleus_subthalamicus,Nucleus_subthalamicus_Vol.mm3,crosswalk_exact,1.95,resolved_unique,Stephan_etal_1981_TableVIII,"Stephan, Frahm & Baron 1981 (Folia Primatol 35:1-29)",Stephan_etal_1981_TableVIII,1,Stephan et al 1981,,,NA,direct_same_structure_unique,,,200,2019
Callithrix_pygmaea,Callithrix pygmaea,Pallidum,Pallidum_Vol.mm3,crosswalk_exact,25.8,resolved_unique,Stephan_etal_1981_TableVIII,"Stephan, Frahm & Baron 1981 (Folia Primatol 35:1-29)",Stephan_etal_1981_TableVIII,1,Stephan et al 1981; Zilles and Rehkamper 1988,,,NA,direct_same_structure_unique,,,200,2019
Callithrix_pygmaea,Callithrix pygmaea,Pons,Ventral_pons_Vol.mm3,Matano ventral pons,17.5,resolved_unique,Matano_etal_1985_b_Table1,Matano et al. 1985 (Folia Primatol 44:182-203),Matano_etal_1985_b_Table1,1,Matano et al 1985; Zilles and Rehkamper 1988,,,NA,direct_same_structure_unique,,,40,2019
Callithrix_pygmaea,Callithrix pygmaea,Schizocortex,Schizo_cortex_Vol.mm3,crosswalk_exact,81.8,resolved_unique,Stephan_etal_1981_TableVI,"Stephan, Frahm & Baron 1981 (Folia Primatol 35:1-29)",Stephan_etal_1981_TableVI,1,Stephan et al 1981,,,NA,direct_same_structure_unique,,,215,2019
Callithrix_pygmaea,Callithrix pygmaea,Septum,Septum_Vol.mm3,crosswalk_exact,29.2,resolved_unique,Stephan_etal_1981_TableVI,"Stephan, Frahm & Baron 1981 (Folia Primatol 35:1-29)",Stephan_etal_1981_TableVI,1,Stephan et al 1981; Zilles and Rehkamper 1988,,,NA,direct_same_structure_unique,,,215,2019
Callithrix_pygmaea,Callithrix pygmaea,Striatum,Striatum_Vol.mm3,crosswalk_exact,174,resolved_unique,Stephan_etal_1981_TableVI,"Stephan, Frahm & Baron 1981 (Folia Primatol 35:1-29)",Stephan_etal_1981_TableVI,1,Stephan et al 1981; Zilles and Rehkamper 1988,,,NA,direct_same_structure_unique,,,215,2019
Callithrix_pygmaea,Callithrix pygmaea,Subthalamus,Subthalamus_Vol.mm3,crosswalk_exact,27.7,resolved_unique,Stephan_etal_1981_TableVIII,"Stephan, Frahm & Baron 1981 (Folia Primatol 35:1-29)",Stephan_etal_1981_TableVIII,1,Stephan et al 1981,,,NA,direct_same_structure_unique,,,200,2019
Callithrix_pygmaea,Callithrix pygmaea,Telencephalon,Telencephalon_Vol.mm3,crosswalk_exact,3099,resolved_unique,Stephan_etal_1981_TableIII,"Stephan, Frahm & Baron 1981 (Folia Primatol 35:1-29)",Stephan_etal_1981_TableIII,1,Stephan et al 1981; Zilles and Rehkamper 1988,,,NA,direct_same_structure_unique,,,243,2019
Callithrix_pygmaea,Callithrix pygmaea,Thalamus,Thalamus_Vol.mm3,crosswalk_exact,190,resolved_unique,Stephan_etal_1981_TableVIII,"Stephan, Frahm & Baron 1981 (Folia Primatol 35:1-29)",Stephan_etal_1981_TableVIII,1,Stephan et al 1981,,,NA,direct_same_structure_unique,,,200,2019
Callithrix_pygmaea,Callithrix pygmaea,Total_brain_net_volume,Total_brain_net_volume_Vol.mm3,crosswalk_exact,4302,resolved_unique,Stephan_etal_1981_TableIII,"Stephan, Frahm & Baron 1981 (Folia Primatol 35:1-29)",Stephan_etal_1981_TableIII,1,Stephan et al 1981,,,NA,direct_same_structure_unique,,,243,2019
Callithrix_pygmaea,Callithrix pygmaea,Total_insula_volume_L,Insula_left_Vol.mm3,crosswalk_exact,11,resolved_fallback_restricted,Bauernfeind_etal_2013 [restricted: Bauernfeind_2013.csv],Bauernfeind et al. 2013 (J Hum Evol 64:263-279),Bauernfeind_etal_2013 [restricted: Bauernfeind_2013.csv],0,Bauernfeind et al 2013,,,NA,restricted_documents_near_perfect,Bauernfeind_etal_2013 [restricted: Bauernfeind_2013.csv]; Matano_etal_1985_a [restricted: Matano_1985a.csv],Bauernfeind_etal_2013 [restricted: Bauernfeind_2013.csv] = 11 (0.00%; scale 1; restricted_checks/Bauernfeind_etal_2013/comparison/Bauernfeind_2013.csv R15C13; 181 prior contributions),181,2019
Callithrix_pygmaea,Callithrix pygmaea,Tractus_opticus,Tractus_opticus_Vol.mm3,crosswalk_exact,23.8,resolved_unique,Stephan_etal_1981_TableVIII,"Stephan, Frahm & Baron 1981 (Folia Primatol 35:1-29)",Stephan_etal_1981_TableVIII,1,Stephan et al 1981,,,NA,direct_same_structure_unique,,,200,2019
Callithrix_pygmaea,Callithrix pygmaea,Ventricles,Ventricles_Vol.mm3,crosswalk_exact,24.5,resolved_unique,Stephan_etal_1981_TableIII,"Stephan, Frahm & Baron 1981 (Folia Primatol 35:1-29)",Stephan_etal_1981_TableIII,1,Stephan et al 1981,,,NA,direct_same_structure_unique,,,243,2019
Cebus_albifrons,Cebus albifrons,ASG_Sousa,Area_striata_grey_matter_Vol.mm3,crosswalk_exact,3764,resolved_fallback_metadata,deSousa_etal_2010_SupTable2,de Sousa et al. 2010 (J Hum Evol 58:281-292),Frahm_etal_1984_Table1; deSousa_etal_2010_SupTable2; Smaers_etal_2017_TableS1part1; Frahm_etal_1998_Table1,1,de Sousa et al 2010,,,Evo-M1 value matches Frahm_etal_1984_Table1 (not the metadata source); attributed to metadata source; see source_hunt,metadata_tables_near_perfect,deSousa_etal_2010_SupTable2; Smaers_etal_2017_TableS1part1; Frahm_etal_1998_Table1; Frahm_etal_1984_Table1; deSousa_etal_2010 [restricted: Visual_volumes.xlsx]; deSousa_etal_2010 [restricted: deSousa_2010.csv]; Stephan_etal_1981 [restricted: Stephan_1981.csv],deSousa_etal_2010_SupTable2 = 3800 (Area_striata_grey_matter_Vol.mm3; 0.95%; scale 1; 0 prior contributions),0,2019
Cebus_albifrons,Cebus albifrons,Agranular_volume_L,Agranular_insular_cortex_left_Vol.mm3,crosswalk_exact,34,resolved_unique,Bauernfeind_etal_2013_Table1,Bauernfeind et al. 2013 (J Hum Evol 64:263-279),Bauernfeind_etal_2013_Table1,1,Bauernfeind et al 2013,,,NA,direct_same_structure_unique,,,181,2019
Cebus_albifrons,Cebus albifrons,Amygdala,Amygdala_Vol.mm3,crosswalk_exact,502,resolved_unique,Stephan_etal_1981_TableXI,"Stephan, Frahm & Baron 1981 (Folia Primatol 35:1-29)",Stephan_etal_1981_TableXI,1,Stephan et al 1981; Zilles and Rehkamper 1988,,,NA,direct_same_structure_unique,,,100,2019
Cebus_albifrons,Cebus albifrons,Body_mass,Body_Mass.g,crosswalk_exact,3180,resolved_unique,Bauernfeind_etal_2013_Table1,Bauernfeind et al. 2013 (J Hum Evol 64:263-279),Bauernfeind_etal_2013_Table1,6,Bauernfeind et al 2013,,,NA,direct_same_structure_unique,,,181,2019
Cebus_albifrons,Cebus albifrons,Body_weight,Body_Mass.g,crosswalk_exact,3100,resolved_multiple,Stephan_etal_1981_TableIII,"Stephan, Frahm & Baron 1981 (Folia Primatol 35:1-29)",Matano__1986_TableI; Matano_etal_1985_a_Table1; Matano_etal_1985_b_Table1; Stephan_etal_1981_TableIII; Stephan_etal_1988_TABLE1,6,Stephan et al 1981; Zilles and Rehkamper 1988; Bauernfeind et al 2013,,,NA,direct_same_structure_multiple,,,243,2019
Cebus_albifrons,Cebus albifrons,Body_weight_1985a,Body_Mass.g,crosswalk_exact,3100,resolved_multiple,Matano_etal_1985_a_Table1,Matano et al. 1985 (Folia Primatol 44:182-203),Matano__1986_TableI; Matano_etal_1985_a_Table1; Matano_etal_1985_b_Table1; Stephan_etal_1981_TableIII; Stephan_etal_1988_TABLE1,6,NA,,,NA,direct_same_structure_multiple,,,220,2019
Cebus_albifrons,Cebus albifrons,Brain_mass,Brain_Mass.mg,crosswalk_exact,79800,resolved_unique,Bauernfeind_etal_2013_Table1,Bauernfeind et al. 2013 (J Hum Evol 64:263-279),Bauernfeind_etal_2013_Table1,3,Bauernfeind et al 2013,1000,,NA,direct_same_structure_unique,,,181,2019
Cebus_albifrons,Cebus albifrons,Brain_volume,NA,no_defensible_volume_key,77027,metadata_only,NA,NA,,0,Bauernfeind et al 2013,,,NA,metadata_only_no_volume_crosswalk,,,0,2019
Cebus_albifrons,Cebus albifrons,Brain_weight,Brain_Mass.mg,crosswalk_exact,71000,resolved_multiple,Stephan_etal_1981_TableIII,"Stephan, Frahm & Baron 1981 (Folia Primatol 35:1-29)",Stephan_etal_1981_TableIII; Stephan_etal_1988_TABLE1,3,Stephan et al 1981; Zilles and Rehkamper 1988; Bauernfeind et al 2013,,,NA,direct_same_structure_multiple,,,243,2019
Cebus_albifrons,Cebus albifrons,Brainvol,NA,no_defensible_volume_key,68532.82,metadata_only,NA,NA,,0,de Sousa et al 2010; Stephan et al 1981,,,NA,metadata_only_no_volume_crosswalk,,,0,2019
Cebus_albifrons,Cebus albifrons,Bulbus_olfactorius,Bulbus_olfactorius_Vol.mm3,crosswalk_exact,39.9,resolved_unique,Stephan_etal_1981_TableVI,"Stephan, Frahm & Baron 1981 (Folia Primatol 35:1-29)",Stephan_etal_1981_TableVI,1,Stephan et al 1981,,,NA,direct_same_structure_unique,,,215,2019
Cebus_albifrons,Cebus albifrons,Bulbus_olfactorius_accessorius,Bulbus_olfactorius_accessorius_Vol.mm3,crosswalk_exact,0.67,resolved_unique,Stephan_etal_1981_TableVI,"Stephan, Frahm & Baron 1981 (Folia Primatol 35:1-29)",Stephan_etal_1981_TableVI,1,Stephan et al 1981,,,NA,direct_same_structure_unique,,,215,2019
Cebus_albifrons,Cebus albifrons,Capsula_interna,Capsula_interna_Vol.mm3,crosswalk_exact,549,resolved_unique,Stephan_etal_1981_TableVIII,"Stephan, Frahm & Baron 1981 (Folia Primatol 35:1-29)",Stephan_etal_1981_TableVIII,1,Stephan et al 1981,,,NA,direct_same_structure_unique,,,200,2019
Cebus_albifrons,Cebus albifrons,Cerebellar_nuclei_total,Cerebellar_nuclei_total_Vol.mm3,crosswalk_exact,173.18,resolved_unique,Matano_etal_1985_a_Table1,Matano et al. 1985 (Folia Primatol 44:182-203),Matano_etal_1985_a_Table1,1,NA,,,NA,direct_same_structure_unique,,,220,2019
Cebus_albifrons,Cebus albifrons,Cerebellum,Cerebellum_Vol.mm3,crosswalk_exact,7871,resolved_unique,Stephan_etal_1981_TableIII,"Stephan, Frahm & Baron 1981 (Folia Primatol 35:1-29)",Stephan_etal_1981_TableIII,1,Stephan et al 1981; Zilles and Rehkamper 1988,,,NA,direct_same_structure_unique,,,243,2019
Cebus_albifrons,Cebus albifrons,Complexus.vestibularis,Complexus_vestibularis_unilateral_Vol.mm3,crosswalk_exact,50.2,resolved_multiple,Stephan_etal_1981_TableXIII,"Stephan, Frahm & Baron 1981 (Folia Primatol 35:1-29)",Matano__1986_TableI; Stephan_etal_1981_TableXIII,2,Stephan et al 1981,,,NA,direct_same_structure_multiple,,,129,2019
Cebus_albifrons,Cebus albifrons,Complexus_centromedialis,Complexus_centromedialis_Vol.mm3,crosswalk_exact,118,resolved_unique,Stephan_etal_1981_TableXI,"Stephan, Frahm & Baron 1981 (Folia Primatol 35:1-29)",Stephan_etal_1981_TableXI,1,Stephan et al 1981,,,NA,direct_same_structure_unique,,,100,2019
Cebus_albifrons,Cebus albifrons,Complexus_cortico_basolateralis,Complexus_corticobasolateralis_Vol.mm3,crosswalk_exact,384,resolved_unique,Stephan_etal_1981_TableXI,"Stephan, Frahm & Baron 1981 (Folia Primatol 35:1-29)",Stephan_etal_1981_TableXI,1,Stephan et al 1981,,,NA,direct_same_structure_unique,,,100,2019
Cebus_albifrons,Cebus albifrons,Corpus.pineale,Corpus_pineal_Vol.mm3,crosswalk_exact,3.8,resolved_unique,Stephan_etal_1981_TableXVI,"Stephan, Frahm & Baron 1981 (Folia Primatol 35:1-29)",Stephan_etal_1981_TableXVI,1,Stephan et al 1981,,,NA,direct_same_structure_unique,,,103,2019
Cebus_albifrons,Cebus albifrons,Corpus.subcommissurale,Corpus_subcommissurale_Vol.mm3,crosswalk_exact,0.43,likely_fallback_metadata,Stephan_etal_1981_TableXVI,"Stephan, Frahm & Baron 1981 (Folia Primatol 35:1-29)",Stephan_etal_1981_TableXVI,1,Stephan et al 1981,,,Stephan_etal_1981_TableXVI = 0.425 (1.2%),metadata_tables_close_same_structure,Stephan_etal_1981_TableXVI; Stephan_etal_1981 [restricted: Stephan_1981.csv],Stephan_etal_1981_TableXVI = 0.425 (Corpus_subcommissurale_Vol.mm3; 1.16%; scale 1; 103 prior contributions),103,2019
Cebus_albifrons,Cebus albifrons,Corpus.subfornicale,Corpus_subfornicale_Vol.mm3,crosswalk_exact,0.41,resolved_unique,Stephan_etal_1981_TableXVI,"Stephan, Frahm & Baron 1981 (Folia Primatol 35:1-29)",Stephan_etal_1981_TableXVI,1,Stephan et al 1981,,,NA,direct_same_structure_unique,,,103,2019
Cebus_albifrons,Cebus albifrons,Diencephalon,Diencephalon_Vol.mm3,crosswalk_exact,3996,resolved_unique,Stephan_etal_1981_TableIII,"Stephan, Frahm & Baron 1981 (Folia Primatol 35:1-29)",Stephan_etal_1981_TableIII,1,Stephan et al 1981; Zilles and Rehkamper 1988,,,NA,direct_same_structure_unique,,,243,2019
Cebus_albifrons,Cebus albifrons,Dysgranular_volume_L,Dysgranular_insular_cortex_left_Vol.mm3,crosswalk_exact,155,resolved_unique,Bauernfeind_etal_2013_Table1,Bauernfeind et al. 2013 (J Hum Evol 64:263-279),Bauernfeind_etal_2013_Table1,1,Bauernfeind et al 2013,,,NA,direct_same_structure_unique,,,181,2019
Cebus_albifrons,Cebus albifrons,Epithalamus,Epithalamus_Vol.mm3,crosswalk_exact,23.7,resolved_unique,Stephan_etal_1981_TableVIII,"Stephan, Frahm & Baron 1981 (Folia Primatol 35:1-29)",Stephan_etal_1981_TableVIII,1,Stephan et al 1981,,,NA,direct_same_structure_unique,,,200,2019
Cebus_albifrons,Cebus albifrons,Frontal.motor,FrontalMotor_white_matter_Vol.mm3,crosswalk_exact,1.43,resolved_fallback_metadata,Smaers_etal_2017_TableS1part1,"Smaers et al. 2017 (Curr Biol 27:714-720, Table S1)",Smaers_etal_2017_TableS1part1,0,Smaers et al 2017,,,NA,metadata_tables_near_perfect,Smaers_etal_2017_TableS1part1,Smaers_etal_2017_TableS1part1 = 1425 (FrontalMotor_white_matter_Vol.mm3; 0.35%; scale 0.001; 0 prior contributions),0,2019
Cebus_albifrons,Cebus albifrons,Frontal.motor.Gray,FrontalMotor_grey_matter_Vol.mm3,crosswalk_exact,1.98,resolved_fallback_metadata,Smaers_etal_2017_TableS1part1,"Smaers et al. 2017 (Curr Biol 27:714-720, Table S1)",Smaers_etal_2017_TableS1part1,0,Smaers et al 2017,,,NA,metadata_tables_near_perfect,Smaers_etal_2017_TableS1part1; Smaers_etal_2017 [restricted: Smaers.csv],Smaers_etal_2017_TableS1part1 = 1977 (FrontalMotor_grey_matter_Vol.mm3; 0.15%; scale 0.001; 0 prior contributions),0,2019
Cebus_albifrons,Cebus albifrons,Granular_volume_L,Granular_insular_cortex_left_Vol.mm3,crosswalk_exact,108,resolved_unique,Bauernfeind_etal_2013_Table1,Bauernfeind et al. 2013 (J Hum Evol 64:263-279),Bauernfeind_etal_2013_Table1,1,Bauernfeind et al 2013,,,NA,direct_same_structure_unique,,,181,2019
Cebus_albifrons,Cebus albifrons,Hippocampus,Hippocampus_Vol.mm3,crosswalk_exact,890,resolved_unique,Stephan_etal_1981_TableVI,"Stephan, Frahm & Baron 1981 (Folia Primatol 35:1-29)",Stephan_etal_1981_TableVI,1,Stephan et al 1981; Zilles and Rehkamper 1988,,,NA,direct_same_structure_unique,,,215,2019
Cebus_albifrons,Cebus albifrons,Hypothalamus,Hypothalamus_Vol.mm3,crosswalk_exact,418,resolved_unique,Stephan_etal_1981_TableVIII,"Stephan, Frahm & Baron 1981 (Folia Primatol 35:1-29)",Stephan_etal_1981_TableVIII,1,Stephan et al 1981,,,NA,direct_same_structure_unique,,,200,2019
Cebus_albifrons,Cebus albifrons,Interpositus_cerebellar_nuclei,Interpositus_cerebellar_nuclei_Vol.mm3,crosswalk_exact,38.98,resolved_unique,Matano_etal_1985_a_Table1,Matano et al. 1985 (Folia Primatol 44:182-203),Matano_etal_1985_a_Table1,1,NA,,,NA,direct_same_structure_unique,,,220,2019
Cebus_albifrons,Cebus albifrons,LGN_Sousa,Corpus_geniculatum_laterale_Vol.mm3,crosswalk_exact,137,resolved_fallback_metadata,deSousa_etal_2010_SupTable2,de Sousa et al. 2010 (J Hum Evol 58:281-292),Stephan_etal_1981_TableIX; Stephan_etal_1984_Table1; deSousa_etal_2010_SupTable2; Frahm_etal_1998_Table1,2,de Sousa et al 2010; de Sousa et al 2013,,,Evo-M1 value matches Stephan_etal_1981_TableIX; Stephan_etal_1984_Table1 (not the metadata source); attributed to metadata source; see source_hunt,metadata_tables_near_perfect,deSousa_etal_2010_SupTable2; Frahm_etal_1998_Table1; Stephan_etal_1984_Table1; Stephan_etal_1981_TableIX; deSousa_etal_2010 [restricted: Visual_volumes.xlsx]; deSousa_etal_2010 [restricted: deSousa_2010.csv]; Stephan_etal_1981 [restricted: Stephan_1981.csv],deSousa_etal_2010_SupTable2 = 137 (Corpus_geniculatum_laterale_Vol.mm3; 0.00%; scale 1; 0 prior contributions),0,2019
Cebus_albifrons,Cebus albifrons,Lateral_cerebellar_nuclei,Lateral_cerebellar_nuclei_Vol.mm3,crosswalk_exact,99.52,resolved_unique,Matano_etal_1985_a_Table1,Matano et al. 1985 (Folia Primatol 44:182-203),Matano_etal_1985_a_Table1,1,NA,,,NA,direct_same_structure_unique,,,220,2019
Cebus_albifrons,Cebus albifrons,Lobus_piriformis,Lobus_piriformis_Vol.mm3,crosswalk_exact,931,resolved_unique,Stephan_etal_1981_TableVI,"Stephan, Frahm & Baron 1981 (Folia Primatol 35:1-29)",Stephan_etal_1981_TableVI,1,Stephan et al 1981; Zilles and Rehkamper 1988,,,NA,direct_same_structure_unique,,,215,2019
Cebus_albifrons,Cebus albifrons,Medial_cerebellar_nuclei,Medial_cerebellar_nuclei_Vol.mm3,crosswalk_exact,34.68,resolved_unique,Matano_etal_1985_a_Table1,Matano et al. 1985 (Folia Primatol 44:182-203),Matano_etal_1985_a_Table1,1,NA,,,NA,direct_same_structure_unique,,,220,2019
Cebus_albifrons,Cebus albifrons,Medulla_oblongata,Medulla_oblongata_Vol.mm3,crosswalk_exact,1738,resolved_unique,Stephan_etal_1981_TableIII,"Stephan, Frahm & Baron 1981 (Folia Primatol 35:1-29)",Stephan_etal_1981_TableIII,1,Stephan et al 1981; Zilles and Rehkamper 1988,,,NA,direct_same_structure_unique,,,243,2019
Cebus_albifrons,Cebus albifrons,Meninges_hypophysis_nerves_etc,NA,no_defensible_volume_key,864,metadata_only,NA,NA,,0,Stephan et al 1981,,,NA,metadata_only_no_volume_crosswalk,,,0,2019
Cebus_albifrons,Cebus albifrons,Mesencephalon,Mesencephalon_Vol.mm3,crosswalk_exact,1221,resolved_unique,Stephan_etal_1981_TableIII,"Stephan, Frahm & Baron 1981 (Folia Primatol 35:1-29)",Stephan_etal_1981_TableIII,1,Stephan et al 1981; Zilles and Rehkamper 1988,,,NA,direct_same_structure_unique,,,243,2019
Cebus_albifrons,Cebus albifrons,NeoG_Frahm,Neocortex_grey_matter_Vol.mm3,crosswalk_exact,30630,resolved_unique,Frahm_etal_1982_Table2,"Frahm, Stephan & Stephan 1982 (J Hirnforsch 23:375-389)",Frahm_etal_1982_Table2,1,Frahm et al 1992; Zilles and Rehkamper 1988,,,NA,direct_same_structure_unique,,,46,2019
Cebus_albifrons,Cebus albifrons,NeoWG,Neocortex_Vol.mm3,crosswalk_exact,46429,resolved_multiple,Stephan_etal_1981_TableVI,"Stephan, Frahm & Baron 1981 (Folia Primatol 35:1-29)",Frahm_etal_1982_Table2; Stephan_etal_1981_TableVI,2,Stephan et al 1981; Zilles and Rehkamper 1988,,,NA,direct_same_structure_multiple,,,215,2019
Cebus_albifrons,Cebus albifrons,NeoW_Frahm,Neocortex_white_matter_Vol.mm3,crosswalk_exact,15799,resolved_unique,Frahm_etal_1982_Table2,"Frahm, Stephan & Stephan 1982 (J Hirnforsch 23:375-389)",Frahm_etal_1982_Table2,1,Frahm et al 1992; Zilles and Rehkamper 1988,,,NA,direct_same_structure_unique,,,46,2019
Cebus_albifrons,Cebus albifrons,Nucleus.habenularis.medialis,Nucleus_habenularis_medialis_Vol.mm3,crosswalk_exact,4.9,resolved_unique,Stephan_etal_1981_TableXVI,"Stephan, Frahm & Baron 1981 (Folia Primatol 35:1-29)",Stephan_etal_1981_TableXVI,1,Stephan et al 1981,,,NA,direct_same_structure_unique,,,103,2019
Cebus_albifrons,Cebus albifrons,Nucleus.septalis.triangularis,Nucleus_septalis_triangularis_Vol.mm3,crosswalk_exact,1.5,resolved_unique,Stephan_etal_1981_TableXVI,"Stephan, Frahm & Baron 1981 (Folia Primatol 35:1-29)",Stephan_etal_1981_TableXVI,1,Stephan et al 1981,,,NA,direct_same_structure_unique,,,103,2019
Cebus_albifrons,Cebus albifrons,Nucleus.vestibularis.descendens,Nucleus_vestibularis_descendens_unilateral_Vol.mm3,crosswalk_exact,12.3,resolved_multiple,Stephan_etal_1981_TableXIII,"Stephan, Frahm & Baron 1981 (Folia Primatol 35:1-29)",Matano__1986_TableI; Stephan_etal_1981_TableXIII,2,Stephan et al 1981,,,NA,direct_same_structure_multiple,,,129,2019
Cebus_albifrons,Cebus albifrons,Nucleus.vestibularis.lateralis,Nucleus_vestibularis_lateralis_unilateral_Vol.mm3,crosswalk_exact,7.45,resolved_multiple,Stephan_etal_1981_TableXIII,"Stephan, Frahm & Baron 1981 (Folia Primatol 35:1-29)",Matano__1986_TableI; Stephan_etal_1981_TableXIII,2,Stephan et al 1981,,,NA,direct_same_structure_multiple,,,129,2019
Cebus_albifrons,Cebus albifrons,Nucleus.vestibularis.medialis,Nucleus_vestibularis_medialis_unilateral_Vol.mm3,crosswalk_exact,19.2,resolved_multiple,Stephan_etal_1981_TableXIII,"Stephan, Frahm & Baron 1981 (Folia Primatol 35:1-29)",Matano__1986_TableI; Stephan_etal_1981_TableXIII,2,Stephan et al 1981,,,NA,direct_same_structure_multiple,,,129,2019
Cebus_albifrons,Cebus albifrons,Nucleus.vestibularis.superior,Nucleus_vestibularis_superior_unilateral_Vol.mm3,crosswalk_exact,11.2,resolved_multiple,Stephan_etal_1981_TableXIII,"Stephan, Frahm & Baron 1981 (Folia Primatol 35:1-29)",Matano__1986_TableI; Stephan_etal_1981_TableXIII,2,Stephan et al 1981,,,NA,direct_same_structure_multiple,,,129,2019
Cebus_albifrons,Cebus albifrons,Nucleus_amygdalae_basalis_parsmagnocellularis,Nucleus_amygdalae_basalis_pars_magnocellularis_Vol.mm3,crosswalk_exact,41,resolved_unique,Stephan_etal_1981_TableXI,"Stephan, Frahm & Baron 1981 (Folia Primatol 35:1-29)",Stephan_etal_1981_TableXI,1,Stephan et al 1981,,,NA,direct_same_structure_unique,,,100,2019
Cebus_albifrons,Cebus albifrons,Nucleus_subthalamicus,Nucleus_subthalamicus_Vol.mm3,crosswalk_exact,41.7,resolved_unique,Stephan_etal_1981_TableVIII,"Stephan, Frahm & Baron 1981 (Folia Primatol 35:1-29)",Stephan_etal_1981_TableVIII,1,Stephan et al 1981,,,NA,direct_same_structure_unique,,,200,2019
Cebus_albifrons,Cebus albifrons,Nucleus_tractus_olfactorius,Nucleus_tractus_olfactorius_Vol.mm3,crosswalk_exact,0,resolved_unique,Stephan_etal_1981_TableXI,"Stephan, Frahm & Baron 1981 (Folia Primatol 35:1-29)",Stephan_etal_1981_TableXI,1,Stephan et al 1981,,,NA,direct_same_structure_unique,,,100,2019
Cebus_albifrons,Cebus albifrons,Other.cortical.association.areas.Gray,AssociationCortex_grey_matter_Vol.mm3,crosswalk_exact,21.02,resolved_fallback_metadata,Smaers_etal_2017_TableS1part1,"Smaers et al. 2017 (Curr Biol 27:714-720, Table S1)",Smaers_etal_2017_TableS1part1,0,Smaers et al 2017,,,NA,metadata_tables_near_perfect,Smaers_etal_2017_TableS1part1; Smaers_etal_2017 [restricted: Smaers.csv],Smaers_etal_2017_TableS1part1 = 21024 (AssociationCortex_grey_matter_Vol.mm3; 0.02%; scale 0.001; 0 prior contributions),0,2019
Cebus_albifrons,Cebus albifrons,Other.cortical.association.areas.White,AssociationCortex_white_matter_Vol.mm3,crosswalk_exact,12.05,resolved_fallback_metadata,Smaers_etal_2017_TableS1part1,"Smaers et al. 2017 (Curr Biol 27:714-720, Table S1)",Smaers_etal_2017_TableS1part1,0,Smaers et al 2017,,,NA,metadata_tables_near_perfect,Smaers_etal_2017_TableS1part1; Smaers_etal_2017 [restricted: Smaers.csv],Smaers_etal_2017_TableS1part1 = 12053 (AssociationCortex_white_matter_Vol.mm3; 0.02%; scale 0.001; 0 prior contributions),0,2019
Cebus_albifrons,Cebus albifrons,Palaeocortex,Palaeocortex_Vol.mm3,crosswalk_exact,567,resolved_unique,Stephan_etal_1981_TableXI,"Stephan, Frahm & Baron 1981 (Folia Primatol 35:1-29)",Stephan_etal_1981_TableXI,1,Stephan et al 1981; Zilles and Rehkamper 1988,,,NA,direct_same_structure_unique,,,100,2019
Cebus_albifrons,Cebus albifrons,Pallidum,Pallidum_Vol.mm3,crosswalk_exact,567,resolved_unique,Stephan_etal_1981_TableVIII,"Stephan, Frahm & Baron 1981 (Folia Primatol 35:1-29)",Stephan_etal_1981_TableVIII,1,Stephan et al 1981; Zilles and Rehkamper 1988,,,NA,direct_same_structure_unique,,,200,2019
Cebus_albifrons,Cebus albifrons,Pons,Ventral_pons_Vol.mm3,Matano ventral pons,682.2,resolved_unique,Matano_etal_1985_b_Table1,Matano et al. 1985 (Folia Primatol 44:182-203),Matano_etal_1985_b_Table1,1,Matano et al 1985; Zilles and Rehkamper 1988,,,NA,direct_same_structure_unique,,,40,2019
Cebus_albifrons,Cebus albifrons,Prefrontal.Gray,PrefrontalCortex_grey_matter_Vol.mm3,crosswalk_exact,1.43,resolved_fallback_metadata,Smaers_etal_2017_TableS1part1,"Smaers et al. 2017 (Curr Biol 27:714-720, Table S1)",Smaers_etal_2017_TableS1part1; Smaers_etal_2011_SupplementaryTable2,0,Smaers et al 2017,,,NA,metadata_tables_near_perfect,Smaers_etal_2017_TableS1part1; Smaers_etal_2011_SupplementaryTable2; Smaers_etal_2017 [restricted: Smaers.csv],Smaers_etal_2017_TableS1part1 = 1434 (PrefrontalCortex_grey_matter_Vol.mm3; 0.28%; scale 0.001; 0 prior contributions),0,2019
Cebus_albifrons,Cebus albifrons,Prefrontal.White,PrefrontalCortex_white_matter_Vol.mm3,crosswalk_exact,0.26,resolved_fallback_metadata,Smaers_etal_2017_TableS1part1,"Smaers et al. 2017 (Curr Biol 27:714-720, Table S1)",Smaers_etal_2017_TableS1part1; Smaers_etal_2011_SupplementaryTable2,0,Smaers et al 2017,,,NA,metadata_tables_near_perfect,Smaers_etal_2017_TableS1part1; Smaers_etal_2011_SupplementaryTable2; Smaers_etal_2017 [restricted: Smaers.csv],Smaers_etal_2017_TableS1part1 = 257 (PrefrontalCortex_white_matter_Vol.mm3; 1.15%; scale 0.001; 0 prior contributions),0,2019
Cebus_albifrons,Cebus albifrons,Primary.visual.White.Smaers,Area_striata_white_matter_Vol.mm3,crosswalk_exact,0.94,resolved_fallback_metadata,Smaers_etal_2017_TableS1part1,"Smaers et al. 2017 (Curr Biol 27:714-720, Table S1)",Frahm_etal_1984_Table1; Smaers_etal_2017_TableS1part1,1,Smaers et al 2017,,,Evo-M1 value matches Frahm_etal_1984_Table1 (not the metadata source); attributed to metadata source; see source_hunt,metadata_tables_near_perfect,Smaers_etal_2017_TableS1part1; Frahm_etal_1984_Table1; Smaers_etal_2017 [restricted: Smaers.csv],Smaers_etal_2017_TableS1part1 = 939 (Area_striata_white_matter_Vol.mm3; 0.11%; scale 0.001; 0 prior contributions),0,2019
Cebus_albifrons,Cebus albifrons,Schizocortex,Schizo_cortex_Vol.mm3,crosswalk_exact,390,resolved_unique,Stephan_etal_1981_TableVI,"Stephan, Frahm & Baron 1981 (Folia Primatol 35:1-29)",Stephan_etal_1981_TableVI,1,Stephan et al 1981,,,NA,direct_same_structure_unique,,,215,2019
Cebus_albifrons,Cebus albifrons,Septum,Septum_Vol.mm3,crosswalk_exact,174,resolved_unique,Stephan_etal_1981_TableVI,"Stephan, Frahm & Baron 1981 (Folia Primatol 35:1-29)",Stephan_etal_1981_TableVI,1,Stephan et al 1981; Zilles and Rehkamper 1988,,,NA,direct_same_structure_unique,,,215,2019
Cebus_albifrons,Cebus albifrons,Striatum,Striatum_Vol.mm3,crosswalk_exact,3258,resolved_unique,Stephan_etal_1981_TableVI,"Stephan, Frahm & Baron 1981 (Folia Primatol 35:1-29)",Stephan_etal_1981_TableVI,1,Stephan et al 1981; Zilles and Rehkamper 1988,,,NA,direct_same_structure_unique,,,215,2019
Cebus_albifrons,Cebus albifrons,Subthalamus,Subthalamus_Vol.mm3,crosswalk_exact,609,resolved_unique,Stephan_etal_1981_TableVIII,"Stephan, Frahm & Baron 1981 (Folia Primatol 35:1-29)",Stephan_etal_1981_TableVIII,1,Stephan et al 1981,,,NA,direct_same_structure_unique,,,200,2019
Cebus_albifrons,Cebus albifrons,Telencephalon,Telencephalon_Vol.mm3,crosswalk_exact,52113,resolved_unique,Stephan_etal_1981_TableIII,"Stephan, Frahm & Baron 1981 (Folia Primatol 35:1-29)",Stephan_etal_1981_TableIII,1,Stephan et al 1981; Zilles and Rehkamper 1988,,,NA,direct_same_structure_unique,,,243,2019
Cebus_albifrons,Cebus albifrons,Thalamus,Thalamus_Vol.mm3,crosswalk_exact,2163,resolved_unique,Stephan_etal_1981_TableVIII,"Stephan, Frahm & Baron 1981 (Folia Primatol 35:1-29)",Stephan_etal_1981_TableVIII,1,Stephan et al 1981,,,NA,direct_same_structure_unique,,,200,2019
Cebus_albifrons,Cebus albifrons,Total_brain_net_volume,Total_brain_net_volume_Vol.mm3,crosswalk_exact,66939,resolved_unique,Stephan_etal_1981_TableIII,"Stephan, Frahm & Baron 1981 (Folia Primatol 35:1-29)",Stephan_etal_1981_TableIII,2,Stephan et al 1981,,,NA,direct_same_structure_unique,,,243,2019
Cebus_albifrons,Cebus albifrons,Total_insula_volume_L,Insula_left_Vol.mm3,crosswalk_exact,297,resolved_unique,Bauernfeind_etal_2013_Table1,Bauernfeind et al. 2013 (J Hum Evol 64:263-279),Bauernfeind_etal_2013_Table1,1,Bauernfeind et al 2013,,,NA,direct_same_structure_unique,,,181,2019
Cebus_albifrons,Cebus albifrons,Tractus_opticus,Tractus_opticus_Vol.mm3,crosswalk_exact,207,resolved_unique,Stephan_etal_1981_TableVIII,"Stephan, Frahm & Baron 1981 (Folia Primatol 35:1-29)",Stephan_etal_1981_TableVIII,1,Stephan et al 1981,,,NA,direct_same_structure_unique,,,200,2019
Cebus_albifrons,Cebus albifrons,Ventricles,Ventricles_Vol.mm3,crosswalk_exact,729,resolved_unique,Stephan_etal_1981_TableIII,"Stephan, Frahm & Baron 1981 (Folia Primatol 35:1-29)",Stephan_etal_1981_TableIII,1,Stephan et al 1981,,,NA,direct_same_structure_unique,,,243,2019
Cercocebus_agilis,Cercocebus agilis,Agranular_volume_L,Agranular_insular_cortex_left_Vol.mm3,crosswalk_exact,105,resolved_unique,Bauernfeind_etal_2013_Table1,Bauernfeind et al. 2013 (J Hum Evol 64:263-279),Bauernfeind_etal_2013_Table1,1,Bauernfeind et al 2013,,,NA,direct_same_structure_unique,,,181,2019
Cercocebus_agilis,Cercocebus agilis,Body_mass,Body_Mass.g,crosswalk_exact,5660,resolved_unique,Bauernfeind_etal_2013_Table1,Bauernfeind et al. 2013 (J Hum Evol 64:263-279),Bauernfeind_etal_2013_Table1,1,Bauernfeind et al 2013,,,NA,direct_same_structure_unique,,,181,2019
Cercocebus_agilis,Cercocebus agilis,Body_weight,Body_Mass.g,crosswalk_exact,5660,resolved_unique,Bauernfeind_etal_2013_Table1,Bauernfeind et al. 2013 (J Hum Evol 64:263-279),Bauernfeind_etal_2013_Table1,1,Stephan et al 1981; Zilles and Rehkamper 1988; Bauernfeind et al 2013,,,NA,direct_same_structure_unique,,,181,2019
Cercocebus_agilis,Cercocebus agilis,Brain_mass,Brain_Mass.mg,crosswalk_exact,95300,resolved_unique,Bauernfeind_etal_2013_Table1,Bauernfeind et al. 2013 (J Hum Evol 64:263-279),Bauernfeind_etal_2013_Table1,1,Bauernfeind et al 2013,1000,,NA,direct_same_structure_unique,,,181,2019
Cercocebus_agilis,Cercocebus agilis,Brain_volume,NA,no_defensible_volume_key,91988,metadata_only,NA,NA,,0,Bauernfeind et al 2013,,,NA,metadata_only_no_volume_crosswalk,,,0,2019
Cercocebus_agilis,Cercocebus agilis,Brain_weight,Brain_Mass.mg,crosswalk_exact,95300,resolved_unique,Bauernfeind_etal_2013_Table1,Bauernfeind et al. 2013 (J Hum Evol 64:263-279),Bauernfeind_etal_2013_Table1,1,Stephan et al 1981; Zilles and Rehkamper 1988; Bauernfeind et al 2013,1000,,NA,direct_same_structure_unique,,,181,2019
Cercocebus_agilis,Cercocebus agilis,Dysgranular_volume_L,Dysgranular_insular_cortex_left_Vol.mm3,crosswalk_exact,116,resolved_unique,Bauernfeind_etal_2013_Table1,Bauernfeind et al. 2013 (J Hum Evol 64:263-279),Bauernfeind_etal_2013_Table1,1,Bauernfeind et al 2013,,,NA,direct_same_structure_unique,,,181,2019
Cercocebus_agilis,Cercocebus agilis,Granular_volume_L,Granular_insular_cortex_left_Vol.mm3,crosswalk_exact,158,resolved_unique,Bauernfeind_etal_2013_Table1,Bauernfeind et al. 2013 (J Hum Evol 64:263-279),Bauernfeind_etal_2013_Table1,1,Bauernfeind et al 2013,,,NA,direct_same_structure_unique,,,181,2019
Cercocebus_agilis,Cercocebus agilis,Total_insula_volume_L,Insula_left_Vol.mm3,crosswalk_exact,379,resolved_unique,Bauernfeind_etal_2013_Table1,Bauernfeind et al. 2013 (J Hum Evol 64:263-279),Bauernfeind_etal_2013_Table1,1,Bauernfeind et al 2013,,,NA,direct_same_structure_unique,,,181,2019
Cercopithecus_ascanius,Cercopithecus ascanius,ASG_Sousa,Area_striata_grey_matter_Vol.mm3,crosswalk_exact,4272,resolved_fallback_metadata,deSousa_etal_2010_SupTable2,de Sousa et al. 2010 (J Hum Evol 58:281-292),Frahm_etal_1984_Table1; deSousa_etal_2010_SupTable2; Smaers_etal_2017_TableS1part1; Frahm_etal_1998_Table1,1,de Sousa et al 2010,,,Evo-M1 value matches Frahm_etal_1984_Table1 (not the metadata source); attributed to metadata source; see source_hunt,metadata_tables_near_perfect,deSousa_etal_2010_SupTable2; Smaers_etal_2017_TableS1part1; Frahm_etal_1998_Table1; Frahm_etal_1984_Table1; deSousa_etal_2010 [restricted: Visual_volumes.xlsx]; deSousa_etal_2010 [restricted: deSousa_2010.csv]; Stephan_etal_1981 [restricted: Stephan_1981.csv],deSousa_etal_2010_SupTable2 = 4300 (Area_striata_grey_matter_Vol.mm3; 0.65%; scale 1; 0 prior contributions),0,2019
Cercopithecus_ascanius,Cercopithecus ascanius,Amygdala,Amygdala_Vol.mm3,crosswalk_exact,601,resolved_unique,Stephan_etal_1981_TableXI,"Stephan, Frahm & Baron 1981 (Folia Primatol 35:1-29)",Stephan_etal_1981_TableXI,1,Stephan et al 1981; Zilles and Rehkamper 1988,,,NA,direct_same_structure_unique,,,100,2019
Cercopithecus_ascanius,Cercopithecus ascanius,Body_weight,Body_Mass.g,crosswalk_exact,3400,resolved_multiple,Stephan_etal_1981_TableIII,"Stephan, Frahm & Baron 1981 (Folia Primatol 35:1-29)",Matano__1986_TableI; Matano_etal_1985_a_Table1; Matano_etal_1985_b_Table1; Stephan_etal_1981_TableIII; Stephan_etal_1988_TABLE1,5,Stephan et al 1981; Zilles and Rehkamper 1988; Bauernfeind et al 2013,,,NA,direct_same_structure_multiple,,,243,2019
Cercopithecus_ascanius,Cercopithecus ascanius,Body_weight_1985a,Body_Mass.g,crosswalk_exact,3400,resolved_multiple,Matano_etal_1985_a_Table1,Matano et al. 1985 (Folia Primatol 44:182-203),Matano__1986_TableI; Matano_etal_1985_a_Table1; Matano_etal_1985_b_Table1; Stephan_etal_1981_TableIII; Stephan_etal_1988_TABLE1,5,NA,,,NA,direct_same_structure_multiple,,,220,2019
Cercopithecus_ascanius,Cercopithecus ascanius,Brain_weight,Brain_Mass.mg,crosswalk_exact,67000,resolved_multiple,Stephan_etal_1981_TableIII,"Stephan, Frahm & Baron 1981 (Folia Primatol 35:1-29)",Stephan_etal_1981_TableIII; Stephan_etal_1988_TABLE1,3,Stephan et al 1981; Zilles and Rehkamper 1988; Bauernfeind et al 2013,,,NA,direct_same_structure_multiple,,,243,2019
Cercopithecus_ascanius,Cercopithecus ascanius,Brainvol,NA,no_defensible_volume_key,64671.81,metadata_only,NA,NA,,0,de Sousa et al 2010; Stephan et al 1981,,,NA,metadata_only_no_volume_crosswalk,,,0,2019
Cercopithecus_ascanius,Cercopithecus ascanius,Bulbus_olfactorius,Bulbus_olfactorius_Vol.mm3,crosswalk_exact,99.5,resolved_unique,Stephan_etal_1981_TableVI,"Stephan, Frahm & Baron 1981 (Folia Primatol 35:1-29)",Stephan_etal_1981_TableVI,1,Stephan et al 1981,,,NA,direct_same_structure_unique,,,215,2019
Cercopithecus_ascanius,Cercopithecus ascanius,Bulbus_olfactorius_accessorius,Bulbus_olfactorius_accessorius_Vol.mm3,crosswalk_exact,0,resolved_unique,Stephan_etal_1981_TableVI,"Stephan, Frahm & Baron 1981 (Folia Primatol 35:1-29)",Stephan_etal_1981_TableVI,1,Stephan et al 1981,,,NA,direct_same_structure_unique,,,215,2019
Cercopithecus_ascanius,Cercopithecus ascanius,Capsula_interna,Capsula_interna_Vol.mm3,crosswalk_exact,421,resolved_unique,Stephan_etal_1981_TableVIII,"Stephan, Frahm & Baron 1981 (Folia Primatol 35:1-29)",Stephan_etal_1981_TableVIII,1,Stephan et al 1981,,,NA,direct_same_structure_unique,,,200,2019
Cercopithecus_ascanius,Cercopithecus ascanius,Cerebellar_nuclei_total,Cerebellar_nuclei_total_Vol.mm3,crosswalk_exact,143.98,resolved_unique,Matano_etal_1985_a_Table1,Matano et al. 1985 (Folia Primatol 44:182-203),Matano_etal_1985_a_Table1,1,NA,,,NA,direct_same_structure_unique,,,220,2019
Cercopithecus_ascanius,Cercopithecus ascanius,Cerebellum,Cerebellum_Vol.mm3,crosswalk_exact,5828,resolved_unique,Stephan_etal_1981_TableIII,"Stephan, Frahm & Baron 1981 (Folia Primatol 35:1-29)",Stephan_etal_1981_TableIII,1,Stephan et al 1981; Zilles and Rehkamper 1988,,,NA,direct_same_structure_unique,,,243,2019
Cercopithecus_ascanius,Cercopithecus ascanius,Complexus.vestibularis,Complexus_vestibularis_unilateral_Vol.mm3,crosswalk_exact,52,resolved_multiple,Stephan_etal_1981_TableXIII,"Stephan, Frahm & Baron 1981 (Folia Primatol 35:1-29)",Matano__1986_TableI; Stephan_etal_1981_TableXIII,2,Stephan et al 1981,,,NA,direct_same_structure_multiple,,,129,2019
Cercopithecus_ascanius,Cercopithecus ascanius,Complexus_centromedialis,Complexus_centromedialis_Vol.mm3,crosswalk_exact,136,resolved_unique,Stephan_etal_1981_TableXI,"Stephan, Frahm & Baron 1981 (Folia Primatol 35:1-29)",Stephan_etal_1981_TableXI,1,Stephan et al 1981,,,NA,direct_same_structure_unique,,,100,2019
Cercopithecus_ascanius,Cercopithecus ascanius,Complexus_cortico_basolateralis,Complexus_corticobasolateralis_Vol.mm3,crosswalk_exact,465,resolved_unique,Stephan_etal_1981_TableXI,"Stephan, Frahm & Baron 1981 (Folia Primatol 35:1-29)",Stephan_etal_1981_TableXI,1,Stephan et al 1981,,,NA,direct_same_structure_unique,,,100,2019
Cercopithecus_ascanius,Cercopithecus ascanius,Corpus.pineale,Corpus_pineal_Vol.mm3,crosswalk_exact,4.66,resolved_unique,Stephan_etal_1981_TableXVI,"Stephan, Frahm & Baron 1981 (Folia Primatol 35:1-29)",Stephan_etal_1981_TableXVI,1,Stephan et al 1981,,,NA,direct_same_structure_unique,,,103,2019
Cercopithecus_ascanius,Cercopithecus ascanius,Corpus.subcommissurale,Corpus_subcommissurale_Vol.mm3,crosswalk_exact,0.22,resolved_unique,Stephan_etal_1981_TableXVI,"Stephan, Frahm & Baron 1981 (Folia Primatol 35:1-29)",Stephan_etal_1981_TableXVI,1,Stephan et al 1981,,,NA,direct_same_structure_unique,,,103,2019
Cercopithecus_ascanius,Cercopithecus ascanius,Corpus.subfornicale,Corpus_subfornicale_Vol.mm3,crosswalk_exact,0.51,resolved_unique,Stephan_etal_1981_TableXVI,"Stephan, Frahm & Baron 1981 (Folia Primatol 35:1-29)",Stephan_etal_1981_TableXVI,1,Stephan et al 1981,,,NA,direct_same_structure_unique,,,103,2019
Cercopithecus_ascanius,Cercopithecus ascanius,Diencephalon,Diencephalon_Vol.mm3,crosswalk_exact,3605,resolved_unique,Stephan_etal_1981_TableIII,"Stephan, Frahm & Baron 1981 (Folia Primatol 35:1-29)",Stephan_etal_1981_TableIII,1,Stephan et al 1981; Zilles and Rehkamper 1988,,,NA,direct_same_structure_unique,,,243,2019
Cercopithecus_ascanius,Cercopithecus ascanius,Epithalamus,Epithalamus_Vol.mm3,crosswalk_exact,17.9,resolved_unique,Stephan_etal_1981_TableVIII,"Stephan, Frahm & Baron 1981 (Folia Primatol 35:1-29)",Stephan_etal_1981_TableVIII,1,Stephan et al 1981,,,NA,direct_same_structure_unique,,,200,2019
Cercopithecus_ascanius,Cercopithecus ascanius,Frontal.motor,FrontalMotor_white_matter_Vol.mm3,crosswalk_exact,0.93,resolved_fallback_metadata,Smaers_etal_2017_TableS1part1,"Smaers et al. 2017 (Curr Biol 27:714-720, Table S1)",Smaers_etal_2017_TableS1part1,0,Smaers et al 2017,,,NA,metadata_tables_near_perfect,Smaers_etal_2017_TableS1part1,Smaers_etal_2017_TableS1part1 = 930 (FrontalMotor_white_matter_Vol.mm3; 0.00%; scale 0.001; 0 prior contributions),0,2019
Cercopithecus_ascanius,Cercopithecus ascanius,Frontal.motor.Gray,FrontalMotor_grey_matter_Vol.mm3,crosswalk_exact,1.35,resolved_fallback_metadata,Smaers_etal_2017_TableS1part1,"Smaers et al. 2017 (Curr Biol 27:714-720, Table S1)",Smaers_etal_2017_TableS1part1,0,Smaers et al 2017,,,NA,metadata_tables_near_perfect,Smaers_etal_2017_TableS1part1; Smaers_etal_2017 [restricted: Smaers.csv],Smaers_etal_2017_TableS1part1 = 1351 (FrontalMotor_grey_matter_Vol.mm3; 0.07%; scale 0.001; 0 prior contributions),0,2019
Cercopithecus_ascanius,Cercopithecus ascanius,Hippocampus,Hippocampus_Vol.mm3,crosswalk_exact,1189,resolved_unique,Stephan_etal_1981_TableVI,"Stephan, Frahm & Baron 1981 (Folia Primatol 35:1-29)",Stephan_etal_1981_TableVI,1,Stephan et al 1981; Zilles and Rehkamper 1988,,,NA,direct_same_structure_unique,,,215,2019
Cercopithecus_ascanius,Cercopithecus ascanius,Hypothalamus,Hypothalamus_Vol.mm3,crosswalk_exact,410,resolved_unique,Stephan_etal_1981_TableVIII,"Stephan, Frahm & Baron 1981 (Folia Primatol 35:1-29)",Stephan_etal_1981_TableVIII,1,Stephan et al 1981,,,NA,direct_same_structure_unique,,,200,2019
Cercopithecus_ascanius,Cercopithecus ascanius,Interpositus_cerebellar_nuclei,Interpositus_cerebellar_nuclei_Vol.mm3,crosswalk_exact,41.7,resolved_unique,Matano_etal_1985_a_Table1,Matano et al. 1985 (Folia Primatol 44:182-203),Matano_etal_1985_a_Table1,1,NA,,,NA,direct_same_structure_unique,,,220,2019
Cercopithecus_ascanius,Cercopithecus ascanius,LGN_Sousa,Corpus_geniculatum_laterale_Vol.mm3,crosswalk_exact,147,resolved_multiple,deSousa_etal_2013_Table1,de Sousa et al. 2013 (Brain Behav Evol 81:93-108),deSousa_etal_2013_Table1; Stephan_etal_1981_TableIX; Stephan_etal_1984_Table1,3,de Sousa et al 2010; de Sousa et al 2013,,,NA,direct_same_structure_multiple,,,15,2019
Cercopithecus_ascanius,Cercopithecus ascanius,Lateral_cerebellar_nuclei,Lateral_cerebellar_nuclei_Vol.mm3,crosswalk_exact,67.67,resolved_unique,Matano_etal_1985_a_Table1,Matano et al. 1985 (Folia Primatol 44:182-203),Matano_etal_1985_a_Table1,1,NA,,,NA,direct_same_structure_unique,,,220,2019
Cercopithecus_ascanius,Cercopithecus ascanius,Lobus_piriformis,Lobus_piriformis_Vol.mm3,crosswalk_exact,1052,resolved_unique,Stephan_etal_1981_TableVI,"Stephan, Frahm & Baron 1981 (Folia Primatol 35:1-29)",Stephan_etal_1981_TableVI,1,Stephan et al 1981; Zilles and Rehkamper 1988,,,NA,direct_same_structure_unique,,,215,2019
Cercopithecus_ascanius,Cercopithecus ascanius,Medial_cerebellar_nuclei,Medial_cerebellar_nuclei_Vol.mm3,crosswalk_exact,34.61,resolved_unique,Matano_etal_1985_a_Table1,Matano et al. 1985 (Folia Primatol 44:182-203),Matano_etal_1985_a_Table1,1,NA,,,NA,direct_same_structure_unique,,,220,2019
Cercopithecus_ascanius,Cercopithecus ascanius,Medulla_oblongata,Medulla_oblongata_Vol.mm3,crosswalk_exact,1632,resolved_unique,Stephan_etal_1981_TableIII,"Stephan, Frahm & Baron 1981 (Folia Primatol 35:1-29)",Stephan_etal_1981_TableIII,1,Stephan et al 1981; Zilles and Rehkamper 1988,,,NA,direct_same_structure_unique,,,243,2019
Cercopithecus_ascanius,Cercopithecus ascanius,Meninges_hypophysis_nerves_etc,NA,no_defensible_volume_key,927,metadata_only,NA,NA,,0,Stephan et al 1981,,,NA,metadata_only_no_volume_crosswalk,,,0,2019
Cercopithecus_ascanius,Cercopithecus ascanius,Mesencephalon,Mesencephalon_Vol.mm3,crosswalk_exact,1162,resolved_unique,Stephan_etal_1981_TableIII,"Stephan, Frahm & Baron 1981 (Folia Primatol 35:1-29)",Stephan_etal_1981_TableIII,1,Stephan et al 1981; Zilles and Rehkamper 1988,,,NA,direct_same_structure_unique,,,243,2019
Cercopithecus_ascanius,Cercopithecus ascanius,NeoG_Frahm,Neocortex_grey_matter_Vol.mm3,crosswalk_exact,32114,resolved_unique,Frahm_etal_1982_Table2,"Frahm, Stephan & Stephan 1982 (J Hirnforsch 23:375-389)",Frahm_etal_1982_Table2,1,Frahm et al 1992; Zilles and Rehkamper 1988,,,NA,direct_same_structure_unique,,,46,2019
Cercopithecus_ascanius,Cercopithecus ascanius,NeoWG,Neocortex_Vol.mm3,crosswalk_exact,45166,resolved_multiple,Stephan_etal_1981_TableVI,"Stephan, Frahm & Baron 1981 (Folia Primatol 35:1-29)",Frahm_etal_1982_Table2; Stephan_etal_1981_TableVI,2,Stephan et al 1981; Zilles and Rehkamper 1988,,,NA,direct_same_structure_multiple,,,215,2019
Cercopithecus_ascanius,Cercopithecus ascanius,NeoW_Frahm,Neocortex_white_matter_Vol.mm3,crosswalk_exact,13052,resolved_unique,Frahm_etal_1982_Table2,"Frahm, Stephan & Stephan 1982 (J Hirnforsch 23:375-389)",Frahm_etal_1982_Table2,1,Frahm et al 1992; Zilles and Rehkamper 1988,,,NA,direct_same_structure_unique,,,46,2019
Cercopithecus_ascanius,Cercopithecus ascanius,Nucleus.habenularis.medialis,Nucleus_habenularis_medialis_Vol.mm3,crosswalk_exact,4.23,resolved_unique,Stephan_etal_1981_TableXVI,"Stephan, Frahm & Baron 1981 (Folia Primatol 35:1-29)",Stephan_etal_1981_TableXVI,1,Stephan et al 1981,,,NA,direct_same_structure_unique,,,103,2019
Cercopithecus_ascanius,Cercopithecus ascanius,Nucleus.septalis.triangularis,Nucleus_septalis_triangularis_Vol.mm3,crosswalk_exact,2.13,resolved_unique,Stephan_etal_1981_TableXVI,"Stephan, Frahm & Baron 1981 (Folia Primatol 35:1-29)",Stephan_etal_1981_TableXVI,1,Stephan et al 1981,,,NA,direct_same_structure_unique,,,103,2019
Cercopithecus_ascanius,Cercopithecus ascanius,Nucleus.vestibularis.descendens,Nucleus_vestibularis_descendens_unilateral_Vol.mm3,crosswalk_exact,17.2,resolved_multiple,Stephan_etal_1981_TableXIII,"Stephan, Frahm & Baron 1981 (Folia Primatol 35:1-29)",Matano__1986_TableI; Stephan_etal_1981_TableXIII,2,Stephan et al 1981,,,NA,direct_same_structure_multiple,,,129,2019
Cercopithecus_ascanius,Cercopithecus ascanius,Nucleus.vestibularis.lateralis,Nucleus_vestibularis_lateralis_unilateral_Vol.mm3,crosswalk_exact,5.88,resolved_multiple,Stephan_etal_1981_TableXIII,"Stephan, Frahm & Baron 1981 (Folia Primatol 35:1-29)",Matano__1986_TableI; Stephan_etal_1981_TableXIII,2,Stephan et al 1981,,,NA,direct_same_structure_multiple,,,129,2019
Cercopithecus_ascanius,Cercopithecus ascanius,Nucleus.vestibularis.medialis,Nucleus_vestibularis_medialis_unilateral_Vol.mm3,crosswalk_exact,20.8,resolved_multiple,Stephan_etal_1981_TableXIII,"Stephan, Frahm & Baron 1981 (Folia Primatol 35:1-29)",Matano__1986_TableI; Stephan_etal_1981_TableXIII,2,Stephan et al 1981,,,NA,direct_same_structure_multiple,,,129,2019
Cercopithecus_ascanius,Cercopithecus ascanius,Nucleus.vestibularis.superior,Nucleus_vestibularis_superior_unilateral_Vol.mm3,crosswalk_exact,8.21,resolved_multiple,Stephan_etal_1981_TableXIII,"Stephan, Frahm & Baron 1981 (Folia Primatol 35:1-29)",Matano__1986_TableI; Stephan_etal_1981_TableXIII,2,Stephan et al 1981,,,NA,direct_same_structure_multiple,,,129,2019
Cercopithecus_ascanius,Cercopithecus ascanius,Nucleus_amygdalae_basalis_parsmagnocellularis,Nucleus_amygdalae_basalis_pars_magnocellularis_Vol.mm3,crosswalk_exact,48.9,resolved_unique,Stephan_etal_1981_TableXI,"Stephan, Frahm & Baron 1981 (Folia Primatol 35:1-29)",Stephan_etal_1981_TableXI,1,Stephan et al 1981,,,NA,direct_same_structure_unique,,,100,2019
Cercopithecus_ascanius,Cercopithecus ascanius,Nucleus_subthalamicus,Nucleus_subthalamicus_Vol.mm3,crosswalk_exact,25.7,resolved_unique,Stephan_etal_1981_TableVIII,"Stephan, Frahm & Baron 1981 (Folia Primatol 35:1-29)",Stephan_etal_1981_TableVIII,1,Stephan et al 1981,,,NA,direct_same_structure_unique,,,200,2019
Cercopithecus_ascanius,Cercopithecus ascanius,Nucleus_tractus_olfactorius,Nucleus_tractus_olfactorius_Vol.mm3,crosswalk_exact,0,resolved_unique,Stephan_etal_1981_TableXI,"Stephan, Frahm & Baron 1981 (Folia Primatol 35:1-29)",Stephan_etal_1981_TableXI,1,Stephan et al 1981,,,NA,direct_same_structure_unique,,,100,2019
Cercopithecus_ascanius,Cercopithecus ascanius,Other.cortical.association.areas.Gray,AssociationCortex_grey_matter_Vol.mm3,crosswalk_exact,16.06,resolved_fallback_metadata,Smaers_etal_2017_TableS1part1,"Smaers et al. 2017 (Curr Biol 27:714-720, Table S1)",Smaers_etal_2017_TableS1part1,0,Smaers et al 2017,,,NA,metadata_tables_near_perfect,Smaers_etal_2017_TableS1part1; Smaers_etal_2017 [restricted: Smaers.csv],Smaers_etal_2017_TableS1part1 = 16060 (AssociationCortex_grey_matter_Vol.mm3; 0.00%; scale 0.001; 0 prior contributions),0,2019
Cercopithecus_ascanius,Cercopithecus ascanius,Other.cortical.association.areas.White,AssociationCortex_white_matter_Vol.mm3,crosswalk_exact,8.3,resolved_fallback_metadata,Smaers_etal_2017_TableS1part1,"Smaers et al. 2017 (Curr Biol 27:714-720, Table S1)",Smaers_etal_2017_TableS1part1,0,Smaers et al 2017,,,NA,metadata_tables_near_perfect,Smaers_etal_2017_TableS1part1; Smaers_etal_2017 [restricted: Smaers.csv],Smaers_etal_2017_TableS1part1 = 8297 (AssociationCortex_white_matter_Vol.mm3; 0.04%; scale 0.001; 0 prior contributions),0,2019
Cercopithecus_ascanius,Cercopithecus ascanius,Palaeocortex,Palaeocortex_Vol.mm3,crosswalk_exact,450,resolved_unique,Stephan_etal_1981_TableXI,"Stephan, Frahm & Baron 1981 (Folia Primatol 35:1-29)",Stephan_etal_1981_TableXI,1,Stephan et al 1981; Zilles and Rehkamper 1988,,,NA,direct_same_structure_unique,,,100,2019
Cercopithecus_ascanius,Cercopithecus ascanius,Pallidum,Pallidum_Vol.mm3,crosswalk_exact,405,resolved_unique,Stephan_etal_1981_TableVIII,"Stephan, Frahm & Baron 1981 (Folia Primatol 35:1-29)",Stephan_etal_1981_TableVIII,1,Stephan et al 1981; Zilles and Rehkamper 1988,,,NA,direct_same_structure_unique,,,200,2019
Cercopithecus_ascanius,Cercopithecus ascanius,Pons,Ventral_pons_Vol.mm3,Matano ventral pons,520.2,resolved_unique,Matano_etal_1985_b_Table1,Matano et al. 1985 (Folia Primatol 44:182-203),Matano_etal_1985_b_Table1,1,Matano et al 1985; Zilles and Rehkamper 1988,,,NA,direct_same_structure_unique,,,40,2019
Cercopithecus_ascanius,Cercopithecus ascanius,Prefrontal.Gray,PrefrontalCortex_grey_matter_Vol.mm3,crosswalk_exact,1.15,resolved_fallback_metadata,Smaers_etal_2017_TableS1part1,"Smaers et al. 2017 (Curr Biol 27:714-720, Table S1)",Smaers_etal_2017_TableS1part1; Smaers_etal_2011_SupplementaryTable2,0,Smaers et al 2017,,,NA,metadata_tables_near_perfect,Smaers_etal_2017_TableS1part1; Smaers_etal_2011_SupplementaryTable2; Smaers_etal_2017 [restricted: Smaers.csv],Smaers_etal_2017_TableS1part1 = 1154 (PrefrontalCortex_grey_matter_Vol.mm3; 0.35%; scale 0.001; 0 prior contributions),0,2019
Cercopithecus_ascanius,Cercopithecus ascanius,Prefrontal.White,PrefrontalCortex_white_matter_Vol.mm3,crosswalk_exact,0.16,resolved_fallback_metadata,Smaers_etal_2017_TableS1part1,"Smaers et al. 2017 (Curr Biol 27:714-720, Table S1)",Smaers_etal_2017_TableS1part1; Smaers_etal_2011_SupplementaryTable2,0,Smaers et al 2017,,,NA,metadata_tables_near_perfect,Smaers_etal_2017_TableS1part1; Smaers_etal_2011_SupplementaryTable2; Smaers_etal_2017 [restricted: Smaers.csv],Smaers_etal_2017_TableS1part1 = 159 (PrefrontalCortex_white_matter_Vol.mm3; 0.63%; scale 0.001; 0 prior contributions),0,2019
Cercopithecus_ascanius,Cercopithecus ascanius,Primary.visual.White.Smaers,Area_striata_white_matter_Vol.mm3,crosswalk_exact,0.83,resolved_fallback_metadata,Smaers_etal_2017_TableS1part1,"Smaers et al. 2017 (Curr Biol 27:714-720, Table S1)",Frahm_etal_1984_Table1; Smaers_etal_2017_TableS1part1,1,Smaers et al 2017,,,Evo-M1 value matches Frahm_etal_1984_Table1 (not the metadata source); attributed to metadata source; see source_hunt,metadata_tables_near_perfect,Smaers_etal_2017_TableS1part1; Frahm_etal_1984_Table1; Smaers_etal_2017 [restricted: Smaers.csv],Smaers_etal_2017_TableS1part1 = 834 (Area_striata_white_matter_Vol.mm3; 0.48%; scale 0.001; 0 prior contributions),0,2019
Cercopithecus_ascanius,Cercopithecus ascanius,Schizocortex,Schizo_cortex_Vol.mm3,crosswalk_exact,694,resolved_unique,Stephan_etal_1981_TableVI,"Stephan, Frahm & Baron 1981 (Folia Primatol 35:1-29)",Stephan_etal_1981_TableVI,1,Stephan et al 1981,,,NA,direct_same_structure_unique,,,215,2019
Cercopithecus_ascanius,Cercopithecus ascanius,Septum,Septum_Vol.mm3,crosswalk_exact,251,resolved_unique,Stephan_etal_1981_TableVI,"Stephan, Frahm & Baron 1981 (Folia Primatol 35:1-29)",Stephan_etal_1981_TableVI,1,Stephan et al 1981; Zilles and Rehkamper 1988,,,NA,direct_same_structure_unique,,,215,2019
Cercopithecus_ascanius,Cercopithecus ascanius,Striatum,Striatum_Vol.mm3,crosswalk_exact,2827,resolved_unique,Stephan_etal_1981_TableVI,"Stephan, Frahm & Baron 1981 (Folia Primatol 35:1-29)",Stephan_etal_1981_TableVI,1,Stephan et al 1981; Zilles and Rehkamper 1988,,,NA,direct_same_structure_unique,,,215,2019
Cercopithecus_ascanius,Cercopithecus ascanius,Subthalamus,Subthalamus_Vol.mm3,crosswalk_exact,431,resolved_unique,Stephan_etal_1981_TableVIII,"Stephan, Frahm & Baron 1981 (Folia Primatol 35:1-29)",Stephan_etal_1981_TableVIII,1,Stephan et al 1981,,,NA,direct_same_structure_unique,,,200,2019
Cercopithecus_ascanius,Cercopithecus ascanius,Telencephalon,Telencephalon_Vol.mm3,crosswalk_exact,51279,resolved_unique,Stephan_etal_1981_TableIII,"Stephan, Frahm & Baron 1981 (Folia Primatol 35:1-29)",Stephan_etal_1981_TableIII,1,Stephan et al 1981; Zilles and Rehkamper 1988,,,NA,direct_same_structure_unique,,,243,2019
Cercopithecus_ascanius,Cercopithecus ascanius,Thalamus,Thalamus_Vol.mm3,crosswalk_exact,1916,resolved_unique,Stephan_etal_1981_TableVIII,"Stephan, Frahm & Baron 1981 (Folia Primatol 35:1-29)",Stephan_etal_1981_TableVIII,1,Stephan et al 1981,,,NA,direct_same_structure_unique,,,200,2019
Cercopithecus_ascanius,Cercopithecus ascanius,Total_brain_net_volume,Total_brain_net_volume_Vol.mm3,crosswalk_exact,63505,resolved_unique,Stephan_etal_1981_TableIII,"Stephan, Frahm & Baron 1981 (Folia Primatol 35:1-29)",Stephan_etal_1981_TableIII,1,Stephan et al 1981,,,NA,direct_same_structure_unique,,,243,2019
Cercopithecus_ascanius,Cercopithecus ascanius,Tractus_opticus,Tractus_opticus_Vol.mm3,crosswalk_exact,320,resolved_unique,Stephan_etal_1981_TableVIII,"Stephan, Frahm & Baron 1981 (Folia Primatol 35:1-29)",Stephan_etal_1981_TableVIII,1,Stephan et al 1981,,,NA,direct_same_structure_unique,,,200,2019
Cercopithecus_ascanius,Cercopithecus ascanius,Ventricles,Ventricles_Vol.mm3,crosswalk_exact,240,resolved_unique,Stephan_etal_1981_TableIII,"Stephan, Frahm & Baron 1981 (Folia Primatol 35:1-29)",Stephan_etal_1981_TableIII,1,Stephan et al 1981,,,NA,direct_same_structure_unique,,,243,2019
Cercopithecus_mitis,Cercopithecus mitis,ASG_Sousa,Area_striata_grey_matter_Vol.mm3,crosswalk_exact,4232,resolved_fallback_metadata,deSousa_etal_2010_SupTable2,de Sousa et al. 2010 (J Hum Evol 58:281-292),Frahm_etal_1984_Table1; deSousa_etal_2010_SupTable2; Smaers_etal_2017_TableS1part1; Frahm_etal_1998_Table1,1,de Sousa et al 2010,,,Evo-M1 value matches Frahm_etal_1984_Table1 (not the metadata source); attributed to metadata source; see source_hunt,metadata_tables_near_perfect,deSousa_etal_2010_SupTable2; Smaers_etal_2017_TableS1part1; Frahm_etal_1998_Table1; Frahm_etal_1984_Table1; deSousa_etal_2010 [restricted: deSousa_2010.csv]; deSousa_etal_2010 [restricted: Visual_volumes.xlsx]; Stephan_etal_1981 [restricted: Stephan_1981.csv],deSousa_etal_2010_SupTable2 = 4200 (Area_striata_grey_matter_Vol.mm3; 0.76%; scale 1; 0 prior contributions),0,2019
Cercopithecus_mitis,Cercopithecus mitis,Agranular_volume_L,Agranular_insular_cortex_left_Vol.mm3,crosswalk_exact,89,resolved_unique,Bauernfeind_etal_2013_Table1,Bauernfeind et al. 2013 (J Hum Evol 64:263-279),Bauernfeind_etal_2013_Table1,1,Bauernfeind et al 2013,,,NA,direct_same_structure_unique,,,181,2019
Cercopithecus_mitis,Cercopithecus mitis,Body_mass,Body_Mass.g,crosswalk_exact,5480,resolved_unique,Bauernfeind_etal_2013_Table1,Bauernfeind et al. 2013 (J Hum Evol 64:263-279),Bauernfeind_etal_2013_Table1,6,Bauernfeind et al 2013,,,NA,direct_same_structure_unique,,,181,2019
Cercopithecus_mitis,Cercopithecus mitis,Body_weight,Body_Mass.g,crosswalk_exact,6300,resolved_multiple,Stephan_etal_1981_TableIII,"Stephan, Frahm & Baron 1981 (Folia Primatol 35:1-29)",Matano__1986_TableI; Matano_etal_1985_a_Table1; Matano_etal_1985_b_Table1; Stephan_etal_1981_TableIII; Stephan_etal_1988_TABLE1,6,Stephan et al 1981; Zilles and Rehkamper 1988; Bauernfeind et al 2013,,,NA,direct_same_structure_multiple,,,243,2019
Cercopithecus_mitis,Cercopithecus mitis,Body_weight_1985a,Body_Mass.g,crosswalk_exact,6300,resolved_multiple,Matano_etal_1985_a_Table1,Matano et al. 1985 (Folia Primatol 44:182-203),Matano__1986_TableI; Matano_etal_1985_a_Table1; Matano_etal_1985_b_Table1; Stephan_etal_1981_TableIII; Stephan_etal_1988_TABLE1,6,NA,,,NA,direct_same_structure_multiple,,,220,2019
Cercopithecus_mitis,Cercopithecus mitis,Brain_mass,Brain_Mass.mg,crosswalk_exact,71600,resolved_unique,Bauernfeind_etal_2013_Table1,Bauernfeind et al. 2013 (J Hum Evol 64:263-279),Bauernfeind_etal_2013_Table1,4,Bauernfeind et al 2013,1000,,NA,direct_same_structure_unique,,,181,2019
Cercopithecus_mitis,Cercopithecus mitis,Brain_volume,NA,no_defensible_volume_key,69112,metadata_only,NA,NA,,0,Bauernfeind et al 2013,,,NA,metadata_only_no_volume_crosswalk,,,0,2019
Cercopithecus_mitis,Cercopithecus mitis,Brain_weight,Brain_Mass.mg,crosswalk_exact,75000,resolved_multiple,Stephan_etal_1981_TableIII,"Stephan, Frahm & Baron 1981 (Folia Primatol 35:1-29)",Stephan_etal_1981_TableIII; Stephan_etal_1988_TABLE1,4,Stephan et al 1981; Zilles and Rehkamper 1988; Bauernfeind et al 2013,,,NA,direct_same_structure_multiple,,,243,2019
Cercopithecus_mitis,Cercopithecus mitis,Brainvol,NA,no_defensible_volume_key,72393.82,metadata_only,NA,NA,,0,de Sousa et al 2010; Stephan et al 1981,,,NA,metadata_only_no_volume_crosswalk,,,0,2019
Cercopithecus_mitis,Cercopithecus mitis,Bulbus_olfactorius,Bulbus_olfactorius_Vol.mm3,crosswalk_exact,117,resolved_unique,Stephan_etal_1981_TableVI,"Stephan, Frahm & Baron 1981 (Folia Primatol 35:1-29)",Stephan_etal_1981_TableVI,1,Stephan et al 1981,,,NA,direct_same_structure_unique,,,215,2019
Cercopithecus_mitis,Cercopithecus mitis,Bulbus_olfactorius_accessorius,Bulbus_olfactorius_accessorius_Vol.mm3,crosswalk_exact,0,resolved_unique,Stephan_etal_1981_TableVI,"Stephan, Frahm & Baron 1981 (Folia Primatol 35:1-29)",Stephan_etal_1981_TableVI,1,Stephan et al 1981,,,NA,direct_same_structure_unique,,,215,2019
Cercopithecus_mitis,Cercopithecus mitis,Cerebellar_nuclei_total,Cerebellar_nuclei_total_Vol.mm3,crosswalk_exact,171.16,resolved_unique,Matano_etal_1985_a_Table1,Matano et al. 1985 (Folia Primatol 44:182-203),Matano_etal_1985_a_Table1,1,NA,,,NA,direct_same_structure_unique,,,220,2019
Cercopithecus_mitis,Cercopithecus mitis,Cerebellum,Cerebellum_Vol.mm3,crosswalk_exact,6758,resolved_unique,Stephan_etal_1981_TableIII,"Stephan, Frahm & Baron 1981 (Folia Primatol 35:1-29)",Stephan_etal_1981_TableIII,1,Stephan et al 1981; Zilles and Rehkamper 1988,,,NA,direct_same_structure_unique,,,243,2019
Cercopithecus_mitis,Cercopithecus mitis,Corpus.pineale,Corpus_pineal_Vol.mm3,crosswalk_exact,15.3,resolved_unique,Stephan_etal_1981_TableXVI,"Stephan, Frahm & Baron 1981 (Folia Primatol 35:1-29)",Stephan_etal_1981_TableXVI,1,Stephan et al 1981,,,NA,direct_same_structure_unique,,,103,2019
Cercopithecus_mitis,Cercopithecus mitis,Corpus.subcommissurale,Corpus_subcommissurale_Vol.mm3,crosswalk_exact,0.26,resolved_unique,Stephan_etal_1981_TableXVI,"Stephan, Frahm & Baron 1981 (Folia Primatol 35:1-29)",Stephan_etal_1981_TableXVI,1,Stephan et al 1981,,,NA,direct_same_structure_unique,,,103,2019
Cercopithecus_mitis,Cercopithecus mitis,Corpus.subfornicale,Corpus_subfornicale_Vol.mm3,crosswalk_exact,0.43,resolved_unique,Stephan_etal_1981_TableXVI,"Stephan, Frahm & Baron 1981 (Folia Primatol 35:1-29)",Stephan_etal_1981_TableXVI,1,Stephan et al 1981,,,NA,direct_same_structure_unique,,,103,2019
Cercopithecus_mitis,Cercopithecus mitis,Diencephalon,Diencephalon_Vol.mm3,crosswalk_exact,4176,resolved_unique,Stephan_etal_1981_TableIII,"Stephan, Frahm & Baron 1981 (Folia Primatol 35:1-29)",Stephan_etal_1981_TableIII,1,Stephan et al 1981; Zilles and Rehkamper 1988,,,NA,direct_same_structure_unique,,,243,2019
Cercopithecus_mitis,Cercopithecus mitis,Dysgranular_volume_L,Dysgranular_insular_cortex_left_Vol.mm3,crosswalk_exact,391,resolved_unique,Bauernfeind_etal_2013_Table1,Bauernfeind et al. 2013 (J Hum Evol 64:263-279),Bauernfeind_etal_2013_Table1,1,Bauernfeind et al 2013,,,NA,direct_same_structure_unique,,,181,2019
Cercopithecus_mitis,Cercopithecus mitis,Frontal.motor,FrontalMotor_white_matter_Vol.mm3,crosswalk_exact,0.95,resolved_fallback_metadata,Smaers_etal_2017_TableS1part1,"Smaers et al. 2017 (Curr Biol 27:714-720, Table S1)",Smaers_etal_2017_TableS1part1,0,Smaers et al 2017,,,NA,metadata_tables_near_perfect,Smaers_etal_2017_TableS1part1,Smaers_etal_2017_TableS1part1 = 946 (FrontalMotor_white_matter_Vol.mm3; 0.42%; scale 0.001; 0 prior contributions),0,2019
Cercopithecus_mitis,Cercopithecus mitis,Frontal.motor.Gray,FrontalMotor_grey_matter_Vol.mm3,crosswalk_exact,1.85,resolved_fallback_metadata,Smaers_etal_2017_TableS1part1,"Smaers et al. 2017 (Curr Biol 27:714-720, Table S1)",Smaers_etal_2017_TableS1part1,0,Smaers et al 2017,,,NA,metadata_tables_near_perfect,Smaers_etal_2017_TableS1part1; Smaers_etal_2017 [restricted: Smaers.csv],Smaers_etal_2017_TableS1part1 = 1852 (FrontalMotor_grey_matter_Vol.mm3; 0.11%; scale 0.001; 0 prior contributions),0,2019
Cercopithecus_mitis,Cercopithecus mitis,Granular_volume_L,Granular_insular_cortex_left_Vol.mm3,crosswalk_exact,134,resolved_unique,Bauernfeind_etal_2013_Table1,Bauernfeind et al. 2013 (J Hum Evol 64:263-279),Bauernfeind_etal_2013_Table1,1,Bauernfeind et al 2013,,,NA,direct_same_structure_unique,,,181,2019
Cercopithecus_mitis,Cercopithecus mitis,Hippocampus,Hippocampus_Vol.mm3,crosswalk_exact,1366,resolved_unique,Stephan_etal_1981_TableVI,"Stephan, Frahm & Baron 1981 (Folia Primatol 35:1-29)",Stephan_etal_1981_TableVI,1,Stephan et al 1981; Zilles and Rehkamper 1988,,,NA,direct_same_structure_unique,,,215,2019
Cercopithecus_mitis,Cercopithecus mitis,Interpositus_cerebellar_nuclei,Interpositus_cerebellar_nuclei_Vol.mm3,crosswalk_exact,54.55,resolved_unique,Matano_etal_1985_a_Table1,Matano et al. 1985 (Folia Primatol 44:182-203),Matano_etal_1985_a_Table1,1,NA,,,NA,direct_same_structure_unique,,,220,2019
Cercopithecus_mitis,Cercopithecus mitis,LGN_Sousa,Corpus_geniculatum_laterale_Vol.mm3,crosswalk_exact,150,resolved_fallback_metadata,deSousa_etal_2010_SupTable2,de Sousa et al. 2010 (J Hum Evol 58:281-292),Stephan_etal_1981_TableIX; Stephan_etal_1984_Table1; deSousa_etal_2010_SupTable2; Frahm_etal_1998_Table1,3,de Sousa et al 2010; de Sousa et al 2013,,,Evo-M1 value matches Stephan_etal_1981_TableIX; Stephan_etal_1984_Table1 (not the metadata source); attributed to metadata source; see source_hunt,metadata_tables_near_perfect,deSousa_etal_2010_SupTable2; Frahm_etal_1998_Table1; Stephan_etal_1984_Table1; Stephan_etal_1981_TableIX; deSousa_etal_2013 [restricted: compare_LGN_vs_Stephan.csv]; deSousa_etal_2013 [restricted: deSousa_2013.csv]; deSousa_etal_2010 [restricted: deSousa_2010.csv]; deSousa_etal_2010 [restricted: Visual_volumes.xlsx]; Stephan_etal_1981 [restricted: Stephan_1981.csv],deSousa_etal_2010_SupTable2 = 150 (Corpus_geniculatum_laterale_Vol.mm3; 0.00%; scale 1; 0 prior contributions),0,2019
Cercopithecus_mitis,Cercopithecus mitis,Lateral_cerebellar_nuclei,Lateral_cerebellar_nuclei_Vol.mm3,crosswalk_exact,82.38,resolved_unique,Matano_etal_1985_a_Table1,Matano et al. 1985 (Folia Primatol 44:182-203),Matano_etal_1985_a_Table1,1,NA,,,NA,direct_same_structure_unique,,,220,2019
Cercopithecus_mitis,Cercopithecus mitis,Lobus_piriformis,Lobus_piriformis_Vol.mm3,crosswalk_exact,1265,resolved_unique,Stephan_etal_1981_TableVI,"Stephan, Frahm & Baron 1981 (Folia Primatol 35:1-29)",Stephan_etal_1981_TableVI,1,Stephan et al 1981; Zilles and Rehkamper 1988,,,NA,direct_same_structure_unique,,,215,2019
Cercopithecus_mitis,Cercopithecus mitis,Medial_cerebellar_nuclei,Medial_cerebellar_nuclei_Vol.mm3,crosswalk_exact,34.23,resolved_unique,Matano_etal_1985_a_Table1,Matano et al. 1985 (Folia Primatol 44:182-203),Matano_etal_1985_a_Table1,1,NA,,,NA,direct_same_structure_unique,,,220,2019
Cercopithecus_mitis,Cercopithecus mitis,Medulla_oblongata,Medulla_oblongata_Vol.mm3,crosswalk_exact,1999,resolved_unique,Stephan_etal_1981_TableIII,"Stephan, Frahm & Baron 1981 (Folia Primatol 35:1-29)",Stephan_etal_1981_TableIII,1,Stephan et al 1981; Zilles and Rehkamper 1988,,,NA,direct_same_structure_unique,,,243,2019
Cercopithecus_mitis,Cercopithecus mitis,Meninges_hypophysis_nerves_etc,NA,no_defensible_volume_key,1363,metadata_only,NA,NA,,0,Stephan et al 1981,,,NA,metadata_only_no_volume_crosswalk,,,0,2019
Cercopithecus_mitis,Cercopithecus mitis,Mesencephalon,Mesencephalon_Vol.mm3,crosswalk_exact,1354,resolved_unique,Stephan_etal_1981_TableIII,"Stephan, Frahm & Baron 1981 (Folia Primatol 35:1-29)",Stephan_etal_1981_TableIII,1,Stephan et al 1981; Zilles and Rehkamper 1988,,,NA,direct_same_structure_unique,,,243,2019
Cercopithecus_mitis,Cercopithecus mitis,NeoWG,Neocortex_Vol.mm3,crosswalk_exact,49933,resolved_unique,Stephan_etal_1981_TableVI,"Stephan, Frahm & Baron 1981 (Folia Primatol 35:1-29)",Stephan_etal_1981_TableVI,1,Stephan et al 1981; Zilles and Rehkamper 1988,,,NA,direct_same_structure_unique,,,215,2019
Cercopithecus_mitis,Cercopithecus mitis,Nucleus.habenularis.medialis,Nucleus_habenularis_medialis_Vol.mm3,crosswalk_exact,5.38,resolved_unique,Stephan_etal_1981_TableXVI,"Stephan, Frahm & Baron 1981 (Folia Primatol 35:1-29)",Stephan_etal_1981_TableXVI,1,Stephan et al 1981,,,NA,direct_same_structure_unique,,,103,2019
Cercopithecus_mitis,Cercopithecus mitis,Nucleus.septalis.triangularis,Nucleus_septalis_triangularis_Vol.mm3,crosswalk_exact,1.96,resolved_unique,Stephan_etal_1981_TableXVI,"Stephan, Frahm & Baron 1981 (Folia Primatol 35:1-29)",Stephan_etal_1981_TableXVI,1,Stephan et al 1981,,,NA,direct_same_structure_unique,,,103,2019
Cercopithecus_mitis,Cercopithecus mitis,Other.cortical.association.areas.Gray,AssociationCortex_grey_matter_Vol.mm3,crosswalk_exact,19.39,resolved_fallback_metadata,Smaers_etal_2017_TableS1part1,"Smaers et al. 2017 (Curr Biol 27:714-720, Table S1)",Smaers_etal_2017_TableS1part1,0,Smaers et al 2017,,,NA,metadata_tables_near_perfect,Smaers_etal_2017_TableS1part1; Smaers_etal_2017 [restricted: Smaers.csv],Smaers_etal_2017_TableS1part1 = 19385 (AssociationCortex_grey_matter_Vol.mm3; 0.03%; scale 0.001; 0 prior contributions),0,2019
Cercopithecus_mitis,Cercopithecus mitis,Other.cortical.association.areas.White,AssociationCortex_white_matter_Vol.mm3,crosswalk_exact,9.91,resolved_fallback_metadata,Smaers_etal_2017_TableS1part1,"Smaers et al. 2017 (Curr Biol 27:714-720, Table S1)",Smaers_etal_2017_TableS1part1,0,Smaers et al 2017,,,NA,metadata_tables_near_perfect,Smaers_etal_2017_TableS1part1; Smaers_etal_2017 [restricted: Smaers.csv],Smaers_etal_2017_TableS1part1 = 9911 (AssociationCortex_white_matter_Vol.mm3; 0.01%; scale 0.001; 0 prior contributions),0,2019
Cercopithecus_mitis,Cercopithecus mitis,Pons,Ventral_pons_Vol.mm3,Matano ventral pons,517.6,resolved_unique,Matano_etal_1985_b_Table1,Matano et al. 1985 (Folia Primatol 44:182-203),Matano_etal_1985_b_Table1,1,Matano et al 1985; Zilles and Rehkamper 1988,,,NA,direct_same_structure_unique,,,40,2019
Cercopithecus_mitis,Cercopithecus mitis,Prefrontal.Gray,PrefrontalCortex_grey_matter_Vol.mm3,crosswalk_exact,1.38,resolved_fallback_metadata,Smaers_etal_2017_TableS1part1,"Smaers et al. 2017 (Curr Biol 27:714-720, Table S1)",Smaers_etal_2017_TableS1part1; Smaers_etal_2011_SupplementaryTable2,0,Smaers et al 2017,,,NA,metadata_tables_near_perfect,Smaers_etal_2017_TableS1part1; Smaers_etal_2011_SupplementaryTable2; Smaers_etal_2017 [restricted: Smaers.csv],Smaers_etal_2017_TableS1part1 = 1380 (PrefrontalCortex_grey_matter_Vol.mm3; 0.00%; scale 0.001; 0 prior contributions),0,2019
Cercopithecus_mitis,Cercopithecus mitis,Prefrontal.White,PrefrontalCortex_white_matter_Vol.mm3,crosswalk_exact,0.21,resolved_fallback_metadata,Smaers_etal_2017_TableS1part1,"Smaers et al. 2017 (Curr Biol 27:714-720, Table S1)",Smaers_etal_2017_TableS1part1; Smaers_etal_2011_SupplementaryTable2,0,Smaers et al 2017,,,NA,metadata_tables_near_perfect,Smaers_etal_2017_TableS1part1; Smaers_etal_2011_SupplementaryTable2; Smaers_etal_2017 [restricted: Smaers.csv],Smaers_etal_2017_TableS1part1 = 205 (PrefrontalCortex_white_matter_Vol.mm3; 2.38%; scale 0.001; 0 prior contributions),0,2019
Cercopithecus_mitis,Cercopithecus mitis,Primary.visual.White.Smaers,Area_striata_white_matter_Vol.mm3,crosswalk_exact,1.04,resolved_fallback_metadata,Smaers_etal_2017_TableS1part1,"Smaers et al. 2017 (Curr Biol 27:714-720, Table S1)",Frahm_etal_1984_Table1; Smaers_etal_2017_TableS1part1,1,Smaers et al 2017,,,Evo-M1 value matches Frahm_etal_1984_Table1 (not the metadata source); attributed to metadata source; see source_hunt,metadata_tables_near_perfect,Smaers_etal_2017_TableS1part1; Frahm_etal_1984_Table1; Smaers_etal_2017 [restricted: Smaers.csv],Smaers_etal_2017_TableS1part1 = 1042 (Area_striata_white_matter_Vol.mm3; 0.19%; scale 0.001; 0 prior contributions),0,2019
Cercopithecus_mitis,Cercopithecus mitis,Schizocortex,Schizo_cortex_Vol.mm3,crosswalk_exact,617,resolved_unique,Stephan_etal_1981_TableVI,"Stephan, Frahm & Baron 1981 (Folia Primatol 35:1-29)",Stephan_etal_1981_TableVI,1,Stephan et al 1981,,,NA,direct_same_structure_unique,,,215,2019
Cercopithecus_mitis,Cercopithecus mitis,Septum,Septum_Vol.mm3,crosswalk_exact,246,resolved_unique,Stephan_etal_1981_TableVI,"Stephan, Frahm & Baron 1981 (Folia Primatol 35:1-29)",Stephan_etal_1981_TableVI,1,Stephan et al 1981; Zilles and Rehkamper 1988,,,NA,direct_same_structure_unique,,,215,2019
Cercopithecus_mitis,Cercopithecus mitis,Striatum,Striatum_Vol.mm3,crosswalk_exact,2733,resolved_unique,Stephan_etal_1981_TableVI,"Stephan, Frahm & Baron 1981 (Folia Primatol 35:1-29)",Stephan_etal_1981_TableVI,1,Stephan et al 1981; Zilles and Rehkamper 1988,,,NA,direct_same_structure_unique,,,215,2019
Cercopithecus_mitis,Cercopithecus mitis,Telencephalon,Telencephalon_Vol.mm3,crosswalk_exact,56277,resolved_unique,Stephan_etal_1981_TableIII,"Stephan, Frahm & Baron 1981 (Folia Primatol 35:1-29)",Stephan_etal_1981_TableIII,1,Stephan et al 1981; Zilles and Rehkamper 1988,,,NA,direct_same_structure_unique,,,243,2019
Cercopithecus_mitis,Cercopithecus mitis,Total_brain_net_volume,Total_brain_net_volume_Vol.mm3,crosswalk_exact,70564,resolved_unique,Stephan_etal_1981_TableIII,"Stephan, Frahm & Baron 1981 (Folia Primatol 35:1-29)",Stephan_etal_1981_TableIII,2,Stephan et al 1981,,,NA,direct_same_structure_unique,,,243,2019
Cercopithecus_mitis,Cercopithecus mitis,Total_insula_volume_L,Insula_left_Vol.mm3,crosswalk_exact,614,resolved_unique,Bauernfeind_etal_2013_Table1,Bauernfeind et al. 2013 (J Hum Evol 64:263-279),Bauernfeind_etal_2013_Table1,1,Bauernfeind et al 2013,,,NA,direct_same_structure_unique,,,181,2019
Cercopithecus_mitis,Cercopithecus mitis,Ventricles,Ventricles_Vol.mm3,crosswalk_exact,467,resolved_unique,Stephan_etal_1981_TableIII,"Stephan, Frahm & Baron 1981 (Folia Primatol 35:1-29)",Stephan_etal_1981_TableIII,1,Stephan et al 1981,,,NA,direct_same_structure_unique,,,243,2019
Cheirogaleus_major,Cheirogaleus major,ASG_Sousa,Area_striata_grey_matter_Vol.mm3,crosswalk_exact,433,resolved_fallback_restricted,deSousa_etal_2010 [restricted: Visual_volumes.xlsx],de Sousa et al. 2010 (J Hum Evol 58:281-292),Frahm_etal_1984_Table1; Frahm_etal_1998_Table1; deSousa_etal_2010 [restricted: Visual_volumes.xlsx],1,de Sousa et al 2010,1000,,Evo-M1 value matches Frahm_etal_1984_Table1 (not the metadata source); attributed to metadata source; see source_hunt,restricted_documents_near_perfect,Frahm_etal_1998_Table1; Frahm_etal_1984_Table1; deSousa_etal_2010 [restricted: Visual_volumes.xlsx]; deSousa_etal_2010 [restricted: deSousa_2010.csv]; Stephan_etal_1981 [restricted: Stephan_1981.csv],deSousa_etal_2010 [restricted: Visual_volumes.xlsx] = 0.433 (0.00%; scale 1000; restricted_checks/deSousa_etal_2010/comparison/Visual_volumes.xlsx R32C5; 0 prior contributions),0,2019
Cheirogaleus_major,Cheirogaleus major,Amygdala,Amygdala_Vol.mm3,crosswalk_exact,99.4,resolved_unique,Stephan_etal_1981_TableXI,"Stephan, Frahm & Baron 1981 (Folia Primatol 35:1-29)",Stephan_etal_1981_TableXI,1,Stephan et al 1981; Zilles and Rehkamper 1988,,,NA,direct_same_structure_unique,,,100,2019
Cheirogaleus_major,Cheirogaleus major,Body_weight,Body_Mass.g,crosswalk_exact,450,resolved_multiple,Stephan_etal_1981_TableII,"Stephan, Frahm & Baron 1981 (Folia Primatol 35:1-29)",Matano__1986_TableI; Matano_etal_1985_a_Table1; Matano_etal_1985_b_Table1; Stephan_etal_1981_TableII; Stephan_etal_1988_TABLE1,5,Stephan et al 1981; Zilles and Rehkamper 1988; Bauernfeind et al 2013,,,NA,direct_same_structure_multiple,,,162,2019
Cheirogaleus_major,Cheirogaleus major,Body_weight_1985a,Body_Mass.g,crosswalk_exact,450,resolved_multiple,Matano_etal_1985_a_Table1,Matano et al. 1985 (Folia Primatol 44:182-203),Matano__1986_TableI; Matano_etal_1985_a_Table1; Matano_etal_1985_b_Table1; Stephan_etal_1981_TableII; Stephan_etal_1988_TABLE1,5,NA,,,NA,direct_same_structure_multiple,,,220,2019
Cheirogaleus_major,Cheirogaleus major,Brain_weight,Brain_Mass.mg,crosswalk_exact,6800,resolved_multiple,Stephan_etal_1981_TableII,"Stephan, Frahm & Baron 1981 (Folia Primatol 35:1-29)",Stephan_etal_1981_TableII; Stephan_etal_1988_TABLE1,2,Stephan et al 1981; Zilles and Rehkamper 1988; Bauernfeind et al 2013,,,NA,direct_same_structure_multiple,,,162,2019
Cheirogaleus_major,Cheirogaleus major,Brainvol,NA,no_defensible_volume_key,6563.71,metadata_only,NA,NA,,0,de Sousa et al 2010; Stephan et al 1981,,,NA,metadata_only_no_volume_crosswalk,,,0,2019
Cheirogaleus_major,Cheirogaleus major,Bulbus_olfactorius,Bulbus_olfactorius_Vol.mm3,crosswalk_exact,158,resolved_unique,Stephan_etal_1981_TableV,"Stephan, Frahm & Baron 1981 (Folia Primatol 35:1-29)",Stephan_etal_1981_TableV,1,Stephan et al 1981,,,NA,direct_same_structure_unique,,,144,2019
Cheirogaleus_major,Cheirogaleus major,Bulbus_olfactorius_accessorius,Bulbus_olfactorius_accessorius_Vol.mm3,crosswalk_exact,4.04,resolved_unique,Stephan_etal_1981_TableV,"Stephan, Frahm & Baron 1981 (Folia Primatol 35:1-29)",Stephan_etal_1981_TableV,1,Stephan et al 1981,,,NA,direct_same_structure_unique,,,144,2019
Cheirogaleus_major,Cheirogaleus major,Capsula_interna,Capsula_interna_Vol.mm3,crosswalk_exact,48.6,resolved_unique,Stephan_etal_1981_TableVIII,"Stephan, Frahm & Baron 1981 (Folia Primatol 35:1-29)",Stephan_etal_1981_TableVIII,1,Stephan et al 1981,,,NA,direct_same_structure_unique,,,200,2019
Cheirogaleus_major,Cheirogaleus major,Cerebellar_nuclei_total,Cerebellar_nuclei_total_Vol.mm3,crosswalk_exact,19.45,resolved_unique,Matano_etal_1985_a_Table1,Matano et al. 1985 (Folia Primatol 44:182-203),Matano_etal_1985_a_Table1,1,NA,,,NA,direct_same_structure_unique,,,220,2019
Cheirogaleus_major,Cheirogaleus major,Cerebellum,Cerebellum_Vol.mm3,crosswalk_exact,947,resolved_unique,Stephan_etal_1981_TableII,"Stephan, Frahm & Baron 1981 (Folia Primatol 35:1-29)",Stephan_etal_1981_TableII,1,Stephan et al 1981; Zilles and Rehkamper 1988,,,NA,direct_same_structure_unique,,,162,2019
Cheirogaleus_major,Cheirogaleus major,Complexus.vestibularis,Complexus_vestibularis_unilateral_Vol.mm3,crosswalk_exact,11.1,resolved_multiple,Stephan_etal_1981_TableXIII,"Stephan, Frahm & Baron 1981 (Folia Primatol 35:1-29)",Matano__1986_TableI; Stephan_etal_1981_TableXIII,2,Stephan et al 1981,,,NA,direct_same_structure_multiple,,,129,2019
Cheirogaleus_major,Cheirogaleus major,Complexus_centromedialis,Complexus_centromedialis_Vol.mm3,crosswalk_exact,34.1,resolved_unique,Stephan_etal_1981_TableXI,"Stephan, Frahm & Baron 1981 (Folia Primatol 35:1-29)",Stephan_etal_1981_TableXI,1,Stephan et al 1981,,,NA,direct_same_structure_unique,,,100,2019
Cheirogaleus_major,Cheirogaleus major,Complexus_cortico_basolateralis,Complexus_corticobasolateralis_Vol.mm3,crosswalk_exact,65.3,resolved_unique,Stephan_etal_1981_TableXI,"Stephan, Frahm & Baron 1981 (Folia Primatol 35:1-29)",Stephan_etal_1981_TableXI,1,Stephan et al 1981,,,NA,direct_same_structure_unique,,,100,2019
Cheirogaleus_major,Cheirogaleus major,Corpus.pineale,Corpus_pineal_Vol.mm3,crosswalk_exact,0.79,resolved_unique,Stephan_etal_1981_TableXV,"Stephan, Frahm & Baron 1981 (Folia Primatol 35:1-29)",Stephan_etal_1981_TableXV,1,Stephan et al 1981,,,NA,direct_same_structure_unique,,,88,2019
Cheirogaleus_major,Cheirogaleus major,Corpus.subcommissurale,Corpus_subcommissurale_Vol.mm3,crosswalk_exact,0.03,resolved_unique,Stephan_etal_1981_TableXV,"Stephan, Frahm & Baron 1981 (Folia Primatol 35:1-29)",Stephan_etal_1981_TableXV,1,Stephan et al 1981,,,NA,direct_same_structure_unique,,,88,2019
Cheirogaleus_major,Cheirogaleus major,Corpus.subfornicale,Corpus_subfornicale_Vol.mm3,crosswalk_exact,0.26,resolved_unique,Stephan_etal_1981_TableXV,"Stephan, Frahm & Baron 1981 (Folia Primatol 35:1-29)",Stephan_etal_1981_TableXV,1,Stephan et al 1981,,,NA,direct_same_structure_unique,,,88,2019
Cheirogaleus_major,Cheirogaleus major,Diencephalon,Diencephalon_Vol.mm3,crosswalk_exact,489,resolved_unique,Stephan_etal_1981_TableII,"Stephan, Frahm & Baron 1981 (Folia Primatol 35:1-29)",Stephan_etal_1981_TableII,1,Stephan et al 1981; Zilles and Rehkamper 1988,,,NA,direct_same_structure_unique,,,162,2019
Cheirogaleus_major,Cheirogaleus major,Epithalamus,Epithalamus_Vol.mm3,crosswalk_exact,4.83,resolved_unique,Stephan_etal_1981_TableVIII,"Stephan, Frahm & Baron 1981 (Folia Primatol 35:1-29)",Stephan_etal_1981_TableVIII,1,Stephan et al 1981,,,NA,direct_same_structure_unique,,,200,2019
Cheirogaleus_major,Cheirogaleus major,Hippocampus,Hippocampus_Vol.mm3,crosswalk_exact,347,resolved_unique,Stephan_etal_1981_TableV,"Stephan, Frahm & Baron 1981 (Folia Primatol 35:1-29)",Stephan_etal_1981_TableV,1,Stephan et al 1981; Zilles and Rehkamper 1988,,,NA,direct_same_structure_unique,,,144,2019
Cheirogaleus_major,Cheirogaleus major,Hypothalamus,Hypothalamus_Vol.mm3,crosswalk_exact,101,resolved_unique,Stephan_etal_1981_TableVIII,"Stephan, Frahm & Baron 1981 (Folia Primatol 35:1-29)",Stephan_etal_1981_TableVIII,1,Stephan et al 1981,,,NA,direct_same_structure_unique,,,200,2019
Cheirogaleus_major,Cheirogaleus major,Interpositus_cerebellar_nuclei,Interpositus_cerebellar_nuclei_Vol.mm3,crosswalk_exact,3.85,resolved_unique,Matano_etal_1985_a_Table1,Matano et al. 1985 (Folia Primatol 44:182-203),Matano_etal_1985_a_Table1,1,NA,,,NA,direct_same_structure_unique,,,220,2019
Cheirogaleus_major,Cheirogaleus major,LGN_Sousa,Corpus_geniculatum_laterale_Vol.mm3,crosswalk_exact,21.5,resolved_fallback_restricted,deSousa_etal_2010 [restricted: Visual_volumes.xlsx],de Sousa et al. 2010 (J Hum Evol 58:281-292),Stephan_etal_1981_TableIX; Stephan_etal_1984_Table1; deSousa_etal_2010_SupTable2; Frahm_etal_1998_Table1; deSousa_etal_2010 [restricted: Visual_volumes.xlsx],2,de Sousa et al 2010; de Sousa et al 2013,,,Evo-M1 value matches Stephan_etal_1981_TableIX; Stephan_etal_1984_Table1 (not the metadata source); attributed to metadata source; see source_hunt,restricted_documents_near_perfect,deSousa_etal_2010_SupTable2; Frahm_etal_1998_Table1; Stephan_etal_1984_Table1; Stephan_etal_1981_TableIX; deSousa_etal_2010 [restricted: Visual_volumes.xlsx]; deSousa_etal_2010 [restricted: deSousa_2010.csv]; Stephan_etal_1981 [restricted: Stephan_1981.csv],deSousa_etal_2010 [restricted: Visual_volumes.xlsx] = 21.5 (0.00%; scale 1; restricted_checks/deSousa_etal_2010/comparison/Visual_volumes.xlsx R32C10; 0 prior contributions),0,2019
Cheirogaleus_major,Cheirogaleus major,Lateral_cerebellar_nuclei,Lateral_cerebellar_nuclei_Vol.mm3,crosswalk_exact,9.95,resolved_unique,Matano_etal_1985_a_Table1,Matano et al. 1985 (Folia Primatol 44:182-203),Matano_etal_1985_a_Table1,1,NA,,,NA,direct_same_structure_unique,,,220,2019
Cheirogaleus_major,Cheirogaleus major,Lobus_piriformis,Lobus_piriformis_Vol.mm3,crosswalk_exact,332,resolved_unique,Stephan_etal_1981_TableV,"Stephan, Frahm & Baron 1981 (Folia Primatol 35:1-29)",Stephan_etal_1981_TableV,1,Stephan et al 1981; Zilles and Rehkamper 1988,,,NA,direct_same_structure_unique,,,144,2019
Cheirogaleus_major,Cheirogaleus major,Medial_cerebellar_nuclei,Medial_cerebellar_nuclei_Vol.mm3,crosswalk_exact,5.65,resolved_unique,Matano_etal_1985_a_Table1,Matano et al. 1985 (Folia Primatol 44:182-203),Matano_etal_1985_a_Table1,1,NA,,,NA,direct_same_structure_unique,,,220,2019
Cheirogaleus_major,Cheirogaleus major,Medulla_oblongata,Medulla_oblongata_Vol.mm3,crosswalk_exact,382,resolved_unique,Stephan_etal_1981_TableII,"Stephan, Frahm & Baron 1981 (Folia Primatol 35:1-29)",Stephan_etal_1981_TableII,1,Stephan et al 1981; Zilles and Rehkamper 1988,,,NA,direct_same_structure_unique,,,162,2019
Cheirogaleus_major,Cheirogaleus major,Meninges_hypophysis_nerves_etc,NA,no_defensible_volume_key,108,metadata_only,NA,NA,,0,Stephan et al 1981,,,NA,metadata_only_no_volume_crosswalk,,,0,2019
Cheirogaleus_major,Cheirogaleus major,Mesencephalon,Mesencephalon_Vol.mm3,crosswalk_exact,241,resolved_unique,Stephan_etal_1981_TableII,"Stephan, Frahm & Baron 1981 (Folia Primatol 35:1-29)",Stephan_etal_1981_TableII,1,Stephan et al 1981; Zilles and Rehkamper 1988,,,NA,direct_same_structure_unique,,,162,2019
Cheirogaleus_major,Cheirogaleus major,NeoWG,Neocortex_Vol.mm3,crosswalk_exact,2938,resolved_unique,Stephan_etal_1981_TableV,"Stephan, Frahm & Baron 1981 (Folia Primatol 35:1-29)",Stephan_etal_1981_TableV,1,Stephan et al 1981; Zilles and Rehkamper 1988,,,NA,direct_same_structure_unique,,,144,2019
Cheirogaleus_major,Cheirogaleus major,Nucleus.habenularis.medialis,Nucleus_habenularis_medialis_Vol.mm3,crosswalk_exact,1.75,resolved_unique,Stephan_etal_1981_TableXV,"Stephan, Frahm & Baron 1981 (Folia Primatol 35:1-29)",Stephan_etal_1981_TableXV,1,Stephan et al 1981,,,NA,direct_same_structure_unique,,,88,2019
Cheirogaleus_major,Cheirogaleus major,Nucleus.septalis.triangularis,Nucleus_septalis_triangularis_Vol.mm3,crosswalk_exact,0.92,resolved_unique,Stephan_etal_1981_TableXV,"Stephan, Frahm & Baron 1981 (Folia Primatol 35:1-29)",Stephan_etal_1981_TableXV,1,Stephan et al 1981,,,NA,direct_same_structure_unique,,,88,2019
Cheirogaleus_major,Cheirogaleus major,Nucleus.vestibularis.descendens,Nucleus_vestibularis_descendens_unilateral_Vol.mm3,crosswalk_exact,3.27,resolved_multiple,Stephan_etal_1981_TableXIII,"Stephan, Frahm & Baron 1981 (Folia Primatol 35:1-29)",Matano__1986_TableI; Stephan_etal_1981_TableXIII,2,Stephan et al 1981,,,NA,direct_same_structure_multiple,,,129,2019
Cheirogaleus_major,Cheirogaleus major,Nucleus.vestibularis.lateralis,Nucleus_vestibularis_lateralis_unilateral_Vol.mm3,crosswalk_exact,1.78,resolved_multiple,Stephan_etal_1981_TableXIII,"Stephan, Frahm & Baron 1981 (Folia Primatol 35:1-29)",Matano__1986_TableI; Stephan_etal_1981_TableXIII,2,Stephan et al 1981,,,NA,direct_same_structure_multiple,,,129,2019
Cheirogaleus_major,Cheirogaleus major,Nucleus.vestibularis.medialis,Nucleus_vestibularis_medialis_unilateral_Vol.mm3,crosswalk_exact,4.18,resolved_multiple,Stephan_etal_1981_TableXIII,"Stephan, Frahm & Baron 1981 (Folia Primatol 35:1-29)",Matano__1986_TableI; Stephan_etal_1981_TableXIII,2,Stephan et al 1981,,,NA,direct_same_structure_multiple,,,129,2019
Cheirogaleus_major,Cheirogaleus major,Nucleus.vestibularis.superior,Nucleus_vestibularis_superior_unilateral_Vol.mm3,crosswalk_exact,1.86,resolved_multiple,Stephan_etal_1981_TableXIII,"Stephan, Frahm & Baron 1981 (Folia Primatol 35:1-29)",Matano__1986_TableI; Stephan_etal_1981_TableXIII,2,Stephan et al 1981,,,NA,direct_same_structure_multiple,,,129,2019
Cheirogaleus_major,Cheirogaleus major,Nucleus_amygdalae_basalis_parsmagnocellularis,Nucleus_amygdalae_basalis_pars_magnocellularis_Vol.mm3,crosswalk_exact,7.32,resolved_unique,Stephan_etal_1981_TableXI,"Stephan, Frahm & Baron 1981 (Folia Primatol 35:1-29)",Stephan_etal_1981_TableXI,1,Stephan et al 1981,,,NA,direct_same_structure_unique,,,100,2019
Cheirogaleus_major,Cheirogaleus major,Nucleus_subthalamicus,Nucleus_subthalamicus_Vol.mm3,crosswalk_exact,2.27,resolved_unique,Stephan_etal_1981_TableVIII,"Stephan, Frahm & Baron 1981 (Folia Primatol 35:1-29)",Stephan_etal_1981_TableVIII,1,Stephan et al 1981,,,NA,direct_same_structure_unique,,,200,2019
Cheirogaleus_major,Cheirogaleus major,Nucleus_tractus_olfactorius,Nucleus_tractus_olfactorius_Vol.mm3,crosswalk_exact,0.85,resolved_unique,Stephan_etal_1981_TableXI,"Stephan, Frahm & Baron 1981 (Folia Primatol 35:1-29)",Stephan_etal_1981_TableXI,1,Stephan et al 1981,,,NA,direct_same_structure_unique,,,100,2019
Cheirogaleus_major,Cheirogaleus major,Palaeocortex,Palaeocortex_Vol.mm3,crosswalk_exact,233,resolved_unique,Stephan_etal_1981_TableXI,"Stephan, Frahm & Baron 1981 (Folia Primatol 35:1-29)",Stephan_etal_1981_TableXI,1,Stephan et al 1981; Zilles and Rehkamper 1988,,,NA,direct_same_structure_unique,,,100,2019
Cheirogaleus_major,Cheirogaleus major,Pallidum,Pallidum_Vol.mm3,crosswalk_exact,31.6,resolved_unique,Stephan_etal_1981_TableVIII,"Stephan, Frahm & Baron 1981 (Folia Primatol 35:1-29)",Stephan_etal_1981_TableVIII,1,Stephan et al 1981; Zilles and Rehkamper 1988,,,NA,direct_same_structure_unique,,,200,2019
Cheirogaleus_major,Cheirogaleus major,Pons,Ventral_pons_Vol.mm3,Matano ventral pons,27.4,resolved_unique,Matano_etal_1985_b_Table1,Matano et al. 1985 (Folia Primatol 44:182-203),Matano_etal_1985_b_Table1,1,Matano et al 1985; Zilles and Rehkamper 1988,,,NA,direct_same_structure_unique,,,40,2019
Cheirogaleus_major,Cheirogaleus major,Schizocortex,Schizo_cortex_Vol.mm3,crosswalk_exact,149,resolved_unique,Stephan_etal_1981_TableV,"Stephan, Frahm & Baron 1981 (Folia Primatol 35:1-29)",Stephan_etal_1981_TableV,1,Stephan et al 1981,,,NA,direct_same_structure_unique,,,144,2019
Cheirogaleus_major,Cheirogaleus major,Septum,Septum_Vol.mm3,crosswalk_exact,58.9,resolved_unique,Stephan_etal_1981_TableV,"Stephan, Frahm & Baron 1981 (Folia Primatol 35:1-29)",Stephan_etal_1981_TableV,1,Stephan et al 1981; Zilles and Rehkamper 1988,,,NA,direct_same_structure_unique,,,144,2019
Cheirogaleus_major,Cheirogaleus major,Striatum,Striatum_Vol.mm3,crosswalk_exact,327,resolved_unique,Stephan_etal_1981_TableV,"Stephan, Frahm & Baron 1981 (Folia Primatol 35:1-29)",Stephan_etal_1981_TableV,1,Stephan et al 1981; Zilles and Rehkamper 1988,,,NA,direct_same_structure_unique,,,144,2019
Cheirogaleus_major,Cheirogaleus major,Subthalamus,Subthalamus_Vol.mm3,crosswalk_exact,33.8,resolved_unique,Stephan_etal_1981_TableVIII,"Stephan, Frahm & Baron 1981 (Folia Primatol 35:1-29)",Stephan_etal_1981_TableVIII,1,Stephan et al 1981,,,NA,direct_same_structure_unique,,,200,2019
Cheirogaleus_major,Cheirogaleus major,Telencephalon,Telencephalon_Vol.mm3,crosswalk_exact,4314,resolved_unique,Stephan_etal_1981_TableII,"Stephan, Frahm & Baron 1981 (Folia Primatol 35:1-29)",Stephan_etal_1981_TableII,1,Stephan et al 1981; Zilles and Rehkamper 1988,,,NA,direct_same_structure_unique,,,162,2019
Cheirogaleus_major,Cheirogaleus major,Thalamus,Thalamus_Vol.mm3,crosswalk_exact,271,resolved_unique,Stephan_etal_1981_TableVIII,"Stephan, Frahm & Baron 1981 (Folia Primatol 35:1-29)",Stephan_etal_1981_TableVIII,1,Stephan et al 1981,,,NA,direct_same_structure_unique,,,200,2019
Cheirogaleus_major,Cheirogaleus major,Total_brain_net_volume,Total_brain_net_volume_Vol.mm3,crosswalk_exact,6373,resolved_unique,Stephan_etal_1981_TableII,"Stephan, Frahm & Baron 1981 (Folia Primatol 35:1-29)",Stephan_etal_1981_TableII,1,Stephan et al 1981,,,NA,direct_same_structure_unique,,,162,2019
Cheirogaleus_major,Cheirogaleus major,Tractus_opticus,Tractus_opticus_Vol.mm3,crosswalk_exact,18,resolved_unique,Stephan_etal_1981_TableVIII,"Stephan, Frahm & Baron 1981 (Folia Primatol 35:1-29)",Stephan_etal_1981_TableVIII,1,Stephan et al 1981,,,NA,direct_same_structure_unique,,,200,2019
Cheirogaleus_major,Cheirogaleus major,Ventricles,Ventricles_Vol.mm3,crosswalk_exact,83.4,resolved_unique,Stephan_etal_1981_TableII,"Stephan, Frahm & Baron 1981 (Folia Primatol 35:1-29)",Stephan_etal_1981_TableII,1,Stephan et al 1981,,,NA,direct_same_structure_unique,,,162,2019
Cheirogaleus_medius,Cheirogaleus medius,ASG_Sousa,Area_striata_grey_matter_Vol.mm3,crosswalk_exact,199,resolved_fallback_metadata,deSousa_etal_2010_SupTable2,de Sousa et al. 2010 (J Hum Evol 58:281-292),Frahm_etal_1984_Table1; deSousa_etal_2010_SupTable2,1,de Sousa et al 2010,,,Evo-M1 value matches Frahm_etal_1984_Table1 (not the metadata source); attributed to metadata source; see source_hunt,metadata_tables_near_perfect,deSousa_etal_2010_SupTable2; Frahm_etal_1984_Table1; deSousa_etal_2010 [restricted: Visual_volumes.xlsx]; deSousa_etal_2010 [restricted: deSousa_2010.csv]; Stephan_etal_1981 [restricted: Stephan_1981.csv],deSousa_etal_2010_SupTable2 = 200 (Area_striata_grey_matter_Vol.mm3; 0.50%; scale 1; 0 prior contributions),0,2019
Cheirogaleus_medius,Cheirogaleus medius,Amygdala,Amygdala_Vol.mm3,crosswalk_exact,63.2,resolved_unique,Stephan_etal_1981_TableXI,"Stephan, Frahm & Baron 1981 (Folia Primatol 35:1-29)",Stephan_etal_1981_TableXI,1,Stephan et al 1981; Zilles and Rehkamper 1988,,,NA,direct_same_structure_unique,,,100,2019
Cheirogaleus_medius,Cheirogaleus medius,Body_weight,Body_Mass.g,crosswalk_exact,177,resolved_multiple,Stephan_etal_1981_TableII,"Stephan, Frahm & Baron 1981 (Folia Primatol 35:1-29)",Matano__1986_TableI; Matano_etal_1985_a_Table1; Matano_etal_1985_b_Table1; Stephan_etal_1981_TableII; Stephan_etal_1988_TABLE1,5,Stephan et al 1981; Zilles and Rehkamper 1988; Bauernfeind et al 2013,,,NA,direct_same_structure_multiple,,,162,2019
Cheirogaleus_medius,Cheirogaleus medius,Body_weight_1985a,Body_Mass.g,crosswalk_exact,177,resolved_multiple,Matano_etal_1985_a_Table1,Matano et al. 1985 (Folia Primatol 44:182-203),Matano__1986_TableI; Matano_etal_1985_a_Table1; Matano_etal_1985_b_Table1; Stephan_etal_1981_TableII; Stephan_etal_1988_TABLE1,5,NA,,,NA,direct_same_structure_multiple,,,220,2019
Cheirogaleus_medius,Cheirogaleus medius,Brain_weight,Brain_Mass.mg,crosswalk_exact,3140,resolved_multiple,Stephan_etal_1981_TableII,"Stephan, Frahm & Baron 1981 (Folia Primatol 35:1-29)",Stephan_etal_1981_TableII; Stephan_etal_1988_TABLE1,2,Stephan et al 1981; Zilles and Rehkamper 1988; Bauernfeind et al 2013,,,NA,direct_same_structure_multiple,,,162,2019
Cheirogaleus_medius,Cheirogaleus medius,Brainvol,NA,no_defensible_volume_key,3030.89,metadata_only,NA,NA,,0,de Sousa et al 2010; Stephan et al 1981,,,NA,metadata_only_no_volume_crosswalk,,,0,2019
Cheirogaleus_medius,Cheirogaleus medius,Bulbus_olfactorius,Bulbus_olfactorius_Vol.mm3,crosswalk_exact,102,resolved_unique,Stephan_etal_1981_TableV,"Stephan, Frahm & Baron 1981 (Folia Primatol 35:1-29)",Stephan_etal_1981_TableV,1,Stephan et al 1981,,,NA,direct_same_structure_unique,,,144,2019
Cheirogaleus_medius,Cheirogaleus medius,Bulbus_olfactorius_accessorius,Bulbus_olfactorius_accessorius_Vol.mm3,crosswalk_exact,2.66,resolved_unique,Stephan_etal_1981_TableV,"Stephan, Frahm & Baron 1981 (Folia Primatol 35:1-29)",Stephan_etal_1981_TableV,1,Stephan et al 1981,,,NA,direct_same_structure_unique,,,144,2019
Cheirogaleus_medius,Cheirogaleus medius,Cerebellar_nuclei_total,Cerebellar_nuclei_total_Vol.mm3,crosswalk_exact,9.45,resolved_unique,Matano_etal_1985_a_Table1,Matano et al. 1985 (Folia Primatol 44:182-203),Matano_etal_1985_a_Table1,1,NA,,,NA,direct_same_structure_unique,,,220,2019
Cheirogaleus_medius,Cheirogaleus medius,Cerebellum,Cerebellum_Vol.mm3,crosswalk_exact,437,resolved_unique,Stephan_etal_1981_TableII,"Stephan, Frahm & Baron 1981 (Folia Primatol 35:1-29)",Stephan_etal_1981_TableII,1,Stephan et al 1981; Zilles and Rehkamper 1988,,,NA,direct_same_structure_unique,,,162,2019
Cheirogaleus_medius,Cheirogaleus medius,Complexus_centromedialis,Complexus_centromedialis_Vol.mm3,crosswalk_exact,23.3,resolved_unique,Stephan_etal_1981_TableXI,"Stephan, Frahm & Baron 1981 (Folia Primatol 35:1-29)",Stephan_etal_1981_TableXI,1,Stephan et al 1981,,,NA,direct_same_structure_unique,,,100,2019
Cheirogaleus_medius,Cheirogaleus medius,Complexus_cortico_basolateralis,Complexus_corticobasolateralis_Vol.mm3,crosswalk_exact,39.8,resolved_unique,Stephan_etal_1981_TableXI,"Stephan, Frahm & Baron 1981 (Folia Primatol 35:1-29)",Stephan_etal_1981_TableXI,1,Stephan et al 1981,,,NA,direct_same_structure_unique,,,100,2019
Cheirogaleus_medius,Cheirogaleus medius,Corpus.pineale,Corpus_pineal_Vol.mm3,crosswalk_exact,0.69,resolved_unique,Stephan_etal_1981_TableXV,"Stephan, Frahm & Baron 1981 (Folia Primatol 35:1-29)",Stephan_etal_1981_TableXV,1,Stephan et al 1981,,,NA,direct_same_structure_unique,,,88,2019
Cheirogaleus_medius,Cheirogaleus medius,Corpus.subcommissurale,Corpus_subcommissurale_Vol.mm3,crosswalk_exact,0.04,resolved_unique,Stephan_etal_1981_TableXV,"Stephan, Frahm & Baron 1981 (Folia Primatol 35:1-29)",Stephan_etal_1981_TableXV,1,Stephan et al 1981,,,NA,direct_same_structure_unique,,,88,2019
Cheirogaleus_medius,Cheirogaleus medius,Corpus.subfornicale,Corpus_subfornicale_Vol.mm3,crosswalk_exact,0.17,resolved_unique,Stephan_etal_1981_TableXV,"Stephan, Frahm & Baron 1981 (Folia Primatol 35:1-29)",Stephan_etal_1981_TableXV,1,Stephan et al 1981,,,NA,direct_same_structure_unique,,,88,2019
Cheirogaleus_medius,Cheirogaleus medius,Diencephalon,Diencephalon_Vol.mm3,crosswalk_exact,235,resolved_unique,Stephan_etal_1981_TableII,"Stephan, Frahm & Baron 1981 (Folia Primatol 35:1-29)",Stephan_etal_1981_TableII,1,Stephan et al 1981; Zilles and Rehkamper 1988,,,NA,direct_same_structure_unique,,,162,2019
Cheirogaleus_medius,Cheirogaleus medius,Hippocampus,Hippocampus_Vol.mm3,crosswalk_exact,174,resolved_unique,Stephan_etal_1981_TableV,"Stephan, Frahm & Baron 1981 (Folia Primatol 35:1-29)",Stephan_etal_1981_TableV,1,Stephan et al 1981; Zilles and Rehkamper 1988,,,NA,direct_same_structure_unique,,,144,2019
Cheirogaleus_medius,Cheirogaleus medius,Interpositus_cerebellar_nuclei,Interpositus_cerebellar_nuclei_Vol.mm3,crosswalk_exact,1.94,resolved_unique,Matano_etal_1985_a_Table1,Matano et al. 1985 (Folia Primatol 44:182-203),Matano_etal_1985_a_Table1,1,NA,,,NA,direct_same_structure_unique,,,220,2019
Cheirogaleus_medius,Cheirogaleus medius,LGN_Sousa,Corpus_geniculatum_laterale_Vol.mm3,crosswalk_exact,10.8,resolved_fallback_restricted,deSousa_etal_2010 [restricted: Visual_volumes.xlsx],de Sousa et al. 2010 (J Hum Evol 58:281-292),Stephan_etal_1981_TableIX; Stephan_etal_1984_Table1; deSousa_etal_2010_SupTable2; deSousa_etal_2010 [restricted: Visual_volumes.xlsx],2,de Sousa et al 2010; de Sousa et al 2013,,,Evo-M1 value matches Stephan_etal_1981_TableIX; Stephan_etal_1984_Table1 (not the metadata source); attributed to metadata source; see source_hunt,restricted_documents_near_perfect,deSousa_etal_2010_SupTable2; Stephan_etal_1984_Table1; Stephan_etal_1981_TableIX; deSousa_etal_2010 [restricted: Visual_volumes.xlsx]; deSousa_etal_2010 [restricted: deSousa_2010.csv]; Stephan_etal_1981 [restricted: Stephan_1981.csv],deSousa_etal_2010 [restricted: Visual_volumes.xlsx] = 10.8 (0.00%; scale 1; restricted_checks/deSousa_etal_2010/comparison/Visual_volumes.xlsx R33C10; 0 prior contributions),0,2019
Cheirogaleus_medius,Cheirogaleus medius,Lateral_cerebellar_nuclei,Lateral_cerebellar_nuclei_Vol.mm3,crosswalk_exact,4.27,resolved_unique,Matano_etal_1985_a_Table1,Matano et al. 1985 (Folia Primatol 44:182-203),Matano_etal_1985_a_Table1,1,NA,,,NA,direct_same_structure_unique,,,220,2019
Cheirogaleus_medius,Cheirogaleus medius,Lobus_piriformis,Lobus_piriformis_Vol.mm3,crosswalk_exact,198,resolved_unique,Stephan_etal_1981_TableV,"Stephan, Frahm & Baron 1981 (Folia Primatol 35:1-29)",Stephan_etal_1981_TableV,1,Stephan et al 1981; Zilles and Rehkamper 1988,,,NA,direct_same_structure_unique,,,144,2019
Cheirogaleus_medius,Cheirogaleus medius,Medial_cerebellar_nuclei,Medial_cerebellar_nuclei_Vol.mm3,crosswalk_exact,3.24,resolved_unique,Matano_etal_1985_a_Table1,Matano et al. 1985 (Folia Primatol 44:182-203),Matano_etal_1985_a_Table1,1,NA,,,NA,direct_same_structure_unique,,,220,2019
Cheirogaleus_medius,Cheirogaleus medius,Medulla_oblongata,Medulla_oblongata_Vol.mm3,crosswalk_exact,202,resolved_unique,Stephan_etal_1981_TableII,"Stephan, Frahm & Baron 1981 (Folia Primatol 35:1-29)",Stephan_etal_1981_TableII,1,Stephan et al 1981; Zilles and Rehkamper 1988,,,NA,direct_same_structure_unique,,,162,2019
Cheirogaleus_medius,Cheirogaleus medius,Meninges_hypophysis_nerves_etc,NA,no_defensible_volume_key,45.2,metadata_only,NA,NA,,0,Stephan et al 1981,,,NA,metadata_only_no_volume_crosswalk,,,0,2019
Cheirogaleus_medius,Cheirogaleus medius,Mesencephalon,Mesencephalon_Vol.mm3,crosswalk_exact,145,resolved_unique,Stephan_etal_1981_TableII,"Stephan, Frahm & Baron 1981 (Folia Primatol 35:1-29)",Stephan_etal_1981_TableII,1,Stephan et al 1981; Zilles and Rehkamper 1988,,,NA,direct_same_structure_unique,,,162,2019
Cheirogaleus_medius,Cheirogaleus medius,NeoWG,Neocortex_Vol.mm3,crosswalk_exact,1221,resolved_unique,Stephan_etal_1981_TableV,"Stephan, Frahm & Baron 1981 (Folia Primatol 35:1-29)",Stephan_etal_1981_TableV,1,Stephan et al 1981; Zilles and Rehkamper 1988,,,NA,direct_same_structure_unique,,,144,2019
Cheirogaleus_medius,Cheirogaleus medius,Nucleus.habenularis.medialis,Nucleus_habenularis_medialis_Vol.mm3,crosswalk_exact,1.06,resolved_unique,Stephan_etal_1981_TableXV,"Stephan, Frahm & Baron 1981 (Folia Primatol 35:1-29)",Stephan_etal_1981_TableXV,1,Stephan et al 1981,,,NA,direct_same_structure_unique,,,88,2019
Cheirogaleus_medius,Cheirogaleus medius,Nucleus.septalis.triangularis,Nucleus_septalis_triangularis_Vol.mm3,crosswalk_exact,0.39,likely_fallback_metadata,Stephan_etal_1981_TableXV,"Stephan, Frahm & Baron 1981 (Folia Primatol 35:1-29)",Stephan_etal_1981_TableXV,1,Stephan et al 1981,,,Stephan_etal_1981_TableXV = 0.385 (1.3%),metadata_tables_close_same_structure,Stephan_etal_1981_TableXV; Stephan_etal_1981 [restricted: Stephan_1981.csv],Stephan_etal_1981_TableXV = 0.385 (Nucleus_septalis_triangularis_Vol.mm3; 1.28%; scale 1; 88 prior contributions),88,2019
Cheirogaleus_medius,Cheirogaleus medius,Nucleus_tractus_olfactorius,Nucleus_tractus_olfactorius_Vol.mm3,crosswalk_exact,0.47,resolved_unique,Stephan_etal_1981_TableXI,"Stephan, Frahm & Baron 1981 (Folia Primatol 35:1-29)",Stephan_etal_1981_TableXI,1,Stephan et al 1981,,,NA,direct_same_structure_unique,,,100,2019
Cheirogaleus_medius,Cheirogaleus medius,Palaeocortex,Palaeocortex_Vol.mm3,crosswalk_exact,135,resolved_unique,Stephan_etal_1981_TableXI,"Stephan, Frahm & Baron 1981 (Folia Primatol 35:1-29)",Stephan_etal_1981_TableXI,1,Stephan et al 1981; Zilles and Rehkamper 1988,,,NA,direct_same_structure_unique,,,100,2019
Cheirogaleus_medius,Cheirogaleus medius,Pons,Ventral_pons_Vol.mm3,Matano ventral pons,13,resolved_unique,Matano_etal_1985_b_Table1,Matano et al. 1985 (Folia Primatol 44:182-203),Matano_etal_1985_b_Table1,1,Matano et al 1985; Zilles and Rehkamper 1988,,,NA,direct_same_structure_unique,,,40,2019
Cheirogaleus_medius,Cheirogaleus medius,Schizocortex,Schizo_cortex_Vol.mm3,crosswalk_exact,65.3,resolved_unique,Stephan_etal_1981_TableV,"Stephan, Frahm & Baron 1981 (Folia Primatol 35:1-29)",Stephan_etal_1981_TableV,1,Stephan et al 1981,,,NA,direct_same_structure_unique,,,144,2019
Cheirogaleus_medius,Cheirogaleus medius,Septum,Septum_Vol.mm3,crosswalk_exact,32.5,resolved_unique,Stephan_etal_1981_TableV,"Stephan, Frahm & Baron 1981 (Folia Primatol 35:1-29)",Stephan_etal_1981_TableV,1,Stephan et al 1981; Zilles and Rehkamper 1988,,,NA,direct_same_structure_unique,,,144,2019
Cheirogaleus_medius,Cheirogaleus medius,Striatum,Striatum_Vol.mm3,crosswalk_exact,145,resolved_unique,Stephan_etal_1981_TableV,"Stephan, Frahm & Baron 1981 (Folia Primatol 35:1-29)",Stephan_etal_1981_TableV,1,Stephan et al 1981; Zilles and Rehkamper 1988,,,NA,direct_same_structure_unique,,,144,2019
Cheirogaleus_medius,Cheirogaleus medius,Telencephalon,Telencephalon_Vol.mm3,crosswalk_exact,1941,resolved_unique,Stephan_etal_1981_TableII,"Stephan, Frahm & Baron 1981 (Folia Primatol 35:1-29)",Stephan_etal_1981_TableII,1,Stephan et al 1981; Zilles and Rehkamper 1988,,,NA,direct_same_structure_unique,,,162,2019
Cheirogaleus_medius,Cheirogaleus medius,Total_brain_net_volume,Total_brain_net_volume_Vol.mm3,crosswalk_exact,2961,resolved_unique,Stephan_etal_1981_TableII,"Stephan, Frahm & Baron 1981 (Folia Primatol 35:1-29)",Stephan_etal_1981_TableII,1,Stephan et al 1981,,,NA,direct_same_structure_unique,,,162,2019
Cheirogaleus_medius,Cheirogaleus medius,Ventricles,Ventricles_Vol.mm3,crosswalk_exact,24.6,resolved_unique,Stephan_etal_1981_TableII,"Stephan, Frahm & Baron 1981 (Folia Primatol 35:1-29)",Stephan_etal_1981_TableII,1,Stephan et al 1981,,,NA,direct_same_structure_unique,,,162,2019
Colobus_angolensis,Colobus angolensis,Agranular_volume_L,Agranular_insular_cortex_left_Vol.mm3,crosswalk_exact,32,resolved_unique,Bauernfeind_etal_2013_Table1,Bauernfeind et al. 2013 (J Hum Evol 64:263-279),Bauernfeind_etal_2013_Table1,1,Bauernfeind et al 2013,,,NA,direct_same_structure_unique,,,181,2019
Colobus_angolensis,Colobus angolensis,Body_mass,Body_Mass.g,crosswalk_exact,9680,resolved_unique,Bauernfeind_etal_2013_Table1,Bauernfeind et al. 2013 (J Hum Evol 64:263-279),Bauernfeind_etal_2013_Table1,1,Bauernfeind et al 2013,,,NA,direct_same_structure_unique,,,181,2019
Colobus_angolensis,Colobus angolensis,Body_weight,Body_Mass.g,crosswalk_exact,9680,resolved_unique,Bauernfeind_etal_2013_Table1,Bauernfeind et al. 2013 (J Hum Evol 64:263-279),Bauernfeind_etal_2013_Table1,1,Stephan et al 1981; Zilles and Rehkamper 1988; Bauernfeind et al 2013,,,NA,direct_same_structure_unique,,,181,2019
Colobus_angolensis,Colobus angolensis,Brain_mass,Brain_Mass.mg,crosswalk_exact,74400,resolved_multiple,Bauernfeind_etal_2013_Table1,Bauernfeind et al. 2013 (J Hum Evol 64:263-279),Bauernfeind_etal_2013_Table1; deSousa_etal_2013_Table1,2,Bauernfeind et al 2013,1000,,NA,direct_same_structure_multiple,,,181,2019
Colobus_angolensis,Colobus angolensis,Brain_volume,NA,no_defensible_volume_key,71815,metadata_only,NA,NA,,0,Bauernfeind et al 2013,,,NA,metadata_only_no_volume_crosswalk,,,0,2019
Colobus_angolensis,Colobus angolensis,Brain_weight,Brain_Mass.mg,crosswalk_exact,74400,resolved_multiple,Bauernfeind_etal_2013_Table1,Bauernfeind et al. 2013 (J Hum Evol 64:263-279),Bauernfeind_etal_2013_Table1; deSousa_etal_2013_Table1,2,Stephan et al 1981; Zilles and Rehkamper 1988; Bauernfeind et al 2013,1000,,NA,direct_same_structure_multiple,,,181,2019
Colobus_angolensis,Colobus angolensis,Dysgranular_volume_L,Dysgranular_insular_cortex_left_Vol.mm3,crosswalk_exact,152,resolved_unique,Bauernfeind_etal_2013_Table1,Bauernfeind et al. 2013 (J Hum Evol 64:263-279),Bauernfeind_etal_2013_Table1,1,Bauernfeind et al 2013,,,NA,direct_same_structure_unique,,,181,2019
Colobus_angolensis,Colobus angolensis,Granular_volume_L,Granular_insular_cortex_left_Vol.mm3,crosswalk_exact,38,resolved_unique,Bauernfeind_etal_2013_Table1,Bauernfeind et al. 2013 (J Hum Evol 64:263-279),Bauernfeind_etal_2013_Table1,1,Bauernfeind et al 2013,,,NA,direct_same_structure_unique,,,181,2019
Colobus_angolensis,Colobus angolensis,LGN_Sousa,Corpus_geniculatum_laterale_Vol.mm3,crosswalk_exact,103,resolved_unique,deSousa_etal_2013_Table1,de Sousa et al. 2013 (Brain Behav Evol 81:93-108),deSousa_etal_2013_Table1,1,de Sousa et al 2010; de Sousa et al 2013,,,NA,direct_same_structure_unique,,,15,2019
Colobus_angolensis,Colobus angolensis,Total_insula_volume_L,Insula_left_Vol.mm3,crosswalk_exact,222,resolved_unique,Bauernfeind_etal_2013_Table1,Bauernfeind et al. 2013 (J Hum Evol 64:263-279),Bauernfeind_etal_2013_Table1,1,Bauernfeind et al 2013,,,NA,direct_same_structure_unique,,,181,2019
Daubentonia_madagascariensis,Daubentonia madagascariensis,ASG_Sousa,Area_striata_grey_matter_Vol.mm3,crosswalk_exact,1113,resolved_fallback_restricted,deSousa_etal_2010 [restricted: Visual_volumes.xlsx],de Sousa et al. 2010 (J Hum Evol 58:281-292),Frahm_etal_1984_Table1; deSousa_etal_2010_SupTable2; deSousa_etal_2010 [restricted: Visual_volumes.xlsx],1,de Sousa et al 2010,1000,,Evo-M1 value matches Frahm_etal_1984_Table1 (not the metadata source); attributed to metadata source; see source_hunt,restricted_documents_near_perfect,deSousa_etal_2010_SupTable2; Frahm_etal_1984_Table1; deSousa_etal_2010 [restricted: Visual_volumes.xlsx]; deSousa_etal_2010 [restricted: deSousa_2010.csv]; Stephan_etal_1981 [restricted: Stephan_1981.csv],deSousa_etal_2010 [restricted: Visual_volumes.xlsx] = 1.113 (0.00%; scale 1000; restricted_checks/deSousa_etal_2010/comparison/Visual_volumes.xlsx R40C5; 0 prior contributions),0,2019
Daubentonia_madagascariensis,Daubentonia madagascariensis,Amygdala,Amygdala_Vol.mm3,crosswalk_exact,473,resolved_unique,Stephan_etal_1981_TableXI,"Stephan, Frahm & Baron 1981 (Folia Primatol 35:1-29)",Stephan_etal_1981_TableXI,1,Stephan et al 1981; Zilles and Rehkamper 1988,,,NA,direct_same_structure_unique,,,100,2019
Daubentonia_madagascariensis,Daubentonia madagascariensis,Body_weight,Body_Mass.g,crosswalk_exact,2800,resolved_multiple,Stephan_etal_1981_TableII,"Stephan, Frahm & Baron 1981 (Folia Primatol 35:1-29)",Matano__1986_TableI; Matano_etal_1985_a_Table1; Matano_etal_1985_b_Table1; Stephan_etal_1981_TableII; Stephan_etal_1988_TABLE1,5,Stephan et al 1981; Zilles and Rehkamper 1988; Bauernfeind et al 2013,,,NA,direct_same_structure_multiple,,,162,2019
Daubentonia_madagascariensis,Daubentonia madagascariensis,Body_weight_1985a,Body_Mass.g,crosswalk_exact,2800,resolved_multiple,Matano_etal_1985_a_Table1,Matano et al. 1985 (Folia Primatol 44:182-203),Matano__1986_TableI; Matano_etal_1985_a_Table1; Matano_etal_1985_b_Table1; Stephan_etal_1981_TableII; Stephan_etal_1988_TABLE1,5,NA,,,NA,direct_same_structure_multiple,,,220,2019
Daubentonia_madagascariensis,Daubentonia madagascariensis,Brain_weight,Brain_Mass.mg,crosswalk_exact,45150,resolved_multiple,Stephan_etal_1981_TableII,"Stephan, Frahm & Baron 1981 (Folia Primatol 35:1-29)",Stephan_etal_1981_TableII; Stephan_etal_1988_TABLE1,2,Stephan et al 1981; Zilles and Rehkamper 1988; Bauernfeind et al 2013,,,NA,direct_same_structure_multiple,,,162,2019
Daubentonia_madagascariensis,Daubentonia madagascariensis,Brainvol,NA,no_defensible_volume_key,43581.08,metadata_only,NA,NA,,0,de Sousa et al 2010; Stephan et al 1981,,,NA,metadata_only_no_volume_crosswalk,,,0,2019
Daubentonia_madagascariensis,Daubentonia madagascariensis,Bulbus_olfactorius,Bulbus_olfactorius_Vol.mm3,crosswalk_exact,685,resolved_unique,Stephan_etal_1981_TableV,"Stephan, Frahm & Baron 1981 (Folia Primatol 35:1-29)",Stephan_etal_1981_TableV,1,Stephan et al 1981,,,NA,direct_same_structure_unique,,,144,2019
Daubentonia_madagascariensis,Daubentonia madagascariensis,Bulbus_olfactorius_accessorius,Bulbus_olfactorius_accessorius_Vol.mm3,crosswalk_exact,8.31,resolved_unique,Stephan_etal_1981_TableV,"Stephan, Frahm & Baron 1981 (Folia Primatol 35:1-29)",Stephan_etal_1981_TableV,1,Stephan et al 1981,,,NA,direct_same_structure_unique,,,144,2019
Daubentonia_madagascariensis,Daubentonia madagascariensis,Cerebellar_nuclei_total,Cerebellar_nuclei_total_Vol.mm3,crosswalk_exact,126.08,resolved_unique,Matano_etal_1985_a_Table1,Matano et al. 1985 (Folia Primatol 44:182-203),Matano_etal_1985_a_Table1,1,NA,,,NA,direct_same_structure_unique,,,220,2019
Daubentonia_madagascariensis,Daubentonia madagascariensis,Cerebellum,Cerebellum_Vol.mm3,crosswalk_exact,6461,resolved_unique,Stephan_etal_1981_TableII,"Stephan, Frahm & Baron 1981 (Folia Primatol 35:1-29)",Stephan_etal_1981_TableII,1,Stephan et al 1981; Zilles and Rehkamper 1988,,,NA,direct_same_structure_unique,,,162,2019
Daubentonia_madagascariensis,Daubentonia madagascariensis,Complexus_centromedialis,Complexus_centromedialis_Vol.mm3,crosswalk_exact,122,resolved_unique,Stephan_etal_1981_TableXI,"Stephan, Frahm & Baron 1981 (Folia Primatol 35:1-29)",Stephan_etal_1981_TableXI,1,Stephan et al 1981,,,NA,direct_same_structure_unique,,,100,2019
Daubentonia_madagascariensis,Daubentonia madagascariensis,Complexus_cortico_basolateralis,Complexus_corticobasolateralis_Vol.mm3,crosswalk_exact,351,resolved_unique,Stephan_etal_1981_TableXI,"Stephan, Frahm & Baron 1981 (Folia Primatol 35:1-29)",Stephan_etal_1981_TableXI,1,Stephan et al 1981,,,NA,direct_same_structure_unique,,,100,2019
Daubentonia_madagascariensis,Daubentonia madagascariensis,Corpus.pineale,Corpus_pineal_Vol.mm3,crosswalk_exact,3.32,resolved_unique,Stephan_etal_1981_TableXV,"Stephan, Frahm & Baron 1981 (Folia Primatol 35:1-29)",Stephan_etal_1981_TableXV,1,Stephan et al 1981,,,NA,direct_same_structure_unique,,,88,2019
Daubentonia_madagascariensis,Daubentonia madagascariensis,Corpus.subcommissurale,Corpus_subcommissurale_Vol.mm3,crosswalk_exact,1.83,resolved_unique,Stephan_etal_1981_TableXV,"Stephan, Frahm & Baron 1981 (Folia Primatol 35:1-29)",Stephan_etal_1981_TableXV,1,Stephan et al 1981,,,NA,direct_same_structure_unique,,,88,2019
Daubentonia_madagascariensis,Daubentonia madagascariensis,Corpus.subfornicale,Corpus_subfornicale_Vol.mm3,crosswalk_exact,0.59,resolved_unique,Stephan_etal_1981_TableXV,"Stephan, Frahm & Baron 1981 (Folia Primatol 35:1-29)",Stephan_etal_1981_TableXV,1,Stephan et al 1981,,,NA,direct_same_structure_unique,,,88,2019
Daubentonia_madagascariensis,Daubentonia madagascariensis,Diencephalon,Diencephalon_Vol.mm3,crosswalk_exact,3539,resolved_unique,Stephan_etal_1981_TableII,"Stephan, Frahm & Baron 1981 (Folia Primatol 35:1-29)",Stephan_etal_1981_TableII,1,Stephan et al 1981; Zilles and Rehkamper 1988,,,NA,direct_same_structure_unique,,,162,2019
Daubentonia_madagascariensis,Daubentonia madagascariensis,Hippocampus,Hippocampus_Vol.mm3,crosswalk_exact,1776,resolved_unique,Stephan_etal_1981_TableV,"Stephan, Frahm & Baron 1981 (Folia Primatol 35:1-29)",Stephan_etal_1981_TableV,1,Stephan et al 1981; Zilles and Rehkamper 1988,,,NA,direct_same_structure_unique,,,144,2019
Daubentonia_madagascariensis,Daubentonia madagascariensis,Interpositus_cerebellar_nuclei,Interpositus_cerebellar_nuclei_Vol.mm3,crosswalk_exact,36.11,resolved_unique,Matano_etal_1985_a_Table1,Matano et al. 1985 (Folia Primatol 44:182-203),Matano_etal_1985_a_Table1,1,NA,,,NA,direct_same_structure_unique,,,220,2019
Daubentonia_madagascariensis,Daubentonia madagascariensis,LGN_Sousa,Corpus_geniculatum_laterale_Vol.mm3,crosswalk_exact,58.5,resolved_fallback_metadata,deSousa_etal_2010_SupTable2,de Sousa et al. 2010 (J Hum Evol 58:281-292),Stephan_etal_1981_TableIX; Stephan_etal_1984_Table1; deSousa_etal_2010_SupTable2,2,de Sousa et al 2010; de Sousa et al 2013,,,Evo-M1 value matches Stephan_etal_1981_TableIX; Stephan_etal_1984_Table1 (not the metadata source); attributed to metadata source; see source_hunt,metadata_tables_near_perfect,deSousa_etal_2010_SupTable2; Stephan_etal_1984_Table1; Stephan_etal_1981_TableIX; deSousa_etal_2010 [restricted: Visual_volumes.xlsx]; deSousa_etal_2010 [restricted: deSousa_2010.csv]; Stephan_etal_1981 [restricted: Stephan_1981.csv],deSousa_etal_2010_SupTable2 = 59 (Corpus_geniculatum_laterale_Vol.mm3; 0.85%; scale 1; 0 prior contributions),0,2019
Daubentonia_madagascariensis,Daubentonia madagascariensis,Lateral_cerebellar_nuclei,Lateral_cerebellar_nuclei_Vol.mm3,crosswalk_exact,61.03,resolved_unique,Matano_etal_1985_a_Table1,Matano et al. 1985 (Folia Primatol 44:182-203),Matano_etal_1985_a_Table1,1,NA,,,NA,direct_same_structure_unique,,,220,2019
Daubentonia_madagascariensis,Daubentonia madagascariensis,Lobus_piriformis,Lobus_piriformis_Vol.mm3,crosswalk_exact,1538,resolved_unique,Stephan_etal_1981_TableV,"Stephan, Frahm & Baron 1981 (Folia Primatol 35:1-29)",Stephan_etal_1981_TableV,1,Stephan et al 1981; Zilles and Rehkamper 1988,,,NA,direct_same_structure_unique,,,144,2019
Daubentonia_madagascariensis,Daubentonia madagascariensis,Medial_cerebellar_nuclei,Medial_cerebellar_nuclei_Vol.mm3,crosswalk_exact,28.94,resolved_unique,Matano_etal_1985_a_Table1,Matano et al. 1985 (Folia Primatol 44:182-203),Matano_etal_1985_a_Table1,1,NA,,,NA,direct_same_structure_unique,,,220,2019
Daubentonia_madagascariensis,Daubentonia madagascariensis,Medulla_oblongata,Medulla_oblongata_Vol.mm3,crosswalk_exact,1517,resolved_unique,Stephan_etal_1981_TableII,"Stephan, Frahm & Baron 1981 (Folia Primatol 35:1-29)",Stephan_etal_1981_TableII,1,Stephan et al 1981; Zilles and Rehkamper 1988,,,NA,direct_same_structure_unique,,,162,2019
Daubentonia_madagascariensis,Daubentonia madagascariensis,Meninges_hypophysis_nerves_etc,NA,no_defensible_volume_key,578,metadata_only,NA,NA,,0,Stephan et al 1981,,,NA,metadata_only_no_volume_crosswalk,,,0,2019
Daubentonia_madagascariensis,Daubentonia madagascariensis,Mesencephalon,Mesencephalon_Vol.mm3,crosswalk_exact,897,resolved_unique,Stephan_etal_1981_TableII,"Stephan, Frahm & Baron 1981 (Folia Primatol 35:1-29)",Stephan_etal_1981_TableII,1,Stephan et al 1981; Zilles and Rehkamper 1988,,,NA,direct_same_structure_unique,,,162,2019
Daubentonia_madagascariensis,Daubentonia madagascariensis,NeoG_Frahm,Neocortex_grey_matter_Vol.mm3,crosswalk_exact,17074,resolved_unique,Frahm_etal_1982_Table2,"Frahm, Stephan & Stephan 1982 (J Hirnforsch 23:375-389)",Frahm_etal_1982_Table2,1,Frahm et al 1992; Zilles and Rehkamper 1988,,,NA,direct_same_structure_unique,,,46,2019
Daubentonia_madagascariensis,Daubentonia madagascariensis,NeoWG,Neocortex_Vol.mm3,crosswalk_exact,22127,resolved_multiple,Stephan_etal_1981_TableV,"Stephan, Frahm & Baron 1981 (Folia Primatol 35:1-29)",Frahm_etal_1982_Table2; Stephan_etal_1981_TableV,2,Stephan et al 1981; Zilles and Rehkamper 1988,,,NA,direct_same_structure_multiple,,,144,2019
Daubentonia_madagascariensis,Daubentonia madagascariensis,NeoW_Frahm,Neocortex_white_matter_Vol.mm3,crosswalk_exact,5053,resolved_unique,Frahm_etal_1982_Table2,"Frahm, Stephan & Stephan 1982 (J Hirnforsch 23:375-389)",Frahm_etal_1982_Table2,1,Frahm et al 1992; Zilles and Rehkamper 1988,,,NA,direct_same_structure_unique,,,46,2019
Daubentonia_madagascariensis,Daubentonia madagascariensis,Nucleus.habenularis.medialis,Nucleus_habenularis_medialis_Vol.mm3,crosswalk_exact,7.75,resolved_unique,Stephan_etal_1981_TableXV,"Stephan, Frahm & Baron 1981 (Folia Primatol 35:1-29)",Stephan_etal_1981_TableXV,1,Stephan et al 1981,,,NA,direct_same_structure_unique,,,88,2019
Daubentonia_madagascariensis,Daubentonia madagascariensis,Nucleus.septalis.triangularis,Nucleus_septalis_triangularis_Vol.mm3,crosswalk_exact,2.65,resolved_unique,Stephan_etal_1981_TableXV,"Stephan, Frahm & Baron 1981 (Folia Primatol 35:1-29)",Stephan_etal_1981_TableXV,1,Stephan et al 1981,,,NA,direct_same_structure_unique,,,88,2019
Daubentonia_madagascariensis,Daubentonia madagascariensis,Nucleus_amygdalae_basalis_parsmagnocellularis,Nucleus_amygdalae_basalis_pars_magnocellularis_Vol.mm3,crosswalk_exact,24.9,resolved_unique,Stephan_etal_1981_TableXI,"Stephan, Frahm & Baron 1981 (Folia Primatol 35:1-29)",Stephan_etal_1981_TableXI,1,Stephan et al 1981,,,NA,direct_same_structure_unique,,,100,2019
Daubentonia_madagascariensis,Daubentonia madagascariensis,Nucleus_tractus_olfactorius,Nucleus_tractus_olfactorius_Vol.mm3,crosswalk_exact,3.53,resolved_unique,Stephan_etal_1981_TableXI,"Stephan, Frahm & Baron 1981 (Folia Primatol 35:1-29)",Stephan_etal_1981_TableXI,1,Stephan et al 1981,,,NA,direct_same_structure_unique,,,100,2019
Daubentonia_madagascariensis,Daubentonia madagascariensis,Palaeocortex,Palaeocortex_Vol.mm3,crosswalk_exact,1065,resolved_unique,Stephan_etal_1981_TableXI,"Stephan, Frahm & Baron 1981 (Folia Primatol 35:1-29)",Stephan_etal_1981_TableXI,1,Stephan et al 1981; Zilles and Rehkamper 1988,,,NA,direct_same_structure_unique,,,100,2019
Daubentonia_madagascariensis,Daubentonia madagascariensis,Pons,Ventral_pons_Vol.mm3,Matano ventral pons,304.8,resolved_unique,Matano_etal_1985_b_Table1,Matano et al. 1985 (Folia Primatol 44:182-203),Matano_etal_1985_b_Table1,1,Matano et al 1985; Zilles and Rehkamper 1988,,,NA,direct_same_structure_unique,,,40,2019
Daubentonia_madagascariensis,Daubentonia madagascariensis,Schizocortex,Schizo_cortex_Vol.mm3,crosswalk_exact,1044,resolved_unique,Stephan_etal_1981_TableV,"Stephan, Frahm & Baron 1981 (Folia Primatol 35:1-29)",Stephan_etal_1981_TableV,1,Stephan et al 1981,,,NA,direct_same_structure_unique,,,144,2019
Daubentonia_madagascariensis,Daubentonia madagascariensis,Septum,Septum_Vol.mm3,crosswalk_exact,254,resolved_unique,Stephan_etal_1981_TableV,"Stephan, Frahm & Baron 1981 (Folia Primatol 35:1-29)",Stephan_etal_1981_TableV,1,Stephan et al 1981; Zilles and Rehkamper 1988,,,NA,direct_same_structure_unique,,,144,2019
Daubentonia_madagascariensis,Daubentonia madagascariensis,Striatum,Striatum_Vol.mm3,crosswalk_exact,2765,resolved_unique,Stephan_etal_1981_TableV,"Stephan, Frahm & Baron 1981 (Folia Primatol 35:1-29)",Stephan_etal_1981_TableV,1,Stephan et al 1981; Zilles and Rehkamper 1988,,,NA,direct_same_structure_unique,,,144,2019
Daubentonia_madagascariensis,Daubentonia madagascariensis,Telencephalon,Telencephalon_Vol.mm3,crosswalk_exact,30196,resolved_unique,Stephan_etal_1981_TableII,"Stephan, Frahm & Baron 1981 (Folia Primatol 35:1-29)",Stephan_etal_1981_TableII,1,Stephan et al 1981; Zilles and Rehkamper 1988,,,NA,direct_same_structure_unique,,,162,2019
Daubentonia_madagascariensis,Daubentonia madagascariensis,Total_brain_net_volume,Total_brain_net_volume_Vol.mm3,crosswalk_exact,42611,resolved_unique,Stephan_etal_1981_TableII,"Stephan, Frahm & Baron 1981 (Folia Primatol 35:1-29)",Stephan_etal_1981_TableII,1,Stephan et al 1981,,,NA,direct_same_structure_unique,,,162,2019
Daubentonia_madagascariensis,Daubentonia madagascariensis,Ventricles,Ventricles_Vol.mm3,crosswalk_exact,392,resolved_unique,Stephan_etal_1981_TableII,"Stephan, Frahm & Baron 1981 (Folia Primatol 35:1-29)",Stephan_etal_1981_TableII,1,Stephan et al 1981,,,NA,direct_same_structure_unique,,,162,2019
Erythrocebus_patas,Erythrocebus patas,Body_weight,Body_Mass.g,crosswalk_exact,7800,resolved_multiple,Stephan_etal_1981_TableIII,"Stephan, Frahm & Baron 1981 (Folia Primatol 35:1-29)",Matano__1986_TableI; Matano_etal_1985_a_Table1; Matano_etal_1985_b_Table1; Stephan_etal_1981_TableIII; Stephan_etal_1988_TABLE1,5,Stephan et al 1981; Zilles and Rehkamper 1988; Bauernfeind et al 2013,,,NA,direct_same_structure_multiple,,,243,2019
Erythrocebus_patas,Erythrocebus patas,Body_weight_1985a,Body_Mass.g,crosswalk_exact,7800,resolved_multiple,Matano_etal_1985_a_Table1,Matano et al. 1985 (Folia Primatol 44:182-203),Matano__1986_TableI; Matano_etal_1985_a_Table1; Matano_etal_1985_b_Table1; Stephan_etal_1981_TableIII; Stephan_etal_1988_TABLE1,5,NA,,,NA,direct_same_structure_multiple,,,220,2019
Erythrocebus_patas,Erythrocebus patas,Brain_weight,Brain_Mass.mg,crosswalk_exact,108000,resolved_multiple,Stephan_etal_1981_TableIII,"Stephan, Frahm & Baron 1981 (Folia Primatol 35:1-29)",Stephan_etal_1981_TableIII; Stephan_etal_1988_TABLE1,3,Stephan et al 1981; Zilles and Rehkamper 1988; Bauernfeind et al 2013,,,NA,direct_same_structure_multiple,,,243,2019
Erythrocebus_patas,Erythrocebus patas,Bulbus_olfactorius,Bulbus_olfactorius_Vol.mm3,crosswalk_exact,51.8,resolved_unique,Stephan_etal_1981_TableVI,"Stephan, Frahm & Baron 1981 (Folia Primatol 35:1-29)",Stephan_etal_1981_TableVI,1,Stephan et al 1981,,,NA,direct_same_structure_unique,,,215,2019
Erythrocebus_patas,Erythrocebus patas,Bulbus_olfactorius_accessorius,Bulbus_olfactorius_accessorius_Vol.mm3,crosswalk_exact,0,resolved_unique,Stephan_etal_1981_TableVI,"Stephan, Frahm & Baron 1981 (Folia Primatol 35:1-29)",Stephan_etal_1981_TableVI,1,Stephan et al 1981,,,NA,direct_same_structure_unique,,,215,2019
Erythrocebus_patas,Erythrocebus patas,Cerebellar_nuclei_total,Cerebellar_nuclei_total_Vol.mm3,crosswalk_exact,295.09,resolved_unique,Matano_etal_1985_a_Table1,Matano et al. 1985 (Folia Primatol 44:182-203),Matano_etal_1985_a_Table1,1,NA,,,NA,direct_same_structure_unique,,,220,2019
Erythrocebus_patas,Erythrocebus patas,Cerebellum,Cerebellum_Vol.mm3,crosswalk_exact,8738,resolved_unique,Stephan_etal_1981_TableIII,"Stephan, Frahm & Baron 1981 (Folia Primatol 35:1-29)",Stephan_etal_1981_TableIII,1,Stephan et al 1981; Zilles and Rehkamper 1988,,,NA,direct_same_structure_unique,,,243,2019
Erythrocebus_patas,Erythrocebus patas,Diencephalon,Diencephalon_Vol.mm3,crosswalk_exact,5423,resolved_unique,Stephan_etal_1981_TableIII,"Stephan, Frahm & Baron 1981 (Folia Primatol 35:1-29)",Stephan_etal_1981_TableIII,1,Stephan et al 1981; Zilles and Rehkamper 1988,,,NA,direct_same_structure_unique,,,243,2019
Erythrocebus_patas,Erythrocebus patas,Frontal.motor,FrontalMotor_white_matter_Vol.mm3,crosswalk_exact,1.85,resolved_fallback_metadata,Smaers_etal_2017_TableS1part1,"Smaers et al. 2017 (Curr Biol 27:714-720, Table S1)",Smaers_etal_2017_TableS1part1,0,Smaers et al 2017,,,NA,metadata_tables_near_perfect,Smaers_etal_2017_TableS1part1,Smaers_etal_2017_TableS1part1 = 1848 (FrontalMotor_white_matter_Vol.mm3; 0.11%; scale 0.001; 0 prior contributions),0,2019
Erythrocebus_patas,Erythrocebus patas,Frontal.motor.Gray,FrontalMotor_grey_matter_Vol.mm3,crosswalk_exact,2.55,resolved_fallback_metadata,Smaers_etal_2017_TableS1part1,"Smaers et al. 2017 (Curr Biol 27:714-720, Table S1)",Smaers_etal_2017_TableS1part1,0,Smaers et al 2017,,,NA,metadata_tables_near_perfect,Smaers_etal_2017_TableS1part1; Smaers_etal_2017 [restricted: Smaers.csv],Smaers_etal_2017_TableS1part1 = 2552 (FrontalMotor_grey_matter_Vol.mm3; 0.08%; scale 0.001; 0 prior contributions),0,2019
Erythrocebus_patas,Erythrocebus patas,Hippocampus,Hippocampus_Vol.mm3,crosswalk_exact,1591,resolved_unique,Stephan_etal_1981_TableVI,"Stephan, Frahm & Baron 1981 (Folia Primatol 35:1-29)",Stephan_etal_1981_TableVI,1,Stephan et al 1981; Zilles and Rehkamper 1988,,,NA,direct_same_structure_unique,,,215,2019
Erythrocebus_patas,Erythrocebus patas,Interpositus_cerebellar_nuclei,Interpositus_cerebellar_nuclei_Vol.mm3,crosswalk_exact,95.07,resolved_unique,Matano_etal_1985_a_Table1,Matano et al. 1985 (Folia Primatol 44:182-203),Matano_etal_1985_a_Table1,1,NA,,,NA,direct_same_structure_unique,,,220,2019
Erythrocebus_patas,Erythrocebus patas,LGN_Sousa,Corpus_geniculatum_laterale_Vol.mm3,crosswalk_exact,267,resolved_unique,deSousa_etal_2013_Table1,de Sousa et al. 2013 (Brain Behav Evol 81:93-108),deSousa_etal_2013_Table1,1,de Sousa et al 2010; de Sousa et al 2013,,,NA,direct_same_structure_unique,,,15,2019
Erythrocebus_patas,Erythrocebus patas,Lateral_cerebellar_nuclei,Lateral_cerebellar_nuclei_Vol.mm3,crosswalk_exact,126.31,resolved_unique,Matano_etal_1985_a_Table1,Matano et al. 1985 (Folia Primatol 44:182-203),Matano_etal_1985_a_Table1,1,NA,,,NA,direct_same_structure_unique,,,220,2019
Erythrocebus_patas,Erythrocebus patas,Lobus_piriformis,Lobus_piriformis_Vol.mm3,crosswalk_exact,1339,resolved_unique,Stephan_etal_1981_TableVI,"Stephan, Frahm & Baron 1981 (Folia Primatol 35:1-29)",Stephan_etal_1981_TableVI,1,Stephan et al 1981; Zilles and Rehkamper 1988,,,NA,direct_same_structure_unique,,,215,2019
Erythrocebus_patas,Erythrocebus patas,Medial_cerebellar_nuclei,Medial_cerebellar_nuclei_Vol.mm3,crosswalk_exact,73.71,resolved_unique,Matano_etal_1985_a_Table1,Matano et al. 1985 (Folia Primatol 44:182-203),Matano_etal_1985_a_Table1,1,NA,,,NA,direct_same_structure_unique,,,220,2019
Erythrocebus_patas,Erythrocebus patas,Medulla_oblongata,Medulla_oblongata_Vol.mm3,crosswalk_exact,2616,resolved_unique,Stephan_etal_1981_TableIII,"Stephan, Frahm & Baron 1981 (Folia Primatol 35:1-29)",Stephan_etal_1981_TableIII,1,Stephan et al 1981; Zilles and Rehkamper 1988,,,NA,direct_same_structure_unique,,,243,2019
Erythrocebus_patas,Erythrocebus patas,Meninges_hypophysis_nerves_etc,NA,no_defensible_volume_key,519,metadata_only,NA,NA,,0,Stephan et al 1981,,,NA,metadata_only_no_volume_crosswalk,,,0,2019
Erythrocebus_patas,Erythrocebus patas,Mesencephalon,Mesencephalon_Vol.mm3,crosswalk_exact,1621,resolved_unique,Stephan_etal_1981_TableIII,"Stephan, Frahm & Baron 1981 (Folia Primatol 35:1-29)",Stephan_etal_1981_TableIII,1,Stephan et al 1981; Zilles and Rehkamper 1988,,,NA,direct_same_structure_unique,,,243,2019
Erythrocebus_patas,Erythrocebus patas,NeoWG,Neocortex_Vol.mm3,crosswalk_exact,77141,resolved_unique,Stephan_etal_1981_TableVI,"Stephan, Frahm & Baron 1981 (Folia Primatol 35:1-29)",Stephan_etal_1981_TableVI,1,Stephan et al 1981; Zilles and Rehkamper 1988,,,NA,direct_same_structure_unique,,,215,2019
Erythrocebus_patas,Erythrocebus patas,Pons,Ventral_pons_Vol.mm3,Matano ventral pons,814.5,resolved_unique,Matano_etal_1985_b_Table1,Matano et al. 1985 (Folia Primatol 44:182-203),Matano_etal_1985_b_Table1,1,Matano et al 1985; Zilles and Rehkamper 1988,,,NA,direct_same_structure_unique,,,40,2019
Erythrocebus_patas,Erythrocebus patas,Prefrontal.Gray,PrefrontalCortex_grey_matter_Vol.mm3,crosswalk_exact,1.56,resolved_fallback_metadata,Smaers_etal_2017_TableS1part1,"Smaers et al. 2017 (Curr Biol 27:714-720, Table S1)",Smaers_etal_2017_TableS1part1; Smaers_etal_2011_SupplementaryTable2,0,Smaers et al 2017,,,NA,metadata_tables_near_perfect,Smaers_etal_2017_TableS1part1; Smaers_etal_2011_SupplementaryTable2; Smaers_etal_2017 [restricted: Smaers.csv],Smaers_etal_2017_TableS1part1 = 1560 (PrefrontalCortex_grey_matter_Vol.mm3; 0.00%; scale 0.001; 0 prior contributions),0,2019
Erythrocebus_patas,Erythrocebus patas,Prefrontal.White,PrefrontalCortex_white_matter_Vol.mm3,crosswalk_exact,0.27,resolved_fallback_metadata,Smaers_etal_2017_TableS1part1,"Smaers et al. 2017 (Curr Biol 27:714-720, Table S1)",Smaers_etal_2017_TableS1part1; Smaers_etal_2011_SupplementaryTable2,0,Smaers et al 2017,,,NA,metadata_tables_near_perfect,Smaers_etal_2017_TableS1part1; Smaers_etal_2011_SupplementaryTable2; Smaers_etal_2017 [restricted: Smaers.csv],Smaers_etal_2017_TableS1part1 = 272 (PrefrontalCortex_white_matter_Vol.mm3; 0.74%; scale 0.001; 0 prior contributions),0,2019
Erythrocebus_patas,Erythrocebus patas,Schizocortex,Schizo_cortex_Vol.mm3,crosswalk_exact,693,resolved_unique,Stephan_etal_1981_TableVI,"Stephan, Frahm & Baron 1981 (Folia Primatol 35:1-29)",Stephan_etal_1981_TableVI,1,Stephan et al 1981,,,NA,direct_same_structure_unique,,,215,2019
Erythrocebus_patas,Erythrocebus patas,Septum,Septum_Vol.mm3,crosswalk_exact,330,resolved_unique,Stephan_etal_1981_TableVI,"Stephan, Frahm & Baron 1981 (Folia Primatol 35:1-29)",Stephan_etal_1981_TableVI,1,Stephan et al 1981; Zilles and Rehkamper 1988,,,NA,direct_same_structure_unique,,,215,2019
Erythrocebus_patas,Erythrocebus patas,Striatum,Striatum_Vol.mm3,crosswalk_exact,3624,resolved_unique,Stephan_etal_1981_TableVI,"Stephan, Frahm & Baron 1981 (Folia Primatol 35:1-29)",Stephan_etal_1981_TableVI,1,Stephan et al 1981; Zilles and Rehkamper 1988,,,NA,direct_same_structure_unique,,,215,2019
Erythrocebus_patas,Erythrocebus patas,Telencephalon,Telencephalon_Vol.mm3,crosswalk_exact,84770,resolved_unique,Stephan_etal_1981_TableIII,"Stephan, Frahm & Baron 1981 (Folia Primatol 35:1-29)",Stephan_etal_1981_TableIII,1,Stephan et al 1981; Zilles and Rehkamper 1988,,,NA,direct_same_structure_unique,,,243,2019
Erythrocebus_patas,Erythrocebus patas,Total_brain_net_volume,Total_brain_net_volume_Vol.mm3,crosswalk_exact,103167,resolved_unique,Stephan_etal_1981_TableIII,"Stephan, Frahm & Baron 1981 (Folia Primatol 35:1-29)",Stephan_etal_1981_TableIII,1,Stephan et al 1981,,,NA,direct_same_structure_unique,,,243,2019
Erythrocebus_patas,Erythrocebus patas,Ventricles,Ventricles_Vol.mm3,crosswalk_exact,561,resolved_unique,Stephan_etal_1981_TableIII,"Stephan, Frahm & Baron 1981 (Folia Primatol 35:1-29)",Stephan_etal_1981_TableIII,1,Stephan et al 1981,,,NA,direct_same_structure_unique,,,243,2019
Eulemur_fulvus,Eulemur fulvus,ASG_Sousa,Area_striata_grey_matter_Vol.mm3,crosswalk_exact,1253,resolved_fallback_restricted,deSousa_etal_2010 [restricted: Visual_volumes.xlsx],de Sousa et al. 2010 (J Hum Evol 58:281-292),Frahm_etal_1984_Table1; deSousa_etal_2010_SupTable2; deSousa_etal_2010 [restricted: Visual_volumes.xlsx],1,de Sousa et al 2010,1000,,Evo-M1 value matches Frahm_etal_1984_Table1 (not the metadata source); attributed to metadata source; see source_hunt,restricted_documents_near_perfect,deSousa_etal_2010_SupTable2; Frahm_etal_1984_Table1; deSousa_etal_2010 [restricted: Visual_volumes.xlsx]; deSousa_etal_2010 [restricted: deSousa_2010.csv]; Stephan_etal_1981 [restricted: Stephan_1981.csv],deSousa_etal_2010 [restricted: Visual_volumes.xlsx] = 1.253 (0.00%; scale 1000; restricted_checks/deSousa_etal_2010/comparison/Visual_volumes.xlsx R34C5; 0 prior contributions),0,2019
Eulemur_fulvus,Eulemur fulvus,Amygdala,Amygdala_Vol.mm3,crosswalk_exact,251,resolved_unique,Stephan_etal_1981_TableXI,"Stephan, Frahm & Baron 1981 (Folia Primatol 35:1-29)",Stephan_etal_1981_TableXI,1,Stephan et al 1981; Zilles and Rehkamper 1988,,,NA,direct_same_structure_unique,,,100,2019
Eulemur_fulvus,Eulemur fulvus,Body_weight,Body_Mass.g,crosswalk_exact,1400,resolved_multiple,Stephan_etal_1981_TableII,"Stephan, Frahm & Baron 1981 (Folia Primatol 35:1-29)",Matano__1986_TableI; Matano_etal_1985_a_Table1; Matano_etal_1985_b_Table1; Stephan_etal_1981_TableII; Stephan_etal_1988_TABLE1,5,Stephan et al 1981; Zilles and Rehkamper 1988; Bauernfeind et al 2013,,,NA,direct_same_structure_multiple,,,162,2019
Eulemur_fulvus,Eulemur fulvus,Body_weight_1985a,Body_Mass.g,crosswalk_exact,1400,resolved_multiple,Matano_etal_1985_a_Table1,Matano et al. 1985 (Folia Primatol 44:182-203),Matano__1986_TableI; Matano_etal_1985_a_Table1; Matano_etal_1985_b_Table1; Stephan_etal_1981_TableII; Stephan_etal_1988_TABLE1,5,NA,,,NA,direct_same_structure_multiple,,,220,2019
Eulemur_fulvus,Eulemur fulvus,Brain_weight,Brain_Mass.mg,crosswalk_exact,23300,resolved_multiple,Stephan_etal_1981_TableII,"Stephan, Frahm & Baron 1981 (Folia Primatol 35:1-29)",Stephan_etal_1981_TableII; Stephan_etal_1988_TABLE1,2,Stephan et al 1981; Zilles and Rehkamper 1988; Bauernfeind et al 2013,,,NA,direct_same_structure_multiple,,,162,2019
Eulemur_fulvus,Eulemur fulvus,Brainvol,NA,no_defensible_volume_key,22490.35,metadata_only,NA,NA,,0,de Sousa et al 2010; Stephan et al 1981,,,NA,metadata_only_no_volume_crosswalk,,,0,2019
Eulemur_fulvus,Eulemur fulvus,Bulbus_olfactorius,Bulbus_olfactorius_Vol.mm3,crosswalk_exact,207,resolved_unique,Stephan_etal_1981_TableV,"Stephan, Frahm & Baron 1981 (Folia Primatol 35:1-29)",Stephan_etal_1981_TableV,1,Stephan et al 1981,,,NA,direct_same_structure_unique,,,144,2019
Eulemur_fulvus,Eulemur fulvus,Bulbus_olfactorius_accessorius,Bulbus_olfactorius_accessorius_Vol.mm3,crosswalk_exact,3.21,resolved_unique,Stephan_etal_1981_TableV,"Stephan, Frahm & Baron 1981 (Folia Primatol 35:1-29)",Stephan_etal_1981_TableV,1,Stephan et al 1981,,,NA,direct_same_structure_unique,,,144,2019
Eulemur_fulvus,Eulemur fulvus,Capsula_interna,Capsula_interna_Vol.mm3,crosswalk_exact,248,resolved_unique,Stephan_etal_1981_TableVIII,"Stephan, Frahm & Baron 1981 (Folia Primatol 35:1-29)",Stephan_etal_1981_TableVIII,1,Stephan et al 1981,,,NA,direct_same_structure_unique,,,200,2019
Eulemur_fulvus,Eulemur fulvus,Cerebellar_nuclei_total,Cerebellar_nuclei_total_Vol.mm3,crosswalk_exact,86.28,resolved_unique,Matano_etal_1985_a_Table1,Matano et al. 1985 (Folia Primatol 44:182-203),Matano_etal_1985_a_Table1,1,NA,,,NA,direct_same_structure_unique,,,220,2019
Eulemur_fulvus,Eulemur fulvus,Cerebellum,Cerebellum_Vol.mm3,crosswalk_exact,3328,resolved_unique,Stephan_etal_1981_TableII,"Stephan, Frahm & Baron 1981 (Folia Primatol 35:1-29)",Stephan_etal_1981_TableII,1,Stephan et al 1981; Zilles and Rehkamper 1988,,,NA,direct_same_structure_unique,,,162,2019
Eulemur_fulvus,Eulemur fulvus,Complexus.vestibularis,Complexus_vestibularis_unilateral_Vol.mm3,crosswalk_exact,31.1,resolved_multiple,Stephan_etal_1981_TableXIII,"Stephan, Frahm & Baron 1981 (Folia Primatol 35:1-29)",Matano__1986_TableI; Stephan_etal_1981_TableXIII,2,Stephan et al 1981,,,NA,direct_same_structure_multiple,,,129,2019
Eulemur_fulvus,Eulemur fulvus,Complexus_centromedialis,Complexus_centromedialis_Vol.mm3,crosswalk_exact,71.7,resolved_unique,Stephan_etal_1981_TableXI,"Stephan, Frahm & Baron 1981 (Folia Primatol 35:1-29)",Stephan_etal_1981_TableXI,1,Stephan et al 1981,,,NA,direct_same_structure_unique,,,100,2019
Eulemur_fulvus,Eulemur fulvus,Complexus_cortico_basolateralis,Complexus_corticobasolateralis_Vol.mm3,crosswalk_exact,179,resolved_unique,Stephan_etal_1981_TableXI,"Stephan, Frahm & Baron 1981 (Folia Primatol 35:1-29)",Stephan_etal_1981_TableXI,1,Stephan et al 1981,,,NA,direct_same_structure_unique,,,100,2019
Eulemur_fulvus,Eulemur fulvus,Corpus.pineale,Corpus_pineal_Vol.mm3,crosswalk_exact,1.85,resolved_unique,Stephan_etal_1981_TableXV,"Stephan, Frahm & Baron 1981 (Folia Primatol 35:1-29)",Stephan_etal_1981_TableXV,1,Stephan et al 1981,,,NA,direct_same_structure_unique,,,88,2019
Eulemur_fulvus,Eulemur fulvus,Corpus.subcommissurale,Corpus_subcommissurale_Vol.mm3,crosswalk_exact,0.17,resolved_unique,Stephan_etal_1981_TableXV,"Stephan, Frahm & Baron 1981 (Folia Primatol 35:1-29)",Stephan_etal_1981_TableXV,1,Stephan et al 1981,,,NA,direct_same_structure_unique,,,88,2019
Eulemur_fulvus,Eulemur fulvus,Corpus.subfornicale,Corpus_subfornicale_Vol.mm3,crosswalk_exact,0.53,resolved_unique,Stephan_etal_1981_TableXV,"Stephan, Frahm & Baron 1981 (Folia Primatol 35:1-29)",Stephan_etal_1981_TableXV,1,Stephan et al 1981,,,NA,direct_same_structure_unique,,,88,2019
Eulemur_fulvus,Eulemur fulvus,Diencephalon,Diencephalon_Vol.mm3,crosswalk_exact,1713,resolved_unique,Stephan_etal_1981_TableII,"Stephan, Frahm & Baron 1981 (Folia Primatol 35:1-29)",Stephan_etal_1981_TableII,1,Stephan et al 1981; Zilles and Rehkamper 1988,,,NA,direct_same_structure_unique,,,162,2019
Eulemur_fulvus,Eulemur fulvus,Epithalamus,Epithalamus_Vol.mm3,crosswalk_exact,12.2,resolved_unique,Stephan_etal_1981_TableVIII,"Stephan, Frahm & Baron 1981 (Folia Primatol 35:1-29)",Stephan_etal_1981_TableVIII,1,Stephan et al 1981,,,NA,direct_same_structure_unique,,,200,2019
Eulemur_fulvus,Eulemur fulvus,Hippocampus,Hippocampus_Vol.mm3,crosswalk_exact,752,resolved_unique,Stephan_etal_1981_TableV,"Stephan, Frahm & Baron 1981 (Folia Primatol 35:1-29)",Stephan_etal_1981_TableV,1,Stephan et al 1981; Zilles and Rehkamper 1988,,,NA,direct_same_structure_unique,,,144,2019
Eulemur_fulvus,Eulemur fulvus,Hypothalamus,Hypothalamus_Vol.mm3,crosswalk_exact,239,resolved_unique,Stephan_etal_1981_TableVIII,"Stephan, Frahm & Baron 1981 (Folia Primatol 35:1-29)",Stephan_etal_1981_TableVIII,1,Stephan et al 1981,,,NA,direct_same_structure_unique,,,200,2019
Eulemur_fulvus,Eulemur fulvus,Interpositus_cerebellar_nuclei,Interpositus_cerebellar_nuclei_Vol.mm3,crosswalk_exact,27.58,resolved_unique,Matano_etal_1985_a_Table1,Matano et al. 1985 (Folia Primatol 44:182-203),Matano_etal_1985_a_Table1,1,NA,,,NA,direct_same_structure_unique,,,220,2019
Eulemur_fulvus,Eulemur fulvus,LGN_Sousa,Corpus_geniculatum_laterale_Vol.mm3,crosswalk_exact,51.8,resolved_fallback_metadata,deSousa_etal_2010_SupTable2,de Sousa et al. 2010 (J Hum Evol 58:281-292),Stephan_etal_1981_TableIX; Stephan_etal_1984_Table1; deSousa_etal_2010_SupTable2,2,de Sousa et al 2010; de Sousa et al 2013,,,Evo-M1 value matches Stephan_etal_1981_TableIX; Stephan_etal_1984_Table1 (not the metadata source); attributed to metadata source; see source_hunt,metadata_tables_near_perfect,deSousa_etal_2010_SupTable2; Stephan_etal_1984_Table1; Stephan_etal_1981_TableIX; deSousa_etal_2010 [restricted: Visual_volumes.xlsx]; deSousa_etal_2010 [restricted: deSousa_2010.csv]; Stephan_etal_1981 [restricted: Stephan_1981.csv],deSousa_etal_2010_SupTable2 = 52 (Corpus_geniculatum_laterale_Vol.mm3; 0.38%; scale 1; 0 prior contributions),0,2019
Eulemur_fulvus,Eulemur fulvus,Lateral_cerebellar_nuclei,Lateral_cerebellar_nuclei_Vol.mm3,crosswalk_exact,32.05,resolved_unique,Matano_etal_1985_a_Table1,Matano et al. 1985 (Folia Primatol 44:182-203),Matano_etal_1985_a_Table1,1,NA,,,NA,direct_same_structure_unique,,,220,2019
Eulemur_fulvus,Eulemur fulvus,Lobus_piriformis,Lobus_piriformis_Vol.mm3,crosswalk_exact,641,resolved_unique,Stephan_etal_1981_TableV,"Stephan, Frahm & Baron 1981 (Folia Primatol 35:1-29)",Stephan_etal_1981_TableV,1,Stephan et al 1981; Zilles and Rehkamper 1988,,,NA,direct_same_structure_unique,,,144,2019
Eulemur_fulvus,Eulemur fulvus,Medial_cerebellar_nuclei,Medial_cerebellar_nuclei_Vol.mm3,crosswalk_exact,26.65,resolved_unique,Matano_etal_1985_a_Table1,Matano et al. 1985 (Folia Primatol 44:182-203),Matano_etal_1985_a_Table1,1,NA,,,NA,direct_same_structure_unique,,,220,2019
Eulemur_fulvus,Eulemur fulvus,Medulla_oblongata,Medulla_oblongata_Vol.mm3,crosswalk_exact,909,resolved_unique,Stephan_etal_1981_TableII,"Stephan, Frahm & Baron 1981 (Folia Primatol 35:1-29)",Stephan_etal_1981_TableII,1,Stephan et al 1981; Zilles and Rehkamper 1988,,,NA,direct_same_structure_unique,,,162,2019
Eulemur_fulvus,Eulemur fulvus,Meninges_hypophysis_nerves_etc,NA,no_defensible_volume_key,190,metadata_only,NA,NA,,0,Stephan et al 1981,,,NA,metadata_only_no_volume_crosswalk,,,0,2019
Eulemur_fulvus,Eulemur fulvus,Mesencephalon,Mesencephalon_Vol.mm3,crosswalk_exact,590,resolved_unique,Stephan_etal_1981_TableII,"Stephan, Frahm & Baron 1981 (Folia Primatol 35:1-29)",Stephan_etal_1981_TableII,1,Stephan et al 1981; Zilles and Rehkamper 1988,,,NA,direct_same_structure_unique,,,162,2019
Eulemur_fulvus,Eulemur fulvus,NeoG_Frahm,Neocortex_grey_matter_Vol.mm3,crosswalk_exact,9172,resolved_unique,Frahm_etal_1982_Table2,"Frahm, Stephan & Stephan 1982 (J Hirnforsch 23:375-389)",Frahm_etal_1982_Table2,1,Frahm et al 1992; Zilles and Rehkamper 1988,,,NA,direct_same_structure_unique,,,46,2019
Eulemur_fulvus,Eulemur fulvus,NeoWG,Neocortex_Vol.mm3,crosswalk_exact,12207,resolved_multiple,Stephan_etal_1981_TableV,"Stephan, Frahm & Baron 1981 (Folia Primatol 35:1-29)",Frahm_etal_1982_Table2; Stephan_etal_1981_TableV,2,Stephan et al 1981; Zilles and Rehkamper 1988,,,NA,direct_same_structure_multiple,,,144,2019
Eulemur_fulvus,Eulemur fulvus,NeoW_Frahm,Neocortex_white_matter_Vol.mm3,crosswalk_exact,3035,resolved_unique,Frahm_etal_1982_Table2,"Frahm, Stephan & Stephan 1982 (J Hirnforsch 23:375-389)",Frahm_etal_1982_Table2,1,Frahm et al 1992; Zilles and Rehkamper 1988,,,NA,direct_same_structure_unique,,,46,2019
Eulemur_fulvus,Eulemur fulvus,Nucleus.habenularis.medialis,Nucleus_habenularis_medialis_Vol.mm3,crosswalk_exact,4.02,resolved_unique,Stephan_etal_1981_TableXV,"Stephan, Frahm & Baron 1981 (Folia Primatol 35:1-29)",Stephan_etal_1981_TableXV,1,Stephan et al 1981,,,NA,direct_same_structure_unique,,,88,2019
Eulemur_fulvus,Eulemur fulvus,Nucleus.septalis.triangularis,Nucleus_septalis_triangularis_Vol.mm3,crosswalk_exact,1.4,resolved_unique,Stephan_etal_1981_TableXV,"Stephan, Frahm & Baron 1981 (Folia Primatol 35:1-29)",Stephan_etal_1981_TableXV,1,Stephan et al 1981,,,NA,direct_same_structure_unique,,,88,2019
Eulemur_fulvus,Eulemur fulvus,Nucleus.vestibularis.descendens,Nucleus_vestibularis_descendens_unilateral_Vol.mm3,crosswalk_exact,9.27,resolved_multiple,Stephan_etal_1981_TableXIII,"Stephan, Frahm & Baron 1981 (Folia Primatol 35:1-29)",Matano__1986_TableI; Stephan_etal_1981_TableXIII,2,Stephan et al 1981,,,NA,direct_same_structure_multiple,,,129,2019
Eulemur_fulvus,Eulemur fulvus,Nucleus.vestibularis.lateralis,Nucleus_vestibularis_lateralis_unilateral_Vol.mm3,crosswalk_exact,5.9,resolved_multiple,Stephan_etal_1981_TableXIII,"Stephan, Frahm & Baron 1981 (Folia Primatol 35:1-29)",Matano__1986_TableI; Stephan_etal_1981_TableXIII,2,Stephan et al 1981,,,NA,direct_same_structure_multiple,,,129,2019
Eulemur_fulvus,Eulemur fulvus,Nucleus.vestibularis.medialis,Nucleus_vestibularis_medialis_unilateral_Vol.mm3,crosswalk_exact,9.75,resolved_multiple,Stephan_etal_1981_TableXIII,"Stephan, Frahm & Baron 1981 (Folia Primatol 35:1-29)",Matano__1986_TableI; Stephan_etal_1981_TableXIII,2,Stephan et al 1981,,,NA,direct_same_structure_multiple,,,129,2019
Eulemur_fulvus,Eulemur fulvus,Nucleus.vestibularis.superior,Nucleus_vestibularis_superior_unilateral_Vol.mm3,crosswalk_exact,6.22,resolved_multiple,Stephan_etal_1981_TableXIII,"Stephan, Frahm & Baron 1981 (Folia Primatol 35:1-29)",Matano__1986_TableI; Stephan_etal_1981_TableXIII,2,Stephan et al 1981,,,NA,direct_same_structure_multiple,,,129,2019
Eulemur_fulvus,Eulemur fulvus,Nucleus_amygdalae_basalis_parsmagnocellularis,Nucleus_amygdalae_basalis_pars_magnocellularis_Vol.mm3,crosswalk_exact,19.6,resolved_unique,Stephan_etal_1981_TableXI,"Stephan, Frahm & Baron 1981 (Folia Primatol 35:1-29)",Stephan_etal_1981_TableXI,1,Stephan et al 1981,,,NA,direct_same_structure_unique,,,100,2019
Eulemur_fulvus,Eulemur fulvus,Nucleus_subthalamicus,Nucleus_subthalamicus_Vol.mm3,crosswalk_exact,13.9,resolved_unique,Stephan_etal_1981_TableVIII,"Stephan, Frahm & Baron 1981 (Folia Primatol 35:1-29)",Stephan_etal_1981_TableVIII,1,Stephan et al 1981,,,NA,direct_same_structure_unique,,,200,2019
Eulemur_fulvus,Eulemur fulvus,Nucleus_tractus_olfactorius,Nucleus_tractus_olfactorius_Vol.mm3,crosswalk_exact,1.37,resolved_unique,Stephan_etal_1981_TableXI,"Stephan, Frahm & Baron 1981 (Folia Primatol 35:1-29)",Stephan_etal_1981_TableXI,1,Stephan et al 1981,,,NA,direct_same_structure_unique,,,100,2019
Eulemur_fulvus,Eulemur fulvus,Palaeocortex,Palaeocortex_Vol.mm3,crosswalk_exact,389,resolved_unique,Stephan_etal_1981_TableXI,"Stephan, Frahm & Baron 1981 (Folia Primatol 35:1-29)",Stephan_etal_1981_TableXI,1,Stephan et al 1981; Zilles and Rehkamper 1988,,,NA,direct_same_structure_unique,,,100,2019
Eulemur_fulvus,Eulemur fulvus,Pallidum,Pallidum_Vol.mm3,crosswalk_exact,212,resolved_unique,Stephan_etal_1981_TableVIII,"Stephan, Frahm & Baron 1981 (Folia Primatol 35:1-29)",Stephan_etal_1981_TableVIII,1,Stephan et al 1981; Zilles and Rehkamper 1988,,,NA,direct_same_structure_unique,,,200,2019
Eulemur_fulvus,Eulemur fulvus,Pons,Ventral_pons_Vol.mm3,Matano ventral pons,136.9,resolved_unique,Matano_etal_1985_b_Table1,Matano et al. 1985 (Folia Primatol 44:182-203),Matano_etal_1985_b_Table1,1,Matano et al 1985; Zilles and Rehkamper 1988,,,NA,direct_same_structure_unique,,,40,2019
Eulemur_fulvus,Eulemur fulvus,Schizocortex,Schizo_cortex_Vol.mm3,crosswalk_exact,422,resolved_unique,Stephan_etal_1981_TableV,"Stephan, Frahm & Baron 1981 (Folia Primatol 35:1-29)",Stephan_etal_1981_TableV,1,Stephan et al 1981,,,NA,direct_same_structure_unique,,,144,2019
Eulemur_fulvus,Eulemur fulvus,Septum,Septum_Vol.mm3,crosswalk_exact,119,resolved_unique,Stephan_etal_1981_TableV,"Stephan, Frahm & Baron 1981 (Folia Primatol 35:1-29)",Stephan_etal_1981_TableV,1,Stephan et al 1981; Zilles and Rehkamper 1988,,,NA,direct_same_structure_unique,,,144,2019
Eulemur_fulvus,Eulemur fulvus,Striatum,Striatum_Vol.mm3,crosswalk_exact,1215,resolved_unique,Stephan_etal_1981_TableV,"Stephan, Frahm & Baron 1981 (Folia Primatol 35:1-29)",Stephan_etal_1981_TableV,1,Stephan et al 1981; Zilles and Rehkamper 1988,,,NA,direct_same_structure_unique,,,144,2019
Eulemur_fulvus,Eulemur fulvus,Subthalamus,Subthalamus_Vol.mm3,crosswalk_exact,225,resolved_unique,Stephan_etal_1981_TableVIII,"Stephan, Frahm & Baron 1981 (Folia Primatol 35:1-29)",Stephan_etal_1981_TableVIII,1,Stephan et al 1981,,,NA,direct_same_structure_unique,,,200,2019
Eulemur_fulvus,Eulemur fulvus,Telencephalon,Telencephalon_Vol.mm3,crosswalk_exact,15566,resolved_unique,Stephan_etal_1981_TableII,"Stephan, Frahm & Baron 1981 (Folia Primatol 35:1-29)",Stephan_etal_1981_TableII,1,Stephan et al 1981; Zilles and Rehkamper 1988,,,NA,direct_same_structure_unique,,,162,2019
Eulemur_fulvus,Eulemur fulvus,Thalamus,Thalamus_Vol.mm3,crosswalk_exact,1028,resolved_unique,Stephan_etal_1981_TableVIII,"Stephan, Frahm & Baron 1981 (Folia Primatol 35:1-29)",Stephan_etal_1981_TableVIII,1,Stephan et al 1981,,,NA,direct_same_structure_unique,,,200,2019
Eulemur_fulvus,Eulemur fulvus,Total_brain_net_volume,Total_brain_net_volume_Vol.mm3,crosswalk_exact,22106,resolved_unique,Stephan_etal_1981_TableII,"Stephan, Frahm & Baron 1981 (Folia Primatol 35:1-29)",Stephan_etal_1981_TableII,1,Stephan et al 1981,,,NA,direct_same_structure_unique,,,162,2019
Eulemur_fulvus,Eulemur fulvus,Tractus_opticus,Tractus_opticus_Vol.mm3,crosswalk_exact,108,resolved_unique,Stephan_etal_1981_TableVIII,"Stephan, Frahm & Baron 1981 (Folia Primatol 35:1-29)",Stephan_etal_1981_TableVIII,1,Stephan et al 1981,,,NA,direct_same_structure_unique,,,200,2019
Eulemur_fulvus,Eulemur fulvus,Ventricles,Ventricles_Vol.mm3,crosswalk_exact,194,resolved_unique,Stephan_etal_1981_TableII,"Stephan, Frahm & Baron 1981 (Folia Primatol 35:1-29)",Stephan_etal_1981_TableII,1,Stephan et al 1981,,,NA,direct_same_structure_unique,,,162,2019
Galago_senegalensis,Galago senegalensis,ASG_Sousa,Area_striata_grey_matter_Vol.mm3,crosswalk_exact,301,resolved_fallback_metadata,deSousa_etal_2010_SupTable2,de Sousa et al. 2010 (J Hum Evol 58:281-292),Frahm_etal_1984_Table1; deSousa_etal_2010_SupTable2; Frahm_etal_1998_Table1,1,de Sousa et al 2010,,,Evo-M1 value matches Frahm_etal_1984_Table1 (not the metadata source); attributed to metadata source; see source_hunt,metadata_tables_near_perfect,deSousa_etal_2010_SupTable2; Frahm_etal_1998_Table1; Frahm_etal_1984_Table1; deSousa_etal_2010 [restricted: Visual_volumes.xlsx]; deSousa_etal_2010 [restricted: deSousa_2010.csv]; Stephan_etal_1981 [restricted: Stephan_1981.csv],deSousa_etal_2010_SupTable2 = 300 (Area_striata_grey_matter_Vol.mm3; 0.33%; scale 1; 0 prior contributions),0,2019
Galago_senegalensis,Galago senegalensis,Body_weight,Body_Mass.g,crosswalk_exact,186,resolved_multiple,Stephan_etal_1981_TableII,"Stephan, Frahm & Baron 1981 (Folia Primatol 35:1-29)",Matano__1986_TableI; Matano_etal_1985_a_Table1; Matano_etal_1985_b_Table1; Stephan_etal_1981_TableII; Stephan_etal_1988_TABLE1,5,Stephan et al 1981; Zilles and Rehkamper 1988; Bauernfeind et al 2013,,,NA,direct_same_structure_multiple,,,162,2019
Galago_senegalensis,Galago senegalensis,Body_weight_1985a,Body_Mass.g,crosswalk_exact,186,resolved_multiple,Matano_etal_1985_a_Table1,Matano et al. 1985 (Folia Primatol 44:182-203),Matano__1986_TableI; Matano_etal_1985_a_Table1; Matano_etal_1985_b_Table1; Stephan_etal_1981_TableII; Stephan_etal_1988_TABLE1,5,NA,,,NA,direct_same_structure_multiple,,,220,2019
Galago_senegalensis,Galago senegalensis,Brain_weight,Brain_Mass.mg,crosswalk_exact,4800,resolved_multiple,Stephan_etal_1981_TableII,"Stephan, Frahm & Baron 1981 (Folia Primatol 35:1-29)",Stephan_etal_1981_TableII; Stephan_etal_1988_TABLE1,2,Stephan et al 1981; Zilles and Rehkamper 1988; Bauernfeind et al 2013,,,NA,direct_same_structure_multiple,,,162,2019
Galago_senegalensis,Galago senegalensis,Brainvol,NA,no_defensible_volume_key,4633.2,metadata_only,NA,NA,,0,de Sousa et al 2010; Stephan et al 1981,,,NA,metadata_only_no_volume_crosswalk,,,0,2019
Galago_senegalensis,Galago senegalensis,Bulbus_olfactorius,Bulbus_olfactorius_Vol.mm3,crosswalk_exact,79.2,resolved_unique,Stephan_etal_1981_TableV,"Stephan, Frahm & Baron 1981 (Folia Primatol 35:1-29)",Stephan_etal_1981_TableV,1,Stephan et al 1981,,,NA,direct_same_structure_unique,,,144,2019
Galago_senegalensis,Galago senegalensis,Bulbus_olfactorius_accessorius,Bulbus_olfactorius_accessorius_Vol.mm3,crosswalk_exact,2.58,resolved_unique,Stephan_etal_1981_TableV,"Stephan, Frahm & Baron 1981 (Folia Primatol 35:1-29)",Stephan_etal_1981_TableV,1,Stephan et al 1981,,,NA,direct_same_structure_unique,,,144,2019
Galago_senegalensis,Galago senegalensis,Cerebellar_nuclei_total,Cerebellar_nuclei_total_Vol.mm3,crosswalk_exact,12.6,resolved_unique,Matano_etal_1985_a_Table1,Matano et al. 1985 (Folia Primatol 44:182-203),Matano_etal_1985_a_Table1,1,NA,,,NA,direct_same_structure_unique,,,220,2019
Galago_senegalensis,Galago senegalensis,Cerebellum,Cerebellum_Vol.mm3,crosswalk_exact,672,resolved_unique,Stephan_etal_1981_TableII,"Stephan, Frahm & Baron 1981 (Folia Primatol 35:1-29)",Stephan_etal_1981_TableII,1,Stephan et al 1981; Zilles and Rehkamper 1988,,,NA,direct_same_structure_unique,,,162,2019
Galago_senegalensis,Galago senegalensis,Corpus.pineale,Corpus_pineal_Vol.mm3,crosswalk_exact,0.74,resolved_unique,Stephan_etal_1981_TableXV,"Stephan, Frahm & Baron 1981 (Folia Primatol 35:1-29)",Stephan_etal_1981_TableXV,1,Stephan et al 1981,,,NA,direct_same_structure_unique,,,88,2019
Galago_senegalensis,Galago senegalensis,Corpus.subcommissurale,Corpus_subcommissurale_Vol.mm3,crosswalk_exact,0.04,resolved_unique,Stephan_etal_1981_TableXV,"Stephan, Frahm & Baron 1981 (Folia Primatol 35:1-29)",Stephan_etal_1981_TableXV,1,Stephan et al 1981,,,NA,direct_same_structure_unique,,,88,2019
Galago_senegalensis,Galago senegalensis,Corpus.subfornicale,Corpus_subfornicale_Vol.mm3,crosswalk_exact,0.07,resolved_unique,Stephan_etal_1981_TableXV,"Stephan, Frahm & Baron 1981 (Folia Primatol 35:1-29)",Stephan_etal_1981_TableXV,1,Stephan et al 1981,,,NA,direct_same_structure_unique,,,88,2019
Galago_senegalensis,Galago senegalensis,Diencephalon,Diencephalon_Vol.mm3,crosswalk_exact,382,resolved_unique,Stephan_etal_1981_TableII,"Stephan, Frahm & Baron 1981 (Folia Primatol 35:1-29)",Stephan_etal_1981_TableII,1,Stephan et al 1981; Zilles and Rehkamper 1988,,,NA,direct_same_structure_unique,,,162,2019
Galago_senegalensis,Galago senegalensis,Hippocampus,Hippocampus_Vol.mm3,crosswalk_exact,261,resolved_unique,Stephan_etal_1981_TableV,"Stephan, Frahm & Baron 1981 (Folia Primatol 35:1-29)",Stephan_etal_1981_TableV,1,Stephan et al 1981; Zilles and Rehkamper 1988,,,NA,direct_same_structure_unique,,,144,2019
Galago_senegalensis,Galago senegalensis,Interpositus_cerebellar_nuclei,Interpositus_cerebellar_nuclei_Vol.mm3,crosswalk_exact,3.77,resolved_unique,Matano_etal_1985_a_Table1,Matano et al. 1985 (Folia Primatol 44:182-203),Matano_etal_1985_a_Table1,1,NA,,,NA,direct_same_structure_unique,,,220,2019
Galago_senegalensis,Galago senegalensis,LGN_Sousa,Corpus_geniculatum_laterale_Vol.mm3,crosswalk_exact,16,resolved_fallback_metadata,deSousa_etal_2010_SupTable2,de Sousa et al. 2010 (J Hum Evol 58:281-292),Stephan_etal_1981_TableIX; Stephan_etal_1984_Table1; deSousa_etal_2010_SupTable2; Frahm_etal_1998_Table1,2,de Sousa et al 2010; de Sousa et al 2013,,,Evo-M1 value matches Stephan_etal_1981_TableIX; Stephan_etal_1984_Table1 (not the metadata source); attributed to metadata source; see source_hunt,metadata_tables_near_perfect,deSousa_etal_2010_SupTable2; Frahm_etal_1998_Table1; Stephan_etal_1984_Table1; Stephan_etal_1981_TableIX; deSousa_etal_2010 [restricted: Visual_volumes.xlsx]; deSousa_etal_2010 [restricted: deSousa_2010.csv]; Stephan_etal_1981 [restricted: Stephan_1981.csv],deSousa_etal_2010_SupTable2 = 16 (Corpus_geniculatum_laterale_Vol.mm3; 0.00%; scale 1; 0 prior contributions),0,2019
Galago_senegalensis,Galago senegalensis,Lateral_cerebellar_nuclei,Lateral_cerebellar_nuclei_Vol.mm3,crosswalk_exact,4.4,resolved_unique,Matano_etal_1985_a_Table1,Matano et al. 1985 (Folia Primatol 44:182-203),Matano_etal_1985_a_Table1,1,NA,,,NA,direct_same_structure_unique,,,220,2019
Galago_senegalensis,Galago senegalensis,Lobus_piriformis,Lobus_piriformis_Vol.mm3,crosswalk_exact,163,resolved_unique,Stephan_etal_1981_TableV,"Stephan, Frahm & Baron 1981 (Folia Primatol 35:1-29)",Stephan_etal_1981_TableV,1,Stephan et al 1981; Zilles and Rehkamper 1988,,,NA,direct_same_structure_unique,,,144,2019
Galago_senegalensis,Galago senegalensis,Medial_cerebellar_nuclei,Medial_cerebellar_nuclei_Vol.mm3,crosswalk_exact,4.43,resolved_unique,Matano_etal_1985_a_Table1,Matano et al. 1985 (Folia Primatol 44:182-203),Matano_etal_1985_a_Table1,1,NA,,,NA,direct_same_structure_unique,,,220,2019
Galago_senegalensis,Galago senegalensis,Medulla_oblongata,Medulla_oblongata_Vol.mm3,crosswalk_exact,254,resolved_unique,Stephan_etal_1981_TableII,"Stephan, Frahm & Baron 1981 (Folia Primatol 35:1-29)",Stephan_etal_1981_TableII,1,Stephan et al 1981; Zilles and Rehkamper 1988,,,NA,direct_same_structure_unique,,,162,2019
Galago_senegalensis,Galago senegalensis,Meninges_hypophysis_nerves_etc,NA,no_defensible_volume_key,81.4,metadata_only,NA,NA,,0,Stephan et al 1981,,,NA,metadata_only_no_volume_crosswalk,,,0,2019
Galago_senegalensis,Galago senegalensis,Mesencephalon,Mesencephalon_Vol.mm3,crosswalk_exact,205,resolved_unique,Stephan_etal_1981_TableII,"Stephan, Frahm & Baron 1981 (Folia Primatol 35:1-29)",Stephan_etal_1981_TableII,1,Stephan et al 1981; Zilles and Rehkamper 1988,,,NA,direct_same_structure_unique,,,162,2019
Galago_senegalensis,Galago senegalensis,NeoWG,Neocortex_Vol.mm3,crosswalk_exact,2139,resolved_unique,Stephan_etal_1981_TableV,"Stephan, Frahm & Baron 1981 (Folia Primatol 35:1-29)",Stephan_etal_1981_TableV,1,Stephan et al 1981; Zilles and Rehkamper 1988,,,NA,direct_same_structure_unique,,,144,2019
Galago_senegalensis,Galago senegalensis,Nucleus.habenularis.medialis,Nucleus_habenularis_medialis_Vol.mm3,crosswalk_exact,1,resolved_unique,Stephan_etal_1981_TableXV,"Stephan, Frahm & Baron 1981 (Folia Primatol 35:1-29)",Stephan_etal_1981_TableXV,1,Stephan et al 1981,,,NA,direct_same_structure_unique,,,88,2019
Galago_senegalensis,Galago senegalensis,Nucleus.septalis.triangularis,Nucleus_septalis_triangularis_Vol.mm3,crosswalk_exact,0.59,resolved_unique,Stephan_etal_1981_TableXV,"Stephan, Frahm & Baron 1981 (Folia Primatol 35:1-29)",Stephan_etal_1981_TableXV,1,Stephan et al 1981,,,NA,direct_same_structure_unique,,,88,2019
Galago_senegalensis,Galago senegalensis,Pons,Ventral_pons_Vol.mm3,Matano ventral pons,21,resolved_unique,Matano_etal_1985_b_Table1,Matano et al. 1985 (Folia Primatol 44:182-203),Matano_etal_1985_b_Table1,1,Matano et al 1985; Zilles and Rehkamper 1988,,,NA,direct_same_structure_unique,,,40,2019
Galago_senegalensis,Galago senegalensis,Schizocortex,Schizo_cortex_Vol.mm3,crosswalk_exact,107,resolved_unique,Stephan_etal_1981_TableV,"Stephan, Frahm & Baron 1981 (Folia Primatol 35:1-29)",Stephan_etal_1981_TableV,1,Stephan et al 1981,,,NA,direct_same_structure_unique,,,144,2019
Galago_senegalensis,Galago senegalensis,Septum,Septum_Vol.mm3,crosswalk_exact,35.7,resolved_unique,Stephan_etal_1981_TableV,"Stephan, Frahm & Baron 1981 (Folia Primatol 35:1-29)",Stephan_etal_1981_TableV,1,Stephan et al 1981; Zilles and Rehkamper 1988,,,NA,direct_same_structure_unique,,,144,2019
Galago_senegalensis,Galago senegalensis,Striatum,Striatum_Vol.mm3,crosswalk_exact,210,resolved_unique,Stephan_etal_1981_TableV,"Stephan, Frahm & Baron 1981 (Folia Primatol 35:1-29)",Stephan_etal_1981_TableV,1,Stephan et al 1981; Zilles and Rehkamper 1988,,,NA,direct_same_structure_unique,,,144,2019
Galago_senegalensis,Galago senegalensis,Telencephalon,Telencephalon_Vol.mm3,crosswalk_exact,2997,resolved_unique,Stephan_etal_1981_TableII,"Stephan, Frahm & Baron 1981 (Folia Primatol 35:1-29)",Stephan_etal_1981_TableII,1,Stephan et al 1981; Zilles and Rehkamper 1988,,,NA,direct_same_structure_unique,,,162,2019
Galago_senegalensis,Galago senegalensis,Total_brain_net_volume,Total_brain_net_volume_Vol.mm3,crosswalk_exact,4512,resolved_unique,Stephan_etal_1981_TableII,"Stephan, Frahm & Baron 1981 (Folia Primatol 35:1-29)",Stephan_etal_1981_TableII,1,Stephan et al 1981,,,NA,direct_same_structure_unique,,,162,2019
Galago_senegalensis,Galago senegalensis,Ventricles,Ventricles_Vol.mm3,crosswalk_exact,40.2,resolved_unique,Stephan_etal_1981_TableII,"Stephan, Frahm & Baron 1981 (Folia Primatol 35:1-29)",Stephan_etal_1981_TableII,1,Stephan et al 1981,,,NA,direct_same_structure_unique,,,162,2019
Galagoides_demidoff,Galagoides demidoff,ASG_Sousa,Area_striata_grey_matter_Vol.mm3,crosswalk_exact,214,resolved_fallback_restricted,deSousa_etal_2010 [restricted: Visual_volumes.xlsx],de Sousa et al. 2010 (J Hum Evol 58:281-292),Frahm_etal_1984_Table1; Frahm_etal_1998_Table1; deSousa_etal_2010 [restricted: Visual_volumes.xlsx],1,de Sousa et al 2010,1000,,Evo-M1 value matches Frahm_etal_1984_Table1 (not the metadata source); attributed to metadata source; see source_hunt,restricted_documents_near_perfect,Frahm_etal_1998_Table1; Frahm_etal_1984_Table1; deSousa_etal_2010 [restricted: Visual_volumes.xlsx]; deSousa_etal_2010 [restricted: deSousa_2010.csv]; Stephan_etal_1981 [restricted: Stephan_1981.csv],deSousa_etal_2010 [restricted: Visual_volumes.xlsx] = 0.214 (0.00%; scale 1000; restricted_checks/deSousa_etal_2010/comparison/Visual_volumes.xlsx R46C5; 0 prior contributions),0,2019
Galagoides_demidoff,Galagoides demidoff,Agranular_volume_L,Agranular_insular_cortex_left_Vol.mm3,crosswalk_exact,2,resolved_unique,Bauernfeind_etal_2013_Table1,Bauernfeind et al. 2013 (J Hum Evol 64:263-279),Bauernfeind_etal_2013_Table1,1,Bauernfeind et al 2013,,,NA,direct_same_structure_unique,,,181,2019
Galagoides_demidoff,Galagoides demidoff,Amygdala,Amygdala_Vol.mm3,crosswalk_exact,50.2,resolved_unique,Stephan_etal_1981_TableXI,"Stephan, Frahm & Baron 1981 (Folia Primatol 35:1-29)",Stephan_etal_1981_TableXI,1,Stephan et al 1981; Zilles and Rehkamper 1988,,,NA,direct_same_structure_unique,,,100,2019
Galagoides_demidoff,Galagoides demidoff,Body_mass,Body_Mass.g,crosswalk_exact,63,resolved_unique,Bauernfeind_etal_2013_Table1,Bauernfeind et al. 2013 (J Hum Evol 64:263-279),Bauernfeind_etal_2013_Table1,6,Bauernfeind et al 2013,,,NA,direct_same_structure_unique,,,181,2019
Galagoides_demidoff,Galagoides demidoff,Body_weight,Body_Mass.g,crosswalk_exact,81,resolved_multiple,Stephan_etal_1981_TableII,"Stephan, Frahm & Baron 1981 (Folia Primatol 35:1-29)",Matano__1986_TableI; Matano_etal_1985_a_Table1; Matano_etal_1985_b_Table1; Stephan_etal_1981_TableII; Stephan_etal_1988_TABLE1,6,Stephan et al 1981; Zilles and Rehkamper 1988; Bauernfeind et al 2013,,,NA,direct_same_structure_multiple,,,162,2019
Galagoides_demidoff,Galagoides demidoff,Body_weight_1985a,Body_Mass.g,crosswalk_exact,81,resolved_multiple,Matano_etal_1985_a_Table1,Matano et al. 1985 (Folia Primatol 44:182-203),Matano__1986_TableI; Matano_etal_1985_a_Table1; Matano_etal_1985_b_Table1; Stephan_etal_1981_TableII; Stephan_etal_1988_TABLE1,6,NA,,,NA,direct_same_structure_multiple,,,220,2019
Galagoides_demidoff,Galagoides demidoff,Brain_mass,Brain_Mass.mg,crosswalk_exact,3300,resolved_unique,Bauernfeind_etal_2013_Table1,Bauernfeind et al. 2013 (J Hum Evol 64:263-279),Bauernfeind_etal_2013_Table1,3,Bauernfeind et al 2013,1000,,NA,direct_same_structure_unique,,,181,2019
Galagoides_demidoff,Galagoides demidoff,Brain_volume,NA,no_defensible_volume_key,3185.3,metadata_only,NA,NA,,0,Bauernfeind et al 2013,,,NA,metadata_only_no_volume_crosswalk,,,0,2019
Galagoides_demidoff,Galagoides demidoff,Brain_weight,Brain_Mass.mg,crosswalk_exact,3380,resolved_multiple,Stephan_etal_1981_TableII,"Stephan, Frahm & Baron 1981 (Folia Primatol 35:1-29)",Stephan_etal_1981_TableII; Stephan_etal_1988_TABLE1,3,Stephan et al 1981; Zilles and Rehkamper 1988; Bauernfeind et al 2013,,,NA,direct_same_structure_multiple,,,162,2019
Galagoides_demidoff,Galagoides demidoff,Brainvol,NA,no_defensible_volume_key,3262.55,metadata_only,NA,NA,,0,de Sousa et al 2010; Stephan et al 1981,,,NA,metadata_only_no_volume_crosswalk,,,0,2019
Galagoides_demidoff,Galagoides demidoff,Bulbus_olfactorius,Bulbus_olfactorius_Vol.mm3,crosswalk_exact,83.1,resolved_unique,Stephan_etal_1981_TableV,"Stephan, Frahm & Baron 1981 (Folia Primatol 35:1-29)",Stephan_etal_1981_TableV,1,Stephan et al 1981,,,NA,direct_same_structure_unique,,,144,2019
Galagoides_demidoff,Galagoides demidoff,Bulbus_olfactorius_accessorius,Bulbus_olfactorius_accessorius_Vol.mm3,crosswalk_exact,1.26,resolved_unique,Stephan_etal_1981_TableV,"Stephan, Frahm & Baron 1981 (Folia Primatol 35:1-29)",Stephan_etal_1981_TableV,1,Stephan et al 1981,,,NA,direct_same_structure_unique,,,144,2019
Galagoides_demidoff,Galagoides demidoff,Capsula_interna,Capsula_interna_Vol.mm3,crosswalk_exact,18.4,resolved_unique,Stephan_etal_1981_TableVIII,"Stephan, Frahm & Baron 1981 (Folia Primatol 35:1-29)",Stephan_etal_1981_TableVIII,1,Stephan et al 1981,,,NA,direct_same_structure_unique,,,200,2019
Galagoides_demidoff,Galagoides demidoff,Cerebellar_nuclei_total,Cerebellar_nuclei_total_Vol.mm3,crosswalk_exact,8.22,resolved_unique,Matano_etal_1985_a_Table1,Matano et al. 1985 (Folia Primatol 44:182-203),Matano_etal_1985_a_Table1,1,NA,,,NA,direct_same_structure_unique,,,220,2019
Galagoides_demidoff,Galagoides demidoff,Cerebellum,Cerebellum_Vol.mm3,crosswalk_exact,413,resolved_unique,Stephan_etal_1981_TableII,"Stephan, Frahm & Baron 1981 (Folia Primatol 35:1-29)",Stephan_etal_1981_TableII,1,Stephan et al 1981; Zilles and Rehkamper 1988,,,NA,direct_same_structure_unique,,,162,2019
Galagoides_demidoff,Galagoides demidoff,Complexus.vestibularis,Complexus_vestibularis_unilateral_Vol.mm3,crosswalk_exact,6.65,resolved_multiple,Stephan_etal_1981_TableXIII,"Stephan, Frahm & Baron 1981 (Folia Primatol 35:1-29)",Matano__1986_TableI; Stephan_etal_1981_TableXIII,2,Stephan et al 1981,,,NA,direct_same_structure_multiple,,,129,2019
Galagoides_demidoff,Galagoides demidoff,Complexus_centromedialis,Complexus_centromedialis_Vol.mm3,crosswalk_exact,14.9,resolved_unique,Stephan_etal_1981_TableXI,"Stephan, Frahm & Baron 1981 (Folia Primatol 35:1-29)",Stephan_etal_1981_TableXI,1,Stephan et al 1981,,,NA,direct_same_structure_unique,,,100,2019
Galagoides_demidoff,Galagoides demidoff,Complexus_cortico_basolateralis,Complexus_corticobasolateralis_Vol.mm3,crosswalk_exact,35.3,resolved_unique,Stephan_etal_1981_TableXI,"Stephan, Frahm & Baron 1981 (Folia Primatol 35:1-29)",Stephan_etal_1981_TableXI,1,Stephan et al 1981,,,NA,direct_same_structure_unique,,,100,2019
Galagoides_demidoff,Galagoides demidoff,Corpus.pineale,Corpus_pineal_Vol.mm3,crosswalk_exact,0.38,resolved_unique,Stephan_etal_1981_TableXV,"Stephan, Frahm & Baron 1981 (Folia Primatol 35:1-29)",Stephan_etal_1981_TableXV,1,Stephan et al 1981,,,NA,direct_same_structure_unique,,,88,2019
Galagoides_demidoff,Galagoides demidoff,Corpus.subcommissurale,Corpus_subcommissurale_Vol.mm3,crosswalk_exact,0.03,resolved_unique,Stephan_etal_1981_TableXV,"Stephan, Frahm & Baron 1981 (Folia Primatol 35:1-29)",Stephan_etal_1981_TableXV,1,Stephan et al 1981,,,NA,direct_same_structure_unique,,,88,2019
Galagoides_demidoff,Galagoides demidoff,Corpus.subfornicale,Corpus_subfornicale_Vol.mm3,crosswalk_exact,0.02,resolved_unique,Stephan_etal_1981_TableXV,"Stephan, Frahm & Baron 1981 (Folia Primatol 35:1-29)",Stephan_etal_1981_TableXV,1,Stephan et al 1981,,,NA,direct_same_structure_unique,,,88,2019
Galagoides_demidoff,Galagoides demidoff,Diencephalon,Diencephalon_Vol.mm3,crosswalk_exact,246,resolved_unique,Stephan_etal_1981_TableII,"Stephan, Frahm & Baron 1981 (Folia Primatol 35:1-29)",Stephan_etal_1981_TableII,1,Stephan et al 1981; Zilles and Rehkamper 1988,,,NA,direct_same_structure_unique,,,162,2019
Galagoides_demidoff,Galagoides demidoff,Dysgranular_volume_L,Dysgranular_insular_cortex_left_Vol.mm3,crosswalk_exact,5,resolved_unique,Bauernfeind_etal_2013_Table1,Bauernfeind et al. 2013 (J Hum Evol 64:263-279),Bauernfeind_etal_2013_Table1,1,Bauernfeind et al 2013,,,NA,direct_same_structure_unique,,,181,2019
Galagoides_demidoff,Galagoides demidoff,Epithalamus,Epithalamus_Vol.mm3,crosswalk_exact,2.09,resolved_unique,Stephan_etal_1981_TableVIII,"Stephan, Frahm & Baron 1981 (Folia Primatol 35:1-29)",Stephan_etal_1981_TableVIII,1,Stephan et al 1981,,,NA,direct_same_structure_unique,,,200,2019
Galagoides_demidoff,Galagoides demidoff,Granular_volume_L,Granular_insular_cortex_left_Vol.mm3,crosswalk_exact,5,resolved_unique,Bauernfeind_etal_2013_Table1,Bauernfeind et al. 2013 (J Hum Evol 64:263-279),Bauernfeind_etal_2013_Table1,1,Bauernfeind et al 2013,,,NA,direct_same_structure_unique,,,181,2019
Galagoides_demidoff,Galagoides demidoff,Hippocampus,Hippocampus_Vol.mm3,crosswalk_exact,152,resolved_unique,Stephan_etal_1981_TableV,"Stephan, Frahm & Baron 1981 (Folia Primatol 35:1-29)",Stephan_etal_1981_TableV,1,Stephan et al 1981; Zilles and Rehkamper 1988,,,NA,direct_same_structure_unique,,,144,2019
Galagoides_demidoff,Galagoides demidoff,Hypothalamus,Hypothalamus_Vol.mm3,crosswalk_exact,45.1,resolved_unique,Stephan_etal_1981_TableVIII,"Stephan, Frahm & Baron 1981 (Folia Primatol 35:1-29)",Stephan_etal_1981_TableVIII,1,Stephan et al 1981,,,NA,direct_same_structure_unique,,,200,2019
Galagoides_demidoff,Galagoides demidoff,Interpositus_cerebellar_nuclei,Interpositus_cerebellar_nuclei_Vol.mm3,crosswalk_exact,2.08,resolved_unique,Matano_etal_1985_a_Table1,Matano et al. 1985 (Folia Primatol 44:182-203),Matano_etal_1985_a_Table1,1,NA,,,NA,direct_same_structure_unique,,,220,2019
Galagoides_demidoff,Galagoides demidoff,LGN_Sousa,Corpus_geniculatum_laterale_Vol.mm3,crosswalk_exact,10.9,resolved_fallback_metadata,deSousa_etal_2010_SupTable2,de Sousa et al. 2010 (J Hum Evol 58:281-292),Stephan_etal_1981_TableIX; Stephan_etal_1984_Table1; deSousa_etal_2010_SupTable2; Frahm_etal_1998_Table1,2,de Sousa et al 2010; de Sousa et al 2013,,,Evo-M1 value matches Stephan_etal_1981_TableIX; Stephan_etal_1984_Table1 (not the metadata source); attributed to metadata source; see source_hunt,metadata_tables_near_perfect,deSousa_etal_2010_SupTable2; Frahm_etal_1998_Table1; Stephan_etal_1984_Table1; Stephan_etal_1981_TableIX; deSousa_etal_2010 [restricted: Visual_volumes.xlsx]; deSousa_etal_2010 [restricted: deSousa_2010.csv]; Stephan_etal_1981 [restricted: Stephan_1981.csv],deSousa_etal_2010_SupTable2 = 11 (Corpus_geniculatum_laterale_Vol.mm3; 0.91%; scale 1; 0 prior contributions),0,2019
Galagoides_demidoff,Galagoides demidoff,Lateral_cerebellar_nuclei,Lateral_cerebellar_nuclei_Vol.mm3,crosswalk_exact,3.06,resolved_unique,Matano_etal_1985_a_Table1,Matano et al. 1985 (Folia Primatol 44:182-203),Matano_etal_1985_a_Table1,1,NA,,,NA,direct_same_structure_unique,,,220,2019
Galagoides_demidoff,Galagoides demidoff,Lobus_piriformis,Lobus_piriformis_Vol.mm3,crosswalk_exact,181,resolved_unique,Stephan_etal_1981_TableV,"Stephan, Frahm & Baron 1981 (Folia Primatol 35:1-29)",Stephan_etal_1981_TableV,1,Stephan et al 1981; Zilles and Rehkamper 1988,,,NA,direct_same_structure_unique,,,144,2019
Galagoides_demidoff,Galagoides demidoff,Medial_cerebellar_nuclei,Medial_cerebellar_nuclei_Vol.mm3,crosswalk_exact,3.08,resolved_unique,Matano_etal_1985_a_Table1,Matano et al. 1985 (Folia Primatol 44:182-203),Matano_etal_1985_a_Table1,1,NA,,,NA,direct_same_structure_unique,,,220,2019
Galagoides_demidoff,Galagoides demidoff,Medulla_oblongata,Medulla_oblongata_Vol.mm3,crosswalk_exact,169,resolved_unique,Stephan_etal_1981_TableII,"Stephan, Frahm & Baron 1981 (Folia Primatol 35:1-29)",Stephan_etal_1981_TableII,1,Stephan et al 1981; Zilles and Rehkamper 1988,,,NA,direct_same_structure_unique,,,162,2019
Galagoides_demidoff,Galagoides demidoff,Meninges_hypophysis_nerves_etc,NA,no_defensible_volume_key,28.8,metadata_only,NA,NA,,0,Stephan et al 1981,,,NA,metadata_only_no_volume_crosswalk,,,0,2019
Galagoides_demidoff,Galagoides demidoff,Mesencephalon,Mesencephalon_Vol.mm3,crosswalk_exact,135,resolved_unique,Stephan_etal_1981_TableII,"Stephan, Frahm & Baron 1981 (Folia Primatol 35:1-29)",Stephan_etal_1981_TableII,1,Stephan et al 1981; Zilles and Rehkamper 1988,,,NA,direct_same_structure_unique,,,162,2019
Galagoides_demidoff,Galagoides demidoff,NeoG_Frahm,Neocortex_grey_matter_Vol.mm3,crosswalk_exact,1417,resolved_unique,Frahm_etal_1982_Table2,"Frahm, Stephan & Stephan 1982 (J Hirnforsch 23:375-389)",Frahm_etal_1982_Table2,1,Frahm et al 1992; Zilles and Rehkamper 1988,,,NA,direct_same_structure_unique,,,46,2019
Galagoides_demidoff,Galagoides demidoff,NeoWG,Neocortex_Vol.mm3,crosswalk_exact,1568,resolved_multiple,Stephan_etal_1981_TableV,"Stephan, Frahm & Baron 1981 (Folia Primatol 35:1-29)",Frahm_etal_1982_Table2; Stephan_etal_1981_TableV,2,Stephan et al 1981; Zilles and Rehkamper 1988,,,NA,direct_same_structure_multiple,,,144,2019
Galagoides_demidoff,Galagoides demidoff,NeoW_Frahm,Neocortex_white_matter_Vol.mm3,crosswalk_exact,150.6,resolved_unique,Frahm_etal_1982_Table2,"Frahm, Stephan & Stephan 1982 (J Hirnforsch 23:375-389)",Frahm_etal_1982_Table2,1,Frahm et al 1992; Zilles and Rehkamper 1988,,,NA,direct_same_structure_unique,,,46,2019
Galagoides_demidoff,Galagoides demidoff,Nucleus.habenularis.medialis,Nucleus_habenularis_medialis_Vol.mm3,crosswalk_exact,0.78,resolved_unique,Stephan_etal_1981_TableXV,"Stephan, Frahm & Baron 1981 (Folia Primatol 35:1-29)",Stephan_etal_1981_TableXV,1,Stephan et al 1981,,,NA,direct_same_structure_unique,,,88,2019
Galagoides_demidoff,Galagoides demidoff,Nucleus.septalis.triangularis,Nucleus_septalis_triangularis_Vol.mm3,crosswalk_exact,0.45,resolved_unique,Stephan_etal_1981_TableXV,"Stephan, Frahm & Baron 1981 (Folia Primatol 35:1-29)",Stephan_etal_1981_TableXV,1,Stephan et al 1981,,,NA,direct_same_structure_unique,,,88,2019
Galagoides_demidoff,Galagoides demidoff,Nucleus.vestibularis.descendens,Nucleus_vestibularis_descendens_unilateral_Vol.mm3,crosswalk_exact,1.9,resolved_multiple,Stephan_etal_1981_TableXIII,"Stephan, Frahm & Baron 1981 (Folia Primatol 35:1-29)",Matano__1986_TableI; Stephan_etal_1981_TableXIII,2,Stephan et al 1981,,,NA,direct_same_structure_multiple,,,129,2019
Galagoides_demidoff,Galagoides demidoff,Nucleus.vestibularis.lateralis,Nucleus_vestibularis_lateralis_unilateral_Vol.mm3,crosswalk_exact,1.01,resolved_multiple,Stephan_etal_1981_TableXIII,"Stephan, Frahm & Baron 1981 (Folia Primatol 35:1-29)",Matano__1986_TableI; Stephan_etal_1981_TableXIII,2,Stephan et al 1981,,,NA,direct_same_structure_multiple,,,129,2019
Galagoides_demidoff,Galagoides demidoff,Nucleus.vestibularis.medialis,Nucleus_vestibularis_medialis_unilateral_Vol.mm3,crosswalk_exact,2.72,resolved_multiple,Stephan_etal_1981_TableXIII,"Stephan, Frahm & Baron 1981 (Folia Primatol 35:1-29)",Matano__1986_TableI; Stephan_etal_1981_TableXIII,2,Stephan et al 1981,,,NA,direct_same_structure_multiple,,,129,2019
Galagoides_demidoff,Galagoides demidoff,Nucleus.vestibularis.superior,Nucleus_vestibularis_superior_unilateral_Vol.mm3,crosswalk_exact,1.02,resolved_multiple,Stephan_etal_1981_TableXIII,"Stephan, Frahm & Baron 1981 (Folia Primatol 35:1-29)",Matano__1986_TableI; Stephan_etal_1981_TableXIII,2,Stephan et al 1981,,,NA,direct_same_structure_multiple,,,129,2019
Galagoides_demidoff,Galagoides demidoff,Nucleus_amygdalae_basalis_parsmagnocellularis,Nucleus_amygdalae_basalis_pars_magnocellularis_Vol.mm3,crosswalk_exact,2.82,resolved_unique,Stephan_etal_1981_TableXI,"Stephan, Frahm & Baron 1981 (Folia Primatol 35:1-29)",Stephan_etal_1981_TableXI,1,Stephan et al 1981,,,NA,direct_same_structure_unique,,,100,2019
Galagoides_demidoff,Galagoides demidoff,Nucleus_subthalamicus,Nucleus_subthalamicus_Vol.mm3,crosswalk_exact,1.4,resolved_unique,Stephan_etal_1981_TableVIII,"Stephan, Frahm & Baron 1981 (Folia Primatol 35:1-29)",Stephan_etal_1981_TableVIII,1,Stephan et al 1981,,,NA,direct_same_structure_unique,,,200,2019
Galagoides_demidoff,Galagoides demidoff,Nucleus_tractus_olfactorius,Nucleus_tractus_olfactorius_Vol.mm3,crosswalk_exact,0.62,resolved_unique,Stephan_etal_1981_TableXI,"Stephan, Frahm & Baron 1981 (Folia Primatol 35:1-29)",Stephan_etal_1981_TableXI,1,Stephan et al 1981,,,NA,direct_same_structure_unique,,,100,2019
Galagoides_demidoff,Galagoides demidoff,Palaeocortex,Palaeocortex_Vol.mm3,crosswalk_exact,122,resolved_unique,Stephan_etal_1981_TableXI,"Stephan, Frahm & Baron 1981 (Folia Primatol 35:1-29)",Stephan_etal_1981_TableXI,1,Stephan et al 1981; Zilles and Rehkamper 1988,,,NA,direct_same_structure_unique,,,100,2019
Galagoides_demidoff,Galagoides demidoff,Pallidum,Pallidum_Vol.mm3,crosswalk_exact,17,resolved_unique,Stephan_etal_1981_TableVIII,"Stephan, Frahm & Baron 1981 (Folia Primatol 35:1-29)",Stephan_etal_1981_TableVIII,1,Stephan et al 1981; Zilles and Rehkamper 1988,,,NA,direct_same_structure_unique,,,200,2019
Galagoides_demidoff,Galagoides demidoff,Pons,Ventral_pons_Vol.mm3,Matano ventral pons,13.6,resolved_unique,Matano_etal_1985_b_Table1,Matano et al. 1985 (Folia Primatol 44:182-203),Matano_etal_1985_b_Table1,1,Matano et al 1985; Zilles and Rehkamper 1988,,,NA,direct_same_structure_unique,,,40,2019
Galagoides_demidoff,Galagoides demidoff,Schizocortex,Schizo_cortex_Vol.mm3,crosswalk_exact,59.9,resolved_unique,Stephan_etal_1981_TableV,"Stephan, Frahm & Baron 1981 (Folia Primatol 35:1-29)",Stephan_etal_1981_TableV,1,Stephan et al 1981,,,NA,direct_same_structure_unique,,,144,2019
Galagoides_demidoff,Galagoides demidoff,Septum,Septum_Vol.mm3,crosswalk_exact,25.7,resolved_unique,Stephan_etal_1981_TableV,"Stephan, Frahm & Baron 1981 (Folia Primatol 35:1-29)",Stephan_etal_1981_TableV,1,Stephan et al 1981; Zilles and Rehkamper 1988,,,NA,direct_same_structure_unique,,,144,2019
Galagoides_demidoff,Galagoides demidoff,Striatum,Striatum_Vol.mm3,crosswalk_exact,169,resolved_unique,Stephan_etal_1981_TableV,"Stephan, Frahm & Baron 1981 (Folia Primatol 35:1-29)",Stephan_etal_1981_TableV,1,Stephan et al 1981; Zilles and Rehkamper 1988,,,NA,direct_same_structure_unique,,,144,2019
Galagoides_demidoff,Galagoides demidoff,Subthalamus,Subthalamus_Vol.mm3,crosswalk_exact,18.3,resolved_unique,Stephan_etal_1981_TableVIII,"Stephan, Frahm & Baron 1981 (Folia Primatol 35:1-29)",Stephan_etal_1981_TableVIII,1,Stephan et al 1981,,,NA,direct_same_structure_unique,,,200,2019
Galagoides_demidoff,Galagoides demidoff,Telencephalon,Telencephalon_Vol.mm3,crosswalk_exact,2240,resolved_unique,Stephan_etal_1981_TableII,"Stephan, Frahm & Baron 1981 (Folia Primatol 35:1-29)",Stephan_etal_1981_TableII,1,Stephan et al 1981; Zilles and Rehkamper 1988,,,NA,direct_same_structure_unique,,,162,2019
Galagoides_demidoff,Galagoides demidoff,Thalamus,Thalamus_Vol.mm3,crosswalk_exact,153,resolved_unique,Stephan_etal_1981_TableVIII,"Stephan, Frahm & Baron 1981 (Folia Primatol 35:1-29)",Stephan_etal_1981_TableVIII,1,Stephan et al 1981,,,NA,direct_same_structure_unique,,,200,2019
Galagoides_demidoff,Galagoides demidoff,Total_brain_net_volume,Total_brain_net_volume_Vol.mm3,crosswalk_exact,3203,resolved_multiple,Stephan_etal_1981_TableII,"Stephan, Frahm & Baron 1981 (Folia Primatol 35:1-29)",Bauernfeind_etal_2013_Table1; Stephan_etal_1981_TableII,2,Stephan et al 1981,,,NA,direct_same_structure_multiple,,,162,2019
Galagoides_demidoff,Galagoides demidoff,Total_insula_volume_L,Insula_left_Vol.mm3,crosswalk_exact,12,resolved_unique,Bauernfeind_etal_2013_Table1,Bauernfeind et al. 2013 (J Hum Evol 64:263-279),Bauernfeind_etal_2013_Table1,1,Bauernfeind et al 2013,,,NA,direct_same_structure_unique,,,181,2019
Galagoides_demidoff,Galagoides demidoff,Tractus_opticus,Tractus_opticus_Vol.mm3,crosswalk_exact,11.5,resolved_unique,Stephan_etal_1981_TableVIII,"Stephan, Frahm & Baron 1981 (Folia Primatol 35:1-29)",Stephan_etal_1981_TableVIII,1,Stephan et al 1981,,,NA,direct_same_structure_unique,,,200,2019
Galagoides_demidoff,Galagoides demidoff,Ventricles,Ventricles_Vol.mm3,crosswalk_exact,30.4,resolved_unique,Stephan_etal_1981_TableII,"Stephan, Frahm & Baron 1981 (Folia Primatol 35:1-29)",Stephan_etal_1981_TableII,1,Stephan et al 1981,,,NA,direct_same_structure_unique,,,162,2019
Gorilla_gorilla,Gorilla sp.,ASG_Sousa,Area_striata_grey_matter_Vol.mm3,crosswalk_exact,9129,resolved_fallback_metadata,deSousa_etal_2010_SupTable2,de Sousa et al. 2010 (J Hum Evol 58:281-292),deSousa_etal_2010_SupTable2,1,de Sousa et al 2010,,,Frahm_etal_1984_Table1 = 12062 (24.3%),metadata_tables_near_perfect,deSousa_etal_2010_SupTable2; deSousa_etal_2010 [restricted: deSousa_2010.csv]; deSousa_etal_2010 [restricted: Visual_volumes.xlsx]; Stephan_etal_1981 [restricted: Stephan_1981.csv],deSousa_etal_2010_SupTable2 = 9100 (Area_striata_grey_matter_Vol.mm3; 0.32%; scale 1; 0 prior contributions),0,2019
Gorilla_gorilla,Gorilla sp.,Agranular_volume_L,Agranular_insular_cortex_left_Vol.mm3,crosswalk_exact,570,resolved_unique,Bauernfeind_etal_2013_Table1,Bauernfeind et al. 2013 (J Hum Evol 64:263-279),Bauernfeind_etal_2013_Table1,1,Bauernfeind et al 2013,,,NA,direct_same_structure_unique,,,181,2019
Gorilla_gorilla,Gorilla sp.,Body_mass,Body_Mass.g,crosswalk_exact,102342.5,resolved_unique,Bauernfeind_etal_2013_Table1,Bauernfeind et al. 2013 (J Hum Evol 64:263-279),Bauernfeind_etal_2013_Table1,6,Bauernfeind et al 2013,,,NA,direct_same_structure_unique,,,181,2019
Gorilla_gorilla,Gorilla sp.,Body_weight,Body_Mass.g,crosswalk_exact,105000,resolved_multiple,Stephan_etal_1981_TableIII,"Stephan, Frahm & Baron 1981 (Folia Primatol 35:1-29)",Matano__1986_TableI; Matano_etal_1985_a_Table1; Matano_etal_1985_b_Table1; Stephan_etal_1981_TableIII; Stephan_etal_1988_TABLE1,6,Stephan et al 1981; Zilles and Rehkamper 1988; Bauernfeind et al 2013,,,NA,direct_same_structure_multiple,,,243,2019
Gorilla_gorilla,Gorilla sp.,Body_weight_1985a,Body_Mass.g,crosswalk_exact,105000,resolved_multiple,Matano_etal_1985_a_Table1,Matano et al. 1985 (Folia Primatol 44:182-203),Matano__1986_TableI; Matano_etal_1985_a_Table1; Matano_etal_1985_b_Table1; Stephan_etal_1981_TableIII; Stephan_etal_1988_TABLE1,6,NA,,,NA,direct_same_structure_multiple,,,220,2019
Gorilla_gorilla,Gorilla sp.,Brain_mass,Brain_Mass.mg,crosswalk_exact,416250,resolved_unique,Bauernfeind_etal_2013_Table1,Bauernfeind et al. 2013 (J Hum Evol 64:263-279),Bauernfeind_etal_2013_Table1,4,Bauernfeind et al 2013,1000,,NA,direct_same_structure_unique,,,181,2019
Gorilla_gorilla,Gorilla sp.,Brain_volume,NA,no_defensible_volume_key,401785,metadata_only,NA,NA,,0,Bauernfeind et al 2013,,,NA,metadata_only_no_volume_crosswalk,,,0,2019
Gorilla_gorilla,Gorilla sp.,Brain_weight,Brain_Mass.mg,crosswalk_exact,500000,resolved_multiple,Stephan_etal_1981_TableIII,"Stephan, Frahm & Baron 1981 (Folia Primatol 35:1-29)",Stephan_etal_1981_TableIII; Stephan_etal_1988_TABLE1,4,Stephan et al 1981; Zilles and Rehkamper 1988; Bauernfeind et al 2013,,,NA,direct_same_structure_multiple,,,243,2019
Gorilla_gorilla,Gorilla sp.,Brainvol,NA,no_defensible_volume_key,398648.65,metadata_only,NA,NA,,0,de Sousa et al 2010; Stephan et al 1981,,,NA,metadata_only_no_volume_crosswalk,,,0,2019
Gorilla_gorilla,Gorilla sp.,Bulbus_olfactorius,Bulbus_olfactorius_Vol.mm3,crosswalk_exact,316,resolved_unique,Stephan_etal_1981_TableVI,"Stephan, Frahm & Baron 1981 (Folia Primatol 35:1-29)",Stephan_etal_1981_TableVI,1,Stephan et al 1981,,,NA,direct_same_structure_unique,,,215,2019
Gorilla_gorilla,Gorilla sp.,Bulbus_olfactorius_accessorius,Bulbus_olfactorius_accessorius_Vol.mm3,crosswalk_exact,0,resolved_unique,Stephan_etal_1981_TableVI,"Stephan, Frahm & Baron 1981 (Folia Primatol 35:1-29)",Stephan_etal_1981_TableVI,1,Stephan et al 1981,,,NA,direct_same_structure_unique,,,215,2019
Gorilla_gorilla,Gorilla sp.,Capsula_interna,Capsula_interna_Vol.mm3,crosswalk_exact,2471,resolved_unique,Stephan_etal_1981_TableVIII,"Stephan, Frahm & Baron 1981 (Folia Primatol 35:1-29)",Stephan_etal_1981_TableVIII,1,Stephan et al 1981,,,NA,direct_same_structure_unique,,,200,2019
Gorilla_gorilla,Gorilla sp.,Cerebellar_nuclei_total,Cerebellar_nuclei_total_Vol.mm3,crosswalk_exact,740.4,resolved_unique,Matano_etal_1985_a_Table1,Matano et al. 1985 (Folia Primatol 44:182-203),Matano_etal_1985_a_Table1,1,NA,,,NA,direct_same_structure_unique,,,220,2019
Gorilla_gorilla,Gorilla sp.,Cerebellum,Cerebellum_Vol.mm3,crosswalk_exact,69249,resolved_unique,Stephan_etal_1981_TableIII,"Stephan, Frahm & Baron 1981 (Folia Primatol 35:1-29)",Stephan_etal_1981_TableIII,1,Stephan et al 1981; Zilles and Rehkamper 1988,,,NA,direct_same_structure_unique,,,243,2019
Gorilla_gorilla,Gorilla sp.,Complexus.vestibularis,Complexus_vestibularis_unilateral_Vol.mm3,crosswalk_exact,136,resolved_multiple,Stephan_etal_1981_TableXIII,"Stephan, Frahm & Baron 1981 (Folia Primatol 35:1-29)",Matano__1986_TableI; Stephan_etal_1981_TableXIII,2,Stephan et al 1981,,,NA,direct_same_structure_multiple,,,129,2019
Gorilla_gorilla,Gorilla sp.,Corpus.pineale,Corpus_pineal_Vol.mm3,crosswalk_exact,7.96,resolved_unique,Stephan_etal_1981_TableXVI,"Stephan, Frahm & Baron 1981 (Folia Primatol 35:1-29)",Stephan_etal_1981_TableXVI,1,Stephan et al 1981,,,NA,direct_same_structure_unique,,,103,2019
Gorilla_gorilla,Gorilla sp.,Corpus.subcommissurale,Corpus_subcommissurale_Vol.mm3,crosswalk_exact,1.41,resolved_unique,Stephan_etal_1981_TableXVI,"Stephan, Frahm & Baron 1981 (Folia Primatol 35:1-29)",Stephan_etal_1981_TableXVI,1,Stephan et al 1981,,,NA,direct_same_structure_unique,,,103,2019
Gorilla_gorilla,Gorilla sp.,Corpus.subfornicale,Corpus_subfornicale_Vol.mm3,crosswalk_exact,1.3,resolved_unique,Stephan_etal_1981_TableXVI,"Stephan, Frahm & Baron 1981 (Folia Primatol 35:1-29)",Stephan_etal_1981_TableXVI,1,Stephan et al 1981,,,NA,direct_same_structure_unique,,,103,2019
Gorilla_gorilla,Gorilla sp.,Diencephalon,Diencephalon_Vol.mm3,crosswalk_exact,19370,resolved_unique,Stephan_etal_1981_TableIII,"Stephan, Frahm & Baron 1981 (Folia Primatol 35:1-29)",Stephan_etal_1981_TableIII,1,Stephan et al 1981; Zilles and Rehkamper 1988,,,NA,direct_same_structure_unique,,,243,2019
Gorilla_gorilla,Gorilla sp.,Dysgranular_volume_L,Dysgranular_insular_cortex_left_Vol.mm3,crosswalk_exact,948.75,resolved_unique,Bauernfeind_etal_2013_Table1,Bauernfeind et al. 2013 (J Hum Evol 64:263-279),Bauernfeind_etal_2013_Table1,1,Bauernfeind et al 2013,,,NA,direct_same_structure_unique,,,181,2019
Gorilla_gorilla,Gorilla sp.,Epithalamus,Epithalamus_Vol.mm3,crosswalk_exact,106,resolved_unique,Stephan_etal_1981_TableVIII,"Stephan, Frahm & Baron 1981 (Folia Primatol 35:1-29)",Stephan_etal_1981_TableVIII,1,Stephan et al 1981,,,NA,direct_same_structure_unique,,,200,2019
Gorilla_gorilla,Gorilla sp.,FI_volume_L,fronto_insular_cortex_left_Vol.mm3,crosswalk_exact,232,resolved_unique,Bauernfeind_etal_2013_Table1,Bauernfeind et al. 2013 (J Hum Evol 64:263-279),Bauernfeind_etal_2013_Table1,1,Bauernfeind et al 2013,,,NA,direct_same_structure_unique,,,181,2019
Gorilla_gorilla,Gorilla sp.,Frontal.motor,FrontalMotor_white_matter_Vol.mm3,crosswalk_exact,10.3,resolved_fallback_metadata,Smaers_etal_2017_TableS1part1,"Smaers et al. 2017 (Curr Biol 27:714-720, Table S1)",Smaers_etal_2017_TableS1part1,0,Smaers et al 2017,,,NA,metadata_tables_near_perfect,Smaers_etal_2017_TableS1part1,Smaers_etal_2017_TableS1part1 = 10295 (FrontalMotor_white_matter_Vol.mm3; 0.05%; scale 0.001; 0 prior contributions),0,2019
Gorilla_gorilla,Gorilla sp.,Frontal.motor.Gray,FrontalMotor_grey_matter_Vol.mm3,crosswalk_exact,14.85,resolved_fallback_metadata,Smaers_etal_2017_TableS1part1,"Smaers et al. 2017 (Curr Biol 27:714-720, Table S1)",Smaers_etal_2017_TableS1part1,0,Smaers et al 2017,,,NA,metadata_tables_near_perfect,Smaers_etal_2017_TableS1part1; Smaers_etal_2017 [restricted: Smaers.csv],Smaers_etal_2017_TableS1part1 = 14854 (FrontalMotor_grey_matter_Vol.mm3; 0.03%; scale 0.001; 0 prior contributions),0,2019
Gorilla_gorilla,Gorilla sp.,Granular_volume_L,Granular_insular_cortex_left_Vol.mm3,crosswalk_exact,394.5,resolved_unique,Bauernfeind_etal_2013_Table1,Bauernfeind et al. 2013 (J Hum Evol 64:263-279),Bauernfeind_etal_2013_Table1,1,Bauernfeind et al 2013,,,NA,direct_same_structure_unique,,,181,2019
Gorilla_gorilla,Gorilla sp.,Hippocampus,Hippocampus_Vol.mm3,crosswalk_exact,4781,resolved_unique,Stephan_etal_1981_TableVI,"Stephan, Frahm & Baron 1981 (Folia Primatol 35:1-29)",Stephan_etal_1981_TableVI,1,Stephan et al 1981; Zilles and Rehkamper 1988,,,NA,direct_same_structure_unique,,,215,2019
Gorilla_gorilla,Gorilla sp.,Hypothalamus,Hypothalamus_Vol.mm3,crosswalk_exact,2215,resolved_unique,Stephan_etal_1981_TableVIII,"Stephan, Frahm & Baron 1981 (Folia Primatol 35:1-29)",Stephan_etal_1981_TableVIII,1,Stephan et al 1981,,,NA,direct_same_structure_unique,,,200,2019
Gorilla_gorilla,Gorilla sp.,Interpositus_cerebellar_nuclei,Interpositus_cerebellar_nuclei_Vol.mm3,crosswalk_exact,112.36,resolved_unique,Matano_etal_1985_a_Table1,Matano et al. 1985 (Folia Primatol 44:182-203),Matano_etal_1985_a_Table1,1,NA,,,NA,direct_same_structure_unique,,,220,2019
Gorilla_gorilla,Gorilla sp.,LGN_Sousa,Corpus_geniculatum_laterale_Vol.mm3,crosswalk_exact,308.5,likely_fallback_metadata,deSousa_etal_2013_Table1,de Sousa et al. 2013 (Brain Behav Evol 81:93-108),deSousa_etal_2013_Table1; deSousa_etal_2010_SupTable2,3,de Sousa et al 2010; de Sousa et al 2013,,,deSousa_etal_2013_Table1 = 300.1 (2.7%),metadata_tables_close_same_structure,deSousa_etal_2013_Table1; deSousa_etal_2010_SupTable2; deSousa_etal_2013 [restricted: deSousa_2013.csv]; deSousa_etal_2010 [restricted: deSousa_2010.csv]; deSousa_etal_2010 [restricted: Visual_volumes.xlsx],deSousa_etal_2013_Table1 = 300.1 (Corpus_geniculatum_laterale_Vol.mm3; 2.72%; scale 1; 15 prior contributions),15,2019
Gorilla_gorilla,Gorilla sp.,Lateral_cerebellar_nuclei,Lateral_cerebellar_nuclei_Vol.mm3,crosswalk_exact,534.6,resolved_unique,Matano_etal_1985_a_Table1,Matano et al. 1985 (Folia Primatol 44:182-203),Matano_etal_1985_a_Table1,1,NA,,,NA,direct_same_structure_unique,,,220,2019
Gorilla_gorilla,Gorilla sp.,Lobus_piriformis,Lobus_piriformis_Vol.mm3,crosswalk_exact,4871,resolved_unique,Stephan_etal_1981_TableVI,"Stephan, Frahm & Baron 1981 (Folia Primatol 35:1-29)",Stephan_etal_1981_TableVI,1,Stephan et al 1981; Zilles and Rehkamper 1988,,,NA,direct_same_structure_unique,,,215,2019
Gorilla_gorilla,Gorilla sp.,Medial_cerebellar_nuclei,Medial_cerebellar_nuclei_Vol.mm3,crosswalk_exact,93.44,resolved_unique,Matano_etal_1985_a_Table1,Matano et al. 1985 (Folia Primatol 44:182-203),Matano_etal_1985_a_Table1,1,NA,,,NA,direct_same_structure_unique,,,220,2019
Gorilla_gorilla,Gorilla sp.,Medulla_oblongata,Medulla_oblongata_Vol.mm3,crosswalk_exact,7509,resolved_unique,Stephan_etal_1981_TableIII,"Stephan, Frahm & Baron 1981 (Folia Primatol 35:1-29)",Stephan_etal_1981_TableIII,1,Stephan et al 1981; Zilles and Rehkamper 1988,,,NA,direct_same_structure_unique,,,243,2019
Gorilla_gorilla,Gorilla sp.,Meninges_hypophysis_nerves_etc,NA,no_defensible_volume_key,8659,metadata_only,NA,NA,,0,Stephan et al 1981,,,NA,metadata_only_no_volume_crosswalk,,,0,2019
Gorilla_gorilla,Gorilla sp.,Mesencephalon,Mesencephalon_Vol.mm3,crosswalk_exact,4352,resolved_unique,Stephan_etal_1981_TableIII,"Stephan, Frahm & Baron 1981 (Folia Primatol 35:1-29)",Stephan_etal_1981_TableIII,1,Stephan et al 1981; Zilles and Rehkamper 1988,,,NA,direct_same_structure_unique,,,243,2019
Gorilla_gorilla,Gorilla sp.,NeoWG,Neocortex_Vol.mm3,crosswalk_exact,341444,resolved_unique,Stephan_etal_1981_TableVI,"Stephan, Frahm & Baron 1981 (Folia Primatol 35:1-29)",Stephan_etal_1981_TableVI,3,Stephan et al 1981; Zilles and Rehkamper 1988,,,NA,direct_same_structure_unique,,,215,2019
Gorilla_gorilla,Gorilla sp.,Nucleus.habenularis.medialis,Nucleus_habenularis_medialis_Vol.mm3,crosswalk_exact,23.9,resolved_unique,Stephan_etal_1981_TableXVI,"Stephan, Frahm & Baron 1981 (Folia Primatol 35:1-29)",Stephan_etal_1981_TableXVI,1,Stephan et al 1981,,,NA,direct_same_structure_unique,,,103,2019
Gorilla_gorilla,Gorilla sp.,Nucleus.septalis.triangularis,Nucleus_septalis_triangularis_Vol.mm3,crosswalk_exact,5.79,resolved_unique,Stephan_etal_1981_TableXVI,"Stephan, Frahm & Baron 1981 (Folia Primatol 35:1-29)",Stephan_etal_1981_TableXVI,1,Stephan et al 1981,,,NA,direct_same_structure_unique,,,103,2019
Gorilla_gorilla,Gorilla sp.,Nucleus.vestibularis.descendens,Nucleus_vestibularis_descendens_unilateral_Vol.mm3,crosswalk_exact,23.6,resolved_multiple,Stephan_etal_1981_TableXIII,"Stephan, Frahm & Baron 1981 (Folia Primatol 35:1-29)",Matano__1986_TableI; Stephan_etal_1981_TableXIII,2,Stephan et al 1981,,,NA,direct_same_structure_multiple,,,129,2019
Gorilla_gorilla,Gorilla sp.,Nucleus.vestibularis.lateralis,Nucleus_vestibularis_lateralis_unilateral_Vol.mm3,crosswalk_exact,19.5,resolved_multiple,Stephan_etal_1981_TableXIII,"Stephan, Frahm & Baron 1981 (Folia Primatol 35:1-29)",Matano__1986_TableI; Stephan_etal_1981_TableXIII,2,Stephan et al 1981,,,NA,direct_same_structure_multiple,,,129,2019
Gorilla_gorilla,Gorilla sp.,Nucleus.vestibularis.medialis,Nucleus_vestibularis_medialis_unilateral_Vol.mm3,crosswalk_exact,58.4,resolved_multiple,Stephan_etal_1981_TableXIII,"Stephan, Frahm & Baron 1981 (Folia Primatol 35:1-29)",Matano__1986_TableI; Stephan_etal_1981_TableXIII,2,Stephan et al 1981,,,NA,direct_same_structure_multiple,,,129,2019
Gorilla_gorilla,Gorilla sp.,Nucleus.vestibularis.superior,Nucleus_vestibularis_superior_unilateral_Vol.mm3,crosswalk_exact,34.7,resolved_multiple,Stephan_etal_1981_TableXIII,"Stephan, Frahm & Baron 1981 (Folia Primatol 35:1-29)",Matano__1986_TableI; Stephan_etal_1981_TableXIII,2,Stephan et al 1981,,,NA,direct_same_structure_multiple,,,129,2019
Gorilla_gorilla,Gorilla sp.,Nucleus_subthalamicus,Nucleus_subthalamicus_Vol.mm3,crosswalk_exact,178,resolved_unique,Stephan_etal_1981_TableVIII,"Stephan, Frahm & Baron 1981 (Folia Primatol 35:1-29)",Stephan_etal_1981_TableVIII,1,Stephan et al 1981,,,NA,direct_same_structure_unique,,,200,2019
Gorilla_gorilla,Gorilla sp.,Other.cortical.association.areas.Gray,AssociationCortex_grey_matter_Vol.mm3,crosswalk_exact,125.54,resolved_fallback_metadata,Smaers_etal_2017_TableS1part1,"Smaers et al. 2017 (Curr Biol 27:714-720, Table S1)",Smaers_etal_2017_TableS1part1,0,Smaers et al 2017,,,NA,metadata_tables_near_perfect,Smaers_etal_2017_TableS1part1; Smaers_etal_2017 [restricted: Smaers.csv],Smaers_etal_2017_TableS1part1 = 125539 (AssociationCortex_grey_matter_Vol.mm3; 0.00%; scale 0.001; 0 prior contributions),0,2019
Gorilla_gorilla,Gorilla sp.,Other.cortical.association.areas.White,AssociationCortex_white_matter_Vol.mm3,crosswalk_exact,60.39,resolved_fallback_metadata,Smaers_etal_2017_TableS1part1,"Smaers et al. 2017 (Curr Biol 27:714-720, Table S1)",Smaers_etal_2017_TableS1part1,0,Smaers et al 2017,,,NA,metadata_tables_near_perfect,Smaers_etal_2017_TableS1part1; Smaers_etal_2017 [restricted: Smaers.csv],Smaers_etal_2017_TableS1part1 = 60386 (AssociationCortex_white_matter_Vol.mm3; 0.01%; scale 0.001; 0 prior contributions),0,2019
Gorilla_gorilla,Gorilla sp.,Pallidum,Pallidum_Vol.mm3,crosswalk_exact,2604,resolved_unique,Stephan_etal_1981_TableVIII,"Stephan, Frahm & Baron 1981 (Folia Primatol 35:1-29)",Stephan_etal_1981_TableVIII,1,Stephan et al 1981; Zilles and Rehkamper 1988,,,NA,direct_same_structure_unique,,,200,2019
Gorilla_gorilla,Gorilla sp.,Pons,Ventral_pons_Vol.mm3,Matano ventral pons,5400.6,resolved_unique,Matano_etal_1985_b_Table1,Matano et al. 1985 (Folia Primatol 44:182-203),Matano_etal_1985_b_Table1,1,Matano et al 1985; Zilles and Rehkamper 1988,,,NA,direct_same_structure_unique,,,40,2019
Gorilla_gorilla,Gorilla sp.,Prefrontal.Gray,PrefrontalCortex_grey_matter_Vol.mm3,crosswalk_exact,11.64,resolved_fallback_metadata,Smaers_etal_2017_TableS1part1,"Smaers et al. 2017 (Curr Biol 27:714-720, Table S1)",Smaers_etal_2017_TableS1part1; Smaers_etal_2011_SupplementaryTable2,0,Smaers et al 2017,,,NA,metadata_tables_near_perfect,Smaers_etal_2017_TableS1part1; Smaers_etal_2011_SupplementaryTable2; Smaers_etal_2017 [restricted: Smaers.csv],Smaers_etal_2017_TableS1part1 = 11642 (PrefrontalCortex_grey_matter_Vol.mm3; 0.02%; scale 0.001; 0 prior contributions),0,2019
Gorilla_gorilla,Gorilla sp.,Prefrontal.White,PrefrontalCortex_white_matter_Vol.mm3,crosswalk_exact,2.61,resolved_fallback_metadata,Smaers_etal_2017_TableS1part1,"Smaers et al. 2017 (Curr Biol 27:714-720, Table S1)",Smaers_etal_2017_TableS1part1; Smaers_etal_2011_SupplementaryTable2,0,Smaers et al 2017,,,NA,metadata_tables_near_perfect,Smaers_etal_2017_TableS1part1; Smaers_etal_2011_SupplementaryTable2; Smaers_etal_2017 [restricted: Smaers.csv],Smaers_etal_2017_TableS1part1 = 2608 (PrefrontalCortex_white_matter_Vol.mm3; 0.08%; scale 0.001; 0 prior contributions),0,2019
Gorilla_gorilla,Gorilla sp.,Primary.visual.White.Smaers,Area_striata_white_matter_Vol.mm3,crosswalk_exact,3.12,resolved_fallback_metadata,Smaers_etal_2017_TableS1part1,"Smaers et al. 2017 (Curr Biol 27:714-720, Table S1)",Frahm_etal_1984_Table1; Smaers_etal_2017_TableS1part1,1,Smaers et al 2017,,,Evo-M1 value matches Frahm_etal_1984_Table1 (not the metadata source); attributed to metadata source; see source_hunt,metadata_tables_near_perfect,Smaers_etal_2017_TableS1part1; Frahm_etal_1984_Table1; Smaers_etal_2017 [restricted: Smaers.csv],Smaers_etal_2017_TableS1part1 = 3123 (Area_striata_white_matter_Vol.mm3; 0.10%; scale 0.001; 0 prior contributions),0,2019
Gorilla_gorilla,Gorilla sp.,Schizocortex,Schizo_cortex_Vol.mm3,crosswalk_exact,2729,resolved_unique,Stephan_etal_1981_TableVI,"Stephan, Frahm & Baron 1981 (Folia Primatol 35:1-29)",Stephan_etal_1981_TableVI,1,Stephan et al 1981,,,NA,direct_same_structure_unique,,,215,2019
Gorilla_gorilla,Gorilla sp.,Septum,Septum_Vol.mm3,crosswalk_exact,1173,resolved_unique,Stephan_etal_1981_TableVI,"Stephan, Frahm & Baron 1981 (Folia Primatol 35:1-29)",Stephan_etal_1981_TableVI,1,Stephan et al 1981; Zilles and Rehkamper 1988,,,NA,direct_same_structure_unique,,,215,2019
Gorilla_gorilla,Gorilla sp.,Striatum,Striatum_Vol.mm3,crosswalk_exact,14567,resolved_unique,Stephan_etal_1981_TableVI,"Stephan, Frahm & Baron 1981 (Folia Primatol 35:1-29)",Stephan_etal_1981_TableVI,1,Stephan et al 1981; Zilles and Rehkamper 1988,,,NA,direct_same_structure_unique,,,215,2019
Gorilla_gorilla,Gorilla sp.,Subthalamus,Subthalamus_Vol.mm3,crosswalk_exact,2782,resolved_unique,Stephan_etal_1981_TableVIII,"Stephan, Frahm & Baron 1981 (Folia Primatol 35:1-29)",Stephan_etal_1981_TableVIII,1,Stephan et al 1981,,,NA,direct_same_structure_unique,,,200,2019
Gorilla_gorilla,Gorilla sp.,Telencephalon,Telencephalon_Vol.mm3,crosswalk_exact,369878,resolved_unique,Stephan_etal_1981_TableIII,"Stephan, Frahm & Baron 1981 (Folia Primatol 35:1-29)",Stephan_etal_1981_TableIII,1,Stephan et al 1981; Zilles and Rehkamper 1988,,,NA,direct_same_structure_unique,,,243,2019
Gorilla_gorilla,Gorilla sp.,Thalamus,Thalamus_Vol.mm3,crosswalk_exact,10547,resolved_unique,Stephan_etal_1981_TableVIII,"Stephan, Frahm & Baron 1981 (Folia Primatol 35:1-29)",Stephan_etal_1981_TableVIII,1,Stephan et al 1981,,,NA,direct_same_structure_unique,,,200,2019
Gorilla_gorilla,Gorilla sp.,Total_brain_net_volume,Total_brain_net_volume_Vol.mm3,crosswalk_exact,470359,resolved_unique,Stephan_etal_1981_TableIII,"Stephan, Frahm & Baron 1981 (Folia Primatol 35:1-29)",Stephan_etal_1981_TableIII,4,Stephan et al 1981,,,NA,direct_same_structure_unique,,,243,2019
Gorilla_gorilla,Gorilla sp.,Total_insula_volume_L,Insula_left_Vol.mm3,crosswalk_exact,2146,resolved_unique,Bauernfeind_etal_2013_Table1,Bauernfeind et al. 2013 (J Hum Evol 64:263-279),Bauernfeind_etal_2013_Table1,1,Bauernfeind et al 2013,,,NA,direct_same_structure_unique,,,181,2019
Gorilla_gorilla,Gorilla sp.,Tractus_opticus,Tractus_opticus_Vol.mm3,crosswalk_exact,671,resolved_unique,Stephan_etal_1981_TableVIII,"Stephan, Frahm & Baron 1981 (Folia Primatol 35:1-29)",Stephan_etal_1981_TableVIII,1,Stephan et al 1981,,,NA,direct_same_structure_unique,,,200,2019
Gorilla_gorilla,Gorilla sp.,Ventricles,Ventricles_Vol.mm3,crosswalk_exact,3608,resolved_unique,Stephan_etal_1981_TableIII,"Stephan, Frahm & Baron 1981 (Folia Primatol 35:1-29)",Stephan_etal_1981_TableIII,1,Stephan et al 1981,,,NA,direct_same_structure_unique,,,243,2019
Homo_sapiens,Homo sapiens,ASG_Sousa,Area_striata_grey_matter_Vol.mm3,crosswalk_exact,15247.5,resolved_fallback_metadata,deSousa_etal_2010_SupTable2,de Sousa et al. 2010 (J Hum Evol 58:281-292),deSousa_etal_2010_SupTable2; Smaers_etal_2017_TableS1part1; Frahm_etal_1984_Table1,1,de Sousa et al 2010,,,Frahm_etal_1984_Table1 = 14787 (3.0%),metadata_tables_near_perfect,deSousa_etal_2010_SupTable2; Smaers_etal_2017_TableS1part1; Frahm_etal_1984_Table1; deSousa_etal_2010 [restricted: deSousa_2010.csv]; deSousa_etal_2010 [restricted: Visual_volumes.xlsx]; Stephan_etal_1981 [restricted: Stephan_1981.csv],deSousa_etal_2010_SupTable2 = 15200 (Area_striata_grey_matter_Vol.mm3; 0.31%; scale 1; 0 prior contributions),0,2019
Homo_sapiens,Homo sapiens,Agranular_volume_L,Agranular_insular_cortex_left_Vol.mm3,crosswalk_exact,1200.6,resolved_unique,Bauernfeind_etal_2013_Table1,Bauernfeind et al. 2013 (J Hum Evol 64:263-279),Bauernfeind_etal_2013_Table1,1,Bauernfeind et al 2013,,,NA,direct_same_structure_unique,,,181,2019
Homo_sapiens,Homo sapiens,Amygdala,Amygdala_Vol.mm3,crosswalk_exact,3015,resolved_unique,Stephan_etal_1981_TableXI,"Stephan, Frahm & Baron 1981 (Folia Primatol 35:1-29)",Stephan_etal_1981_TableXI,1,Stephan et al 1981; Zilles and Rehkamper 1988,,,NA,direct_same_structure_unique,,,100,2019
Homo_sapiens,Homo sapiens,Body_mass,Body_Mass.g,crosswalk_exact,70100,resolved_unique,Bauernfeind_etal_2013_Table1,Bauernfeind et al. 2013 (J Hum Evol 64:263-279),Bauernfeind_etal_2013_Table1,6,Bauernfeind et al 2013,,,NA,direct_same_structure_unique,,,181,2019
Homo_sapiens,Homo sapiens,Body_weight,Body_Mass.g,crosswalk_exact,65000,resolved_multiple,Stephan_etal_1981_TableIII,"Stephan, Frahm & Baron 1981 (Folia Primatol 35:1-29)",Matano__1986_TableI; Matano_etal_1985_a_Table1; Matano_etal_1985_b_Table1; Stephan_etal_1981_TableIII; Stephan_etal_1988_TABLE1,6,Stephan et al 1981; Zilles and Rehkamper 1988; Bauernfeind et al 2013,,,NA,direct_same_structure_multiple,,,243,2019
Homo_sapiens,Homo sapiens,Body_weight_1985a,Body_Mass.g,crosswalk_exact,65000,resolved_multiple,Matano_etal_1985_a_Table1,Matano et al. 1985 (Folia Primatol 44:182-203),Matano__1986_TableI; Matano_etal_1985_a_Table1; Matano_etal_1985_b_Table1; Stephan_etal_1981_TableIII; Stephan_etal_1988_TABLE1,6,NA,,,NA,direct_same_structure_multiple,,,220,2019
Homo_sapiens,Homo sapiens,Brain_mass,Brain_Mass.mg,crosswalk_exact,1406720,resolved_unique,Bauernfeind_etal_2013_Table1,Bauernfeind et al. 2013 (J Hum Evol 64:263-279),Bauernfeind_etal_2013_Table1,4,Bauernfeind et al 2013,1000,,NA,direct_same_structure_unique,,,181,2019
Homo_sapiens,Homo sapiens,Brain_volume,NA,no_defensible_volume_key,1357820,metadata_only,NA,NA,,0,Bauernfeind et al 2013,,,NA,metadata_only_no_volume_crosswalk,,,0,2019
Homo_sapiens,Homo sapiens,Brain_weight,Brain_Mass.mg,crosswalk_exact,1330000,resolved_multiple,Stephan_etal_1981_TableIII,"Stephan, Frahm & Baron 1981 (Folia Primatol 35:1-29)",Stephan_etal_1981_TableIII; Stephan_etal_1988_TABLE1,4,Stephan et al 1981; Zilles and Rehkamper 1988; Bauernfeind et al 2013,,,NA,direct_same_structure_multiple,,,243,2019
Homo_sapiens,Homo sapiens,Brainvol,NA,no_defensible_volume_key,1258397.68,metadata_only,NA,NA,,0,de Sousa et al 2010; Stephan et al 1981,,,NA,metadata_only_no_volume_crosswalk,,,0,2019
Homo_sapiens,Homo sapiens,Bulbus_olfactorius,Bulbus_olfactorius_Vol.mm3,crosswalk_exact,114,resolved_unique,Stephan_etal_1981_TableVI,"Stephan, Frahm & Baron 1981 (Folia Primatol 35:1-29)",Stephan_etal_1981_TableVI,1,Stephan et al 1981,,,NA,direct_same_structure_unique,,,215,2019
Homo_sapiens,Homo sapiens,Bulbus_olfactorius_accessorius,Bulbus_olfactorius_accessorius_Vol.mm3,crosswalk_exact,0,resolved_unique,Stephan_etal_1981_TableVI,"Stephan, Frahm & Baron 1981 (Folia Primatol 35:1-29)",Stephan_etal_1981_TableVI,1,Stephan et al 1981,,,NA,direct_same_structure_unique,,,215,2019
Homo_sapiens,Homo sapiens,Capsula_interna,Capsula_interna_Vol.mm3,crosswalk_exact,7008,resolved_unique,Stephan_etal_1981_TableVIII,"Stephan, Frahm & Baron 1981 (Folia Primatol 35:1-29)",Stephan_etal_1981_TableVIII,1,Stephan et al 1981,,,NA,direct_same_structure_unique,,,200,2019
Homo_sapiens,Homo sapiens,Cerebellar_nuclei_total,Cerebellar_nuclei_total_Vol.mm3,crosswalk_exact,1513.78,resolved_unique,Matano_etal_1985_a_Table1,Matano et al. 1985 (Folia Primatol 44:182-203),Matano_etal_1985_a_Table1,1,NA,,,NA,direct_same_structure_unique,,,220,2019
Homo_sapiens,Homo sapiens,Cerebellum,Cerebellum_Vol.mm3,crosswalk_exact,137421,resolved_unique,Stephan_etal_1981_TableIII,"Stephan, Frahm & Baron 1981 (Folia Primatol 35:1-29)",Stephan_etal_1981_TableIII,1,Stephan et al 1981; Zilles and Rehkamper 1988,,,NA,direct_same_structure_unique,,,243,2019
Homo_sapiens,Homo sapiens,Complexus.vestibularis,Complexus_vestibularis_unilateral_Vol.mm3,crosswalk_exact,177,resolved_multiple,Stephan_etal_1981_TableXIII,"Stephan, Frahm & Baron 1981 (Folia Primatol 35:1-29)",Matano__1986_TableI; Stephan_etal_1981_TableXIII,2,Stephan et al 1981,,,NA,direct_same_structure_multiple,,,129,2019
Homo_sapiens,Homo sapiens,Complexus_centromedialis,Complexus_centromedialis_Vol.mm3,crosswalk_exact,592,resolved_unique,Stephan_etal_1981_TableXI,"Stephan, Frahm & Baron 1981 (Folia Primatol 35:1-29)",Stephan_etal_1981_TableXI,1,Stephan et al 1981,,,NA,direct_same_structure_unique,,,100,2019
Homo_sapiens,Homo sapiens,Complexus_cortico_basolateralis,Complexus_corticobasolateralis_Vol.mm3,crosswalk_exact,2424,resolved_unique,Stephan_etal_1981_TableXI,"Stephan, Frahm & Baron 1981 (Folia Primatol 35:1-29)",Stephan_etal_1981_TableXI,1,Stephan et al 1981,,,NA,direct_same_structure_unique,,,100,2019
Homo_sapiens,Homo sapiens,Corpus.pineale,Corpus_pineal_Vol.mm3,crosswalk_exact,142,resolved_unique,Stephan_etal_1981_TableXVI,"Stephan, Frahm & Baron 1981 (Folia Primatol 35:1-29)",Stephan_etal_1981_TableXVI,1,Stephan et al 1981,,,NA,direct_same_structure_unique,,,103,2019
Homo_sapiens,Homo sapiens,Corpus.subcommissurale,Corpus_subcommissurale_Vol.mm3,crosswalk_exact,0.02,resolved_unique,Stephan_etal_1981_TableXVI,"Stephan, Frahm & Baron 1981 (Folia Primatol 35:1-29)",Stephan_etal_1981_TableXVI,1,Stephan et al 1981,,,NA,direct_same_structure_unique,,,103,2019
Homo_sapiens,Homo sapiens,Corpus.subfornicale,Corpus_subfornicale_Vol.mm3,crosswalk_exact,0.51,resolved_unique,Stephan_etal_1981_TableXVI,"Stephan, Frahm & Baron 1981 (Folia Primatol 35:1-29)",Stephan_etal_1981_TableXVI,1,Stephan et al 1981,,,NA,direct_same_structure_unique,,,103,2019
Homo_sapiens,Homo sapiens,Diencephalon,Diencephalon_Vol.mm3,crosswalk_exact,33319,resolved_unique,Stephan_etal_1981_TableIII,"Stephan, Frahm & Baron 1981 (Folia Primatol 35:1-29)",Stephan_etal_1981_TableIII,1,Stephan et al 1981; Zilles and Rehkamper 1988,,,NA,direct_same_structure_unique,,,243,2019
Homo_sapiens,Homo sapiens,Dysgranular_volume_L,Dysgranular_insular_cortex_left_Vol.mm3,crosswalk_exact,2960.2,resolved_unique,Bauernfeind_etal_2013_Table1,Bauernfeind et al. 2013 (J Hum Evol 64:263-279),Bauernfeind_etal_2013_Table1,1,Bauernfeind et al 2013,,,NA,direct_same_structure_unique,,,181,2019
Homo_sapiens,Homo sapiens,Epithalamus,Epithalamus_Vol.mm3,crosswalk_exact,133,resolved_unique,Stephan_etal_1981_TableVIII,"Stephan, Frahm & Baron 1981 (Folia Primatol 35:1-29)",Stephan_etal_1981_TableVIII,1,Stephan et al 1981,,,NA,direct_same_structure_unique,,,200,2019
Homo_sapiens,Homo sapiens,FI_volume_L,fronto_insular_cortex_left_Vol.mm3,crosswalk_exact,444.6,resolved_unique,Bauernfeind_etal_2013_Table1,Bauernfeind et al. 2013 (J Hum Evol 64:263-279),Bauernfeind_etal_2013_Table1,1,Bauernfeind et al 2013,,,NA,direct_same_structure_unique,,,181,2019
Homo_sapiens,Homo sapiens,Frontal.motor,FrontalMotor_white_matter_Vol.mm3,crosswalk_exact,29.76,resolved_fallback_metadata,Smaers_etal_2017_TableS1part1,"Smaers et al. 2017 (Curr Biol 27:714-720, Table S1)",Smaers_etal_2017_TableS1part1,0,Smaers et al 2017,,,NA,metadata_tables_near_perfect,Smaers_etal_2017_TableS1part1,Smaers_etal_2017_TableS1part1 = 29755 (FrontalMotor_white_matter_Vol.mm3; 0.02%; scale 0.001; 0 prior contributions),0,2019
Homo_sapiens,Homo sapiens,Frontal.motor.Gray,FrontalMotor_grey_matter_Vol.mm3,crosswalk_exact,29.01,resolved_fallback_metadata,Smaers_etal_2017_TableS1part1,"Smaers et al. 2017 (Curr Biol 27:714-720, Table S1)",Smaers_etal_2017_TableS1part1,0,Smaers et al 2017,,,NA,metadata_tables_near_perfect,Smaers_etal_2017_TableS1part1; Smaers_etal_2017 [restricted: Smaers.csv],Smaers_etal_2017_TableS1part1 = 29013 (FrontalMotor_grey_matter_Vol.mm3; 0.01%; scale 0.001; 0 prior contributions),0,2019
Homo_sapiens,Homo sapiens,Granular_volume_L,Granular_insular_cortex_left_Vol.mm3,crosswalk_exact,1873.8,resolved_unique,Bauernfeind_etal_2013_Table1,Bauernfeind et al. 2013 (J Hum Evol 64:263-279),Bauernfeind_etal_2013_Table1,1,Bauernfeind et al 2013,,,NA,direct_same_structure_unique,,,181,2019
Homo_sapiens,Homo sapiens,Hippocampus,Hippocampus_Vol.mm3,crosswalk_exact,10287,resolved_unique,Stephan_etal_1981_TableVI,"Stephan, Frahm & Baron 1981 (Folia Primatol 35:1-29)",Stephan_etal_1981_TableVI,1,Stephan et al 1981; Zilles and Rehkamper 1988,,,NA,direct_same_structure_unique,,,215,2019
Homo_sapiens,Homo sapiens,Hypothalamus,Hypothalamus_Vol.mm3,crosswalk_exact,3555,resolved_unique,Stephan_etal_1981_TableVIII,"Stephan, Frahm & Baron 1981 (Folia Primatol 35:1-29)",Stephan_etal_1981_TableVIII,1,Stephan et al 1981,,,NA,direct_same_structure_unique,,,200,2019
Homo_sapiens,Homo sapiens,Interpositus_cerebellar_nuclei,Interpositus_cerebellar_nuclei_Vol.mm3,crosswalk_exact,190.48,resolved_unique,Matano_etal_1985_a_Table1,Matano et al. 1985 (Folia Primatol 44:182-203),Matano_etal_1985_a_Table1,1,NA,,,NA,direct_same_structure_unique,,,220,2019
Homo_sapiens,Homo sapiens,LGN_Sousa,Corpus_geniculatum_laterale_Vol.mm3,crosswalk_exact,335,resolved_unique,deSousa_etal_2013_Table1,de Sousa et al. 2013 (Brain Behav Evol 81:93-108),deSousa_etal_2013_Table1,3,de Sousa et al 2010; de Sousa et al 2013,,,NA,direct_same_structure_unique,,,15,2019
Homo_sapiens,Homo sapiens,Lateral_cerebellar_nuclei,Lateral_cerebellar_nuclei_Vol.mm3,crosswalk_exact,1166.9,resolved_unique,Matano_etal_1985_a_Table1,Matano et al. 1985 (Folia Primatol 44:182-203),Matano_etal_1985_a_Table1,1,NA,,,NA,direct_same_structure_unique,,,220,2019
Homo_sapiens,Homo sapiens,Lobus_piriformis,Lobus_piriformis_Vol.mm3,crosswalk_exact,9032,resolved_unique,Stephan_etal_1981_TableVI,"Stephan, Frahm & Baron 1981 (Folia Primatol 35:1-29)",Stephan_etal_1981_TableVI,1,Stephan et al 1981; Zilles and Rehkamper 1988,,,NA,direct_same_structure_unique,,,215,2019
Homo_sapiens,Homo sapiens,Medial_cerebellar_nuclei,Medial_cerebellar_nuclei_Vol.mm3,crosswalk_exact,156.4,resolved_unique,Matano_etal_1985_a_Table1,Matano et al. 1985 (Folia Primatol 44:182-203),Matano_etal_1985_a_Table1,1,NA,,,NA,direct_same_structure_unique,,,220,2019
Homo_sapiens,Homo sapiens,Medulla_oblongata,Medulla_oblongata_Vol.mm3,crosswalk_exact,9622,resolved_unique,Stephan_etal_1981_TableIII,"Stephan, Frahm & Baron 1981 (Folia Primatol 35:1-29)",Stephan_etal_1981_TableIII,1,Stephan et al 1981; Zilles and Rehkamper 1988,,,NA,direct_same_structure_unique,,,243,2019
Homo_sapiens,Homo sapiens,Meninges_hypophysis_nerves_etc,NA,no_defensible_volume_key,13205,metadata_only,NA,NA,,0,Stephan et al 1981,,,NA,metadata_only_no_volume_crosswalk,,,0,2019
Homo_sapiens,Homo sapiens,Mesencephalon,Mesencephalon_Vol.mm3,crosswalk_exact,8087,resolved_unique,Stephan_etal_1981_TableIII,"Stephan, Frahm & Baron 1981 (Folia Primatol 35:1-29)",Stephan_etal_1981_TableIII,1,Stephan et al 1981; Zilles and Rehkamper 1988,,,NA,direct_same_structure_unique,,,243,2019
Homo_sapiens,Homo sapiens,NeoG_Frahm,Neocortex_grey_matter_Vol.mm3,crosswalk_exact,584706,resolved_unique,Frahm_etal_1982_Table2,"Frahm, Stephan & Stephan 1982 (J Hirnforsch 23:375-389)",Frahm_etal_1982_Table2,1,Frahm et al 1992; Zilles and Rehkamper 1988,,,NA,direct_same_structure_unique,,,46,2019
Homo_sapiens,Homo sapiens,NeoWG,Neocortex_Vol.mm3,crosswalk_exact,1006525,resolved_multiple,Stephan_etal_1981_TableVI,"Stephan, Frahm & Baron 1981 (Folia Primatol 35:1-29)",Frahm_etal_1982_Table2; Stephan_etal_1981_TableVI,4,Stephan et al 1981; Zilles and Rehkamper 1988,,,NA,direct_same_structure_multiple,,,215,2019
Homo_sapiens,Homo sapiens,NeoW_Frahm,Neocortex_white_matter_Vol.mm3,crosswalk_exact,421819,resolved_unique,Frahm_etal_1982_Table2,"Frahm, Stephan & Stephan 1982 (J Hirnforsch 23:375-389)",Frahm_etal_1982_Table2,1,Frahm et al 1992; Zilles and Rehkamper 1988,,,NA,direct_same_structure_unique,,,46,2019
Homo_sapiens,Homo sapiens,Nucleus.habenularis.medialis,Nucleus_habenularis_medialis_Vol.mm3,crosswalk_exact,17,resolved_unique,Stephan_etal_1981_TableXVI,"Stephan, Frahm & Baron 1981 (Folia Primatol 35:1-29)",Stephan_etal_1981_TableXVI,1,Stephan et al 1981,,,NA,direct_same_structure_unique,,,103,2019
Homo_sapiens,Homo sapiens,Nucleus.septalis.triangularis,Nucleus_septalis_triangularis_Vol.mm3,crosswalk_exact,0.52,resolved_unique,Stephan_etal_1981_TableXVI,"Stephan, Frahm & Baron 1981 (Folia Primatol 35:1-29)",Stephan_etal_1981_TableXVI,1,Stephan et al 1981,,,NA,direct_same_structure_unique,,,103,2019
Homo_sapiens,Homo sapiens,Nucleus.vestibularis.descendens,Nucleus_vestibularis_descendens_unilateral_Vol.mm3,crosswalk_exact,45.9,resolved_multiple,Stephan_etal_1981_TableXIII,"Stephan, Frahm & Baron 1981 (Folia Primatol 35:1-29)",Matano__1986_TableI; Stephan_etal_1981_TableXIII,2,Stephan et al 1981,,,NA,direct_same_structure_multiple,,,129,2019
Homo_sapiens,Homo sapiens,Nucleus.vestibularis.lateralis,Nucleus_vestibularis_lateralis_unilateral_Vol.mm3,crosswalk_exact,22.4,resolved_multiple,Stephan_etal_1981_TableXIII,"Stephan, Frahm & Baron 1981 (Folia Primatol 35:1-29)",Matano__1986_TableI; Stephan_etal_1981_TableXIII,2,Stephan et al 1981,,,NA,direct_same_structure_multiple,,,129,2019
Homo_sapiens,Homo sapiens,Nucleus.vestibularis.medialis,Nucleus_vestibularis_medialis_unilateral_Vol.mm3,crosswalk_exact,72.8,resolved_multiple,Stephan_etal_1981_TableXIII,"Stephan, Frahm & Baron 1981 (Folia Primatol 35:1-29)",Matano__1986_TableI; Stephan_etal_1981_TableXIII,2,Stephan et al 1981,,,NA,direct_same_structure_multiple,,,129,2019
Homo_sapiens,Homo sapiens,Nucleus.vestibularis.superior,Nucleus_vestibularis_superior_unilateral_Vol.mm3,crosswalk_exact,35.8,resolved_multiple,Stephan_etal_1981_TableXIII,"Stephan, Frahm & Baron 1981 (Folia Primatol 35:1-29)",Matano__1986_TableI; Stephan_etal_1981_TableXIII,2,Stephan et al 1981,,,NA,direct_same_structure_multiple,,,129,2019
Homo_sapiens,Homo sapiens,Nucleus_amygdalae_basalis_parsmagnocellularis,Nucleus_amygdalae_basalis_pars_magnocellularis_Vol.mm3,crosswalk_exact,246,resolved_unique,Stephan_etal_1981_TableXI,"Stephan, Frahm & Baron 1981 (Folia Primatol 35:1-29)",Stephan_etal_1981_TableXI,1,Stephan et al 1981,,,NA,direct_same_structure_unique,,,100,2019
Homo_sapiens,Homo sapiens,Nucleus_subthalamicus,Nucleus_subthalamicus_Vol.mm3,crosswalk_exact,469,resolved_unique,Stephan_etal_1981_TableVIII,"Stephan, Frahm & Baron 1981 (Folia Primatol 35:1-29)",Stephan_etal_1981_TableVIII,1,Stephan et al 1981,,,NA,direct_same_structure_unique,,,200,2019
Homo_sapiens,Homo sapiens,Nucleus_tractus_olfactorius,Nucleus_tractus_olfactorius_Vol.mm3,crosswalk_exact,0,resolved_unique,Stephan_etal_1981_TableXI,"Stephan, Frahm & Baron 1981 (Folia Primatol 35:1-29)",Stephan_etal_1981_TableXI,1,Stephan et al 1981,,,NA,direct_same_structure_unique,,,100,2019
Homo_sapiens,Homo sapiens,Other.cortical.association.areas.Gray,AssociationCortex_grey_matter_Vol.mm3,crosswalk_exact,271.89,resolved_fallback_metadata,Smaers_etal_2017_TableS1part1,"Smaers et al. 2017 (Curr Biol 27:714-720, Table S1)",Smaers_etal_2017_TableS1part1,0,Smaers et al 2017,,,NA,metadata_tables_near_perfect,Smaers_etal_2017_TableS1part1; Smaers_etal_2017 [restricted: Smaers.csv],Smaers_etal_2017_TableS1part1 = 271891 (AssociationCortex_grey_matter_Vol.mm3; 0.00%; scale 0.001; 0 prior contributions),0,2019
Homo_sapiens,Homo sapiens,Other.cortical.association.areas.White,AssociationCortex_white_matter_Vol.mm3,crosswalk_exact,258.22,resolved_fallback_metadata,Smaers_etal_2017_TableS1part1,"Smaers et al. 2017 (Curr Biol 27:714-720, Table S1)",Smaers_etal_2017_TableS1part1,0,Smaers et al 2017,,,NA,metadata_tables_near_perfect,Smaers_etal_2017_TableS1part1; Smaers_etal_2017 [restricted: Smaers.csv],Smaers_etal_2017_TableS1part1 = 258218 (AssociationCortex_white_matter_Vol.mm3; 0.00%; scale 0.001; 0 prior contributions),0,2019
Homo_sapiens,Homo sapiens,Palaeocortex,Palaeocortex_Vol.mm3,crosswalk_exact,6016,resolved_unique,Stephan_etal_1981_TableXI,"Stephan, Frahm & Baron 1981 (Folia Primatol 35:1-29)",Stephan_etal_1981_TableXI,1,Stephan et al 1981; Zilles and Rehkamper 1988,,,NA,direct_same_structure_unique,,,100,2019
Homo_sapiens,Homo sapiens,Pallidum,Pallidum_Vol.mm3,crosswalk_exact,4711,resolved_unique,Stephan_etal_1981_TableVIII,"Stephan, Frahm & Baron 1981 (Folia Primatol 35:1-29)",Stephan_etal_1981_TableVIII,1,Stephan et al 1981; Zilles and Rehkamper 1988,,,NA,direct_same_structure_unique,,,200,2019
Homo_sapiens,Homo sapiens,Pons,Ventral_pons_Vol.mm3,Matano ventral pons,10477.9,resolved_unique,Matano_etal_1985_b_Table1,Matano et al. 1985 (Folia Primatol 44:182-203),Matano_etal_1985_b_Table1,1,Matano et al 1985; Zilles and Rehkamper 1988,,,NA,direct_same_structure_unique,,,40,2019
Homo_sapiens,Homo sapiens,Prefrontal.Gray,PrefrontalCortex_grey_matter_Vol.mm3,crosswalk_exact,46.32,resolved_fallback_metadata,Smaers_etal_2017_TableS1part1,"Smaers et al. 2017 (Curr Biol 27:714-720, Table S1)",Smaers_etal_2017_TableS1part1; Smaers_etal_2011_SupplementaryTable2,0,Smaers et al 2017,,,NA,metadata_tables_near_perfect,Smaers_etal_2017_TableS1part1; Smaers_etal_2011_SupplementaryTable2; Smaers_etal_2017 [restricted: Smaers.csv],Smaers_etal_2017_TableS1part1 = 46323 (PrefrontalCortex_grey_matter_Vol.mm3; 0.01%; scale 0.001; 0 prior contributions),0,2019
Homo_sapiens,Homo sapiens,Prefrontal.White,PrefrontalCortex_white_matter_Vol.mm3,crosswalk_exact,28.14,resolved_fallback_metadata,Smaers_etal_2017_TableS1part1,"Smaers et al. 2017 (Curr Biol 27:714-720, Table S1)",Smaers_etal_2017_TableS1part1; Smaers_etal_2011_SupplementaryTable2,0,Smaers et al 2017,,,NA,metadata_tables_near_perfect,Smaers_etal_2017_TableS1part1; Smaers_etal_2011_SupplementaryTable2; Smaers_etal_2017 [restricted: Smaers.csv],Smaers_etal_2017_TableS1part1 = 28135 (PrefrontalCortex_white_matter_Vol.mm3; 0.02%; scale 0.001; 0 prior contributions),0,2019
Homo_sapiens,Homo sapiens,Primary.visual.White.Smaers,Area_striata_white_matter_Vol.mm3,crosswalk_exact,5.44,resolved_fallback_metadata,Smaers_etal_2017_TableS1part1,"Smaers et al. 2017 (Curr Biol 27:714-720, Table S1)",Frahm_etal_1984_Table1; Smaers_etal_2017_TableS1part1,1,Smaers et al 2017,,,Evo-M1 value matches Frahm_etal_1984_Table1 (not the metadata source); attributed to metadata source; see source_hunt,metadata_tables_near_perfect,Smaers_etal_2017_TableS1part1; Frahm_etal_1984_Table1; Smaers_etal_2017 [restricted: Smaers.csv],Smaers_etal_2017_TableS1part1 = 5439 (Area_striata_white_matter_Vol.mm3; 0.02%; scale 0.001; 0 prior contributions),0,2019
Homo_sapiens,Homo sapiens,Schizocortex,Schizo_cortex_Vol.mm3,crosswalk_exact,6142,resolved_unique,Stephan_etal_1981_TableVI,"Stephan, Frahm & Baron 1981 (Folia Primatol 35:1-29)",Stephan_etal_1981_TableVI,1,Stephan et al 1981,,,NA,direct_same_structure_unique,,,215,2019
Homo_sapiens,Homo sapiens,Septum,Septum_Vol.mm3,crosswalk_exact,2610,resolved_unique,Stephan_etal_1981_TableVI,"Stephan, Frahm & Baron 1981 (Folia Primatol 35:1-29)",Stephan_etal_1981_TableVI,1,Stephan et al 1981; Zilles and Rehkamper 1988,,,NA,direct_same_structure_unique,,,215,2019
Homo_sapiens,Homo sapiens,Striatum,Striatum_Vol.mm3,crosswalk_exact,28689,resolved_unique,Stephan_etal_1981_TableVI,"Stephan, Frahm & Baron 1981 (Folia Primatol 35:1-29)",Stephan_etal_1981_TableVI,1,Stephan et al 1981; Zilles and Rehkamper 1988,,,NA,direct_same_structure_unique,,,215,2019
Homo_sapiens,Homo sapiens,Subthalamus,Subthalamus_Vol.mm3,crosswalk_exact,5180,resolved_unique,Stephan_etal_1981_TableVIII,"Stephan, Frahm & Baron 1981 (Folia Primatol 35:1-29)",Stephan_etal_1981_TableVIII,1,Stephan et al 1981,,,NA,direct_same_structure_unique,,,200,2019
Homo_sapiens,Homo sapiens,Telencephalon,Telencephalon_Vol.mm3,crosswalk_exact,1063399,resolved_unique,Stephan_etal_1981_TableIII,"Stephan, Frahm & Baron 1981 (Folia Primatol 35:1-29)",Stephan_etal_1981_TableIII,1,Stephan et al 1981; Zilles and Rehkamper 1988,,,NA,direct_same_structure_unique,,,243,2019
Homo_sapiens,Homo sapiens,Thalamus,Thalamus_Vol.mm3,crosswalk_exact,18222,resolved_unique,Stephan_etal_1981_TableVIII,"Stephan, Frahm & Baron 1981 (Folia Primatol 35:1-29)",Stephan_etal_1981_TableVIII,1,Stephan et al 1981,,,NA,direct_same_structure_unique,,,200,2019
Homo_sapiens,Homo sapiens,Total_brain_net_volume,Total_brain_net_volume_Vol.mm3,crosswalk_exact,1251847,resolved_unique,Stephan_etal_1981_TableIII,"Stephan, Frahm & Baron 1981 (Folia Primatol 35:1-29)",Stephan_etal_1981_TableIII,12,Stephan et al 1981,,,NA,direct_same_structure_unique,,,243,2019
Homo_sapiens,Homo sapiens,Total_insula_volume_L,Insula_left_Vol.mm3,crosswalk_exact,6165,likely_fallback_metadata,Bauernfeind_etal_2013_Table1,Bauernfeind et al. 2013 (J Hum Evol 64:263-279),Bauernfeind_etal_2013_Table1,1,Bauernfeind et al 2013,,,Bauernfeind_etal_2013_Table1 = 6479 (4.8%),metadata_tables_close_same_structure,Bauernfeind_etal_2013_Table1; Bauernfeind_etal_2013 [restricted: Bauernfeind_2013.csv],Bauernfeind_etal_2013_Table1 = 6479 (Insula_left_Vol.mm3; 4.85%; scale 1; 181 prior contributions),181,2019
Homo_sapiens,Homo sapiens,Tractus_opticus,Tractus_opticus_Vol.mm3,crosswalk_exact,823,resolved_unique,Stephan_etal_1981_TableVIII,"Stephan, Frahm & Baron 1981 (Folia Primatol 35:1-29)",Stephan_etal_1981_TableVIII,1,Stephan et al 1981,,,NA,direct_same_structure_unique,,,200,2019
Homo_sapiens,Homo sapiens,Ventricles,Ventricles_Vol.mm3,crosswalk_exact,18732,resolved_unique,Stephan_etal_1981_TableIII,"Stephan, Frahm & Baron 1981 (Folia Primatol 35:1-29)",Stephan_etal_1981_TableIII,1,Stephan et al 1981,,,NA,direct_same_structure_unique,,,243,2019
Hylobates_lar,Hylobates lar,ASG_Sousa,Area_striata_grey_matter_Vol.mm3,crosswalk_exact,4086.7,resolved_fallback_metadata,deSousa_etal_2010_SupTable2,de Sousa et al. 2010 (J Hum Evol 58:281-292),deSousa_etal_2010_SupTable2,1,de Sousa et al 2010,,,Frahm_etal_1984_Table1 = 4574 (10.7%),metadata_tables_near_perfect,deSousa_etal_2010_SupTable2; deSousa_etal_2010 [restricted: deSousa_2010.csv]; deSousa_etal_2010 [restricted: Visual_volumes.xlsx]; Stephan_etal_1981 [restricted: Stephan_1981.csv],deSousa_etal_2010_SupTable2 = 4100 (Area_striata_grey_matter_Vol.mm3; 0.32%; scale 1; 0 prior contributions),0,2019
Hylobates_lar,Hylobates lar,Agranular_volume_L,Agranular_insular_cortex_left_Vol.mm3,crosswalk_exact,40,resolved_unique,Bauernfeind_etal_2013_Table1,Bauernfeind et al. 2013 (J Hum Evol 64:263-279),Bauernfeind_etal_2013_Table1,1,Bauernfeind et al 2013,,,NA,direct_same_structure_unique,,,181,2019
Hylobates_lar,Hylobates lar,Body_mass,Body_Mass.g,crosswalk_exact,5340,resolved_unique,Bauernfeind_etal_2013_Table1,Bauernfeind et al. 2013 (J Hum Evol 64:263-279),Bauernfeind_etal_2013_Table1,6,Bauernfeind et al 2013,,,NA,direct_same_structure_unique,,,181,2019
Hylobates_lar,Hylobates lar,Body_weight,Body_Mass.g,crosswalk_exact,5700,resolved_multiple,Stephan_etal_1981_TableIII,"Stephan, Frahm & Baron 1981 (Folia Primatol 35:1-29)",Matano__1986_TableI; Matano_etal_1985_a_Table1; Matano_etal_1985_b_Table1; Stephan_etal_1981_TableIII; Stephan_etal_1988_TABLE1,6,Stephan et al 1981; Zilles and Rehkamper 1988; Bauernfeind et al 2013,,,NA,direct_same_structure_multiple,,,243,2019
Hylobates_lar,Hylobates lar,Body_weight_1985a,Body_Mass.g,crosswalk_exact,5700,resolved_multiple,Matano_etal_1985_a_Table1,Matano et al. 1985 (Folia Primatol 44:182-203),Matano__1986_TableI; Matano_etal_1985_a_Table1; Matano_etal_1985_b_Table1; Stephan_etal_1981_TableIII; Stephan_etal_1988_TABLE1,6,NA,,,NA,direct_same_structure_multiple,,,220,2019
Hylobates_lar,Hylobates lar,Brain_mass,Brain_Mass.mg,crosswalk_exact,92000,resolved_unique,Bauernfeind_etal_2013_Table1,Bauernfeind et al. 2013 (J Hum Evol 64:263-279),Bauernfeind_etal_2013_Table1,4,Bauernfeind et al 2013,1000,,NA,direct_same_structure_unique,,,181,2019
Hylobates_lar,Hylobates lar,Brain_volume,NA,no_defensible_volume_key,88803,metadata_only,NA,NA,,0,Bauernfeind et al 2013,,,NA,metadata_only_no_volume_crosswalk,,,0,2019
Hylobates_lar,Hylobates lar,Brain_weight,Brain_Mass.mg,crosswalk_exact,102000,resolved_multiple,Stephan_etal_1981_TableIII,"Stephan, Frahm & Baron 1981 (Folia Primatol 35:1-29)",Stephan_etal_1981_TableIII; Stephan_etal_1988_TABLE1,4,Stephan et al 1981; Zilles and Rehkamper 1988; Bauernfeind et al 2013,,,NA,direct_same_structure_multiple,,,243,2019
Hylobates_lar,Hylobates lar,Brainvol,NA,no_defensible_volume_key,102316.6,metadata_only,NA,NA,,0,de Sousa et al 2010; Stephan et al 1981,,,NA,metadata_only_no_volume_crosswalk,,,0,2019
Hylobates_lar,Hylobates lar,Bulbus_olfactorius,Bulbus_olfactorius_Vol.mm3,crosswalk_exact,43.9,resolved_unique,Stephan_etal_1981_TableVI,"Stephan, Frahm & Baron 1981 (Folia Primatol 35:1-29)",Stephan_etal_1981_TableVI,1,Stephan et al 1981,,,NA,direct_same_structure_unique,,,215,2019
Hylobates_lar,Hylobates lar,Bulbus_olfactorius_accessorius,Bulbus_olfactorius_accessorius_Vol.mm3,crosswalk_exact,0,resolved_unique,Stephan_etal_1981_TableVI,"Stephan, Frahm & Baron 1981 (Folia Primatol 35:1-29)",Stephan_etal_1981_TableVI,1,Stephan et al 1981,,,NA,direct_same_structure_unique,,,215,2019
Hylobates_lar,Hylobates lar,Capsula_interna,Capsula_interna_Vol.mm3,crosswalk_exact,693,resolved_unique,Stephan_etal_1981_TableVIII,"Stephan, Frahm & Baron 1981 (Folia Primatol 35:1-29)",Stephan_etal_1981_TableVIII,1,Stephan et al 1981,,,NA,direct_same_structure_unique,,,200,2019
Hylobates_lar,Hylobates lar,Cerebellar_nuclei_total,Cerebellar_nuclei_total_Vol.mm3,crosswalk_exact,242.09,resolved_unique,Matano_etal_1985_a_Table1,Matano et al. 1985 (Folia Primatol 44:182-203),Matano_etal_1985_a_Table1,1,NA,,,NA,direct_same_structure_unique,,,220,2019
Hylobates_lar,Hylobates lar,Cerebellum,Cerebellum_Vol.mm3,crosswalk_exact,12078,resolved_unique,Stephan_etal_1981_TableIII,"Stephan, Frahm & Baron 1981 (Folia Primatol 35:1-29)",Stephan_etal_1981_TableIII,1,Stephan et al 1981; Zilles and Rehkamper 1988,,,NA,direct_same_structure_unique,,,243,2019
Hylobates_lar,Hylobates lar,Complexus.vestibularis,Complexus_vestibularis_unilateral_Vol.mm3,crosswalk_exact,59.3,resolved_multiple,Stephan_etal_1981_TableXIII,"Stephan, Frahm & Baron 1981 (Folia Primatol 35:1-29)",Matano__1986_TableI; Stephan_etal_1981_TableXIII,2,Stephan et al 1981,,,NA,direct_same_structure_multiple,,,129,2019
Hylobates_lar,Hylobates lar,Diencephalon,Diencephalon_Vol.mm3,crosswalk_exact,5716,resolved_unique,Stephan_etal_1981_TableIII,"Stephan, Frahm & Baron 1981 (Folia Primatol 35:1-29)",Stephan_etal_1981_TableIII,1,Stephan et al 1981; Zilles and Rehkamper 1988,,,NA,direct_same_structure_unique,,,243,2019
Hylobates_lar,Hylobates lar,Dysgranular_volume_L,Dysgranular_insular_cortex_left_Vol.mm3,crosswalk_exact,131,resolved_unique,Bauernfeind_etal_2013_Table1,Bauernfeind et al. 2013 (J Hum Evol 64:263-279),Bauernfeind_etal_2013_Table1,1,Bauernfeind et al 2013,,,NA,direct_same_structure_unique,,,181,2019
Hylobates_lar,Hylobates lar,Epithalamus,Epithalamus_Vol.mm3,crosswalk_exact,31.2,resolved_unique,Stephan_etal_1981_TableVIII,"Stephan, Frahm & Baron 1981 (Folia Primatol 35:1-29)",Stephan_etal_1981_TableVIII,1,Stephan et al 1981,,,NA,direct_same_structure_unique,,,200,2019
Hylobates_lar,Hylobates lar,Frontal.motor,FrontalMotor_white_matter_Vol.mm3,crosswalk_exact,1.74,resolved_fallback_metadata,Smaers_etal_2017_TableS1part1,"Smaers et al. 2017 (Curr Biol 27:714-720, Table S1)",Smaers_etal_2017_TableS1part1,0,Smaers et al 2017,,,NA,metadata_tables_near_perfect,Smaers_etal_2017_TableS1part1,Smaers_etal_2017_TableS1part1 = 1743 (FrontalMotor_white_matter_Vol.mm3; 0.17%; scale 0.001; 0 prior contributions),0,2019
Hylobates_lar,Hylobates lar,Frontal.motor.Gray,FrontalMotor_grey_matter_Vol.mm3,crosswalk_exact,2.74,resolved_fallback_metadata,Smaers_etal_2017_TableS1part1,"Smaers et al. 2017 (Curr Biol 27:714-720, Table S1)",Smaers_etal_2017_TableS1part1,0,Smaers et al 2017,,,NA,metadata_tables_near_perfect,Smaers_etal_2017_TableS1part1; Smaers_etal_2017 [restricted: Smaers.csv],Smaers_etal_2017_TableS1part1 = 2744 (FrontalMotor_grey_matter_Vol.mm3; 0.15%; scale 0.001; 0 prior contributions),0,2019
Hylobates_lar,Hylobates lar,Granular_volume_L,Granular_insular_cortex_left_Vol.mm3,crosswalk_exact,117,resolved_unique,Bauernfeind_etal_2013_Table1,Bauernfeind et al. 2013 (J Hum Evol 64:263-279),Bauernfeind_etal_2013_Table1,1,Bauernfeind et al 2013,,,NA,direct_same_structure_unique,,,181,2019
Hylobates_lar,Hylobates lar,Hippocampus,Hippocampus_Vol.mm3,crosswalk_exact,2673,resolved_unique,Stephan_etal_1981_TableVI,"Stephan, Frahm & Baron 1981 (Folia Primatol 35:1-29)",Stephan_etal_1981_TableVI,1,Stephan et al 1981; Zilles and Rehkamper 1988,,,NA,direct_same_structure_unique,,,215,2019
Hylobates_lar,Hylobates lar,Hypothalamus,Hypothalamus_Vol.mm3,crosswalk_exact,629,resolved_unique,Stephan_etal_1981_TableVIII,"Stephan, Frahm & Baron 1981 (Folia Primatol 35:1-29)",Stephan_etal_1981_TableVIII,1,Stephan et al 1981,,,NA,direct_same_structure_unique,,,200,2019
Hylobates_lar,Hylobates lar,Interpositus_cerebellar_nuclei,Interpositus_cerebellar_nuclei_Vol.mm3,crosswalk_exact,65.6,resolved_unique,Matano_etal_1985_a_Table1,Matano et al. 1985 (Folia Primatol 44:182-203),Matano_etal_1985_a_Table1,1,NA,,,NA,direct_same_structure_unique,,,220,2019
Hylobates_lar,Hylobates lar,LGN_Sousa,Corpus_geniculatum_laterale_Vol.mm3,crosswalk_exact,166.2,resolved_unique,deSousa_etal_2013_Table1,de Sousa et al. 2013 (Brain Behav Evol 81:93-108),deSousa_etal_2013_Table1,2,de Sousa et al 2010; de Sousa et al 2013,,,NA,direct_same_structure_unique,,,15,2019
Hylobates_lar,Hylobates lar,Lateral_cerebellar_nuclei,Lateral_cerebellar_nuclei_Vol.mm3,crosswalk_exact,141.08,resolved_unique,Matano_etal_1985_a_Table1,Matano et al. 1985 (Folia Primatol 44:182-203),Matano_etal_1985_a_Table1,1,NA,,,NA,direct_same_structure_unique,,,220,2019
Hylobates_lar,Hylobates lar,Lobus_piriformis,Lobus_piriformis_Vol.mm3,crosswalk_exact,1264,resolved_unique,Stephan_etal_1981_TableVI,"Stephan, Frahm & Baron 1981 (Folia Primatol 35:1-29)",Stephan_etal_1981_TableVI,1,Stephan et al 1981; Zilles and Rehkamper 1988,,,NA,direct_same_structure_unique,,,215,2019
Hylobates_lar,Hylobates lar,Medial_cerebellar_nuclei,Medial_cerebellar_nuclei_Vol.mm3,crosswalk_exact,35.41,resolved_unique,Matano_etal_1985_a_Table1,Matano et al. 1985 (Folia Primatol 44:182-203),Matano_etal_1985_a_Table1,1,NA,,,NA,direct_same_structure_unique,,,220,2019
Hylobates_lar,Hylobates lar,Medulla_oblongata,Medulla_oblongata_Vol.mm3,crosswalk_exact,2251,resolved_unique,Stephan_etal_1981_TableIII,"Stephan, Frahm & Baron 1981 (Folia Primatol 35:1-29)",Stephan_etal_1981_TableIII,1,Stephan et al 1981; Zilles and Rehkamper 1988,,,NA,direct_same_structure_unique,,,243,2019
Hylobates_lar,Hylobates lar,Meninges_hypophysis_nerves_etc,NA,no_defensible_volume_key,395,metadata_only,NA,NA,,0,Stephan et al 1981,,,NA,metadata_only_no_volume_crosswalk,,,0,2019
Hylobates_lar,Hylobates lar,Mesencephalon,Mesencephalon_Vol.mm3,crosswalk_exact,1459,resolved_unique,Stephan_etal_1981_TableIII,"Stephan, Frahm & Baron 1981 (Folia Primatol 35:1-29)",Stephan_etal_1981_TableIII,1,Stephan et al 1981; Zilles and Rehkamper 1988,,,NA,direct_same_structure_unique,,,243,2019
Hylobates_lar,Hylobates lar,NeoG_Frahm,Neocortex_grey_matter_Vol.mm3,crosswalk_exact,46646,resolved_unique,Frahm_etal_1982_Table2,"Frahm, Stephan & Stephan 1982 (J Hirnforsch 23:375-389)",Frahm_etal_1982_Table2,1,Frahm et al 1992; Zilles and Rehkamper 1988,,,NA,direct_same_structure_unique,,,46,2019
Hylobates_lar,Hylobates lar,NeoWG,Neocortex_Vol.mm3,crosswalk_exact,65800,resolved_multiple,Stephan_etal_1981_TableVI,"Stephan, Frahm & Baron 1981 (Folia Primatol 35:1-29)",Frahm_etal_1982_Table2; Stephan_etal_1981_TableVI,4,Stephan et al 1981; Zilles and Rehkamper 1988,,,NA,direct_same_structure_multiple,,,215,2019
Hylobates_lar,Hylobates lar,NeoW_Frahm,Neocortex_white_matter_Vol.mm3,crosswalk_exact,19154,resolved_unique,Frahm_etal_1982_Table2,"Frahm, Stephan & Stephan 1982 (J Hirnforsch 23:375-389)",Frahm_etal_1982_Table2,1,Frahm et al 1992; Zilles and Rehkamper 1988,,,NA,direct_same_structure_unique,,,46,2019
Hylobates_lar,Hylobates lar,Nucleus.vestibularis.descendens,Nucleus_vestibularis_descendens_unilateral_Vol.mm3,crosswalk_exact,14.5,resolved_multiple,Stephan_etal_1981_TableXIII,"Stephan, Frahm & Baron 1981 (Folia Primatol 35:1-29)",Matano__1986_TableI; Stephan_etal_1981_TableXIII,2,Stephan et al 1981,,,NA,direct_same_structure_multiple,,,129,2019
Hylobates_lar,Hylobates lar,Nucleus.vestibularis.lateralis,Nucleus_vestibularis_lateralis_unilateral_Vol.mm3,crosswalk_exact,5.53,resolved_multiple,Stephan_etal_1981_TableXIII,"Stephan, Frahm & Baron 1981 (Folia Primatol 35:1-29)",Matano__1986_TableI; Stephan_etal_1981_TableXIII,2,Stephan et al 1981,,,NA,direct_same_structure_multiple,,,129,2019
Hylobates_lar,Hylobates lar,Nucleus.vestibularis.medialis,Nucleus_vestibularis_medialis_unilateral_Vol.mm3,crosswalk_exact,24.5,resolved_multiple,Stephan_etal_1981_TableXIII,"Stephan, Frahm & Baron 1981 (Folia Primatol 35:1-29)",Matano__1986_TableI; Stephan_etal_1981_TableXIII,2,Stephan et al 1981,,,NA,direct_same_structure_multiple,,,129,2019
Hylobates_lar,Hylobates lar,Nucleus.vestibularis.superior,Nucleus_vestibularis_superior_unilateral_Vol.mm3,crosswalk_exact,14.9,resolved_multiple,Stephan_etal_1981_TableXIII,"Stephan, Frahm & Baron 1981 (Folia Primatol 35:1-29)",Matano__1986_TableI; Stephan_etal_1981_TableXIII,2,Stephan et al 1981,,,NA,direct_same_structure_multiple,,,129,2019
Hylobates_lar,Hylobates lar,Nucleus_subthalamicus,Nucleus_subthalamicus_Vol.mm3,crosswalk_exact,61.6,resolved_unique,Stephan_etal_1981_TableVIII,"Stephan, Frahm & Baron 1981 (Folia Primatol 35:1-29)",Stephan_etal_1981_TableVIII,1,Stephan et al 1981,,,NA,direct_same_structure_unique,,,200,2019
Hylobates_lar,Hylobates lar,Other.cortical.association.areas.Gray,AssociationCortex_grey_matter_Vol.mm3,crosswalk_exact,28.42,resolved_fallback_metadata,Smaers_etal_2017_TableS1part1,"Smaers et al. 2017 (Curr Biol 27:714-720, Table S1)",Smaers_etal_2017_TableS1part1,0,Smaers et al 2017,,,NA,metadata_tables_near_perfect,Smaers_etal_2017_TableS1part1; Smaers_etal_2017 [restricted: Smaers.csv],Smaers_etal_2017_TableS1part1 = 28424 (AssociationCortex_grey_matter_Vol.mm3; 0.01%; scale 0.001; 0 prior contributions),0,2019
Hylobates_lar,Hylobates lar,Other.cortical.association.areas.White,AssociationCortex_white_matter_Vol.mm3,crosswalk_exact,12.92,resolved_fallback_metadata,Smaers_etal_2017_TableS1part1,"Smaers et al. 2017 (Curr Biol 27:714-720, Table S1)",Smaers_etal_2017_TableS1part1,0,Smaers et al 2017,,,NA,metadata_tables_near_perfect,Smaers_etal_2017_TableS1part1; Smaers_etal_2017 [restricted: Smaers.csv],Smaers_etal_2017_TableS1part1 = 12915 (AssociationCortex_white_matter_Vol.mm3; 0.04%; scale 0.001; 0 prior contributions),0,2019
Hylobates_lar,Hylobates lar,Pallidum,Pallidum_Vol.mm3,crosswalk_exact,715,resolved_unique,Stephan_etal_1981_TableVIII,"Stephan, Frahm & Baron 1981 (Folia Primatol 35:1-29)",Stephan_etal_1981_TableVIII,1,Stephan et al 1981; Zilles and Rehkamper 1988,,,NA,direct_same_structure_unique,,,200,2019
Hylobates_lar,Hylobates lar,Pons,Ventral_pons_Vol.mm3,Matano ventral pons,1167.9,resolved_unique,Matano_etal_1985_b_Table1,Matano et al. 1985 (Folia Primatol 44:182-203),Matano_etal_1985_b_Table1,1,Matano et al 1985; Zilles and Rehkamper 1988,,,NA,direct_same_structure_unique,,,40,2019
Hylobates_lar,Hylobates lar,Prefrontal.Gray,PrefrontalCortex_grey_matter_Vol.mm3,crosswalk_exact,2.59,resolved_fallback_metadata,Smaers_etal_2017_TableS1part1,"Smaers et al. 2017 (Curr Biol 27:714-720, Table S1)",Smaers_etal_2017_TableS1part1; Smaers_etal_2011_SupplementaryTable2,0,Smaers et al 2017,,,NA,metadata_tables_near_perfect,Smaers_etal_2017_TableS1part1; Smaers_etal_2011_SupplementaryTable2; Smaers_etal_2017 [restricted: Smaers.csv],Smaers_etal_2017_TableS1part1 = 2588 (PrefrontalCortex_grey_matter_Vol.mm3; 0.08%; scale 0.001; 0 prior contributions),0,2019
Hylobates_lar,Hylobates lar,Prefrontal.White,PrefrontalCortex_white_matter_Vol.mm3,crosswalk_exact,0.51,resolved_fallback_metadata,Smaers_etal_2017_TableS1part1,"Smaers et al. 2017 (Curr Biol 27:714-720, Table S1)",Smaers_etal_2017_TableS1part1; Smaers_etal_2011_SupplementaryTable2,0,Smaers et al 2017,,,NA,metadata_tables_near_perfect,Smaers_etal_2017_TableS1part1; Smaers_etal_2011_SupplementaryTable2; Smaers_etal_2017 [restricted: Smaers.csv],Smaers_etal_2017_TableS1part1 = 510 (PrefrontalCortex_white_matter_Vol.mm3; 0.00%; scale 0.001; 0 prior contributions),0,2019
Hylobates_lar,Hylobates lar,Primary.visual.White.Smaers,Area_striata_white_matter_Vol.mm3,crosswalk_exact,1.18,resolved_fallback_metadata,Smaers_etal_2017_TableS1part1,"Smaers et al. 2017 (Curr Biol 27:714-720, Table S1)",Frahm_etal_1984_Table1; Smaers_etal_2017_TableS1part1,1,Smaers et al 2017,,,Evo-M1 value matches Frahm_etal_1984_Table1 (not the metadata source); attributed to metadata source; see source_hunt,metadata_tables_near_perfect,Smaers_etal_2017_TableS1part1; Frahm_etal_1984_Table1; Smaers_etal_2017 [restricted: Smaers.csv],Smaers_etal_2017_TableS1part1 = 1176 (Area_striata_white_matter_Vol.mm3; 0.34%; scale 0.001; 0 prior contributions),0,2019
Hylobates_lar,Hylobates lar,Schizocortex,Schizo_cortex_Vol.mm3,crosswalk_exact,1136,resolved_unique,Stephan_etal_1981_TableVI,"Stephan, Frahm & Baron 1981 (Folia Primatol 35:1-29)",Stephan_etal_1981_TableVI,1,Stephan et al 1981,,,NA,direct_same_structure_unique,,,215,2019
Hylobates_lar,Hylobates lar,Septum,Septum_Vol.mm3,crosswalk_exact,302,resolved_unique,Stephan_etal_1981_TableVI,"Stephan, Frahm & Baron 1981 (Folia Primatol 35:1-29)",Stephan_etal_1981_TableVI,1,Stephan et al 1981; Zilles and Rehkamper 1988,,,NA,direct_same_structure_unique,,,215,2019
Hylobates_lar,Hylobates lar,Striatum,Striatum_Vol.mm3,crosswalk_exact,4784,resolved_unique,Stephan_etal_1981_TableVI,"Stephan, Frahm & Baron 1981 (Folia Primatol 35:1-29)",Stephan_etal_1981_TableVI,1,Stephan et al 1981; Zilles and Rehkamper 1988,,,NA,direct_same_structure_unique,,,215,2019
Hylobates_lar,Hylobates lar,Subthalamus,Subthalamus_Vol.mm3,crosswalk_exact,777,resolved_unique,Stephan_etal_1981_TableVIII,"Stephan, Frahm & Baron 1981 (Folia Primatol 35:1-29)",Stephan_etal_1981_TableVIII,1,Stephan et al 1981,,,NA,direct_same_structure_unique,,,200,2019
Hylobates_lar,Hylobates lar,Telencephalon,Telencephalon_Vol.mm3,crosswalk_exact,76001,resolved_unique,Stephan_etal_1981_TableIII,"Stephan, Frahm & Baron 1981 (Folia Primatol 35:1-29)",Stephan_etal_1981_TableIII,1,Stephan et al 1981; Zilles and Rehkamper 1988,,,NA,direct_same_structure_unique,,,243,2019
Hylobates_lar,Hylobates lar,Thalamus,Thalamus_Vol.mm3,crosswalk_exact,3226,resolved_unique,Stephan_etal_1981_TableVIII,"Stephan, Frahm & Baron 1981 (Folia Primatol 35:1-29)",Stephan_etal_1981_TableVIII,1,Stephan et al 1981,,,NA,direct_same_structure_unique,,,200,2019
Hylobates_lar,Hylobates lar,Total_brain_net_volume,Total_brain_net_volume_Vol.mm3,crosswalk_exact,97505,resolved_unique,Stephan_etal_1981_TableIII,"Stephan, Frahm & Baron 1981 (Folia Primatol 35:1-29)",Stephan_etal_1981_TableIII,4,Stephan et al 1981,,,NA,direct_same_structure_unique,,,243,2019
Hylobates_lar,Hylobates lar,Total_insula_volume_L,Insula_left_Vol.mm3,crosswalk_exact,289,resolved_unique,Bauernfeind_etal_2013_Table1,Bauernfeind et al. 2013 (J Hum Evol 64:263-279),Bauernfeind_etal_2013_Table1,1,Bauernfeind et al 2013,,,NA,direct_same_structure_unique,,,181,2019
Hylobates_lar,Hylobates lar,Tractus_opticus,Tractus_opticus_Vol.mm3,crosswalk_exact,302,resolved_unique,Stephan_etal_1981_TableVIII,"Stephan, Frahm & Baron 1981 (Folia Primatol 35:1-29)",Stephan_etal_1981_TableVIII,1,Stephan et al 1981,,,NA,direct_same_structure_unique,,,200,2019
Hylobates_lar,Hylobates lar,Ventricles,Ventricles_Vol.mm3,crosswalk_exact,555,resolved_unique,Stephan_etal_1981_TableIII,"Stephan, Frahm & Baron 1981 (Folia Primatol 35:1-29)",Stephan_etal_1981_TableIII,1,Stephan et al 1981,,,NA,direct_same_structure_unique,,,243,2019
Hylobates_muelleri,Hylobates muelleri,Agranular_volume_L,Agranular_insular_cortex_left_Vol.mm3,crosswalk_exact,142,resolved_unique,Bauernfeind_etal_2013_Table1,Bauernfeind et al. 2013 (J Hum Evol 64:263-279),Bauernfeind_etal_2013_Table1,1,Bauernfeind et al 2013,,,NA,direct_same_structure_unique,,,181,2019
Hylobates_muelleri,Hylobates muelleri,Body_mass,Body_Mass.g,crosswalk_exact,5710,resolved_unique,Bauernfeind_etal_2013_Table1,Bauernfeind et al. 2013 (J Hum Evol 64:263-279),Bauernfeind_etal_2013_Table1,1,Bauernfeind et al 2013,,,NA,direct_same_structure_unique,,,181,2019
Hylobates_muelleri,Hylobates muelleri,Body_weight,Body_Mass.g,crosswalk_exact,5710,resolved_unique,Bauernfeind_etal_2013_Table1,Bauernfeind et al. 2013 (J Hum Evol 64:263-279),Bauernfeind_etal_2013_Table1,1,Stephan et al 1981; Zilles and Rehkamper 1988; Bauernfeind et al 2013,,,NA,direct_same_structure_unique,,,181,2019
Hylobates_muelleri,Hylobates muelleri,Brain_mass,Brain_Mass.mg,crosswalk_exact,101800,resolved_multiple,Bauernfeind_etal_2013_Table1,Bauernfeind et al. 2013 (J Hum Evol 64:263-279),Bauernfeind_etal_2013_Table1; deSousa_etal_2013_Table1,2,Bauernfeind et al 2013,1000,,NA,direct_same_structure_multiple,,,181,2019
Hylobates_muelleri,Hylobates muelleri,Brain_volume,NA,no_defensible_volume_key,98263,metadata_only,NA,NA,,0,Bauernfeind et al 2013,,,NA,metadata_only_no_volume_crosswalk,,,0,2019
Hylobates_muelleri,Hylobates muelleri,Brain_weight,Brain_Mass.mg,crosswalk_exact,101800,resolved_multiple,Bauernfeind_etal_2013_Table1,Bauernfeind et al. 2013 (J Hum Evol 64:263-279),Bauernfeind_etal_2013_Table1; deSousa_etal_2013_Table1,2,Stephan et al 1981; Zilles and Rehkamper 1988; Bauernfeind et al 2013,1000,,NA,direct_same_structure_multiple,,,181,2019
Hylobates_muelleri,Hylobates muelleri,Dysgranular_volume_L,Dysgranular_insular_cortex_left_Vol.mm3,crosswalk_exact,286,resolved_unique,Bauernfeind_etal_2013_Table1,Bauernfeind et al. 2013 (J Hum Evol 64:263-279),Bauernfeind_etal_2013_Table1,1,Bauernfeind et al 2013,,,NA,direct_same_structure_unique,,,181,2019
Hylobates_muelleri,Hylobates muelleri,Granular_volume_L,Granular_insular_cortex_left_Vol.mm3,crosswalk_exact,111,resolved_unique,Bauernfeind_etal_2013_Table1,Bauernfeind et al. 2013 (J Hum Evol 64:263-279),Bauernfeind_etal_2013_Table1,1,Bauernfeind et al 2013,,,NA,direct_same_structure_unique,,,181,2019
Hylobates_muelleri,Hylobates muelleri,LGN_Sousa,Corpus_geniculatum_laterale_Vol.mm3,crosswalk_exact,162,resolved_unique,deSousa_etal_2013_Table1,de Sousa et al. 2013 (Brain Behav Evol 81:93-108),deSousa_etal_2013_Table1,1,de Sousa et al 2010; de Sousa et al 2013,,,NA,direct_same_structure_unique,,,15,2019
Hylobates_muelleri,Hylobates muelleri,Total_insula_volume_L,Insula_left_Vol.mm3,crosswalk_exact,539,resolved_unique,Bauernfeind_etal_2013_Table1,Bauernfeind et al. 2013 (J Hum Evol 64:263-279),Bauernfeind_etal_2013_Table1,1,Bauernfeind et al 2013,,,NA,direct_same_structure_unique,,,181,2019
Indri_indri,Indri indri,ASG_Sousa,Area_striata_grey_matter_Vol.mm3,crosswalk_exact,1648,resolved_fallback_restricted,deSousa_etal_2010 [restricted: Visual_volumes.xlsx],de Sousa et al. 2010 (J Hum Evol 58:281-292),Frahm_etal_1984_Table1; deSousa_etal_2010_SupTable2; Frahm_etal_1998_Table1; deSousa_etal_2010 [restricted: Visual_volumes.xlsx],1,de Sousa et al 2010,1000,,Evo-M1 value matches Frahm_etal_1984_Table1 (not the metadata source); attributed to metadata source; see source_hunt,restricted_documents_near_perfect,deSousa_etal_2010_SupTable2; Frahm_etal_1998_Table1; Frahm_etal_1984_Table1; deSousa_etal_2010 [restricted: Visual_volumes.xlsx]; deSousa_etal_2010 [restricted: deSousa_2010.csv]; Stephan_etal_1981 [restricted: Stephan_1981.csv],deSousa_etal_2010 [restricted: Visual_volumes.xlsx] = 1.648 (0.00%; scale 1000; restricted_checks/deSousa_etal_2010/comparison/Visual_volumes.xlsx R39C5; 0 prior contributions),0,2019
Indri_indri,Indri indri,Agranular_volume_L,Agranular_insular_cortex_left_Vol.mm3,crosswalk_exact,33,resolved_unique,Bauernfeind_etal_2013_Table1,Bauernfeind et al. 2013 (J Hum Evol 64:263-279),Bauernfeind_etal_2013_Table1,1,Bauernfeind et al 2013,,,NA,direct_same_structure_unique,,,181,2019
Indri_indri,Indri indri,Body_mass,Body_Mass.g,crosswalk_exact,5830,resolved_unique,Bauernfeind_etal_2013_Table1,Bauernfeind et al. 2013 (J Hum Evol 64:263-279),Bauernfeind_etal_2013_Table1,6,Bauernfeind et al 2013,,,NA,direct_same_structure_unique,,,181,2019
Indri_indri,Indri indri,Body_weight,Body_Mass.g,crosswalk_exact,6250,resolved_multiple,Stephan_etal_1981_TableII,"Stephan, Frahm & Baron 1981 (Folia Primatol 35:1-29)",Matano__1986_TableI; Matano_etal_1985_a_Table1; Matano_etal_1985_b_Table1; Stephan_etal_1981_TableII; Stephan_etal_1988_TABLE1,6,Stephan et al 1981; Zilles and Rehkamper 1988; Bauernfeind et al 2013,,,NA,direct_same_structure_multiple,,,162,2019
Indri_indri,Indri indri,Body_weight_1985a,Body_Mass.g,crosswalk_exact,6250,resolved_multiple,Matano_etal_1985_a_Table1,Matano et al. 1985 (Folia Primatol 44:182-203),Matano__1986_TableI; Matano_etal_1985_a_Table1; Matano_etal_1985_b_Table1; Stephan_etal_1981_TableII; Stephan_etal_1988_TABLE1,6,NA,,,NA,direct_same_structure_multiple,,,220,2019
Indri_indri,Indri indri,Brain_mass,Brain_Mass.mg,crosswalk_exact,33700,resolved_unique,Bauernfeind_etal_2013_Table1,Bauernfeind et al. 2013 (J Hum Evol 64:263-279),Bauernfeind_etal_2013_Table1,3,Bauernfeind et al 2013,1000,,NA,direct_same_structure_unique,,,181,2019
Indri_indri,Indri indri,Brain_volume,NA,no_defensible_volume_key,32481,metadata_only,NA,NA,,0,Bauernfeind et al 2013,,,NA,metadata_only_no_volume_crosswalk,,,0,2019
Indri_indri,Indri indri,Brain_weight,Brain_Mass.mg,crosswalk_exact,38300,resolved_multiple,Stephan_etal_1981_TableII,"Stephan, Frahm & Baron 1981 (Folia Primatol 35:1-29)",Stephan_etal_1981_TableII; Stephan_etal_1988_TABLE1,3,Stephan et al 1981; Zilles and Rehkamper 1988; Bauernfeind et al 2013,,,NA,direct_same_structure_multiple,,,162,2019
Indri_indri,Indri indri,Brainvol,NA,no_defensible_volume_key,36969.11,metadata_only,NA,NA,,0,de Sousa et al 2010; Stephan et al 1981,,,NA,metadata_only_no_volume_crosswalk,,,0,2019
Indri_indri,Indri indri,Bulbus_olfactorius,Bulbus_olfactorius_Vol.mm3,crosswalk_exact,168,resolved_unique,Stephan_etal_1981_TableV,"Stephan, Frahm & Baron 1981 (Folia Primatol 35:1-29)",Stephan_etal_1981_TableV,1,Stephan et al 1981,,,NA,direct_same_structure_unique,,,144,2019
Indri_indri,Indri indri,Bulbus_olfactorius_accessorius,Bulbus_olfactorius_accessorius_Vol.mm3,crosswalk_exact,2.32,resolved_unique,Stephan_etal_1981_TableV,"Stephan, Frahm & Baron 1981 (Folia Primatol 35:1-29)",Stephan_etal_1981_TableV,1,Stephan et al 1981,,,NA,direct_same_structure_unique,,,144,2019
Indri_indri,Indri indri,Cerebellar_nuclei_total,Cerebellar_nuclei_total_Vol.mm3,crosswalk_exact,141.3,resolved_unique,Matano_etal_1985_a_Table1,Matano et al. 1985 (Folia Primatol 44:182-203),Matano_etal_1985_a_Table1,1,NA,,,NA,direct_same_structure_unique,,,220,2019
Indri_indri,Indri indri,Cerebellum,Cerebellum_Vol.mm3,crosswalk_exact,5504,resolved_unique,Stephan_etal_1981_TableII,"Stephan, Frahm & Baron 1981 (Folia Primatol 35:1-29)",Stephan_etal_1981_TableII,1,Stephan et al 1981; Zilles and Rehkamper 1988,,,NA,direct_same_structure_unique,,,162,2019
Indri_indri,Indri indri,Corpus.pineale,Corpus_pineal_Vol.mm3,crosswalk_exact,5.63,resolved_unique,Stephan_etal_1981_TableXV,"Stephan, Frahm & Baron 1981 (Folia Primatol 35:1-29)",Stephan_etal_1981_TableXV,1,Stephan et al 1981,,,NA,direct_same_structure_unique,,,88,2019
Indri_indri,Indri indri,Corpus.subcommissurale,Corpus_subcommissurale_Vol.mm3,crosswalk_exact,0.37,resolved_unique,Stephan_etal_1981_TableXV,"Stephan, Frahm & Baron 1981 (Folia Primatol 35:1-29)",Stephan_etal_1981_TableXV,1,Stephan et al 1981,,,NA,direct_same_structure_unique,,,88,2019
Indri_indri,Indri indri,Corpus.subfornicale,Corpus_subfornicale_Vol.mm3,crosswalk_exact,0.55,resolved_unique,Stephan_etal_1981_TableXV,"Stephan, Frahm & Baron 1981 (Folia Primatol 35:1-29)",Stephan_etal_1981_TableXV,1,Stephan et al 1981,,,NA,direct_same_structure_unique,,,88,2019
Indri_indri,Indri indri,Diencephalon,Diencephalon_Vol.mm3,crosswalk_exact,2911,resolved_unique,Stephan_etal_1981_TableII,"Stephan, Frahm & Baron 1981 (Folia Primatol 35:1-29)",Stephan_etal_1981_TableII,1,Stephan et al 1981; Zilles and Rehkamper 1988,,,NA,direct_same_structure_unique,,,162,2019
Indri_indri,Indri indri,Dysgranular_volume_L,Dysgranular_insular_cortex_left_Vol.mm3,crosswalk_exact,85,resolved_unique,Bauernfeind_etal_2013_Table1,Bauernfeind et al. 2013 (J Hum Evol 64:263-279),Bauernfeind_etal_2013_Table1,1,Bauernfeind et al 2013,,,NA,direct_same_structure_unique,,,181,2019
Indri_indri,Indri indri,Granular_volume_L,Granular_insular_cortex_left_Vol.mm3,crosswalk_exact,50,resolved_unique,Bauernfeind_etal_2013_Table1,Bauernfeind et al. 2013 (J Hum Evol 64:263-279),Bauernfeind_etal_2013_Table1,1,Bauernfeind et al 2013,,,NA,direct_same_structure_unique,,,181,2019
Indri_indri,Indri indri,Hippocampus,Hippocampus_Vol.mm3,crosswalk_exact,1520,resolved_unique,Stephan_etal_1981_TableV,"Stephan, Frahm & Baron 1981 (Folia Primatol 35:1-29)",Stephan_etal_1981_TableV,1,Stephan et al 1981; Zilles and Rehkamper 1988,,,NA,direct_same_structure_unique,,,144,2019
Indri_indri,Indri indri,Interpositus_cerebellar_nuclei,Interpositus_cerebellar_nuclei_Vol.mm3,crosswalk_exact,46.96,resolved_unique,Matano_etal_1985_a_Table1,Matano et al. 1985 (Folia Primatol 44:182-203),Matano_etal_1985_a_Table1,1,NA,,,NA,direct_same_structure_unique,,,220,2019
Indri_indri,Indri indri,LGN_Sousa,Corpus_geniculatum_laterale_Vol.mm3,crosswalk_exact,94.5,resolved_fallback_metadata,deSousa_etal_2010_SupTable2,de Sousa et al. 2010 (J Hum Evol 58:281-292),Stephan_etal_1984_Table1; deSousa_etal_2010_SupTable2; Frahm_etal_1998_Table1,2,de Sousa et al 2010; de Sousa et al 2013,,,Evo-M1 value matches Stephan_etal_1984_Table1 (not the metadata source); attributed to metadata source; see source_hunt,metadata_tables_near_perfect,deSousa_etal_2010_SupTable2; Frahm_etal_1998_Table1; Stephan_etal_1984_Table1; deSousa_etal_2010 [restricted: Visual_volumes.xlsx]; deSousa_etal_2010 [restricted: deSousa_2010.csv],deSousa_etal_2010_SupTable2 = 95 (Corpus_geniculatum_laterale_Vol.mm3; 0.53%; scale 1; 0 prior contributions),0,2019
Indri_indri,Indri indri,Lateral_cerebellar_nuclei,Lateral_cerebellar_nuclei_Vol.mm3,crosswalk_exact,56.31,resolved_unique,Matano_etal_1985_a_Table1,Matano et al. 1985 (Folia Primatol 44:182-203),Matano_etal_1985_a_Table1,1,NA,,,NA,direct_same_structure_unique,,,220,2019
Indri_indri,Indri indri,Lobus_piriformis,Lobus_piriformis_Vol.mm3,crosswalk_exact,838,resolved_unique,Stephan_etal_1981_TableV,"Stephan, Frahm & Baron 1981 (Folia Primatol 35:1-29)",Stephan_etal_1981_TableV,1,Stephan et al 1981; Zilles and Rehkamper 1988,,,NA,direct_same_structure_unique,,,144,2019
Indri_indri,Indri indri,Medial_cerebellar_nuclei,Medial_cerebellar_nuclei_Vol.mm3,crosswalk_exact,38.03,resolved_unique,Matano_etal_1985_a_Table1,Matano et al. 1985 (Folia Primatol 44:182-203),Matano_etal_1985_a_Table1,1,NA,,,NA,direct_same_structure_unique,,,220,2019
Indri_indri,Indri indri,Medulla_oblongata,Medulla_oblongata_Vol.mm3,crosswalk_exact,1342,resolved_unique,Stephan_etal_1981_TableII,"Stephan, Frahm & Baron 1981 (Folia Primatol 35:1-29)",Stephan_etal_1981_TableII,1,Stephan et al 1981; Zilles and Rehkamper 1988,,,NA,direct_same_structure_unique,,,162,2019
Indri_indri,Indri indri,Meninges_hypophysis_nerves_etc,NA,no_defensible_volume_key,354,metadata_only,NA,NA,,0,Stephan et al 1981,,,NA,metadata_only_no_volume_crosswalk,,,0,2019
Indri_indri,Indri indri,Mesencephalon,Mesencephalon_Vol.mm3,crosswalk_exact,978,resolved_unique,Stephan_etal_1981_TableII,"Stephan, Frahm & Baron 1981 (Folia Primatol 35:1-29)",Stephan_etal_1981_TableII,1,Stephan et al 1981; Zilles and Rehkamper 1988,,,NA,direct_same_structure_unique,,,162,2019
Indri_indri,Indri indri,NeoG_Frahm,Neocortex_grey_matter_Vol.mm3,crosswalk_exact,15891,resolved_unique,Frahm_etal_1982_Table2,"Frahm, Stephan & Stephan 1982 (J Hirnforsch 23:375-389)",Frahm_etal_1982_Table2,1,Frahm et al 1992; Zilles and Rehkamper 1988,,,NA,direct_same_structure_unique,,,46,2019
Indri_indri,Indri indri,NeoWG,Neocortex_Vol.mm3,crosswalk_exact,20114,resolved_multiple,Stephan_etal_1981_TableV,"Stephan, Frahm & Baron 1981 (Folia Primatol 35:1-29)",Frahm_etal_1982_Table2; Stephan_etal_1981_TableV,2,Stephan et al 1981; Zilles and Rehkamper 1988,,,NA,direct_same_structure_multiple,,,144,2019
Indri_indri,Indri indri,NeoW_Frahm,Neocortex_white_matter_Vol.mm3,crosswalk_exact,4223,resolved_unique,Frahm_etal_1982_Table2,"Frahm, Stephan & Stephan 1982 (J Hirnforsch 23:375-389)",Frahm_etal_1982_Table2,1,Frahm et al 1992; Zilles and Rehkamper 1988,,,NA,direct_same_structure_unique,,,46,2019
Indri_indri,Indri indri,Nucleus.habenularis.medialis,Nucleus_habenularis_medialis_Vol.mm3,crosswalk_exact,7.15,resolved_unique,Stephan_etal_1981_TableXV,"Stephan, Frahm & Baron 1981 (Folia Primatol 35:1-29)",Stephan_etal_1981_TableXV,1,Stephan et al 1981,,,NA,direct_same_structure_unique,,,88,2019
Indri_indri,Indri indri,Nucleus.septalis.triangularis,Nucleus_septalis_triangularis_Vol.mm3,crosswalk_exact,4.96,resolved_unique,Stephan_etal_1981_TableXV,"Stephan, Frahm & Baron 1981 (Folia Primatol 35:1-29)",Stephan_etal_1981_TableXV,1,Stephan et al 1981,,,NA,direct_same_structure_unique,,,88,2019
Indri_indri,Indri indri,Pons,Ventral_pons_Vol.mm3,Matano ventral pons,186.3,resolved_unique,Matano_etal_1985_b_Table1,Matano et al. 1985 (Folia Primatol 44:182-203),Matano_etal_1985_b_Table1,1,Matano et al 1985; Zilles and Rehkamper 1988,,,NA,direct_same_structure_unique,,,40,2019
Indri_indri,Indri indri,Schizocortex,Schizo_cortex_Vol.mm3,crosswalk_exact,848,resolved_unique,Stephan_etal_1981_TableV,"Stephan, Frahm & Baron 1981 (Folia Primatol 35:1-29)",Stephan_etal_1981_TableV,1,Stephan et al 1981,,,NA,direct_same_structure_unique,,,144,2019
Indri_indri,Indri indri,Septum,Septum_Vol.mm3,crosswalk_exact,205,resolved_unique,Stephan_etal_1981_TableV,"Stephan, Frahm & Baron 1981 (Folia Primatol 35:1-29)",Stephan_etal_1981_TableV,1,Stephan et al 1981; Zilles and Rehkamper 1988,,,NA,direct_same_structure_unique,,,144,2019
Indri_indri,Indri indri,Striatum,Striatum_Vol.mm3,crosswalk_exact,1855,resolved_unique,Stephan_etal_1981_TableV,"Stephan, Frahm & Baron 1981 (Folia Primatol 35:1-29)",Stephan_etal_1981_TableV,1,Stephan et al 1981; Zilles and Rehkamper 1988,,,NA,direct_same_structure_unique,,,144,2019
Indri_indri,Indri indri,Telencephalon,Telencephalon_Vol.mm3,crosswalk_exact,25551,resolved_unique,Stephan_etal_1981_TableII,"Stephan, Frahm & Baron 1981 (Folia Primatol 35:1-29)",Stephan_etal_1981_TableII,1,Stephan et al 1981; Zilles and Rehkamper 1988,,,NA,direct_same_structure_unique,,,162,2019
Indri_indri,Indri indri,Total_brain_net_volume,Total_brain_net_volume_Vol.mm3,crosswalk_exact,36285,resolved_unique,Stephan_etal_1981_TableII,"Stephan, Frahm & Baron 1981 (Folia Primatol 35:1-29)",Stephan_etal_1981_TableII,2,Stephan et al 1981,,,NA,direct_same_structure_unique,,,162,2019
Indri_indri,Indri indri,Total_insula_volume_L,Insula_left_Vol.mm3,crosswalk_exact,167,resolved_unique,Bauernfeind_etal_2013_Table1,Bauernfeind et al. 2013 (J Hum Evol 64:263-279),Bauernfeind_etal_2013_Table1,1,Bauernfeind et al 2013,,,NA,direct_same_structure_unique,,,181,2019
Indri_indri,Indri indri,Ventricles,Ventricles_Vol.mm3,crosswalk_exact,330,resolved_unique,Stephan_etal_1981_TableII,"Stephan, Frahm & Baron 1981 (Folia Primatol 35:1-29)",Stephan_etal_1981_TableII,1,Stephan et al 1981,,,NA,direct_same_structure_unique,,,162,2019
Lagothrix_lagotricha,Lagothrix lagothricha,ASG_Sousa,Area_striata_grey_matter_Vol.mm3,crosswalk_exact,4856,resolved_fallback_restricted,deSousa_etal_2010 [restricted: deSousa_2010.csv],de Sousa et al. 2010 (J Hum Evol 58:281-292),Frahm_etal_1984_Table1; Smaers_etal_2017_TableS1part1; deSousa_etal_2010 [restricted: deSousa_2010.csv],1,de Sousa et al 2010,,,Evo-M1 value matches Frahm_etal_1984_Table1 (not the metadata source); attributed to metadata source; see source_hunt,restricted_documents_near_perfect,Smaers_etal_2017_TableS1part1; Frahm_etal_1984_Table1; deSousa_etal_2010 [restricted: deSousa_2010.csv]; Stephan_etal_1981 [restricted: Stephan_1981.csv],deSousa_etal_2010 [restricted: deSousa_2010.csv] = 4856 (0.00%; scale 1; restricted_checks/deSousa_etal_2010/comparison/deSousa_2010.csv R48C2; 0 prior contributions),0,2019
Lagothrix_lagotricha,Lagothrix lagothricha,Body_weight,Body_Mass.g,crosswalk_exact,5200,resolved_multiple,Stephan_etal_1981_TableIII,"Stephan, Frahm & Baron 1981 (Folia Primatol 35:1-29)",Matano__1986_TableI; Matano_etal_1985_a_Table1; Matano_etal_1985_b_Table1; Stephan_etal_1981_TableIII; Stephan_etal_1988_TABLE1,5,Stephan et al 1981; Zilles and Rehkamper 1988; Bauernfeind et al 2013,,,NA,direct_same_structure_multiple,,,243,2019
Lagothrix_lagotricha,Lagothrix lagothricha,Body_weight_1985a,Body_Mass.g,crosswalk_exact,5200,resolved_multiple,Matano_etal_1985_a_Table1,Matano et al. 1985 (Folia Primatol 44:182-203),Matano__1986_TableI; Matano_etal_1985_a_Table1; Matano_etal_1985_b_Table1; Stephan_etal_1981_TableIII; Stephan_etal_1988_TABLE1,5,NA,,,NA,direct_same_structure_multiple,,,220,2019
Lagothrix_lagotricha,Lagothrix lagothricha,Brain_weight,Brain_Mass.mg,crosswalk_exact,101000,resolved_multiple,Stephan_etal_1981_TableIII,"Stephan, Frahm & Baron 1981 (Folia Primatol 35:1-29)",Stephan_etal_1981_TableIII; Stephan_etal_1988_TABLE1,2,Stephan et al 1981; Zilles and Rehkamper 1988; Bauernfeind et al 2013,,,NA,direct_same_structure_multiple,,,243,2019
Lagothrix_lagotricha,Lagothrix lagothricha,Brainvol,NA,no_defensible_volume_key,97490.35,metadata_only,NA,NA,,0,de Sousa et al 2010; Stephan et al 1981,,,NA,metadata_only_no_volume_crosswalk,,,0,2019
Lagothrix_lagotricha,Lagothrix lagothricha,Bulbus_olfactorius,Bulbus_olfactorius_Vol.mm3,crosswalk_exact,73.4,resolved_unique,Stephan_etal_1981_TableVI,"Stephan, Frahm & Baron 1981 (Folia Primatol 35:1-29)",Stephan_etal_1981_TableVI,1,Stephan et al 1981,,,NA,direct_same_structure_unique,,,215,2019
Lagothrix_lagotricha,Lagothrix lagothricha,Bulbus_olfactorius_accessorius,Bulbus_olfactorius_accessorius_Vol.mm3,crosswalk_exact,1.43,resolved_unique,Stephan_etal_1981_TableVI,"Stephan, Frahm & Baron 1981 (Folia Primatol 35:1-29)",Stephan_etal_1981_TableVI,1,Stephan et al 1981,,,NA,direct_same_structure_unique,,,215,2019
Lagothrix_lagotricha,Lagothrix lagothricha,Capsula_interna,Capsula_interna_Vol.mm3,crosswalk_exact,612,resolved_unique,Stephan_etal_1981_TableVIII,"Stephan, Frahm & Baron 1981 (Folia Primatol 35:1-29)",Stephan_etal_1981_TableVIII,1,Stephan et al 1981,,,NA,direct_same_structure_unique,,,200,2019
Lagothrix_lagotricha,Lagothrix lagothricha,Cerebellar_nuclei_total,Cerebellar_nuclei_total_Vol.mm3,crosswalk_exact,212.95,resolved_unique,Matano_etal_1985_a_Table1,Matano et al. 1985 (Folia Primatol 44:182-203),Matano_etal_1985_a_Table1,1,NA,,,NA,direct_same_structure_unique,,,220,2019
Lagothrix_lagotricha,Lagothrix lagothricha,Cerebellum,Cerebellum_Vol.mm3,crosswalk_exact,11268,resolved_unique,Stephan_etal_1981_TableIII,"Stephan, Frahm & Baron 1981 (Folia Primatol 35:1-29)",Stephan_etal_1981_TableIII,1,Stephan et al 1981; Zilles and Rehkamper 1988,,,NA,direct_same_structure_unique,,,243,2019
Lagothrix_lagotricha,Lagothrix lagothricha,Complexus.vestibularis,Complexus_vestibularis_unilateral_Vol.mm3,crosswalk_exact,53,resolved_multiple,Stephan_etal_1981_TableXIII,"Stephan, Frahm & Baron 1981 (Folia Primatol 35:1-29)",Matano__1986_TableI; Stephan_etal_1981_TableXIII,2,Stephan et al 1981,,,NA,direct_same_structure_multiple,,,129,2019
Lagothrix_lagotricha,Lagothrix lagothricha,Corpus.pineale,Corpus_pineal_Vol.mm3,crosswalk_exact,10.6,resolved_unique,Stephan_etal_1981_TableXVI,"Stephan, Frahm & Baron 1981 (Folia Primatol 35:1-29)",Stephan_etal_1981_TableXVI,1,Stephan et al 1981,,,NA,direct_same_structure_unique,,,103,2019
Lagothrix_lagotricha,Lagothrix lagothricha,Corpus.subcommissurale,Corpus_subcommissurale_Vol.mm3,crosswalk_exact,0.89,resolved_unique,Stephan_etal_1981_TableXVI,"Stephan, Frahm & Baron 1981 (Folia Primatol 35:1-29)",Stephan_etal_1981_TableXVI,1,Stephan et al 1981,,,NA,direct_same_structure_unique,,,103,2019
Lagothrix_lagotricha,Lagothrix lagothricha,Corpus.subfornicale,Corpus_subfornicale_Vol.mm3,crosswalk_exact,0.58,resolved_unique,Stephan_etal_1981_TableXVI,"Stephan, Frahm & Baron 1981 (Folia Primatol 35:1-29)",Stephan_etal_1981_TableXVI,1,Stephan et al 1981,,,NA,direct_same_structure_unique,,,103,2019
Lagothrix_lagotricha,Lagothrix lagothricha,Diencephalon,Diencephalon_Vol.mm3,crosswalk_exact,5721,resolved_unique,Stephan_etal_1981_TableIII,"Stephan, Frahm & Baron 1981 (Folia Primatol 35:1-29)",Stephan_etal_1981_TableIII,1,Stephan et al 1981; Zilles and Rehkamper 1988,,,NA,direct_same_structure_unique,,,243,2019
Lagothrix_lagotricha,Lagothrix lagothricha,Epithalamus,Epithalamus_Vol.mm3,crosswalk_exact,31,resolved_unique,Stephan_etal_1981_TableVIII,"Stephan, Frahm & Baron 1981 (Folia Primatol 35:1-29)",Stephan_etal_1981_TableVIII,1,Stephan et al 1981,,,NA,direct_same_structure_unique,,,200,2019
Lagothrix_lagotricha,Lagothrix lagothricha,Frontal.motor,FrontalMotor_white_matter_Vol.mm3,crosswalk_exact,1.63,resolved_fallback_metadata,Smaers_etal_2017_TableS1part1,"Smaers et al. 2017 (Curr Biol 27:714-720, Table S1)",Smaers_etal_2017_TableS1part1,0,Smaers et al 2017,,,NA,metadata_tables_near_perfect,Smaers_etal_2017_TableS1part1,Smaers_etal_2017_TableS1part1 = 1625 (FrontalMotor_white_matter_Vol.mm3; 0.31%; scale 0.001; 0 prior contributions),0,2019
Lagothrix_lagotricha,Lagothrix lagothricha,Frontal.motor.Gray,FrontalMotor_grey_matter_Vol.mm3,crosswalk_exact,2.43,resolved_fallback_metadata,Smaers_etal_2017_TableS1part1,"Smaers et al. 2017 (Curr Biol 27:714-720, Table S1)",Smaers_etal_2017_TableS1part1,0,Smaers et al 2017,,,NA,metadata_tables_near_perfect,Smaers_etal_2017_TableS1part1; Smaers_etal_2017 [restricted: Smaers.csv],Smaers_etal_2017_TableS1part1 = 2434 (FrontalMotor_grey_matter_Vol.mm3; 0.16%; scale 0.001; 0 prior contributions),0,2019
Lagothrix_lagotricha,Lagothrix lagothricha,Hippocampus,Hippocampus_Vol.mm3,crosswalk_exact,1586,resolved_unique,Stephan_etal_1981_TableVI,"Stephan, Frahm & Baron 1981 (Folia Primatol 35:1-29)",Stephan_etal_1981_TableVI,1,Stephan et al 1981; Zilles and Rehkamper 1988,,,NA,direct_same_structure_unique,,,215,2019
Lagothrix_lagotricha,Lagothrix lagothricha,Hypothalamus,Hypothalamus_Vol.mm3,crosswalk_exact,624,resolved_unique,Stephan_etal_1981_TableVIII,"Stephan, Frahm & Baron 1981 (Folia Primatol 35:1-29)",Stephan_etal_1981_TableVIII,1,Stephan et al 1981,,,NA,direct_same_structure_unique,,,200,2019
Lagothrix_lagotricha,Lagothrix lagothricha,Interpositus_cerebellar_nuclei,Interpositus_cerebellar_nuclei_Vol.mm3,crosswalk_exact,60.23,resolved_unique,Matano_etal_1985_a_Table1,Matano et al. 1985 (Folia Primatol 44:182-203),Matano_etal_1985_a_Table1,1,NA,,,NA,direct_same_structure_unique,,,220,2019
Lagothrix_lagotricha,Lagothrix lagothricha,LGN_Sousa,Corpus_geniculatum_laterale_Vol.mm3,crosswalk_exact,164,resolved_fallback_restricted,deSousa_etal_2010 [restricted: deSousa_2010.csv],de Sousa et al. 2010 (J Hum Evol 58:281-292),Stephan_etal_1984_Table1; deSousa_etal_2010 [restricted: deSousa_2010.csv],2,de Sousa et al 2010; de Sousa et al 2013,,,Evo-M1 value matches Stephan_etal_1984_Table1 (not the metadata source); attributed to metadata source; see source_hunt,restricted_documents_near_perfect,Stephan_etal_1984_Table1; deSousa_etal_2010 [restricted: deSousa_2010.csv],deSousa_etal_2010 [restricted: deSousa_2010.csv] = 164 (0.00%; scale 1; restricted_checks/deSousa_etal_2010/comparison/deSousa_2010.csv R48C6; 0 prior contributions),0,2019
Lagothrix_lagotricha,Lagothrix lagothricha,Lateral_cerebellar_nuclei,Lateral_cerebellar_nuclei_Vol.mm3,crosswalk_exact,108.57,resolved_unique,Matano_etal_1985_a_Table1,Matano et al. 1985 (Folia Primatol 44:182-203),Matano_etal_1985_a_Table1,1,NA,,,NA,direct_same_structure_unique,,,220,2019
Lagothrix_lagotricha,Lagothrix lagothricha,Lobus_piriformis,Lobus_piriformis_Vol.mm3,crosswalk_exact,1395,resolved_unique,Stephan_etal_1981_TableVI,"Stephan, Frahm & Baron 1981 (Folia Primatol 35:1-29)",Stephan_etal_1981_TableVI,1,Stephan et al 1981; Zilles and Rehkamper 1988,,,NA,direct_same_structure_unique,,,215,2019
Lagothrix_lagotricha,Lagothrix lagothricha,Medial_cerebellar_nuclei,Medial_cerebellar_nuclei_Vol.mm3,crosswalk_exact,44.15,resolved_unique,Matano_etal_1985_a_Table1,Matano et al. 1985 (Folia Primatol 44:182-203),Matano_etal_1985_a_Table1,1,NA,,,NA,direct_same_structure_unique,,,220,2019
Lagothrix_lagotricha,Lagothrix lagothricha,Medulla_oblongata,Medulla_oblongata_Vol.mm3,crosswalk_exact,2110,resolved_unique,Stephan_etal_1981_TableIII,"Stephan, Frahm & Baron 1981 (Folia Primatol 35:1-29)",Stephan_etal_1981_TableIII,1,Stephan et al 1981; Zilles and Rehkamper 1988,,,NA,direct_same_structure_unique,,,243,2019
Lagothrix_lagotricha,Lagothrix lagothricha,Meninges_hypophysis_nerves_etc,NA,no_defensible_volume_key,897,metadata_only,NA,NA,,0,Stephan et al 1981,,,NA,metadata_only_no_volume_crosswalk,,,0,2019
Lagothrix_lagotricha,Lagothrix lagothricha,Mesencephalon,Mesencephalon_Vol.mm3,crosswalk_exact,1582,resolved_unique,Stephan_etal_1981_TableIII,"Stephan, Frahm & Baron 1981 (Folia Primatol 35:1-29)",Stephan_etal_1981_TableIII,1,Stephan et al 1981; Zilles and Rehkamper 1988,,,NA,direct_same_structure_unique,,,243,2019
Lagothrix_lagotricha,Lagothrix lagothricha,NeoG_Frahm,Neocortex_grey_matter_Vol.mm3,crosswalk_exact,49147,resolved_unique,Frahm_etal_1982_Table2,"Frahm, Stephan & Stephan 1982 (J Hirnforsch 23:375-389)",Frahm_etal_1982_Table2,1,Frahm et al 1992; Zilles and Rehkamper 1988,,,NA,direct_same_structure_unique,,,46,2019
Lagothrix_lagotricha,Lagothrix lagothricha,NeoWG,Neocortex_Vol.mm3,crosswalk_exact,65873,resolved_multiple,Stephan_etal_1981_TableVI,"Stephan, Frahm & Baron 1981 (Folia Primatol 35:1-29)",Frahm_etal_1982_Table2; Stephan_etal_1981_TableVI,2,Stephan et al 1981; Zilles and Rehkamper 1988,,,NA,direct_same_structure_multiple,,,215,2019
Lagothrix_lagotricha,Lagothrix lagothricha,NeoW_Frahm,Neocortex_white_matter_Vol.mm3,crosswalk_exact,16727,resolved_unique,Frahm_etal_1982_Table2,"Frahm, Stephan & Stephan 1982 (J Hirnforsch 23:375-389)",Frahm_etal_1982_Table2,1,Frahm et al 1992; Zilles and Rehkamper 1988,,,NA,direct_same_structure_unique,,,46,2019
Lagothrix_lagotricha,Lagothrix lagothricha,Nucleus.habenularis.medialis,Nucleus_habenularis_medialis_Vol.mm3,crosswalk_exact,7.01,resolved_unique,Stephan_etal_1981_TableXVI,"Stephan, Frahm & Baron 1981 (Folia Primatol 35:1-29)",Stephan_etal_1981_TableXVI,1,Stephan et al 1981,,,NA,direct_same_structure_unique,,,103,2019
Lagothrix_lagotricha,Lagothrix lagothricha,Nucleus.septalis.triangularis,Nucleus_septalis_triangularis_Vol.mm3,crosswalk_exact,2.6,resolved_unique,Stephan_etal_1981_TableXVI,"Stephan, Frahm & Baron 1981 (Folia Primatol 35:1-29)",Stephan_etal_1981_TableXVI,1,Stephan et al 1981,,,NA,direct_same_structure_unique,,,103,2019
Lagothrix_lagotricha,Lagothrix lagothricha,Nucleus.vestibularis.descendens,Nucleus_vestibularis_descendens_unilateral_Vol.mm3,crosswalk_exact,14.1,resolved_multiple,Stephan_etal_1981_TableXIII,"Stephan, Frahm & Baron 1981 (Folia Primatol 35:1-29)",Matano__1986_TableI; Stephan_etal_1981_TableXIII,2,Stephan et al 1981,,,NA,direct_same_structure_multiple,,,129,2019
Lagothrix_lagotricha,Lagothrix lagothricha,Nucleus.vestibularis.lateralis,Nucleus_vestibularis_lateralis_unilateral_Vol.mm3,crosswalk_exact,6.94,resolved_multiple,Stephan_etal_1981_TableXIII,"Stephan, Frahm & Baron 1981 (Folia Primatol 35:1-29)",Matano__1986_TableI; Stephan_etal_1981_TableXIII,2,Stephan et al 1981,,,NA,direct_same_structure_multiple,,,129,2019
Lagothrix_lagotricha,Lagothrix lagothricha,Nucleus.vestibularis.medialis,Nucleus_vestibularis_medialis_unilateral_Vol.mm3,crosswalk_exact,23,resolved_multiple,Stephan_etal_1981_TableXIII,"Stephan, Frahm & Baron 1981 (Folia Primatol 35:1-29)",Matano__1986_TableI; Stephan_etal_1981_TableXIII,2,Stephan et al 1981,,,NA,direct_same_structure_multiple,,,129,2019
Lagothrix_lagotricha,Lagothrix lagothricha,Nucleus.vestibularis.superior,Nucleus_vestibularis_superior_unilateral_Vol.mm3,crosswalk_exact,9.07,resolved_multiple,Stephan_etal_1981_TableXIII,"Stephan, Frahm & Baron 1981 (Folia Primatol 35:1-29)",Matano__1986_TableI; Stephan_etal_1981_TableXIII,2,Stephan et al 1981,,,NA,direct_same_structure_multiple,,,129,2019
Lagothrix_lagotricha,Lagothrix lagothricha,Nucleus_subthalamicus,Nucleus_subthalamicus_Vol.mm3,crosswalk_exact,63.8,resolved_unique,Stephan_etal_1981_TableVIII,"Stephan, Frahm & Baron 1981 (Folia Primatol 35:1-29)",Stephan_etal_1981_TableVIII,1,Stephan et al 1981,,,NA,direct_same_structure_unique,,,200,2019
Lagothrix_lagotricha,Lagothrix lagothricha,Other.cortical.association.areas.Gray,AssociationCortex_grey_matter_Vol.mm3,crosswalk_exact,24.19,resolved_fallback_metadata,Smaers_etal_2017_TableS1part1,"Smaers et al. 2017 (Curr Biol 27:714-720, Table S1)",Smaers_etal_2017_TableS1part1,0,Smaers et al 2017,,,NA,metadata_tables_near_perfect,Smaers_etal_2017_TableS1part1; Smaers_etal_2017 [restricted: Smaers.csv],Smaers_etal_2017_TableS1part1 = 24188 (AssociationCortex_grey_matter_Vol.mm3; 0.01%; scale 0.001; 0 prior contributions),0,2019
Lagothrix_lagotricha,Lagothrix lagothricha,Other.cortical.association.areas.White,AssociationCortex_white_matter_Vol.mm3,crosswalk_exact,12.5,resolved_fallback_metadata,Smaers_etal_2017_TableS1part1,"Smaers et al. 2017 (Curr Biol 27:714-720, Table S1)",Smaers_etal_2017_TableS1part1,0,Smaers et al 2017,,,NA,metadata_tables_near_perfect,Smaers_etal_2017_TableS1part1; Smaers_etal_2017 [restricted: Smaers.csv],Smaers_etal_2017_TableS1part1 = 12496 (AssociationCortex_white_matter_Vol.mm3; 0.03%; scale 0.001; 0 prior contributions),0,2019
Lagothrix_lagotricha,Lagothrix lagothricha,Pallidum,Pallidum_Vol.mm3,crosswalk_exact,845,resolved_unique,Stephan_etal_1981_TableVIII,"Stephan, Frahm & Baron 1981 (Folia Primatol 35:1-29)",Stephan_etal_1981_TableVIII,1,Stephan et al 1981; Zilles and Rehkamper 1988,,,NA,direct_same_structure_unique,,,200,2019
Lagothrix_lagotricha,Lagothrix lagothricha,Prefrontal.Gray,PrefrontalCortex_grey_matter_Vol.mm3,crosswalk_exact,1.89,resolved_fallback_metadata,Smaers_etal_2017_TableS1part1,"Smaers et al. 2017 (Curr Biol 27:714-720, Table S1)",Smaers_etal_2017_TableS1part1; Smaers_etal_2011_SupplementaryTable2,0,Smaers et al 2017,,,NA,metadata_tables_near_perfect,Smaers_etal_2017_TableS1part1; Smaers_etal_2011_SupplementaryTable2; Smaers_etal_2017 [restricted: Smaers.csv],Smaers_etal_2017_TableS1part1 = 1887 (PrefrontalCortex_grey_matter_Vol.mm3; 0.16%; scale 0.001; 0 prior contributions),0,2019
Lagothrix_lagotricha,Lagothrix lagothricha,Prefrontal.White,PrefrontalCortex_white_matter_Vol.mm3,crosswalk_exact,0.23,resolved_fallback_metadata,Smaers_etal_2017_TableS1part1,"Smaers et al. 2017 (Curr Biol 27:714-720, Table S1)",Smaers_etal_2017_TableS1part1; Smaers_etal_2011_SupplementaryTable2,0,Smaers et al 2017,,,NA,metadata_tables_near_perfect,Smaers_etal_2017_TableS1part1; Smaers_etal_2011_SupplementaryTable2; Smaers_etal_2017 [restricted: Smaers.csv],Smaers_etal_2017_TableS1part1 = 226 (PrefrontalCortex_white_matter_Vol.mm3; 1.74%; scale 0.001; 0 prior contributions),0,2019
Lagothrix_lagotricha,Lagothrix lagothricha,Primary.visual.White.Smaers,Area_striata_white_matter_Vol.mm3,crosswalk_exact,1.23,resolved_fallback_metadata,Smaers_etal_2017_TableS1part1,"Smaers et al. 2017 (Curr Biol 27:714-720, Table S1)",Frahm_etal_1984_Table1; Smaers_etal_2017_TableS1part1,1,Smaers et al 2017,,,Evo-M1 value matches Frahm_etal_1984_Table1 (not the metadata source); attributed to metadata source; see source_hunt,metadata_tables_near_perfect,Smaers_etal_2017_TableS1part1; Frahm_etal_1984_Table1; Smaers_etal_2017 [restricted: Smaers.csv],Smaers_etal_2017_TableS1part1 = 1226 (Area_striata_white_matter_Vol.mm3; 0.33%; scale 0.001; 0 prior contributions),0,2019
Lagothrix_lagotricha,Lagothrix lagothricha,Schizocortex,Schizo_cortex_Vol.mm3,crosswalk_exact,680,resolved_unique,Stephan_etal_1981_TableVI,"Stephan, Frahm & Baron 1981 (Folia Primatol 35:1-29)",Stephan_etal_1981_TableVI,1,Stephan et al 1981,,,NA,direct_same_structure_unique,,,215,2019
Lagothrix_lagotricha,Lagothrix lagothricha,Septum,Septum_Vol.mm3,crosswalk_exact,266,resolved_unique,Stephan_etal_1981_TableVI,"Stephan, Frahm & Baron 1981 (Folia Primatol 35:1-29)",Stephan_etal_1981_TableVI,1,Stephan et al 1981; Zilles and Rehkamper 1988,,,NA,direct_same_structure_unique,,,215,2019
Lagothrix_lagotricha,Lagothrix lagothricha,Striatum,Striatum_Vol.mm3,crosswalk_exact,4947,resolved_unique,Stephan_etal_1981_TableVI,"Stephan, Frahm & Baron 1981 (Folia Primatol 35:1-29)",Stephan_etal_1981_TableVI,1,Stephan et al 1981; Zilles and Rehkamper 1988,,,NA,direct_same_structure_unique,,,215,2019
Lagothrix_lagotricha,Lagothrix lagothricha,Subthalamus,Subthalamus_Vol.mm3,crosswalk_exact,909,resolved_unique,Stephan_etal_1981_TableVIII,"Stephan, Frahm & Baron 1981 (Folia Primatol 35:1-29)",Stephan_etal_1981_TableVIII,1,Stephan et al 1981,,,NA,direct_same_structure_unique,,,200,2019
Lagothrix_lagotricha,Lagothrix lagothricha,Telencephalon,Telencephalon_Vol.mm3,crosswalk_exact,74822,resolved_unique,Stephan_etal_1981_TableIII,"Stephan, Frahm & Baron 1981 (Folia Primatol 35:1-29)",Stephan_etal_1981_TableIII,1,Stephan et al 1981; Zilles and Rehkamper 1988,,,NA,direct_same_structure_unique,,,243,2019
Lagothrix_lagotricha,Lagothrix lagothricha,Thalamus,Thalamus_Vol.mm3,crosswalk_exact,2959,resolved_unique,Stephan_etal_1981_TableVIII,"Stephan, Frahm & Baron 1981 (Folia Primatol 35:1-29)",Stephan_etal_1981_TableVIII,1,Stephan et al 1981,,,NA,direct_same_structure_unique,,,200,2019
Lagothrix_lagotricha,Lagothrix lagothricha,Total_brain_net_volume,Total_brain_net_volume_Vol.mm3,crosswalk_exact,95503,resolved_unique,Stephan_etal_1981_TableIII,"Stephan, Frahm & Baron 1981 (Folia Primatol 35:1-29)",Stephan_etal_1981_TableIII,1,Stephan et al 1981,,,NA,direct_same_structure_unique,,,243,2019
Lagothrix_lagotricha,Lagothrix lagothricha,Tractus_opticus,Tractus_opticus_Vol.mm3,crosswalk_exact,203,resolved_unique,Stephan_etal_1981_TableVIII,"Stephan, Frahm & Baron 1981 (Folia Primatol 35:1-29)",Stephan_etal_1981_TableVIII,1,Stephan et al 1981,,,NA,direct_same_structure_unique,,,200,2019
Lagothrix_lagotricha,Lagothrix lagothricha,Ventricles,Ventricles_Vol.mm3,crosswalk_exact,1090,resolved_unique,Stephan_etal_1981_TableIII,"Stephan, Frahm & Baron 1981 (Folia Primatol 35:1-29)",Stephan_etal_1981_TableIII,1,Stephan et al 1981,,,NA,direct_same_structure_unique,,,243,2019
Leontopithecus_rosalia,Leontopithecus rosalia,Agranular_volume_L,Agranular_insular_cortex_left_Vol.mm3,crosswalk_exact,12,resolved_unique,Bauernfeind_etal_2013_Table1,Bauernfeind et al. 2013 (J Hum Evol 64:263-279),Bauernfeind_etal_2013_Table1,1,Bauernfeind et al 2013,,,NA,direct_same_structure_unique,,,181,2019
Leontopithecus_rosalia,Leontopithecus rosalia,Body_mass,Body_Mass.g,crosswalk_exact,598,resolved_unique,Bauernfeind_etal_2013_Table1,Bauernfeind et al. 2013 (J Hum Evol 64:263-279),Bauernfeind_etal_2013_Table1,1,Bauernfeind et al 2013,,,NA,direct_same_structure_unique,,,181,2019
Leontopithecus_rosalia,Leontopithecus rosalia,Body_weight,Body_Mass.g,crosswalk_exact,598,resolved_unique,Bauernfeind_etal_2013_Table1,Bauernfeind et al. 2013 (J Hum Evol 64:263-279),Bauernfeind_etal_2013_Table1,1,Stephan et al 1981; Zilles and Rehkamper 1988; Bauernfeind et al 2013,,,NA,direct_same_structure_unique,,,181,2019
Leontopithecus_rosalia,Leontopithecus rosalia,Brain_mass,Brain_Mass.mg,crosswalk_exact,12700,resolved_unique,Bauernfeind_etal_2013_Table1,Bauernfeind et al. 2013 (J Hum Evol 64:263-279),Bauernfeind_etal_2013_Table1,1,Bauernfeind et al 2013,1000,,NA,direct_same_structure_unique,,,181,2019
Leontopithecus_rosalia,Leontopithecus rosalia,Brain_volume,NA,no_defensible_volume_key,12259,metadata_only,NA,NA,,0,Bauernfeind et al 2013,,,NA,metadata_only_no_volume_crosswalk,,,0,2019
Leontopithecus_rosalia,Leontopithecus rosalia,Brain_weight,Brain_Mass.mg,crosswalk_exact,12700,resolved_unique,Bauernfeind_etal_2013_Table1,Bauernfeind et al. 2013 (J Hum Evol 64:263-279),Bauernfeind_etal_2013_Table1,1,Stephan et al 1981; Zilles and Rehkamper 1988; Bauernfeind et al 2013,1000,,NA,direct_same_structure_unique,,,181,2019
Leontopithecus_rosalia,Leontopithecus rosalia,Dysgranular_volume_L,Dysgranular_insular_cortex_left_Vol.mm3,crosswalk_exact,21,resolved_unique,Bauernfeind_etal_2013_Table1,Bauernfeind et al. 2013 (J Hum Evol 64:263-279),Bauernfeind_etal_2013_Table1,1,Bauernfeind et al 2013,,,NA,direct_same_structure_unique,,,181,2019
Leontopithecus_rosalia,Leontopithecus rosalia,Granular_volume_L,Granular_insular_cortex_left_Vol.mm3,crosswalk_exact,4,resolved_unique,Bauernfeind_etal_2013_Table1,Bauernfeind et al. 2013 (J Hum Evol 64:263-279),Bauernfeind_etal_2013_Table1,1,Bauernfeind et al 2013,,,NA,direct_same_structure_unique,,,181,2019
Leontopithecus_rosalia,Leontopithecus rosalia,Total_insula_volume_L,Insula_left_Vol.mm3,crosswalk_exact,37,resolved_unique,Bauernfeind_etal_2013_Table1,Bauernfeind et al. 2013 (J Hum Evol 64:263-279),Bauernfeind_etal_2013_Table1,1,Bauernfeind et al 2013,,,NA,direct_same_structure_unique,,,181,2019
Lepilemur_ruficaudatus,Lepilemur ruficaudatus,ASG_Sousa,Area_striata_grey_matter_Vol.mm3,crosswalk_exact,326,resolved_fallback_restricted,deSousa_etal_2010 [restricted: Visual_volumes.xlsx],de Sousa et al. 2010 (J Hum Evol 58:281-292),Frahm_etal_1984_Table1; deSousa_etal_2010 [restricted: Visual_volumes.xlsx],1,de Sousa et al 2010,1000,,Evo-M1 value matches Frahm_etal_1984_Table1 (not the metadata source); attributed to metadata source; see source_hunt,restricted_documents_near_perfect,Frahm_etal_1984_Table1; deSousa_etal_2010 [restricted: Visual_volumes.xlsx]; deSousa_etal_2010 [restricted: deSousa_2010.csv]; Stephan_etal_1981 [restricted: Stephan_1981.csv],deSousa_etal_2010 [restricted: Visual_volumes.xlsx] = 0.326 (0.00%; scale 1000; restricted_checks/deSousa_etal_2010/comparison/Visual_volumes.xlsx R36C5; 0 prior contributions),0,2019
Lepilemur_ruficaudatus,Lepilemur ruficaudatus,Amygdala,Amygdala_Vol.mm3,crosswalk_exact,133,resolved_unique,Stephan_etal_1981_TableXI,"Stephan, Frahm & Baron 1981 (Folia Primatol 35:1-29)",Stephan_etal_1981_TableXI,1,Stephan et al 1981; Zilles and Rehkamper 1988,,,NA,direct_same_structure_unique,,,100,2019
Lepilemur_ruficaudatus,Lepilemur ruficaudatus,Body_weight,Body_Mass.g,crosswalk_exact,915,resolved_multiple,Stephan_etal_1981_TableII,"Stephan, Frahm & Baron 1981 (Folia Primatol 35:1-29)",Matano__1986_TableI; Matano_etal_1985_a_Table1; Matano_etal_1985_b_Table1; Stephan_etal_1981_TableII; Stephan_etal_1988_TABLE1,5,Stephan et al 1981; Zilles and Rehkamper 1988; Bauernfeind et al 2013,,,NA,direct_same_structure_multiple,,,162,2019
Lepilemur_ruficaudatus,Lepilemur ruficaudatus,Body_weight_1985a,Body_Mass.g,crosswalk_exact,915,resolved_multiple,Matano_etal_1985_a_Table1,Matano et al. 1985 (Folia Primatol 44:182-203),Matano__1986_TableI; Matano_etal_1985_a_Table1; Matano_etal_1985_b_Table1; Stephan_etal_1981_TableII; Stephan_etal_1988_TABLE1,5,NA,,,NA,direct_same_structure_multiple,,,220,2019
Lepilemur_ruficaudatus,Lepilemur ruficaudatus,Brain_weight,Brain_Mass.mg,crosswalk_exact,7600,resolved_multiple,Stephan_etal_1981_TableII,"Stephan, Frahm & Baron 1981 (Folia Primatol 35:1-29)",Stephan_etal_1981_TableII; Stephan_etal_1988_TABLE1,2,Stephan et al 1981; Zilles and Rehkamper 1988; Bauernfeind et al 2013,,,NA,direct_same_structure_multiple,,,162,2019
Lepilemur_ruficaudatus,Lepilemur ruficaudatus,Brainvol,NA,no_defensible_volume_key,7335.91,metadata_only,NA,NA,,0,de Sousa et al 2010; Stephan et al 1981,,,NA,metadata_only_no_volume_crosswalk,,,0,2019
Lepilemur_ruficaudatus,Lepilemur ruficaudatus,Bulbus_olfactorius,Bulbus_olfactorius_Vol.mm3,crosswalk_exact,113,resolved_unique,Stephan_etal_1981_TableV,"Stephan, Frahm & Baron 1981 (Folia Primatol 35:1-29)",Stephan_etal_1981_TableV,1,Stephan et al 1981,,,NA,direct_same_structure_unique,,,144,2019
Lepilemur_ruficaudatus,Lepilemur ruficaudatus,Bulbus_olfactorius_accessorius,Bulbus_olfactorius_accessorius_Vol.mm3,crosswalk_exact,2.72,resolved_unique,Stephan_etal_1981_TableV,"Stephan, Frahm & Baron 1981 (Folia Primatol 35:1-29)",Stephan_etal_1981_TableV,1,Stephan et al 1981,,,NA,direct_same_structure_unique,,,144,2019
Lepilemur_ruficaudatus,Lepilemur ruficaudatus,Capsula_interna,Capsula_interna_Vol.mm3,crosswalk_exact,63,resolved_unique,Stephan_etal_1981_TableVIII,"Stephan, Frahm & Baron 1981 (Folia Primatol 35:1-29)",Stephan_etal_1981_TableVIII,1,Stephan et al 1981,,,NA,direct_same_structure_unique,,,200,2019
Lepilemur_ruficaudatus,Lepilemur ruficaudatus,Cerebellar_nuclei_total,Cerebellar_nuclei_total_Vol.mm3,crosswalk_exact,23.07,resolved_unique,Matano_etal_1985_a_Table1,Matano et al. 1985 (Folia Primatol 44:182-203),Matano_etal_1985_a_Table1,1,NA,,,NA,direct_same_structure_unique,,,220,2019
Lepilemur_ruficaudatus,Lepilemur ruficaudatus,Cerebellum,Cerebellum_Vol.mm3,crosswalk_exact,1165,resolved_unique,Stephan_etal_1981_TableII,"Stephan, Frahm & Baron 1981 (Folia Primatol 35:1-29)",Stephan_etal_1981_TableII,1,Stephan et al 1981; Zilles and Rehkamper 1988,,,NA,direct_same_structure_unique,,,162,2019
Lepilemur_ruficaudatus,Lepilemur ruficaudatus,Complexus.vestibularis,Complexus_vestibularis_unilateral_Vol.mm3,crosswalk_exact,14.9,resolved_multiple,Stephan_etal_1981_TableXIII,"Stephan, Frahm & Baron 1981 (Folia Primatol 35:1-29)",Matano__1986_TableI; Stephan_etal_1981_TableXIII,2,Stephan et al 1981,,,NA,direct_same_structure_multiple,,,129,2019
Lepilemur_ruficaudatus,Lepilemur ruficaudatus,Complexus_centromedialis,Complexus_centromedialis_Vol.mm3,crosswalk_exact,42.5,resolved_unique,Stephan_etal_1981_TableXI,"Stephan, Frahm & Baron 1981 (Folia Primatol 35:1-29)",Stephan_etal_1981_TableXI,1,Stephan et al 1981,,,NA,direct_same_structure_unique,,,100,2019
Lepilemur_ruficaudatus,Lepilemur ruficaudatus,Complexus_cortico_basolateralis,Complexus_corticobasolateralis_Vol.mm3,crosswalk_exact,90.4,resolved_unique,Stephan_etal_1981_TableXI,"Stephan, Frahm & Baron 1981 (Folia Primatol 35:1-29)",Stephan_etal_1981_TableXI,1,Stephan et al 1981,,,NA,direct_same_structure_unique,,,100,2019
Lepilemur_ruficaudatus,Lepilemur ruficaudatus,Corpus.pineale,Corpus_pineal_Vol.mm3,crosswalk_exact,0.73,resolved_unique,Stephan_etal_1981_TableXV,"Stephan, Frahm & Baron 1981 (Folia Primatol 35:1-29)",Stephan_etal_1981_TableXV,1,Stephan et al 1981,,,NA,direct_same_structure_unique,,,88,2019
Lepilemur_ruficaudatus,Lepilemur ruficaudatus,Corpus.subcommissurale,Corpus_subcommissurale_Vol.mm3,crosswalk_exact,0.13,resolved_unique,Stephan_etal_1981_TableXV,"Stephan, Frahm & Baron 1981 (Folia Primatol 35:1-29)",Stephan_etal_1981_TableXV,1,Stephan et al 1981,,,NA,direct_same_structure_unique,,,88,2019
Lepilemur_ruficaudatus,Lepilemur ruficaudatus,Corpus.subfornicale,Corpus_subfornicale_Vol.mm3,crosswalk_exact,0.12,resolved_unique,Stephan_etal_1981_TableXV,"Stephan, Frahm & Baron 1981 (Folia Primatol 35:1-29)",Stephan_etal_1981_TableXV,1,Stephan et al 1981,,,NA,direct_same_structure_unique,,,88,2019
Lepilemur_ruficaudatus,Lepilemur ruficaudatus,Diencephalon,Diencephalon_Vol.mm3,crosswalk_exact,593,resolved_unique,Stephan_etal_1981_TableII,"Stephan, Frahm & Baron 1981 (Folia Primatol 35:1-29)",Stephan_etal_1981_TableII,1,Stephan et al 1981; Zilles and Rehkamper 1988,,,NA,direct_same_structure_unique,,,162,2019
Lepilemur_ruficaudatus,Lepilemur ruficaudatus,Epithalamus,Epithalamus_Vol.mm3,crosswalk_exact,4.89,resolved_unique,Stephan_etal_1981_TableVIII,"Stephan, Frahm & Baron 1981 (Folia Primatol 35:1-29)",Stephan_etal_1981_TableVIII,1,Stephan et al 1981,,,NA,direct_same_structure_unique,,,200,2019
Lepilemur_ruficaudatus,Lepilemur ruficaudatus,Hippocampus,Hippocampus_Vol.mm3,crosswalk_exact,392,resolved_unique,Stephan_etal_1981_TableV,"Stephan, Frahm & Baron 1981 (Folia Primatol 35:1-29)",Stephan_etal_1981_TableV,1,Stephan et al 1981; Zilles and Rehkamper 1988,,,NA,direct_same_structure_unique,,,144,2019
Lepilemur_ruficaudatus,Lepilemur ruficaudatus,Hypothalamus,Hypothalamus_Vol.mm3,crosswalk_exact,114,resolved_unique,Stephan_etal_1981_TableVIII,"Stephan, Frahm & Baron 1981 (Folia Primatol 35:1-29)",Stephan_etal_1981_TableVIII,1,Stephan et al 1981,,,NA,direct_same_structure_unique,,,200,2019
Lepilemur_ruficaudatus,Lepilemur ruficaudatus,Interpositus_cerebellar_nuclei,Interpositus_cerebellar_nuclei_Vol.mm3,crosswalk_exact,6.41,resolved_unique,Matano_etal_1985_a_Table1,Matano et al. 1985 (Folia Primatol 44:182-203),Matano_etal_1985_a_Table1,1,NA,,,NA,direct_same_structure_unique,,,220,2019
Lepilemur_ruficaudatus,Lepilemur ruficaudatus,LGN_Sousa,Corpus_geniculatum_laterale_Vol.mm3,crosswalk_exact,15.6,resolved_fallback_restricted,deSousa_etal_2010 [restricted: Visual_volumes.xlsx],de Sousa et al. 2010 (J Hum Evol 58:281-292),Stephan_etal_1981_TableIX; Stephan_etal_1984_Table1; deSousa_etal_2010_SupTable2; deSousa_etal_2010 [restricted: Visual_volumes.xlsx],2,de Sousa et al 2010; de Sousa et al 2013,,,Evo-M1 value matches Stephan_etal_1981_TableIX; Stephan_etal_1984_Table1 (not the metadata source); attributed to metadata source; see source_hunt,restricted_documents_near_perfect,deSousa_etal_2010_SupTable2; Stephan_etal_1984_Table1; Stephan_etal_1981_TableIX; deSousa_etal_2010 [restricted: Visual_volumes.xlsx]; deSousa_etal_2010 [restricted: deSousa_2010.csv]; Stephan_etal_1981 [restricted: Stephan_1981.csv],deSousa_etal_2010 [restricted: Visual_volumes.xlsx] = 15.6 (0.00%; scale 1; restricted_checks/deSousa_etal_2010/comparison/Visual_volumes.xlsx R36C10; 0 prior contributions),0,2019
Lepilemur_ruficaudatus,Lepilemur ruficaudatus,Lateral_cerebellar_nuclei,Lateral_cerebellar_nuclei_Vol.mm3,crosswalk_exact,9.35,resolved_unique,Matano_etal_1985_a_Table1,Matano et al. 1985 (Folia Primatol 44:182-203),Matano_etal_1985_a_Table1,1,NA,,,NA,direct_same_structure_unique,,,220,2019
Lepilemur_ruficaudatus,Lepilemur ruficaudatus,Lobus_piriformis,Lobus_piriformis_Vol.mm3,crosswalk_exact,302,resolved_unique,Stephan_etal_1981_TableV,"Stephan, Frahm & Baron 1981 (Folia Primatol 35:1-29)",Stephan_etal_1981_TableV,1,Stephan et al 1981; Zilles and Rehkamper 1988,,,NA,direct_same_structure_unique,,,144,2019
Lepilemur_ruficaudatus,Lepilemur ruficaudatus,Medial_cerebellar_nuclei,Medial_cerebellar_nuclei_Vol.mm3,crosswalk_exact,7.31,resolved_unique,Matano_etal_1985_a_Table1,Matano et al. 1985 (Folia Primatol 44:182-203),Matano_etal_1985_a_Table1,1,NA,,,NA,direct_same_structure_unique,,,220,2019
Lepilemur_ruficaudatus,Lepilemur ruficaudatus,Medulla_oblongata,Medulla_oblongata_Vol.mm3,crosswalk_exact,449,resolved_unique,Stephan_etal_1981_TableII,"Stephan, Frahm & Baron 1981 (Folia Primatol 35:1-29)",Stephan_etal_1981_TableII,1,Stephan et al 1981; Zilles and Rehkamper 1988,,,NA,direct_same_structure_unique,,,162,2019
Lepilemur_ruficaudatus,Lepilemur ruficaudatus,Meninges_hypophysis_nerves_etc,NA,no_defensible_volume_key,84.1,metadata_only,NA,NA,,0,Stephan et al 1981,,,NA,metadata_only_no_volume_crosswalk,,,0,2019
Lepilemur_ruficaudatus,Lepilemur ruficaudatus,Mesencephalon,Mesencephalon_Vol.mm3,crosswalk_exact,260,resolved_unique,Stephan_etal_1981_TableII,"Stephan, Frahm & Baron 1981 (Folia Primatol 35:1-29)",Stephan_etal_1981_TableII,1,Stephan et al 1981; Zilles and Rehkamper 1988,,,NA,direct_same_structure_unique,,,162,2019
Lepilemur_ruficaudatus,Lepilemur ruficaudatus,NeoG_Frahm,Neocortex_grey_matter_Vol.mm3,crosswalk_exact,2805,resolved_unique,Frahm_etal_1982_Table2,"Frahm, Stephan & Stephan 1982 (J Hirnforsch 23:375-389)",Frahm_etal_1982_Table2,1,Frahm et al 1992; Zilles and Rehkamper 1988,,,NA,direct_same_structure_unique,,,46,2019
Lepilemur_ruficaudatus,Lepilemur ruficaudatus,NeoWG,Neocortex_Vol.mm3,crosswalk_exact,3282,resolved_multiple,Stephan_etal_1981_TableV,"Stephan, Frahm & Baron 1981 (Folia Primatol 35:1-29)",Frahm_etal_1982_Table2; Stephan_etal_1981_TableV,2,Stephan et al 1981; Zilles and Rehkamper 1988,,,NA,direct_same_structure_multiple,,,144,2019
Lepilemur_ruficaudatus,Lepilemur ruficaudatus,NeoW_Frahm,Neocortex_white_matter_Vol.mm3,crosswalk_exact,476.6,resolved_unique,Frahm_etal_1982_Table2,"Frahm, Stephan & Stephan 1982 (J Hirnforsch 23:375-389)",Frahm_etal_1982_Table2,1,Frahm et al 1992; Zilles and Rehkamper 1988,,,NA,direct_same_structure_unique,,,46,2019
Lepilemur_ruficaudatus,Lepilemur ruficaudatus,Nucleus.habenularis.medialis,Nucleus_habenularis_medialis_Vol.mm3,crosswalk_exact,1.75,resolved_unique,Stephan_etal_1981_TableXV,"Stephan, Frahm & Baron 1981 (Folia Primatol 35:1-29)",Stephan_etal_1981_TableXV,1,Stephan et al 1981,,,NA,direct_same_structure_unique,,,88,2019
Lepilemur_ruficaudatus,Lepilemur ruficaudatus,Nucleus.septalis.triangularis,Nucleus_septalis_triangularis_Vol.mm3,crosswalk_exact,0.89,resolved_unique,Stephan_etal_1981_TableXV,"Stephan, Frahm & Baron 1981 (Folia Primatol 35:1-29)",Stephan_etal_1981_TableXV,1,Stephan et al 1981,,,NA,direct_same_structure_unique,,,88,2019
Lepilemur_ruficaudatus,Lepilemur ruficaudatus,Nucleus.vestibularis.descendens,Nucleus_vestibularis_descendens_unilateral_Vol.mm3,crosswalk_exact,4.47,resolved_multiple,Stephan_etal_1981_TableXIII,"Stephan, Frahm & Baron 1981 (Folia Primatol 35:1-29)",Matano__1986_TableI; Stephan_etal_1981_TableXIII,2,Stephan et al 1981,,,NA,direct_same_structure_multiple,,,129,2019
Lepilemur_ruficaudatus,Lepilemur ruficaudatus,Nucleus.vestibularis.lateralis,Nucleus_vestibularis_lateralis_unilateral_Vol.mm3,crosswalk_exact,2.3,likely_fallback_metadata,Stephan_etal_1981_TableXIII,"Stephan, Frahm & Baron 1981 (Folia Primatol 35:1-29)",Stephan_etal_1981_TableXIII; Matano__1986_TableI,2,Stephan et al 1981,,,Stephan_etal_1981_TableXIII = 2.38 (3.4%),metadata_tables_close_same_structure,Stephan_etal_1981_TableXIII; Matano__1986_TableI; Stephan_etal_1981 [restricted: Stephan_1981.csv],Stephan_etal_1981_TableXIII = 2.38 (Nucleus_vestibularis_lateralis_unilateral_Vol.mm3; 3.36%; scale 1; 129 prior contributions),129,2019
Lepilemur_ruficaudatus,Lepilemur ruficaudatus,Nucleus.vestibularis.medialis,Nucleus_vestibularis_medialis_unilateral_Vol.mm3,crosswalk_exact,5.92,resolved_multiple,Stephan_etal_1981_TableXIII,"Stephan, Frahm & Baron 1981 (Folia Primatol 35:1-29)",Matano__1986_TableI; Stephan_etal_1981_TableXIII,2,Stephan et al 1981,,,NA,direct_same_structure_multiple,,,129,2019
Lepilemur_ruficaudatus,Lepilemur ruficaudatus,Nucleus.vestibularis.superior,Nucleus_vestibularis_superior_unilateral_Vol.mm3,crosswalk_exact,2.11,resolved_multiple,Stephan_etal_1981_TableXIII,"Stephan, Frahm & Baron 1981 (Folia Primatol 35:1-29)",Matano__1986_TableI; Stephan_etal_1981_TableXIII,2,Stephan et al 1981,,,NA,direct_same_structure_multiple,,,129,2019
Lepilemur_ruficaudatus,Lepilemur ruficaudatus,Nucleus_amygdalae_basalis_parsmagnocellularis,Nucleus_amygdalae_basalis_pars_magnocellularis_Vol.mm3,crosswalk_exact,7.18,resolved_unique,Stephan_etal_1981_TableXI,"Stephan, Frahm & Baron 1981 (Folia Primatol 35:1-29)",Stephan_etal_1981_TableXI,1,Stephan et al 1981,,,NA,direct_same_structure_unique,,,100,2019
Lepilemur_ruficaudatus,Lepilemur ruficaudatus,Nucleus_subthalamicus,Nucleus_subthalamicus_Vol.mm3,crosswalk_exact,2.91,resolved_unique,Stephan_etal_1981_TableVIII,"Stephan, Frahm & Baron 1981 (Folia Primatol 35:1-29)",Stephan_etal_1981_TableVIII,1,Stephan et al 1981,,,NA,direct_same_structure_unique,,,200,2019
Lepilemur_ruficaudatus,Lepilemur ruficaudatus,Nucleus_tractus_olfactorius,Nucleus_tractus_olfactorius_Vol.mm3,crosswalk_exact,0.62,resolved_unique,Stephan_etal_1981_TableXI,"Stephan, Frahm & Baron 1981 (Folia Primatol 35:1-29)",Stephan_etal_1981_TableXI,1,Stephan et al 1981,,,NA,direct_same_structure_unique,,,100,2019
Lepilemur_ruficaudatus,Lepilemur ruficaudatus,Palaeocortex,Palaeocortex_Vol.mm3,crosswalk_exact,170,resolved_unique,Stephan_etal_1981_TableXI,"Stephan, Frahm & Baron 1981 (Folia Primatol 35:1-29)",Stephan_etal_1981_TableXI,1,Stephan et al 1981; Zilles and Rehkamper 1988,,,NA,direct_same_structure_unique,,,100,2019
Lepilemur_ruficaudatus,Lepilemur ruficaudatus,Pallidum,Pallidum_Vol.mm3,crosswalk_exact,55.2,resolved_unique,Stephan_etal_1981_TableVIII,"Stephan, Frahm & Baron 1981 (Folia Primatol 35:1-29)",Stephan_etal_1981_TableVIII,1,Stephan et al 1981; Zilles and Rehkamper 1988,,,NA,direct_same_structure_unique,,,200,2019
Lepilemur_ruficaudatus,Lepilemur ruficaudatus,Pons,Ventral_pons_Vol.mm3,Matano ventral pons,26.2,resolved_unique,Matano_etal_1985_b_Table1,Matano et al. 1985 (Folia Primatol 44:182-203),Matano_etal_1985_b_Table1,1,Matano et al 1985; Zilles and Rehkamper 1988,,,NA,direct_same_structure_unique,,,40,2019
Lepilemur_ruficaudatus,Lepilemur ruficaudatus,Schizocortex,Schizo_cortex_Vol.mm3,crosswalk_exact,194,resolved_unique,Stephan_etal_1981_TableV,"Stephan, Frahm & Baron 1981 (Folia Primatol 35:1-29)",Stephan_etal_1981_TableV,1,Stephan et al 1981,,,NA,direct_same_structure_unique,,,144,2019
Lepilemur_ruficaudatus,Lepilemur ruficaudatus,Septum,Septum_Vol.mm3,crosswalk_exact,56.7,resolved_unique,Stephan_etal_1981_TableV,"Stephan, Frahm & Baron 1981 (Folia Primatol 35:1-29)",Stephan_etal_1981_TableV,1,Stephan et al 1981; Zilles and Rehkamper 1988,,,NA,direct_same_structure_unique,,,144,2019
Lepilemur_ruficaudatus,Lepilemur ruficaudatus,Striatum,Striatum_Vol.mm3,crosswalk_exact,366,resolved_unique,Stephan_etal_1981_TableV,"Stephan, Frahm & Baron 1981 (Folia Primatol 35:1-29)",Stephan_etal_1981_TableV,1,Stephan et al 1981; Zilles and Rehkamper 1988,,,NA,direct_same_structure_unique,,,144,2019
Lepilemur_ruficaudatus,Lepilemur ruficaudatus,Subthalamus,Subthalamus_Vol.mm3,crosswalk_exact,58.1,resolved_unique,Stephan_etal_1981_TableVIII,"Stephan, Frahm & Baron 1981 (Folia Primatol 35:1-29)",Stephan_etal_1981_TableVIII,1,Stephan et al 1981,,,NA,direct_same_structure_unique,,,200,2019
Lepilemur_ruficaudatus,Lepilemur ruficaudatus,Telencephalon,Telencephalon_Vol.mm3,crosswalk_exact,4708,resolved_unique,Stephan_etal_1981_TableII,"Stephan, Frahm & Baron 1981 (Folia Primatol 35:1-29)",Stephan_etal_1981_TableII,1,Stephan et al 1981; Zilles and Rehkamper 1988,,,NA,direct_same_structure_unique,,,162,2019
Lepilemur_ruficaudatus,Lepilemur ruficaudatus,Thalamus,Thalamus_Vol.mm3,crosswalk_exact,337,resolved_unique,Stephan_etal_1981_TableVIII,"Stephan, Frahm & Baron 1981 (Folia Primatol 35:1-29)",Stephan_etal_1981_TableVIII,1,Stephan et al 1981,,,NA,direct_same_structure_unique,,,200,2019
Lepilemur_ruficaudatus,Lepilemur ruficaudatus,Total_brain_net_volume,Total_brain_net_volume_Vol.mm3,crosswalk_exact,7175,resolved_unique,Stephan_etal_1981_TableII,"Stephan, Frahm & Baron 1981 (Folia Primatol 35:1-29)",Stephan_etal_1981_TableII,1,Stephan et al 1981,,,NA,direct_same_structure_unique,,,162,2019
Lepilemur_ruficaudatus,Lepilemur ruficaudatus,Tractus_opticus,Tractus_opticus_Vol.mm3,crosswalk_exact,20.7,resolved_unique,Stephan_etal_1981_TableVIII,"Stephan, Frahm & Baron 1981 (Folia Primatol 35:1-29)",Stephan_etal_1981_TableVIII,1,Stephan et al 1981,,,NA,direct_same_structure_unique,,,200,2019
Lepilemur_ruficaudatus,Lepilemur ruficaudatus,Ventricles,Ventricles_Vol.mm3,crosswalk_exact,76.5,resolved_unique,Stephan_etal_1981_TableII,"Stephan, Frahm & Baron 1981 (Folia Primatol 35:1-29)",Stephan_etal_1981_TableII,1,Stephan et al 1981,,,NA,direct_same_structure_unique,,,162,2019
Lophocebus_albigena,Lophocebus albigena,ASG_Sousa,Area_striata_grey_matter_Vol.mm3,crosswalk_exact,5420,resolved_fallback_metadata,deSousa_etal_2010_SupTable2,de Sousa et al. 2010 (J Hum Evol 58:281-292),Frahm_etal_1984_Table1; deSousa_etal_2010_SupTable2; Smaers_etal_2017_TableS1part1; Frahm_etal_1998_Table1,1,de Sousa et al 2010,,,Evo-M1 value matches Frahm_etal_1984_Table1 (not the metadata source); attributed to metadata source; see source_hunt,metadata_tables_near_perfect,deSousa_etal_2010_SupTable2; Smaers_etal_2017_TableS1part1; Frahm_etal_1998_Table1; Frahm_etal_1984_Table1; deSousa_etal_2010 [restricted: Visual_volumes.xlsx]; deSousa_etal_2010 [restricted: deSousa_2010.csv]; Stephan_etal_1981 [restricted: Stephan_1981.csv],deSousa_etal_2010_SupTable2 = 5400 (Area_striata_grey_matter_Vol.mm3; 0.37%; scale 1; 0 prior contributions),0,2019
Lophocebus_albigena,Lophocebus albigena,Agranular_volume_L,Agranular_insular_cortex_left_Vol.mm3,crosswalk_exact,95,resolved_unique,Bauernfeind_etal_2013_Table1,Bauernfeind et al. 2013 (J Hum Evol 64:263-279),Bauernfeind_etal_2013_Table1,1,Bauernfeind et al 2013,,,NA,direct_same_structure_unique,,,181,2019
Lophocebus_albigena,Lophocebus albigena,Body_mass,Body_Mass.g,crosswalk_exact,8250,resolved_unique,Bauernfeind_etal_2013_Table1,Bauernfeind et al. 2013 (J Hum Evol 64:263-279),Bauernfeind_etal_2013_Table1,6,Bauernfeind et al 2013,,,NA,direct_same_structure_unique,,,181,2019
Lophocebus_albigena,Lophocebus albigena,Body_weight,Body_Mass.g,crosswalk_exact,7900,resolved_multiple,Stephan_etal_1981_TableIII,"Stephan, Frahm & Baron 1981 (Folia Primatol 35:1-29)",Matano__1986_TableI; Matano_etal_1985_a_Table1; Matano_etal_1985_b_Table1; Stephan_etal_1981_TableIII; Stephan_etal_1988_TABLE1,6,Stephan et al 1981; Zilles and Rehkamper 1988; Bauernfeind et al 2013,,,NA,direct_same_structure_multiple,,,243,2019
Lophocebus_albigena,Lophocebus albigena,Body_weight_1985a,Body_Mass.g,crosswalk_exact,7900,resolved_multiple,Matano_etal_1985_a_Table1,Matano et al. 1985 (Folia Primatol 44:182-203),Matano__1986_TableI; Matano_etal_1985_a_Table1; Matano_etal_1985_b_Table1; Stephan_etal_1981_TableIII; Stephan_etal_1988_TABLE1,6,NA,,,NA,direct_same_structure_multiple,,,220,2019
Lophocebus_albigena,Lophocebus albigena,Brain_mass,Brain_Mass.mg,crosswalk_exact,110500,resolved_multiple,Bauernfeind_etal_2013_Table1,Bauernfeind et al. 2013 (J Hum Evol 64:263-279),Bauernfeind_etal_2013_Table1; deSousa_etal_2013_Table1,4,Bauernfeind et al 2013,1000,,NA,direct_same_structure_multiple,,,181,2019
Lophocebus_albigena,Lophocebus albigena,Brain_volume,NA,no_defensible_volume_key,106660,metadata_only,NA,NA,,0,Bauernfeind et al 2013,,,NA,metadata_only_no_volume_crosswalk,,,0,2019
Lophocebus_albigena,Lophocebus albigena,Brain_weight,Brain_Mass.mg,crosswalk_exact,104000,resolved_multiple,Stephan_etal_1981_TableIII,"Stephan, Frahm & Baron 1981 (Folia Primatol 35:1-29)",Stephan_etal_1981_TableIII; Stephan_etal_1988_TABLE1,4,Stephan et al 1981; Zilles and Rehkamper 1988; Bauernfeind et al 2013,,,NA,direct_same_structure_multiple,,,243,2019
Lophocebus_albigena,Lophocebus albigena,Brainvol,NA,no_defensible_volume_key,100386.1,metadata_only,NA,NA,,0,de Sousa et al 2010; Stephan et al 1981,,,NA,metadata_only_no_volume_crosswalk,,,0,2019
Lophocebus_albigena,Lophocebus albigena,Bulbus_olfactorius,Bulbus_olfactorius_Vol.mm3,crosswalk_exact,121,resolved_unique,Stephan_etal_1981_TableVI,"Stephan, Frahm & Baron 1981 (Folia Primatol 35:1-29)",Stephan_etal_1981_TableVI,1,Stephan et al 1981,,,NA,direct_same_structure_unique,,,215,2019
Lophocebus_albigena,Lophocebus albigena,Bulbus_olfactorius_accessorius,Bulbus_olfactorius_accessorius_Vol.mm3,crosswalk_exact,0,resolved_unique,Stephan_etal_1981_TableVI,"Stephan, Frahm & Baron 1981 (Folia Primatol 35:1-29)",Stephan_etal_1981_TableVI,1,Stephan et al 1981,,,NA,direct_same_structure_unique,,,215,2019
Lophocebus_albigena,Lophocebus albigena,Capsula_interna,Capsula_interna_Vol.mm3,crosswalk_exact,708,resolved_unique,Stephan_etal_1981_TableVIII,"Stephan, Frahm & Baron 1981 (Folia Primatol 35:1-29)",Stephan_etal_1981_TableVIII,1,Stephan et al 1981,,,NA,direct_same_structure_unique,,,200,2019
Lophocebus_albigena,Lophocebus albigena,Cerebellar_nuclei_total,Cerebellar_nuclei_total_Vol.mm3,crosswalk_exact,232.63,resolved_unique,Matano_etal_1985_a_Table1,Matano et al. 1985 (Folia Primatol 44:182-203),Matano_etal_1985_a_Table1,1,NA,,,NA,direct_same_structure_unique,,,220,2019
Lophocebus_albigena,Lophocebus albigena,Cerebellum,Cerebellum_Vol.mm3,crosswalk_exact,10726,resolved_unique,Stephan_etal_1981_TableIII,"Stephan, Frahm & Baron 1981 (Folia Primatol 35:1-29)",Stephan_etal_1981_TableIII,1,Stephan et al 1981; Zilles and Rehkamper 1988,,,NA,direct_same_structure_unique,,,243,2019
Lophocebus_albigena,Lophocebus albigena,Complexus.vestibularis,Complexus_vestibularis_unilateral_Vol.mm3,crosswalk_exact,87.1,resolved_multiple,Stephan_etal_1981_TableXIII,"Stephan, Frahm & Baron 1981 (Folia Primatol 35:1-29)",Matano__1986_TableI; Stephan_etal_1981_TableXIII,2,Stephan et al 1981,,,NA,direct_same_structure_multiple,,,129,2019
Lophocebus_albigena,Lophocebus albigena,Corpus.pineale,Corpus_pineal_Vol.mm3,crosswalk_exact,11.9,resolved_unique,Stephan_etal_1981_TableXVI,"Stephan, Frahm & Baron 1981 (Folia Primatol 35:1-29)",Stephan_etal_1981_TableXVI,1,Stephan et al 1981,,,NA,direct_same_structure_unique,,,103,2019
Lophocebus_albigena,Lophocebus albigena,Corpus.subcommissurale,Corpus_subcommissurale_Vol.mm3,crosswalk_exact,0.23,resolved_unique,Stephan_etal_1981_TableXVI,"Stephan, Frahm & Baron 1981 (Folia Primatol 35:1-29)",Stephan_etal_1981_TableXVI,1,Stephan et al 1981,,,NA,direct_same_structure_unique,,,103,2019
Lophocebus_albigena,Lophocebus albigena,Corpus.subfornicale,Corpus_subfornicale_Vol.mm3,crosswalk_exact,0.66,resolved_unique,Stephan_etal_1981_TableXVI,"Stephan, Frahm & Baron 1981 (Folia Primatol 35:1-29)",Stephan_etal_1981_TableXVI,1,Stephan et al 1981,,,NA,direct_same_structure_unique,,,103,2019
Lophocebus_albigena,Lophocebus albigena,Diencephalon,Diencephalon_Vol.mm3,crosswalk_exact,5351,resolved_unique,Stephan_etal_1981_TableIII,"Stephan, Frahm & Baron 1981 (Folia Primatol 35:1-29)",Stephan_etal_1981_TableIII,1,Stephan et al 1981; Zilles and Rehkamper 1988,,,NA,direct_same_structure_unique,,,243,2019
Lophocebus_albigena,Lophocebus albigena,Dysgranular_volume_L,Dysgranular_insular_cortex_left_Vol.mm3,crosswalk_exact,270,resolved_unique,Bauernfeind_etal_2013_Table1,Bauernfeind et al. 2013 (J Hum Evol 64:263-279),Bauernfeind_etal_2013_Table1,1,Bauernfeind et al 2013,,,NA,direct_same_structure_unique,,,181,2019
Lophocebus_albigena,Lophocebus albigena,Epithalamus,Epithalamus_Vol.mm3,crosswalk_exact,27.9,resolved_unique,Stephan_etal_1981_TableVIII,"Stephan, Frahm & Baron 1981 (Folia Primatol 35:1-29)",Stephan_etal_1981_TableVIII,1,Stephan et al 1981,,,NA,direct_same_structure_unique,,,200,2019
Lophocebus_albigena,Lophocebus albigena,Frontal.motor,FrontalMotor_white_matter_Vol.mm3,crosswalk_exact,3.06,resolved_fallback_metadata,Smaers_etal_2017_TableS1part1,"Smaers et al. 2017 (Curr Biol 27:714-720, Table S1)",Smaers_etal_2017_TableS1part1,0,Smaers et al 2017,,,NA,metadata_tables_near_perfect,Smaers_etal_2017_TableS1part1,Smaers_etal_2017_TableS1part1 = 3063 (FrontalMotor_white_matter_Vol.mm3; 0.10%; scale 0.001; 0 prior contributions),0,2019
Lophocebus_albigena,Lophocebus albigena,Frontal.motor.Gray,FrontalMotor_grey_matter_Vol.mm3,crosswalk_exact,3.93,resolved_fallback_metadata,Smaers_etal_2017_TableS1part1,"Smaers et al. 2017 (Curr Biol 27:714-720, Table S1)",Smaers_etal_2017_TableS1part1,0,Smaers et al 2017,,,NA,metadata_tables_near_perfect,Smaers_etal_2017_TableS1part1; Smaers_etal_2017 [restricted: Smaers.csv],Smaers_etal_2017_TableS1part1 = 3926 (FrontalMotor_grey_matter_Vol.mm3; 0.10%; scale 0.001; 0 prior contributions),0,2019
Lophocebus_albigena,Lophocebus albigena,Granular_volume_L,Granular_insular_cortex_left_Vol.mm3,crosswalk_exact,171,resolved_unique,Bauernfeind_etal_2013_Table1,Bauernfeind et al. 2013 (J Hum Evol 64:263-279),Bauernfeind_etal_2013_Table1,1,Bauernfeind et al 2013,,,NA,direct_same_structure_unique,,,181,2019
Lophocebus_albigena,Lophocebus albigena,Hippocampus,Hippocampus_Vol.mm3,crosswalk_exact,1485,resolved_unique,Stephan_etal_1981_TableVI,"Stephan, Frahm & Baron 1981 (Folia Primatol 35:1-29)",Stephan_etal_1981_TableVI,1,Stephan et al 1981; Zilles and Rehkamper 1988,,,NA,direct_same_structure_unique,,,215,2019
Lophocebus_albigena,Lophocebus albigena,Hypothalamus,Hypothalamus_Vol.mm3,crosswalk_exact,681,resolved_unique,Stephan_etal_1981_TableVIII,"Stephan, Frahm & Baron 1981 (Folia Primatol 35:1-29)",Stephan_etal_1981_TableVIII,1,Stephan et al 1981,,,NA,direct_same_structure_unique,,,200,2019
Lophocebus_albigena,Lophocebus albigena,Interpositus_cerebellar_nuclei,Interpositus_cerebellar_nuclei_Vol.mm3,crosswalk_exact,74.6,resolved_unique,Matano_etal_1985_a_Table1,Matano et al. 1985 (Folia Primatol 44:182-203),Matano_etal_1985_a_Table1,1,NA,,,NA,direct_same_structure_unique,,,220,2019
Lophocebus_albigena,Lophocebus albigena,LGN_Sousa,Corpus_geniculatum_laterale_Vol.mm3,crosswalk_exact,182,resolved_multiple,deSousa_etal_2013_Table1,de Sousa et al. 2013 (Brain Behav Evol 81:93-108),deSousa_etal_2013_Table1; Stephan_etal_1981_TableIX; Stephan_etal_1984_Table1,3,de Sousa et al 2010; de Sousa et al 2013,,,NA,direct_same_structure_multiple,,,15,2019
Lophocebus_albigena,Lophocebus albigena,Lateral_cerebellar_nuclei,Lateral_cerebellar_nuclei_Vol.mm3,crosswalk_exact,113.33,resolved_unique,Matano_etal_1985_a_Table1,Matano et al. 1985 (Folia Primatol 44:182-203),Matano_etal_1985_a_Table1,1,NA,,,NA,direct_same_structure_unique,,,220,2019
Lophocebus_albigena,Lophocebus albigena,Lobus_piriformis,Lobus_piriformis_Vol.mm3,crosswalk_exact,1639,resolved_unique,Stephan_etal_1981_TableVI,"Stephan, Frahm & Baron 1981 (Folia Primatol 35:1-29)",Stephan_etal_1981_TableVI,1,Stephan et al 1981; Zilles and Rehkamper 1988,,,NA,direct_same_structure_unique,,,215,2019
Lophocebus_albigena,Lophocebus albigena,Medial_cerebellar_nuclei,Medial_cerebellar_nuclei_Vol.mm3,crosswalk_exact,44.7,resolved_unique,Matano_etal_1985_a_Table1,Matano et al. 1985 (Folia Primatol 44:182-203),Matano_etal_1985_a_Table1,1,NA,,,NA,direct_same_structure_unique,,,220,2019
Lophocebus_albigena,Lophocebus albigena,Medulla_oblongata,Medulla_oblongata_Vol.mm3,crosswalk_exact,2708,resolved_unique,Stephan_etal_1981_TableIII,"Stephan, Frahm & Baron 1981 (Folia Primatol 35:1-29)",Stephan_etal_1981_TableIII,1,Stephan et al 1981; Zilles and Rehkamper 1988,,,NA,direct_same_structure_unique,,,243,2019
Lophocebus_albigena,Lophocebus albigena,Meninges_hypophysis_nerves_etc,NA,no_defensible_volume_key,2041,metadata_only,NA,NA,,0,Stephan et al 1981,,,NA,metadata_only_no_volume_crosswalk,,,0,2019
Lophocebus_albigena,Lophocebus albigena,Mesencephalon,Mesencephalon_Vol.mm3,crosswalk_exact,1770,resolved_unique,Stephan_etal_1981_TableIII,"Stephan, Frahm & Baron 1981 (Folia Primatol 35:1-29)",Stephan_etal_1981_TableIII,1,Stephan et al 1981; Zilles and Rehkamper 1988,,,NA,direct_same_structure_unique,,,243,2019
Lophocebus_albigena,Lophocebus albigena,NeoWG,Neocortex_Vol.mm3,crosswalk_exact,68733,resolved_unique,Stephan_etal_1981_TableVI,"Stephan, Frahm & Baron 1981 (Folia Primatol 35:1-29)",Stephan_etal_1981_TableVI,1,Stephan et al 1981; Zilles and Rehkamper 1988,,,NA,direct_same_structure_unique,,,215,2019
Lophocebus_albigena,Lophocebus albigena,Nucleus.habenularis.medialis,Nucleus_habenularis_medialis_Vol.mm3,crosswalk_exact,6,resolved_unique,Stephan_etal_1981_TableXVI,"Stephan, Frahm & Baron 1981 (Folia Primatol 35:1-29)",Stephan_etal_1981_TableXVI,1,Stephan et al 1981,,,NA,direct_same_structure_unique,,,103,2019
Lophocebus_albigena,Lophocebus albigena,Nucleus.septalis.triangularis,Nucleus_septalis_triangularis_Vol.mm3,crosswalk_exact,1.69,resolved_unique,Stephan_etal_1981_TableXVI,"Stephan, Frahm & Baron 1981 (Folia Primatol 35:1-29)",Stephan_etal_1981_TableXVI,1,Stephan et al 1981,,,NA,direct_same_structure_unique,,,103,2019
Lophocebus_albigena,Lophocebus albigena,Nucleus.vestibularis.descendens,Nucleus_vestibularis_descendens_unilateral_Vol.mm3,crosswalk_exact,25.2,resolved_multiple,Stephan_etal_1981_TableXIII,"Stephan, Frahm & Baron 1981 (Folia Primatol 35:1-29)",Matano__1986_TableI; Stephan_etal_1981_TableXIII,2,Stephan et al 1981,,,NA,direct_same_structure_multiple,,,129,2019
Lophocebus_albigena,Lophocebus albigena,Nucleus.vestibularis.lateralis,Nucleus_vestibularis_lateralis_unilateral_Vol.mm3,crosswalk_exact,10,resolved_multiple,Stephan_etal_1981_TableXIII,"Stephan, Frahm & Baron 1981 (Folia Primatol 35:1-29)",Matano__1986_TableI; Stephan_etal_1981_TableXIII,2,Stephan et al 1981,,,NA,direct_same_structure_multiple,,,129,2019
Lophocebus_albigena,Lophocebus albigena,Nucleus.vestibularis.medialis,Nucleus_vestibularis_medialis_unilateral_Vol.mm3,crosswalk_exact,35.6,resolved_multiple,Stephan_etal_1981_TableXIII,"Stephan, Frahm & Baron 1981 (Folia Primatol 35:1-29)",Matano__1986_TableI; Stephan_etal_1981_TableXIII,2,Stephan et al 1981,,,NA,direct_same_structure_multiple,,,129,2019
Lophocebus_albigena,Lophocebus albigena,Nucleus.vestibularis.superior,Nucleus_vestibularis_superior_unilateral_Vol.mm3,crosswalk_exact,16.2,resolved_multiple,Stephan_etal_1981_TableXIII,"Stephan, Frahm & Baron 1981 (Folia Primatol 35:1-29)",Matano__1986_TableI; Stephan_etal_1981_TableXIII,2,Stephan et al 1981,,,NA,direct_same_structure_multiple,,,129,2019
Lophocebus_albigena,Lophocebus albigena,Nucleus_subthalamicus,Nucleus_subthalamicus_Vol.mm3,crosswalk_exact,52.4,resolved_unique,Stephan_etal_1981_TableVIII,"Stephan, Frahm & Baron 1981 (Folia Primatol 35:1-29)",Stephan_etal_1981_TableVIII,1,Stephan et al 1981,,,NA,direct_same_structure_unique,,,200,2019
Lophocebus_albigena,Lophocebus albigena,Other.cortical.association.areas.Gray,AssociationCortex_grey_matter_Vol.mm3,crosswalk_exact,29.1,resolved_fallback_metadata,Smaers_etal_2017_TableS1part1,"Smaers et al. 2017 (Curr Biol 27:714-720, Table S1)",Smaers_etal_2017_TableS1part1,0,Smaers et al 2017,,,NA,metadata_tables_near_perfect,Smaers_etal_2017_TableS1part1; Smaers_etal_2017 [restricted: Smaers.csv],Smaers_etal_2017_TableS1part1 = 29102 (AssociationCortex_grey_matter_Vol.mm3; 0.01%; scale 0.001; 0 prior contributions),0,2019
Lophocebus_albigena,Lophocebus albigena,Other.cortical.association.areas.White,AssociationCortex_white_matter_Vol.mm3,crosswalk_exact,17.09,resolved_fallback_metadata,Smaers_etal_2017_TableS1part1,"Smaers et al. 2017 (Curr Biol 27:714-720, Table S1)",Smaers_etal_2017_TableS1part1,0,Smaers et al 2017,,,NA,metadata_tables_near_perfect,Smaers_etal_2017_TableS1part1; Smaers_etal_2017 [restricted: Smaers.csv],Smaers_etal_2017_TableS1part1 = 17092 (AssociationCortex_white_matter_Vol.mm3; 0.01%; scale 0.001; 0 prior contributions),0,2019
Lophocebus_albigena,Lophocebus albigena,Pallidum,Pallidum_Vol.mm3,crosswalk_exact,674,resolved_unique,Stephan_etal_1981_TableVIII,"Stephan, Frahm & Baron 1981 (Folia Primatol 35:1-29)",Stephan_etal_1981_TableVIII,1,Stephan et al 1981; Zilles and Rehkamper 1988,,,NA,direct_same_structure_unique,,,200,2019
Lophocebus_albigena,Lophocebus albigena,Pons,Ventral_pons_Vol.mm3,Matano ventral pons,873.3,resolved_unique,Matano_etal_1985_b_Table1,Matano et al. 1985 (Folia Primatol 44:182-203),Matano_etal_1985_b_Table1,1,Matano et al 1985; Zilles and Rehkamper 1988,,,NA,direct_same_structure_unique,,,40,2019
Lophocebus_albigena,Lophocebus albigena,Prefrontal.Gray,PrefrontalCortex_grey_matter_Vol.mm3,crosswalk_exact,2.31,resolved_fallback_metadata,Smaers_etal_2017_TableS1part1,"Smaers et al. 2017 (Curr Biol 27:714-720, Table S1)",Smaers_etal_2017_TableS1part1; Smaers_etal_2011_SupplementaryTable2,0,Smaers et al 2017,,,NA,metadata_tables_near_perfect,Smaers_etal_2017_TableS1part1; Smaers_etal_2011_SupplementaryTable2; Smaers_etal_2017 [restricted: Smaers.csv],Smaers_etal_2017_TableS1part1 = 2311 (PrefrontalCortex_grey_matter_Vol.mm3; 0.04%; scale 0.001; 0 prior contributions),0,2019
Lophocebus_albigena,Lophocebus albigena,Prefrontal.White,PrefrontalCortex_white_matter_Vol.mm3,crosswalk_exact,0.42,resolved_fallback_metadata,Smaers_etal_2017_TableS1part1,"Smaers et al. 2017 (Curr Biol 27:714-720, Table S1)",Smaers_etal_2017_TableS1part1; Smaers_etal_2011_SupplementaryTable2,0,Smaers et al 2017,,,NA,metadata_tables_near_perfect,Smaers_etal_2017_TableS1part1; Smaers_etal_2011_SupplementaryTable2; Smaers_etal_2017 [restricted: Smaers.csv],Smaers_etal_2017_TableS1part1 = 424 (PrefrontalCortex_white_matter_Vol.mm3; 0.94%; scale 0.001; 0 prior contributions),0,2019
Lophocebus_albigena,Lophocebus albigena,Primary.visual.White.Smaers,Area_striata_white_matter_Vol.mm3,crosswalk_exact,1.41,resolved_fallback_metadata,Smaers_etal_2017_TableS1part1,"Smaers et al. 2017 (Curr Biol 27:714-720, Table S1)",Frahm_etal_1984_Table1; Smaers_etal_2017_TableS1part1,1,Smaers et al 2017,,,Evo-M1 value matches Frahm_etal_1984_Table1 (not the metadata source); attributed to metadata source; see source_hunt,metadata_tables_near_perfect,Smaers_etal_2017_TableS1part1; Frahm_etal_1984_Table1; Smaers_etal_2017 [restricted: Smaers.csv],Smaers_etal_2017_TableS1part1 = 1411 (Area_striata_white_matter_Vol.mm3; 0.07%; scale 0.001; 0 prior contributions),0,2019
Lophocebus_albigena,Lophocebus albigena,Schizocortex,Schizo_cortex_Vol.mm3,crosswalk_exact,630,resolved_unique,Stephan_etal_1981_TableVI,"Stephan, Frahm & Baron 1981 (Folia Primatol 35:1-29)",Stephan_etal_1981_TableVI,1,Stephan et al 1981,,,NA,direct_same_structure_unique,,,215,2019
Lophocebus_albigena,Lophocebus albigena,Septum,Septum_Vol.mm3,crosswalk_exact,294,resolved_unique,Stephan_etal_1981_TableVI,"Stephan, Frahm & Baron 1981 (Folia Primatol 35:1-29)",Stephan_etal_1981_TableVI,1,Stephan et al 1981; Zilles and Rehkamper 1988,,,NA,direct_same_structure_unique,,,215,2019
Lophocebus_albigena,Lophocebus albigena,Striatum,Striatum_Vol.mm3,crosswalk_exact,4146,resolved_unique,Stephan_etal_1981_TableVI,"Stephan, Frahm & Baron 1981 (Folia Primatol 35:1-29)",Stephan_etal_1981_TableVI,1,Stephan et al 1981; Zilles and Rehkamper 1988,,,NA,direct_same_structure_unique,,,215,2019
Lophocebus_albigena,Lophocebus albigena,Subthalamus,Subthalamus_Vol.mm3,crosswalk_exact,726,resolved_unique,Stephan_etal_1981_TableVIII,"Stephan, Frahm & Baron 1981 (Folia Primatol 35:1-29)",Stephan_etal_1981_TableVIII,1,Stephan et al 1981,,,NA,direct_same_structure_unique,,,200,2019
Lophocebus_albigena,Lophocebus albigena,Telencephalon,Telencephalon_Vol.mm3,crosswalk_exact,77049,resolved_unique,Stephan_etal_1981_TableIII,"Stephan, Frahm & Baron 1981 (Folia Primatol 35:1-29)",Stephan_etal_1981_TableIII,1,Stephan et al 1981; Zilles and Rehkamper 1988,,,NA,direct_same_structure_unique,,,243,2019
Lophocebus_albigena,Lophocebus albigena,Thalamus,Thalamus_Vol.mm3,crosswalk_exact,2933,resolved_unique,Stephan_etal_1981_TableVIII,"Stephan, Frahm & Baron 1981 (Folia Primatol 35:1-29)",Stephan_etal_1981_TableVIII,1,Stephan et al 1981,,,NA,direct_same_structure_unique,,,200,2019
Lophocebus_albigena,Lophocebus albigena,Total_brain_net_volume,Total_brain_net_volume_Vol.mm3,crosswalk_exact,97603,resolved_unique,Stephan_etal_1981_TableIII,"Stephan, Frahm & Baron 1981 (Folia Primatol 35:1-29)",Stephan_etal_1981_TableIII,2,Stephan et al 1981,,,NA,direct_same_structure_unique,,,243,2019
Lophocebus_albigena,Lophocebus albigena,Total_insula_volume_L,Insula_left_Vol.mm3,crosswalk_exact,536,resolved_unique,Bauernfeind_etal_2013_Table1,Bauernfeind et al. 2013 (J Hum Evol 64:263-279),Bauernfeind_etal_2013_Table1,1,Bauernfeind et al 2013,,,NA,direct_same_structure_unique,,,181,2019
Lophocebus_albigena,Lophocebus albigena,Tractus_opticus,Tractus_opticus_Vol.mm3,crosswalk_exact,308,resolved_unique,Stephan_etal_1981_TableVIII,"Stephan, Frahm & Baron 1981 (Folia Primatol 35:1-29)",Stephan_etal_1981_TableVIII,1,Stephan et al 1981,,,NA,direct_same_structure_unique,,,200,2019
Lophocebus_albigena,Lophocebus albigena,Ventricles,Ventricles_Vol.mm3,crosswalk_exact,742,resolved_unique,Stephan_etal_1981_TableIII,"Stephan, Frahm & Baron 1981 (Folia Primatol 35:1-29)",Stephan_etal_1981_TableIII,1,Stephan et al 1981,,,NA,direct_same_structure_unique,,,243,2019
Loris_tardigradus,Loris tardigradus,ASG_Sousa,Area_striata_grey_matter_Vol.mm3,crosswalk_exact,529,resolved_fallback_restricted,deSousa_etal_2010 [restricted: deSousa_2010.csv],de Sousa et al. 2010 (J Hum Evol 58:281-292),Frahm_etal_1984_Table1; Frahm_etal_1998_Table1; deSousa_etal_2010 [restricted: deSousa_2010.csv],1,de Sousa et al 2010,,,Evo-M1 value matches Frahm_etal_1984_Table1 (not the metadata source); attributed to metadata source; see source_hunt,restricted_documents_near_perfect,Frahm_etal_1998_Table1; Frahm_etal_1984_Table1; deSousa_etal_2010 [restricted: deSousa_2010.csv]; deSousa_etal_2010 [restricted: Visual_volumes.xlsx]; Stephan_etal_1981 [restricted: Stephan_1981.csv],deSousa_etal_2010 [restricted: deSousa_2010.csv] = 529 (0.00%; scale 1; restricted_checks/deSousa_etal_2010/comparison/deSousa_2010.csv R52C2; 0 prior contributions),0,2019
Loris_tardigradus,Loris tardigradus,Agranular_volume_L,Agranular_insular_cortex_left_Vol.mm3,crosswalk_exact,3,resolved_unique,Bauernfeind_etal_2013_Table1,Bauernfeind et al. 2013 (J Hum Evol 64:263-279),Bauernfeind_etal_2013_Table1,1,Bauernfeind et al 2013,,,NA,direct_same_structure_unique,,,181,2019
Loris_tardigradus,Loris tardigradus,Body_mass,Body_Mass.g,crosswalk_exact,264,resolved_unique,Bauernfeind_etal_2013_Table1,Bauernfeind et al. 2013 (J Hum Evol 64:263-279),Bauernfeind_etal_2013_Table1,6,Bauernfeind et al 2013,,,NA,direct_same_structure_unique,,,181,2019
Loris_tardigradus,Loris tardigradus,Body_weight,Body_Mass.g,crosswalk_exact,322,resolved_multiple,Stephan_etal_1981_TableII,"Stephan, Frahm & Baron 1981 (Folia Primatol 35:1-29)",Matano__1986_TableI; Matano_etal_1985_a_Table1; Matano_etal_1985_b_Table1; Stephan_etal_1981_TableII; Stephan_etal_1988_TABLE1,6,Stephan et al 1981; Zilles and Rehkamper 1988; Bauernfeind et al 2013,,,NA,direct_same_structure_multiple,,,162,2019
Loris_tardigradus,Loris tardigradus,Body_weight_1985a,Body_Mass.g,crosswalk_exact,322,resolved_multiple,Matano_etal_1985_a_Table1,Matano et al. 1985 (Folia Primatol 44:182-203),Matano__1986_TableI; Matano_etal_1985_a_Table1; Matano_etal_1985_b_Table1; Stephan_etal_1981_TableII; Stephan_etal_1988_TABLE1,6,NA,,,NA,direct_same_structure_multiple,,,220,2019
Loris_tardigradus,Loris tardigradus,Brain_mass,Brain_Mass.mg,crosswalk_exact,6900,resolved_unique,Bauernfeind_etal_2013_Table1,Bauernfeind et al. 2013 (J Hum Evol 64:263-279),Bauernfeind_etal_2013_Table1,3,Bauernfeind et al 2013,1000,,NA,direct_same_structure_unique,,,181,2019
Loris_tardigradus,Loris tardigradus,Brain_volume,NA,no_defensible_volume_key,6612,metadata_only,NA,NA,,0,Bauernfeind et al 2013,,,NA,metadata_only_no_volume_crosswalk,,,0,2019
Loris_tardigradus,Loris tardigradus,Brain_weight,Brain_Mass.mg,crosswalk_exact,6600,resolved_multiple,Stephan_etal_1981_TableII,"Stephan, Frahm & Baron 1981 (Folia Primatol 35:1-29)",Stephan_etal_1981_TableII; Stephan_etal_1988_TABLE1,3,Stephan et al 1981; Zilles and Rehkamper 1988; Bauernfeind et al 2013,,,NA,direct_same_structure_multiple,,,162,2019
Loris_tardigradus,Loris tardigradus,Brainvol,NA,no_defensible_volume_key,6370.66,metadata_only,NA,NA,,0,de Sousa et al 2010; Stephan et al 1981,,,NA,metadata_only_no_volume_crosswalk,,,0,2019
Loris_tardigradus,Loris tardigradus,Bulbus_olfactorius,Bulbus_olfactorius_Vol.mm3,crosswalk_exact,85.8,resolved_unique,Stephan_etal_1981_TableV,"Stephan, Frahm & Baron 1981 (Folia Primatol 35:1-29)",Stephan_etal_1981_TableV,1,Stephan et al 1981,,,NA,direct_same_structure_unique,,,144,2019
Loris_tardigradus,Loris tardigradus,Bulbus_olfactorius_accessorius,Bulbus_olfactorius_accessorius_Vol.mm3,crosswalk_exact,2.3,resolved_unique,Stephan_etal_1981_TableV,"Stephan, Frahm & Baron 1981 (Folia Primatol 35:1-29)",Stephan_etal_1981_TableV,1,Stephan et al 1981,,,NA,direct_same_structure_unique,,,144,2019
Loris_tardigradus,Loris tardigradus,Capsula_interna,Capsula_interna_Vol.mm3,crosswalk_exact,46.3,resolved_unique,Stephan_etal_1981_TableVIII,"Stephan, Frahm & Baron 1981 (Folia Primatol 35:1-29)",Stephan_etal_1981_TableVIII,1,Stephan et al 1981,,,NA,direct_same_structure_unique,,,200,2019
Loris_tardigradus,Loris tardigradus,Cerebellar_nuclei_total,Cerebellar_nuclei_total_Vol.mm3,crosswalk_exact,17.99,resolved_unique,Matano_etal_1985_a_Table1,Matano et al. 1985 (Folia Primatol 44:182-203),Matano_etal_1985_a_Table1,1,NA,,,NA,direct_same_structure_unique,,,220,2019
Loris_tardigradus,Loris tardigradus,Cerebellum,Cerebellum_Vol.mm3,crosswalk_exact,728,resolved_unique,Stephan_etal_1981_TableII,"Stephan, Frahm & Baron 1981 (Folia Primatol 35:1-29)",Stephan_etal_1981_TableII,1,Stephan et al 1981; Zilles and Rehkamper 1988,,,NA,direct_same_structure_unique,,,162,2019
Loris_tardigradus,Loris tardigradus,Complexus.vestibularis,Complexus_vestibularis_unilateral_Vol.mm3,crosswalk_exact,8.45,resolved_multiple,Stephan_etal_1981_TableXIII,"Stephan, Frahm & Baron 1981 (Folia Primatol 35:1-29)",Matano__1986_TableI; Stephan_etal_1981_TableXIII,2,Stephan et al 1981,,,NA,direct_same_structure_multiple,,,129,2019
Loris_tardigradus,Loris tardigradus,Corpus.pineale,Corpus_pineal_Vol.mm3,crosswalk_exact,0.34,resolved_unique,Stephan_etal_1981_TableXV,"Stephan, Frahm & Baron 1981 (Folia Primatol 35:1-29)",Stephan_etal_1981_TableXV,1,Stephan et al 1981,,,NA,direct_same_structure_unique,,,88,2019
Loris_tardigradus,Loris tardigradus,Corpus.subcommissurale,Corpus_subcommissurale_Vol.mm3,crosswalk_exact,0.1,resolved_unique,Stephan_etal_1981_TableXV,"Stephan, Frahm & Baron 1981 (Folia Primatol 35:1-29)",Stephan_etal_1981_TableXV,1,Stephan et al 1981,,,NA,direct_same_structure_unique,,,88,2019
Loris_tardigradus,Loris tardigradus,Corpus.subfornicale,Corpus_subfornicale_Vol.mm3,crosswalk_exact,0.21,resolved_unique,Stephan_etal_1981_TableXV,"Stephan, Frahm & Baron 1981 (Folia Primatol 35:1-29)",Stephan_etal_1981_TableXV,1,Stephan et al 1981,,,NA,direct_same_structure_unique,,,88,2019
Loris_tardigradus,Loris tardigradus,Diencephalon,Diencephalon_Vol.mm3,crosswalk_exact,538,resolved_unique,Stephan_etal_1981_TableII,"Stephan, Frahm & Baron 1981 (Folia Primatol 35:1-29)",Stephan_etal_1981_TableII,1,Stephan et al 1981; Zilles and Rehkamper 1988,,,NA,direct_same_structure_unique,,,162,2019
Loris_tardigradus,Loris tardigradus,Dysgranular_volume_L,Dysgranular_insular_cortex_left_Vol.mm3,crosswalk_exact,6,resolved_unique,Bauernfeind_etal_2013_Table1,Bauernfeind et al. 2013 (J Hum Evol 64:263-279),Bauernfeind_etal_2013_Table1,1,Bauernfeind et al 2013,,,NA,direct_same_structure_unique,,,181,2019
Loris_tardigradus,Loris tardigradus,Epithalamus,Epithalamus_Vol.mm3,crosswalk_exact,3.21,resolved_unique,Stephan_etal_1981_TableVIII,"Stephan, Frahm & Baron 1981 (Folia Primatol 35:1-29)",Stephan_etal_1981_TableVIII,1,Stephan et al 1981,,,NA,direct_same_structure_unique,,,200,2019
Loris_tardigradus,Loris tardigradus,Granular_volume_L,Granular_insular_cortex_left_Vol.mm3,crosswalk_exact,3,resolved_unique,Bauernfeind_etal_2013_Table1,Bauernfeind et al. 2013 (J Hum Evol 64:263-279),Bauernfeind_etal_2013_Table1,1,Bauernfeind et al 2013,,,NA,direct_same_structure_unique,,,181,2019
Loris_tardigradus,Loris tardigradus,Hippocampus,Hippocampus_Vol.mm3,crosswalk_exact,191,resolved_unique,Stephan_etal_1981_TableV,"Stephan, Frahm & Baron 1981 (Folia Primatol 35:1-29)",Stephan_etal_1981_TableV,1,Stephan et al 1981; Zilles and Rehkamper 1988,,,NA,direct_same_structure_unique,,,144,2019
Loris_tardigradus,Loris tardigradus,Hypothalamus,Hypothalamus_Vol.mm3,crosswalk_exact,80.9,resolved_unique,Stephan_etal_1981_TableVIII,"Stephan, Frahm & Baron 1981 (Folia Primatol 35:1-29)",Stephan_etal_1981_TableVIII,1,Stephan et al 1981,,,NA,direct_same_structure_unique,,,200,2019
Loris_tardigradus,Loris tardigradus,Interpositus_cerebellar_nuclei,Interpositus_cerebellar_nuclei_Vol.mm3,crosswalk_exact,5.58,resolved_unique,Matano_etal_1985_a_Table1,Matano et al. 1985 (Folia Primatol 44:182-203),Matano_etal_1985_a_Table1,1,NA,,,NA,direct_same_structure_unique,,,220,2019
Loris_tardigradus,Loris tardigradus,LGN_Sousa,Corpus_geniculatum_laterale_Vol.mm3,crosswalk_exact,24.6,resolved_fallback_restricted,deSousa_etal_2010 [restricted: deSousa_2010.csv],de Sousa et al. 2010 (J Hum Evol 58:281-292),Stephan_etal_1981_TableIX; Stephan_etal_1984_Table1; deSousa_etal_2010_SupTable2; Frahm_etal_1998_Table1; deSousa_etal_2010 [restricted: deSousa_2010.csv],2,de Sousa et al 2010; de Sousa et al 2013,,,Evo-M1 value matches Stephan_etal_1981_TableIX; Stephan_etal_1984_Table1 (not the metadata source); attributed to metadata source; see source_hunt,restricted_documents_near_perfect,deSousa_etal_2010_SupTable2; Frahm_etal_1998_Table1; Stephan_etal_1984_Table1; Stephan_etal_1981_TableIX; deSousa_etal_2010 [restricted: deSousa_2010.csv]; deSousa_etal_2010 [restricted: Visual_volumes.xlsx]; Stephan_etal_1981 [restricted: Stephan_1981.csv],deSousa_etal_2010 [restricted: deSousa_2010.csv] = 24.6 (0.00%; scale 1; restricted_checks/deSousa_etal_2010/comparison/deSousa_2010.csv R52C6; 0 prior contributions),0,2019
Loris_tardigradus,Loris tardigradus,Lateral_cerebellar_nuclei,Lateral_cerebellar_nuclei_Vol.mm3,crosswalk_exact,5.76,resolved_unique,Matano_etal_1985_a_Table1,Matano et al. 1985 (Folia Primatol 44:182-203),Matano_etal_1985_a_Table1,1,NA,,,NA,direct_same_structure_unique,,,220,2019
Loris_tardigradus,Loris tardigradus,Lobus_piriformis,Lobus_piriformis_Vol.mm3,crosswalk_exact,256,resolved_unique,Stephan_etal_1981_TableV,"Stephan, Frahm & Baron 1981 (Folia Primatol 35:1-29)",Stephan_etal_1981_TableV,1,Stephan et al 1981; Zilles and Rehkamper 1988,,,NA,direct_same_structure_unique,,,144,2019
Loris_tardigradus,Loris tardigradus,Medial_cerebellar_nuclei,Medial_cerebellar_nuclei_Vol.mm3,crosswalk_exact,6.65,resolved_unique,Matano_etal_1985_a_Table1,Matano et al. 1985 (Folia Primatol 44:182-203),Matano_etal_1985_a_Table1,1,NA,,,NA,direct_same_structure_unique,,,220,2019
Loris_tardigradus,Loris tardigradus,Medulla_oblongata,Medulla_oblongata_Vol.mm3,crosswalk_exact,233,resolved_unique,Stephan_etal_1981_TableII,"Stephan, Frahm & Baron 1981 (Folia Primatol 35:1-29)",Stephan_etal_1981_TableII,1,Stephan et al 1981; Zilles and Rehkamper 1988,,,NA,direct_same_structure_unique,,,162,2019
Loris_tardigradus,Loris tardigradus,Meninges_hypophysis_nerves_etc,NA,no_defensible_volume_key,50.4,metadata_only,NA,NA,,0,Stephan et al 1981,,,NA,metadata_only_no_volume_crosswalk,,,0,2019
Loris_tardigradus,Loris tardigradus,Mesencephalon,Mesencephalon_Vol.mm3,crosswalk_exact,220,resolved_unique,Stephan_etal_1981_TableII,"Stephan, Frahm & Baron 1981 (Folia Primatol 35:1-29)",Stephan_etal_1981_TableII,1,Stephan et al 1981; Zilles and Rehkamper 1988,,,NA,direct_same_structure_unique,,,162,2019
Loris_tardigradus,Loris tardigradus,NeoWG,Neocortex_Vol.mm3,crosswalk_exact,3524,resolved_unique,Stephan_etal_1981_TableV,"Stephan, Frahm & Baron 1981 (Folia Primatol 35:1-29)",Stephan_etal_1981_TableV,1,Stephan et al 1981; Zilles and Rehkamper 1988,,,NA,direct_same_structure_unique,,,144,2019
Loris_tardigradus,Loris tardigradus,Nucleus.habenularis.medialis,Nucleus_habenularis_medialis_Vol.mm3,crosswalk_exact,1.15,resolved_unique,Stephan_etal_1981_TableXV,"Stephan, Frahm & Baron 1981 (Folia Primatol 35:1-29)",Stephan_etal_1981_TableXV,1,Stephan et al 1981,,,NA,direct_same_structure_unique,,,88,2019
Loris_tardigradus,Loris tardigradus,Nucleus.septalis.triangularis,Nucleus_septalis_triangularis_Vol.mm3,crosswalk_exact,0.82,resolved_unique,Stephan_etal_1981_TableXV,"Stephan, Frahm & Baron 1981 (Folia Primatol 35:1-29)",Stephan_etal_1981_TableXV,1,Stephan et al 1981,,,NA,direct_same_structure_unique,,,88,2019
Loris_tardigradus,Loris tardigradus,Nucleus.vestibularis.descendens,Nucleus_vestibularis_descendens_unilateral_Vol.mm3,crosswalk_exact,2.08,resolved_multiple,Stephan_etal_1981_TableXIII,"Stephan, Frahm & Baron 1981 (Folia Primatol 35:1-29)",Matano__1986_TableI; Stephan_etal_1981_TableXIII,2,Stephan et al 1981,,,NA,direct_same_structure_multiple,,,129,2019
Loris_tardigradus,Loris tardigradus,Nucleus.vestibularis.lateralis,Nucleus_vestibularis_lateralis_unilateral_Vol.mm3,crosswalk_exact,1.22,resolved_multiple,Stephan_etal_1981_TableXIII,"Stephan, Frahm & Baron 1981 (Folia Primatol 35:1-29)",Matano__1986_TableI; Stephan_etal_1981_TableXIII,2,Stephan et al 1981,,,NA,direct_same_structure_multiple,,,129,2019
Loris_tardigradus,Loris tardigradus,Nucleus.vestibularis.medialis,Nucleus_vestibularis_medialis_unilateral_Vol.mm3,crosswalk_exact,3.55,resolved_multiple,Stephan_etal_1981_TableXIII,"Stephan, Frahm & Baron 1981 (Folia Primatol 35:1-29)",Matano__1986_TableI; Stephan_etal_1981_TableXIII,2,Stephan et al 1981,,,NA,direct_same_structure_multiple,,,129,2019
Loris_tardigradus,Loris tardigradus,Nucleus.vestibularis.superior,Nucleus_vestibularis_superior_unilateral_Vol.mm3,crosswalk_exact,1.61,resolved_multiple,Stephan_etal_1981_TableXIII,"Stephan, Frahm & Baron 1981 (Folia Primatol 35:1-29)",Matano__1986_TableI; Stephan_etal_1981_TableXIII,2,Stephan et al 1981,,,NA,direct_same_structure_multiple,,,129,2019
Loris_tardigradus,Loris tardigradus,Nucleus_subthalamicus,Nucleus_subthalamicus_Vol.mm3,crosswalk_exact,3.79,resolved_unique,Stephan_etal_1981_TableVIII,"Stephan, Frahm & Baron 1981 (Folia Primatol 35:1-29)",Stephan_etal_1981_TableVIII,1,Stephan et al 1981,,,NA,direct_same_structure_unique,,,200,2019
Loris_tardigradus,Loris tardigradus,Pallidum,Pallidum_Vol.mm3,crosswalk_exact,41.4,resolved_unique,Stephan_etal_1981_TableVIII,"Stephan, Frahm & Baron 1981 (Folia Primatol 35:1-29)",Stephan_etal_1981_TableVIII,1,Stephan et al 1981; Zilles and Rehkamper 1988,,,NA,direct_same_structure_unique,,,200,2019
Loris_tardigradus,Loris tardigradus,Pons,Ventral_pons_Vol.mm3,Matano ventral pons,28.9,resolved_unique,Matano_etal_1985_b_Table1,Matano et al. 1985 (Folia Primatol 44:182-203),Matano_etal_1985_b_Table1,1,Matano et al 1985; Zilles and Rehkamper 1988,,,NA,direct_same_structure_unique,,,40,2019
Loris_tardigradus,Loris tardigradus,Schizocortex,Schizo_cortex_Vol.mm3,crosswalk_exact,99.7,resolved_unique,Stephan_etal_1981_TableV,"Stephan, Frahm & Baron 1981 (Folia Primatol 35:1-29)",Stephan_etal_1981_TableV,1,Stephan et al 1981,,,NA,direct_same_structure_unique,,,144,2019
Loris_tardigradus,Loris tardigradus,Septum,Septum_Vol.mm3,crosswalk_exact,41.1,resolved_unique,Stephan_etal_1981_TableV,"Stephan, Frahm & Baron 1981 (Folia Primatol 35:1-29)",Stephan_etal_1981_TableV,1,Stephan et al 1981; Zilles and Rehkamper 1988,,,NA,direct_same_structure_unique,,,144,2019
Loris_tardigradus,Loris tardigradus,Striatum,Striatum_Vol.mm3,crosswalk_exact,351,resolved_unique,Stephan_etal_1981_TableV,"Stephan, Frahm & Baron 1981 (Folia Primatol 35:1-29)",Stephan_etal_1981_TableV,1,Stephan et al 1981; Zilles and Rehkamper 1988,,,NA,direct_same_structure_unique,,,144,2019
Loris_tardigradus,Loris tardigradus,Subthalamus,Subthalamus_Vol.mm3,crosswalk_exact,45.2,resolved_unique,Stephan_etal_1981_TableVIII,"Stephan, Frahm & Baron 1981 (Folia Primatol 35:1-29)",Stephan_etal_1981_TableVIII,1,Stephan et al 1981,,,NA,direct_same_structure_unique,,,200,2019
Loris_tardigradus,Loris tardigradus,Telencephalon,Telencephalon_Vol.mm3,crosswalk_exact,4551,resolved_unique,Stephan_etal_1981_TableII,"Stephan, Frahm & Baron 1981 (Folia Primatol 35:1-29)",Stephan_etal_1981_TableII,1,Stephan et al 1981; Zilles and Rehkamper 1988,,,NA,direct_same_structure_unique,,,162,2019
Loris_tardigradus,Loris tardigradus,Thalamus,Thalamus_Vol.mm3,crosswalk_exact,348,resolved_unique,Stephan_etal_1981_TableVIII,"Stephan, Frahm & Baron 1981 (Folia Primatol 35:1-29)",Stephan_etal_1981_TableVIII,1,Stephan et al 1981,,,NA,direct_same_structure_unique,,,200,2019
Loris_tardigradus,Loris tardigradus,Total_brain_net_volume,Total_brain_net_volume_Vol.mm3,crosswalk_exact,6269,resolved_unique,Stephan_etal_1981_TableII,"Stephan, Frahm & Baron 1981 (Folia Primatol 35:1-29)",Stephan_etal_1981_TableII,2,Stephan et al 1981,,,NA,direct_same_structure_unique,,,162,2019
Loris_tardigradus,Loris tardigradus,Total_insula_volume_L,Insula_left_Vol.mm3,crosswalk_exact,12,resolved_unique,Bauernfeind_etal_2013_Table1,Bauernfeind et al. 2013 (J Hum Evol 64:263-279),Bauernfeind_etal_2013_Table1,1,Bauernfeind et al 2013,,,NA,direct_same_structure_unique,,,181,2019
Loris_tardigradus,Loris tardigradus,Tractus_opticus,Tractus_opticus_Vol.mm3,crosswalk_exact,15.7,resolved_unique,Stephan_etal_1981_TableVIII,"Stephan, Frahm & Baron 1981 (Folia Primatol 35:1-29)",Stephan_etal_1981_TableVIII,1,Stephan et al 1981,,,NA,direct_same_structure_unique,,,200,2019
Loris_tardigradus,Loris tardigradus,Ventricles,Ventricles_Vol.mm3,crosswalk_exact,51.6,resolved_unique,Stephan_etal_1981_TableII,"Stephan, Frahm & Baron 1981 (Folia Primatol 35:1-29)",Stephan_etal_1981_TableII,1,Stephan et al 1981,,,NA,direct_same_structure_unique,,,162,2019
Macaca_fascicularis,Macaca fascicularis,ASG_Sousa,Area_striata_grey_matter_Vol.mm3,crosswalk_exact,2713.3,resolved_fallback_metadata,deSousa_etal_2010_SupTable2,de Sousa et al. 2010 (J Hum Evol 58:281-292),deSousa_etal_2010_SupTable2,0,de Sousa et al 2010,,,NA,metadata_tables_near_perfect,deSousa_etal_2010_SupTable2; deSousa_etal_2010 [restricted: deSousa_2010.csv]; deSousa_etal_2010 [restricted: Visual_volumes.xlsx]; Stephan_etal_1981 [restricted: Stephan_1981.csv],deSousa_etal_2010_SupTable2 = 2700 (Area_striata_grey_matter_Vol.mm3; 0.49%; scale 1; 0 prior contributions),0,2019
Macaca_fascicularis,Macaca fascicularis,Body_weight,Body_Mass.g,crosswalk_exact,2900,provenance_gap,NA,NA,,0,Stephan et al 1981; Zilles and Rehkamper 1988; Bauernfeind et al 2013,,,NA,unresolved_after_direct_match,,,0,2019
Macaca_fascicularis,Macaca fascicularis,Brain_weight,Brain_Mass.mg,crosswalk_exact,57600,resolved_fallback_evom1,deSousa_etal_2013_Table1,de Sousa et al. 2013 (Brain Behav Evol 81:93-108),deSousa_etal_2013_Table1,1,Stephan et al 1981; Zilles and Rehkamper 1988; Bauernfeind et al 2013,,,Evo-M1 value matches deSousa_etal_2013_Table1 (not the metadata source); attributed to metadata source; see source_hunt,evom1_all_volume_tables_near_perfect,deSousa_etal_2013_Table1; deSousa_etal_2013 [restricted: deSousa_2013.csv],deSousa_etal_2013_Table1 = 57600 (Brain_Mass.mg; 0.00%; scale 1; 15 prior contributions),15,2019
Macaca_fascicularis,Macaca fascicularis,Brainvol,NA,no_defensible_volume_key,55598.46,metadata_only,NA,NA,,0,de Sousa et al 2010; Stephan et al 1981,,,NA,metadata_only_no_volume_crosswalk,,,0,2019
Macaca_fascicularis,Macaca fascicularis,LGN_Sousa,Corpus_geniculatum_laterale_Vol.mm3,crosswalk_exact,91.9,resolved_unique,deSousa_etal_2013_Table1,de Sousa et al. 2013 (Brain Behav Evol 81:93-108),deSousa_etal_2013_Table1,1,de Sousa et al 2010; de Sousa et al 2013,,,NA,direct_same_structure_unique,,,15,2019
Macaca_maura,Macaca maura,Agranular_volume_L,Agranular_insular_cortex_left_Vol.mm3,crosswalk_exact,71,resolved_unique,Bauernfeind_etal_2013_Table1,Bauernfeind et al. 2013 (J Hum Evol 64:263-279),Bauernfeind_etal_2013_Table1,1,Bauernfeind et al 2013,,,NA,direct_same_structure_unique,,,181,2019
Macaca_maura,Macaca maura,Body_mass,Body_Mass.g,crosswalk_exact,6050,resolved_unique,Bauernfeind_etal_2013_Table1,Bauernfeind et al. 2013 (J Hum Evol 64:263-279),Bauernfeind_etal_2013_Table1,1,Bauernfeind et al 2013,,,NA,direct_same_structure_unique,,,181,2019
Macaca_maura,Macaca maura,Body_weight,Body_Mass.g,crosswalk_exact,6050,resolved_unique,Bauernfeind_etal_2013_Table1,Bauernfeind et al. 2013 (J Hum Evol 64:263-279),Bauernfeind_etal_2013_Table1,1,Stephan et al 1981; Zilles and Rehkamper 1988; Bauernfeind et al 2013,,,NA,direct_same_structure_unique,,,181,2019
Macaca_maura,Macaca maura,Brain_mass,Brain_Mass.mg,crosswalk_exact,83300,resolved_unique,Bauernfeind_etal_2013_Table1,Bauernfeind et al. 2013 (J Hum Evol 64:263-279),Bauernfeind_etal_2013_Table1,1,Bauernfeind et al 2013,1000,,NA,direct_same_structure_unique,,,181,2019
Macaca_maura,Macaca maura,Brain_volume,NA,no_defensible_volume_key,80405,metadata_only,NA,NA,,0,Bauernfeind et al 2013,,,NA,metadata_only_no_volume_crosswalk,,,0,2019
Macaca_maura,Macaca maura,Brain_weight,Brain_Mass.mg,crosswalk_exact,83300,resolved_unique,Bauernfeind_etal_2013_Table1,Bauernfeind et al. 2013 (J Hum Evol 64:263-279),Bauernfeind_etal_2013_Table1,1,Stephan et al 1981; Zilles and Rehkamper 1988; Bauernfeind et al 2013,1000,,NA,direct_same_structure_unique,,,181,2019
Macaca_maura,Macaca maura,Dysgranular_volume_L,Dysgranular_insular_cortex_left_Vol.mm3,crosswalk_exact,240,resolved_unique,Bauernfeind_etal_2013_Table1,Bauernfeind et al. 2013 (J Hum Evol 64:263-279),Bauernfeind_etal_2013_Table1,1,Bauernfeind et al 2013,,,NA,direct_same_structure_unique,,,181,2019
Macaca_maura,Macaca maura,Granular_volume_L,Granular_insular_cortex_left_Vol.mm3,crosswalk_exact,181,resolved_unique,Bauernfeind_etal_2013_Table1,Bauernfeind et al. 2013 (J Hum Evol 64:263-279),Bauernfeind_etal_2013_Table1,1,Bauernfeind et al 2013,,,NA,direct_same_structure_unique,,,181,2019
Macaca_maura,Macaca maura,Total_insula_volume_L,Insula_left_Vol.mm3,crosswalk_exact,492,resolved_unique,Bauernfeind_etal_2013_Table1,Bauernfeind et al. 2013 (J Hum Evol 64:263-279),Bauernfeind_etal_2013_Table1,1,Bauernfeind et al 2013,,,NA,direct_same_structure_unique,,,181,2019
Macaca_mulatta,Macaca mulatta,ASG_Sousa,Area_striata_grey_matter_Vol.mm3,crosswalk_exact,5343,resolved_fallback_metadata,deSousa_etal_2010_SupTable2,de Sousa et al. 2010 (J Hum Evol 58:281-292),Frahm_etal_1984_Table1; deSousa_etal_2010_SupTable2; Frahm_etal_1998_Table1,1,de Sousa et al 2010,,,Evo-M1 value matches Frahm_etal_1984_Table1 (not the metadata source); attributed to metadata source; see source_hunt,metadata_tables_near_perfect,deSousa_etal_2010_SupTable2; Frahm_etal_1998_Table1; Frahm_etal_1984_Table1; deSousa_etal_2010 [restricted: Visual_volumes.xlsx]; deSousa_etal_2010 [restricted: deSousa_2010.csv]; Stephan_etal_1981 [restricted: Stephan_1981.csv],deSousa_etal_2010_SupTable2 = 5300 (Area_striata_grey_matter_Vol.mm3; 0.80%; scale 1; 0 prior contributions),0,2019
Macaca_mulatta,Macaca mulatta,Body_weight,Body_Mass.g,crosswalk_exact,7800,resolved_multiple,Stephan_etal_1981_TableIII,"Stephan, Frahm & Baron 1981 (Folia Primatol 35:1-29)",Matano__1986_TableI; Matano_etal_1985_a_Table1; Matano_etal_1985_b_Table1; Stephan_etal_1981_TableIII; Stephan_etal_1988_TABLE1,5,Stephan et al 1981; Zilles and Rehkamper 1988; Bauernfeind et al 2013,,,NA,direct_same_structure_multiple,,,243,2019
Macaca_mulatta,Macaca mulatta,Body_weight_1985a,Body_Mass.g,crosswalk_exact,7800,resolved_multiple,Matano_etal_1985_a_Table1,Matano et al. 1985 (Folia Primatol 44:182-203),Matano__1986_TableI; Matano_etal_1985_a_Table1; Matano_etal_1985_b_Table1; Stephan_etal_1981_TableIII; Stephan_etal_1988_TABLE1,5,NA,,,NA,direct_same_structure_multiple,,,220,2019
Macaca_mulatta,Macaca mulatta,Brain_weight,Brain_Mass.mg,crosswalk_exact,93000,resolved_multiple,Stephan_etal_1981_TableIII,"Stephan, Frahm & Baron 1981 (Folia Primatol 35:1-29)",Stephan_etal_1981_TableIII; Stephan_etal_1988_TABLE1,3,Stephan et al 1981; Zilles and Rehkamper 1988; Bauernfeind et al 2013,,,NA,direct_same_structure_multiple,,,243,2019
Macaca_mulatta,Macaca mulatta,Brainvol,NA,no_defensible_volume_key,89768.34,metadata_only,NA,NA,,0,de Sousa et al 2010; Stephan et al 1981,,,NA,metadata_only_no_volume_crosswalk,,,0,2019
Macaca_mulatta,Macaca mulatta,Bulbus_olfactorius,Bulbus_olfactorius_Vol.mm3,crosswalk_exact,84.3,resolved_unique,Stephan_etal_1981_TableVI,"Stephan, Frahm & Baron 1981 (Folia Primatol 35:1-29)",Stephan_etal_1981_TableVI,1,Stephan et al 1981,,,NA,direct_same_structure_unique,,,215,2019
Macaca_mulatta,Macaca mulatta,Bulbus_olfactorius_accessorius,Bulbus_olfactorius_accessorius_Vol.mm3,crosswalk_exact,0,resolved_unique,Stephan_etal_1981_TableVI,"Stephan, Frahm & Baron 1981 (Folia Primatol 35:1-29)",Stephan_etal_1981_TableVI,1,Stephan et al 1981,,,NA,direct_same_structure_unique,,,215,2019
Macaca_mulatta,Macaca mulatta,Cerebellar_nuclei_total,Cerebellar_nuclei_total_Vol.mm3,crosswalk_exact,235.31,resolved_unique,Matano_etal_1985_a_Table1,Matano et al. 1985 (Folia Primatol 44:182-203),Matano_etal_1985_a_Table1,1,NA,,,NA,direct_same_structure_unique,,,220,2019
Macaca_mulatta,Macaca mulatta,Cerebellum,Cerebellum_Vol.mm3,crosswalk_exact,8965,resolved_unique,Stephan_etal_1981_TableIII,"Stephan, Frahm & Baron 1981 (Folia Primatol 35:1-29)",Stephan_etal_1981_TableIII,1,Stephan et al 1981; Zilles and Rehkamper 1988,,,NA,direct_same_structure_unique,,,243,2019
Macaca_mulatta,Macaca mulatta,Corpus.pineale,Corpus_pineal_Vol.mm3,crosswalk_exact,12.4,resolved_unique,Stephan_etal_1981_TableXVI,"Stephan, Frahm & Baron 1981 (Folia Primatol 35:1-29)",Stephan_etal_1981_TableXVI,1,Stephan et al 1981,,,NA,direct_same_structure_unique,,,103,2019
Macaca_mulatta,Macaca mulatta,Corpus.subcommissurale,Corpus_subcommissurale_Vol.mm3,crosswalk_exact,0.27,resolved_unique,Stephan_etal_1981_TableXVI,"Stephan, Frahm & Baron 1981 (Folia Primatol 35:1-29)",Stephan_etal_1981_TableXVI,1,Stephan et al 1981,,,NA,direct_same_structure_unique,,,103,2019
Macaca_mulatta,Macaca mulatta,Corpus.subfornicale,Corpus_subfornicale_Vol.mm3,crosswalk_exact,0.36,resolved_unique,Stephan_etal_1981_TableXVI,"Stephan, Frahm & Baron 1981 (Folia Primatol 35:1-29)",Stephan_etal_1981_TableXVI,1,Stephan et al 1981,,,NA,direct_same_structure_unique,,,103,2019
Macaca_mulatta,Macaca mulatta,Diencephalon,Diencephalon_Vol.mm3,crosswalk_exact,4480,resolved_unique,Stephan_etal_1981_TableIII,"Stephan, Frahm & Baron 1981 (Folia Primatol 35:1-29)",Stephan_etal_1981_TableIII,1,Stephan et al 1981; Zilles and Rehkamper 1988,,,NA,direct_same_structure_unique,,,243,2019
Macaca_mulatta,Macaca mulatta,Hippocampus,Hippocampus_Vol.mm3,crosswalk_exact,1353,resolved_unique,Stephan_etal_1981_TableVI,"Stephan, Frahm & Baron 1981 (Folia Primatol 35:1-29)",Stephan_etal_1981_TableVI,1,Stephan et al 1981; Zilles and Rehkamper 1988,,,NA,direct_same_structure_unique,,,215,2019
Macaca_mulatta,Macaca mulatta,Interpositus_cerebellar_nuclei,Interpositus_cerebellar_nuclei_Vol.mm3,crosswalk_exact,75.13,resolved_unique,Matano_etal_1985_a_Table1,Matano et al. 1985 (Folia Primatol 44:182-203),Matano_etal_1985_a_Table1,1,NA,,,NA,direct_same_structure_unique,,,220,2019
Macaca_mulatta,Macaca mulatta,LGN_Sousa,Corpus_geniculatum_laterale_Vol.mm3,crosswalk_exact,158,resolved_multiple,deSousa_etal_2013_Table1,de Sousa et al. 2013 (Brain Behav Evol 81:93-108),deSousa_etal_2013_Table1; Stephan_etal_1981_TableIX; Stephan_etal_1984_Table1,3,de Sousa et al 2010; de Sousa et al 2013,,,NA,direct_same_structure_multiple,,,15,2019
Macaca_mulatta,Macaca mulatta,Lateral_cerebellar_nuclei,Lateral_cerebellar_nuclei_Vol.mm3,crosswalk_exact,106.94,resolved_unique,Matano_etal_1985_a_Table1,Matano et al. 1985 (Folia Primatol 44:182-203),Matano_etal_1985_a_Table1,1,NA,,,NA,direct_same_structure_unique,,,220,2019
Macaca_mulatta,Macaca mulatta,Lobus_piriformis,Lobus_piriformis_Vol.mm3,crosswalk_exact,1220,resolved_unique,Stephan_etal_1981_TableVI,"Stephan, Frahm & Baron 1981 (Folia Primatol 35:1-29)",Stephan_etal_1981_TableVI,1,Stephan et al 1981; Zilles and Rehkamper 1988,,,NA,direct_same_structure_unique,,,215,2019
Macaca_mulatta,Macaca mulatta,Medial_cerebellar_nuclei,Medial_cerebellar_nuclei_Vol.mm3,crosswalk_exact,53.24,resolved_unique,Matano_etal_1985_a_Table1,Matano et al. 1985 (Folia Primatol 44:182-203),Matano_etal_1985_a_Table1,1,NA,,,NA,direct_same_structure_unique,,,220,2019
Macaca_mulatta,Macaca mulatta,Medulla_oblongata,Medulla_oblongata_Vol.mm3,crosswalk_exact,1992,resolved_unique,Stephan_etal_1981_TableIII,"Stephan, Frahm & Baron 1981 (Folia Primatol 35:1-29)",Stephan_etal_1981_TableIII,1,Stephan et al 1981; Zilles and Rehkamper 1988,,,NA,direct_same_structure_unique,,,243,2019
Macaca_mulatta,Macaca mulatta,Meninges_hypophysis_nerves_etc,NA,no_defensible_volume_key,1038,metadata_only,NA,NA,,0,Stephan et al 1981,,,NA,metadata_only_no_volume_crosswalk,,,0,2019
Macaca_mulatta,Macaca mulatta,Mesencephalon,Mesencephalon_Vol.mm3,crosswalk_exact,1380,resolved_unique,Stephan_etal_1981_TableIII,"Stephan, Frahm & Baron 1981 (Folia Primatol 35:1-29)",Stephan_etal_1981_TableIII,1,Stephan et al 1981; Zilles and Rehkamper 1988,,,NA,direct_same_structure_unique,,,243,2019
Macaca_mulatta,Macaca mulatta,NeoWG,Neocortex_Vol.mm3,crosswalk_exact,63482,resolved_unique,Stephan_etal_1981_TableVI,"Stephan, Frahm & Baron 1981 (Folia Primatol 35:1-29)",Stephan_etal_1981_TableVI,1,Stephan et al 1981; Zilles and Rehkamper 1988,,,NA,direct_same_structure_unique,,,215,2019
Macaca_mulatta,Macaca mulatta,Nucleus.habenularis.medialis,Nucleus_habenularis_medialis_Vol.mm3,crosswalk_exact,7.66,resolved_unique,Stephan_etal_1981_TableXVI,"Stephan, Frahm & Baron 1981 (Folia Primatol 35:1-29)",Stephan_etal_1981_TableXVI,1,Stephan et al 1981,,,NA,direct_same_structure_unique,,,103,2019
Macaca_mulatta,Macaca mulatta,Nucleus.septalis.triangularis,Nucleus_septalis_triangularis_Vol.mm3,crosswalk_exact,2.83,resolved_unique,Stephan_etal_1981_TableXVI,"Stephan, Frahm & Baron 1981 (Folia Primatol 35:1-29)",Stephan_etal_1981_TableXVI,1,Stephan et al 1981,,,NA,direct_same_structure_unique,,,103,2019
Macaca_mulatta,Macaca mulatta,Pons,Ventral_pons_Vol.mm3,Matano ventral pons,639.2,resolved_unique,Matano_etal_1985_b_Table1,Matano et al. 1985 (Folia Primatol 44:182-203),Matano_etal_1985_b_Table1,1,Matano et al 1985; Zilles and Rehkamper 1988,,,NA,direct_same_structure_unique,,,40,2019
Macaca_mulatta,Macaca mulatta,Schizocortex,Schizo_cortex_Vol.mm3,crosswalk_exact,639,resolved_unique,Stephan_etal_1981_TableVI,"Stephan, Frahm & Baron 1981 (Folia Primatol 35:1-29)",Stephan_etal_1981_TableVI,1,Stephan et al 1981,,,NA,direct_same_structure_unique,,,215,2019
Macaca_mulatta,Macaca mulatta,Septum,Septum_Vol.mm3,crosswalk_exact,271,resolved_unique,Stephan_etal_1981_TableVI,"Stephan, Frahm & Baron 1981 (Folia Primatol 35:1-29)",Stephan_etal_1981_TableVI,1,Stephan et al 1981; Zilles and Rehkamper 1988,,,NA,direct_same_structure_unique,,,215,2019
Macaca_mulatta,Macaca mulatta,Striatum,Striatum_Vol.mm3,crosswalk_exact,4032,resolved_unique,Stephan_etal_1981_TableVI,"Stephan, Frahm & Baron 1981 (Folia Primatol 35:1-29)",Stephan_etal_1981_TableVI,1,Stephan et al 1981; Zilles and Rehkamper 1988,,,NA,direct_same_structure_unique,,,215,2019
Macaca_mulatta,Macaca mulatta,Telencephalon,Telencephalon_Vol.mm3,crosswalk_exact,71080,resolved_unique,Stephan_etal_1981_TableIII,"Stephan, Frahm & Baron 1981 (Folia Primatol 35:1-29)",Stephan_etal_1981_TableIII,1,Stephan et al 1981; Zilles and Rehkamper 1988,,,NA,direct_same_structure_unique,,,243,2019
Macaca_mulatta,Macaca mulatta,Total_brain_net_volume,Total_brain_net_volume_Vol.mm3,crosswalk_exact,87896,resolved_unique,Stephan_etal_1981_TableIII,"Stephan, Frahm & Baron 1981 (Folia Primatol 35:1-29)",Stephan_etal_1981_TableIII,1,Stephan et al 1981,,,NA,direct_same_structure_unique,,,243,2019
Macaca_mulatta,Macaca mulatta,Ventricles,Ventricles_Vol.mm3,crosswalk_exact,834,resolved_unique,Stephan_etal_1981_TableIII,"Stephan, Frahm & Baron 1981 (Folia Primatol 35:1-29)",Stephan_etal_1981_TableIII,1,Stephan et al 1981,,,NA,direct_same_structure_unique,,,243,2019
Microcebus_murinus,Microcebus murinus,ASG_Sousa,Area_striata_grey_matter_Vol.mm3,crosswalk_exact,136,resolved_fallback_restricted,deSousa_etal_2010 [restricted: deSousa_2010.csv],de Sousa et al. 2010 (J Hum Evol 58:281-292),Frahm_etal_1984_Table1; Frahm_etal_1998_Table1; deSousa_etal_2010 [restricted: deSousa_2010.csv],1,de Sousa et al 2010,,,Evo-M1 value matches Frahm_etal_1984_Table1 (not the metadata source); attributed to metadata source; see source_hunt,restricted_documents_near_perfect,Frahm_etal_1998_Table1; Frahm_etal_1984_Table1; deSousa_etal_2010 [restricted: deSousa_2010.csv]; deSousa_etal_2010 [restricted: Visual_volumes.xlsx]; Stephan_etal_1981 [restricted: Stephan_1981.csv],deSousa_etal_2010 [restricted: deSousa_2010.csv] = 136 (0.00%; scale 1; restricted_checks/deSousa_etal_2010/comparison/deSousa_2010.csv R56C2; 0 prior contributions),0,2019
Microcebus_murinus,Microcebus murinus,Amygdala,Amygdala_Vol.mm3,crosswalk_exact,36.4,resolved_unique,Stephan_etal_1981_TableXI,"Stephan, Frahm & Baron 1981 (Folia Primatol 35:1-29)",Stephan_etal_1981_TableXI,1,Stephan et al 1981; Zilles and Rehkamper 1988,,,NA,direct_same_structure_unique,,,100,2019
Microcebus_murinus,Microcebus murinus,Body_weight,Body_Mass.g,crosswalk_exact,54,resolved_multiple,Stephan_etal_1981_TableII,"Stephan, Frahm & Baron 1981 (Folia Primatol 35:1-29)",Matano__1986_TableI; Matano_etal_1985_a_Table1; Matano_etal_1985_b_Table1; Stephan_etal_1981_TableII; Stephan_etal_1988_TABLE1,5,Stephan et al 1981; Zilles and Rehkamper 1988; Bauernfeind et al 2013,,,NA,direct_same_structure_multiple,,,162,2019
Microcebus_murinus,Microcebus murinus,Body_weight_1985a,Body_Mass.g,crosswalk_exact,54,resolved_multiple,Matano_etal_1985_a_Table1,Matano et al. 1985 (Folia Primatol 44:182-203),Matano__1986_TableI; Matano_etal_1985_a_Table1; Matano_etal_1985_b_Table1; Stephan_etal_1981_TableII; Stephan_etal_1988_TABLE1,5,NA,,,NA,direct_same_structure_multiple,,,220,2019
Microcebus_murinus,Microcebus murinus,Brain_weight,Brain_Mass.mg,crosswalk_exact,1780,resolved_multiple,Stephan_etal_1981_TableII,"Stephan, Frahm & Baron 1981 (Folia Primatol 35:1-29)",Stephan_etal_1981_TableII; Stephan_etal_1988_TABLE1,2,Stephan et al 1981; Zilles and Rehkamper 1988; Bauernfeind et al 2013,,,NA,direct_same_structure_multiple,,,162,2019
Microcebus_murinus,Microcebus murinus,Brainvol,NA,no_defensible_volume_key,1718.15,metadata_only,NA,NA,,0,de Sousa et al 2010; Stephan et al 1981,,,NA,metadata_only_no_volume_crosswalk,,,0,2019
Microcebus_murinus,Microcebus murinus,Bulbus_olfactorius,Bulbus_olfactorius_Vol.mm3,crosswalk_exact,43,resolved_unique,Stephan_etal_1981_TableV,"Stephan, Frahm & Baron 1981 (Folia Primatol 35:1-29)",Stephan_etal_1981_TableV,1,Stephan et al 1981,,,NA,direct_same_structure_unique,,,144,2019
Microcebus_murinus,Microcebus murinus,Bulbus_olfactorius_accessorius,Bulbus_olfactorius_accessorius_Vol.mm3,crosswalk_exact,1.62,resolved_unique,Stephan_etal_1981_TableV,"Stephan, Frahm & Baron 1981 (Folia Primatol 35:1-29)",Stephan_etal_1981_TableV,1,Stephan et al 1981,,,NA,direct_same_structure_unique,,,144,2019
Microcebus_murinus,Microcebus murinus,Capsula_interna,Capsula_interna_Vol.mm3,crosswalk_exact,9.08,resolved_unique,Stephan_etal_1981_TableVIII,"Stephan, Frahm & Baron 1981 (Folia Primatol 35:1-29)",Stephan_etal_1981_TableVIII,1,Stephan et al 1981,,,NA,direct_same_structure_unique,,,200,2019
Microcebus_murinus,Microcebus murinus,Cerebellar_nuclei_total,Cerebellar_nuclei_total_Vol.mm3,crosswalk_exact,4.74,resolved_unique,Matano_etal_1985_a_Table1,Matano et al. 1985 (Folia Primatol 44:182-203),Matano_etal_1985_a_Table1,1,NA,,,NA,direct_same_structure_unique,,,220,2019
Microcebus_murinus,Microcebus murinus,Cerebellum,Cerebellum_Vol.mm3,crosswalk_exact,234,resolved_unique,Stephan_etal_1981_TableII,"Stephan, Frahm & Baron 1981 (Folia Primatol 35:1-29)",Stephan_etal_1981_TableII,1,Stephan et al 1981; Zilles and Rehkamper 1988,,,NA,direct_same_structure_unique,,,162,2019
Microcebus_murinus,Microcebus murinus,Complexus.vestibularis,Complexus_vestibularis_unilateral_Vol.mm3,crosswalk_exact,4.02,resolved_multiple,Stephan_etal_1981_TableXIII,"Stephan, Frahm & Baron 1981 (Folia Primatol 35:1-29)",Matano__1986_TableI; Stephan_etal_1981_TableXIII,2,Stephan et al 1981,,,NA,direct_same_structure_multiple,,,129,2019
Microcebus_murinus,Microcebus murinus,Complexus_centromedialis,Complexus_centromedialis_Vol.mm3,crosswalk_exact,12.1,resolved_unique,Stephan_etal_1981_TableXI,"Stephan, Frahm & Baron 1981 (Folia Primatol 35:1-29)",Stephan_etal_1981_TableXI,1,Stephan et al 1981,,,NA,direct_same_structure_unique,,,100,2019
Microcebus_murinus,Microcebus murinus,Complexus_cortico_basolateralis,Complexus_corticobasolateralis_Vol.mm3,crosswalk_exact,24.3,resolved_unique,Stephan_etal_1981_TableXI,"Stephan, Frahm & Baron 1981 (Folia Primatol 35:1-29)",Stephan_etal_1981_TableXI,1,Stephan et al 1981,,,NA,direct_same_structure_unique,,,100,2019
Microcebus_murinus,Microcebus murinus,Corpus.pineale,Corpus_pineal_Vol.mm3,crosswalk_exact,0.14,resolved_unique,Stephan_etal_1981_TableXV,"Stephan, Frahm & Baron 1981 (Folia Primatol 35:1-29)",Stephan_etal_1981_TableXV,1,Stephan et al 1981,,,NA,direct_same_structure_unique,,,88,2019
Microcebus_murinus,Microcebus murinus,Corpus.subcommissurale,Corpus_subcommissurale_Vol.mm3,crosswalk_exact,0.02,resolved_unique,Stephan_etal_1981_TableXV,"Stephan, Frahm & Baron 1981 (Folia Primatol 35:1-29)",Stephan_etal_1981_TableXV,1,Stephan et al 1981,,,NA,direct_same_structure_unique,,,88,2019
Microcebus_murinus,Microcebus murinus,Corpus.subfornicale,Corpus_subfornicale_Vol.mm3,crosswalk_exact,0.06,resolved_unique,Stephan_etal_1981_TableXV,"Stephan, Frahm & Baron 1981 (Folia Primatol 35:1-29)",Stephan_etal_1981_TableXV,1,Stephan et al 1981,,,NA,direct_same_structure_unique,,,88,2019
Microcebus_murinus,Microcebus murinus,Diencephalon,Diencephalon_Vol.mm3,crosswalk_exact,134,resolved_unique,Stephan_etal_1981_TableII,"Stephan, Frahm & Baron 1981 (Folia Primatol 35:1-29)",Stephan_etal_1981_TableII,1,Stephan et al 1981; Zilles and Rehkamper 1988,,,NA,direct_same_structure_unique,,,162,2019
Microcebus_murinus,Microcebus murinus,Epithalamus,Epithalamus_Vol.mm3,crosswalk_exact,1.44,resolved_unique,Stephan_etal_1981_TableVIII,"Stephan, Frahm & Baron 1981 (Folia Primatol 35:1-29)",Stephan_etal_1981_TableVIII,1,Stephan et al 1981,,,NA,direct_same_structure_unique,,,200,2019
Microcebus_murinus,Microcebus murinus,Hippocampus,Hippocampus_Vol.mm3,crosswalk_exact,100,resolved_unique,Stephan_etal_1981_TableV,"Stephan, Frahm & Baron 1981 (Folia Primatol 35:1-29)",Stephan_etal_1981_TableV,1,Stephan et al 1981; Zilles and Rehkamper 1988,,,NA,direct_same_structure_unique,,,144,2019
Microcebus_murinus,Microcebus murinus,Hypothalamus,Hypothalamus_Vol.mm3,crosswalk_exact,29.8,resolved_unique,Stephan_etal_1981_TableVIII,"Stephan, Frahm & Baron 1981 (Folia Primatol 35:1-29)",Stephan_etal_1981_TableVIII,1,Stephan et al 1981,,,NA,direct_same_structure_unique,,,200,2019
Microcebus_murinus,Microcebus murinus,Interpositus_cerebellar_nuclei,Interpositus_cerebellar_nuclei_Vol.mm3,crosswalk_exact,1.14,resolved_unique,Matano_etal_1985_a_Table1,Matano et al. 1985 (Folia Primatol 44:182-203),Matano_etal_1985_a_Table1,1,NA,,,NA,direct_same_structure_unique,,,220,2019
Microcebus_murinus,Microcebus murinus,LGN_Sousa,Corpus_geniculatum_laterale_Vol.mm3,crosswalk_exact,7.1,resolved_fallback_restricted,deSousa_etal_2010 [restricted: Visual_volumes.xlsx],de Sousa et al. 2010 (J Hum Evol 58:281-292),Stephan_etal_1981_TableIX; Stephan_etal_1984_Table1; deSousa_etal_2010_SupTable2; Frahm_etal_1998_Table1; deSousa_etal_2010 [restricted: Visual_volumes.xlsx],2,de Sousa et al 2010; de Sousa et al 2013,,,Evo-M1 value matches Stephan_etal_1981_TableIX; Stephan_etal_1984_Table1 (not the metadata source); attributed to metadata source; see source_hunt,restricted_documents_near_perfect,deSousa_etal_2010_SupTable2; Frahm_etal_1998_Table1; Stephan_etal_1984_Table1; Stephan_etal_1981_TableIX; deSousa_etal_2010 [restricted: Visual_volumes.xlsx]; deSousa_etal_2010 [restricted: deSousa_2010.csv]; Stephan_etal_1981 [restricted: Stephan_1981.csv],deSousa_etal_2010 [restricted: Visual_volumes.xlsx] = 7.1 (0.00%; scale 1; restricted_checks/deSousa_etal_2010/comparison/Visual_volumes.xlsx R31C10; 0 prior contributions),0,2019
Microcebus_murinus,Microcebus murinus,Lateral_cerebellar_nuclei,Lateral_cerebellar_nuclei_Vol.mm3,crosswalk_exact,2.11,resolved_unique,Matano_etal_1985_a_Table1,Matano et al. 1985 (Folia Primatol 44:182-203),Matano_etal_1985_a_Table1,1,NA,,,NA,direct_same_structure_unique,,,220,2019
Microcebus_murinus,Microcebus murinus,Lobus_piriformis,Lobus_piriformis_Vol.mm3,crosswalk_exact,103,resolved_unique,Stephan_etal_1981_TableV,"Stephan, Frahm & Baron 1981 (Folia Primatol 35:1-29)",Stephan_etal_1981_TableV,1,Stephan et al 1981; Zilles and Rehkamper 1988,,,NA,direct_same_structure_unique,,,144,2019
Microcebus_murinus,Microcebus murinus,Medial_cerebellar_nuclei,Medial_cerebellar_nuclei_Vol.mm3,crosswalk_exact,1.49,resolved_unique,Matano_etal_1985_a_Table1,Matano et al. 1985 (Folia Primatol 44:182-203),Matano_etal_1985_a_Table1,1,NA,,,NA,direct_same_structure_unique,,,220,2019
Microcebus_murinus,Microcebus murinus,Medulla_oblongata,Medulla_oblongata_Vol.mm3,crosswalk_exact,99.1,resolved_unique,Stephan_etal_1981_TableII,"Stephan, Frahm & Baron 1981 (Folia Primatol 35:1-29)",Stephan_etal_1981_TableII,1,Stephan et al 1981; Zilles and Rehkamper 1988,,,NA,direct_same_structure_unique,,,162,2019
Microcebus_murinus,Microcebus murinus,Meninges_hypophysis_nerves_etc,NA,no_defensible_volume_key,26.6,metadata_only,NA,NA,,0,Stephan et al 1981,,,NA,metadata_only_no_volume_crosswalk,,,0,2019
Microcebus_murinus,Microcebus murinus,Mesencephalon,Mesencephalon_Vol.mm3,crosswalk_exact,85.2,resolved_unique,Stephan_etal_1981_TableII,"Stephan, Frahm & Baron 1981 (Folia Primatol 35:1-29)",Stephan_etal_1981_TableII,1,Stephan et al 1981; Zilles and Rehkamper 1988,,,NA,direct_same_structure_unique,,,162,2019
Microcebus_murinus,Microcebus murinus,NeoG_Frahm,Neocortex_grey_matter_Vol.mm3,crosswalk_exact,674.2,resolved_unique,Frahm_etal_1982_Table2,"Frahm, Stephan & Stephan 1982 (J Hirnforsch 23:375-389)",Frahm_etal_1982_Table2,1,Frahm et al 1992; Zilles and Rehkamper 1988,,,NA,direct_same_structure_unique,,,46,2019
Microcebus_murinus,Microcebus murinus,NeoWG,Neocortex_Vol.mm3,crosswalk_exact,740,resolved_multiple,Stephan_etal_1981_TableV,"Stephan, Frahm & Baron 1981 (Folia Primatol 35:1-29)",Frahm_etal_1982_Table2; Stephan_etal_1981_TableV,2,Stephan et al 1981; Zilles and Rehkamper 1988,,,NA,direct_same_structure_multiple,,,144,2019
Microcebus_murinus,Microcebus murinus,NeoW_Frahm,Neocortex_white_matter_Vol.mm3,crosswalk_exact,65.31,resolved_unique,Frahm_etal_1982_Table2,"Frahm, Stephan & Stephan 1982 (J Hirnforsch 23:375-389)",Frahm_etal_1982_Table2,1,Frahm et al 1992; Zilles and Rehkamper 1988,,,NA,direct_same_structure_unique,,,46,2019
Microcebus_murinus,Microcebus murinus,Nucleus.habenularis.medialis,Nucleus_habenularis_medialis_Vol.mm3,crosswalk_exact,0.46,resolved_unique,Stephan_etal_1981_TableXV,"Stephan, Frahm & Baron 1981 (Folia Primatol 35:1-29)",Stephan_etal_1981_TableXV,1,Stephan et al 1981,,,NA,direct_same_structure_unique,,,88,2019
Microcebus_murinus,Microcebus murinus,Nucleus.septalis.triangularis,Nucleus_septalis_triangularis_Vol.mm3,crosswalk_exact,0.27,resolved_unique,Stephan_etal_1981_TableXV,"Stephan, Frahm & Baron 1981 (Folia Primatol 35:1-29)",Stephan_etal_1981_TableXV,1,Stephan et al 1981,,,NA,direct_same_structure_unique,,,88,2019
Microcebus_murinus,Microcebus murinus,Nucleus.vestibularis.descendens,Nucleus_vestibularis_descendens_unilateral_Vol.mm3,crosswalk_exact,1.08,resolved_multiple,Stephan_etal_1981_TableXIII,"Stephan, Frahm & Baron 1981 (Folia Primatol 35:1-29)",Matano__1986_TableI; Stephan_etal_1981_TableXIII,2,Stephan et al 1981,,,NA,direct_same_structure_multiple,,,129,2019
Microcebus_murinus,Microcebus murinus,Nucleus.vestibularis.lateralis,Nucleus_vestibularis_lateralis_unilateral_Vol.mm3,crosswalk_exact,0.76,resolved_multiple,Stephan_etal_1981_TableXIII,"Stephan, Frahm & Baron 1981 (Folia Primatol 35:1-29)",Matano__1986_TableI; Stephan_etal_1981_TableXIII,2,Stephan et al 1981,,,NA,direct_same_structure_multiple,,,129,2019
Microcebus_murinus,Microcebus murinus,Nucleus.vestibularis.medialis,Nucleus_vestibularis_medialis_unilateral_Vol.mm3,crosswalk_exact,1.5,resolved_multiple,Stephan_etal_1981_TableXIII,"Stephan, Frahm & Baron 1981 (Folia Primatol 35:1-29)",Matano__1986_TableI; Stephan_etal_1981_TableXIII,2,Stephan et al 1981,,,NA,direct_same_structure_multiple,,,129,2019
Microcebus_murinus,Microcebus murinus,Nucleus.vestibularis.superior,Nucleus_vestibularis_superior_unilateral_Vol.mm3,crosswalk_exact,0.68,resolved_multiple,Stephan_etal_1981_TableXIII,"Stephan, Frahm & Baron 1981 (Folia Primatol 35:1-29)",Matano__1986_TableI; Stephan_etal_1981_TableXIII,2,Stephan et al 1981,,,NA,direct_same_structure_multiple,,,129,2019
Microcebus_murinus,Microcebus murinus,Nucleus_subthalamicus,Nucleus_subthalamicus_Vol.mm3,crosswalk_exact,0.65,resolved_unique,Stephan_etal_1981_TableVIII,"Stephan, Frahm & Baron 1981 (Folia Primatol 35:1-29)",Stephan_etal_1981_TableVIII,1,Stephan et al 1981,,,NA,direct_same_structure_unique,,,200,2019
Microcebus_murinus,Microcebus murinus,Nucleus_tractus_olfactorius,Nucleus_tractus_olfactorius_Vol.mm3,crosswalk_exact,0.26,resolved_unique,Stephan_etal_1981_TableXI,"Stephan, Frahm & Baron 1981 (Folia Primatol 35:1-29)",Stephan_etal_1981_TableXI,1,Stephan et al 1981,,,NA,direct_same_structure_unique,,,100,2019
Microcebus_murinus,Microcebus murinus,Palaeocortex,Palaeocortex_Vol.mm3,crosswalk_exact,66.8,resolved_unique,Stephan_etal_1981_TableXI,"Stephan, Frahm & Baron 1981 (Folia Primatol 35:1-29)",Stephan_etal_1981_TableXI,1,Stephan et al 1981; Zilles and Rehkamper 1988,,,NA,direct_same_structure_unique,,,100,2019
Microcebus_murinus,Microcebus murinus,Pallidum,Pallidum_Vol.mm3,crosswalk_exact,10.7,resolved_unique,Stephan_etal_1981_TableVIII,"Stephan, Frahm & Baron 1981 (Folia Primatol 35:1-29)",Stephan_etal_1981_TableVIII,1,Stephan et al 1981; Zilles and Rehkamper 1988,,,NA,direct_same_structure_unique,,,200,2019
Microcebus_murinus,Microcebus murinus,Pons,Ventral_pons_Vol.mm3,Matano ventral pons,5.9,resolved_unique,Matano_etal_1985_b_Table1,Matano et al. 1985 (Folia Primatol 44:182-203),Matano_etal_1985_b_Table1,1,Matano et al 1985; Zilles and Rehkamper 1988,,,NA,direct_same_structure_unique,,,40,2019
Microcebus_murinus,Microcebus murinus,Schizocortex,Schizo_cortex_Vol.mm3,crosswalk_exact,40.1,resolved_unique,Stephan_etal_1981_TableV,"Stephan, Frahm & Baron 1981 (Folia Primatol 35:1-29)",Stephan_etal_1981_TableV,1,Stephan et al 1981,,,NA,direct_same_structure_unique,,,144,2019
Microcebus_murinus,Microcebus murinus,Septum,Septum_Vol.mm3,crosswalk_exact,15.3,resolved_unique,Stephan_etal_1981_TableV,"Stephan, Frahm & Baron 1981 (Folia Primatol 35:1-29)",Stephan_etal_1981_TableV,1,Stephan et al 1981; Zilles and Rehkamper 1988,,,NA,direct_same_structure_unique,,,144,2019
Microcebus_murinus,Microcebus murinus,Striatum,Striatum_Vol.mm3,crosswalk_exact,85.7,resolved_unique,Stephan_etal_1981_TableV,"Stephan, Frahm & Baron 1981 (Folia Primatol 35:1-29)",Stephan_etal_1981_TableV,1,Stephan et al 1981; Zilles and Rehkamper 1988,,,NA,direct_same_structure_unique,,,144,2019
Microcebus_murinus,Microcebus murinus,Subthalamus,Subthalamus_Vol.mm3,crosswalk_exact,11.4,resolved_unique,Stephan_etal_1981_TableVIII,"Stephan, Frahm & Baron 1981 (Folia Primatol 35:1-29)",Stephan_etal_1981_TableVIII,1,Stephan et al 1981,,,NA,direct_same_structure_unique,,,200,2019
Microcebus_murinus,Microcebus murinus,Telencephalon,Telencephalon_Vol.mm3,crosswalk_exact,1129,resolved_unique,Stephan_etal_1981_TableII,"Stephan, Frahm & Baron 1981 (Folia Primatol 35:1-29)",Stephan_etal_1981_TableII,1,Stephan et al 1981; Zilles and Rehkamper 1988,,,NA,direct_same_structure_unique,,,162,2019
Microcebus_murinus,Microcebus murinus,Thalamus,Thalamus_Vol.mm3,crosswalk_exact,78.3,resolved_unique,Stephan_etal_1981_TableVIII,"Stephan, Frahm & Baron 1981 (Folia Primatol 35:1-29)",Stephan_etal_1981_TableVIII,1,Stephan et al 1981,,,NA,direct_same_structure_unique,,,200,2019
Microcebus_murinus,Microcebus murinus,Total_brain_net_volume,Total_brain_net_volume_Vol.mm3,crosswalk_exact,1680,resolved_unique,Stephan_etal_1981_TableII,"Stephan, Frahm & Baron 1981 (Folia Primatol 35:1-29)",Stephan_etal_1981_TableII,1,Stephan et al 1981,,,NA,direct_same_structure_unique,,,162,2019
Microcebus_murinus,Microcebus murinus,Tractus_opticus,Tractus_opticus_Vol.mm3,crosswalk_exact,6.17,resolved_unique,Stephan_etal_1981_TableVIII,"Stephan, Frahm & Baron 1981 (Folia Primatol 35:1-29)",Stephan_etal_1981_TableVIII,1,Stephan et al 1981,,,NA,direct_same_structure_unique,,,200,2019
Microcebus_murinus,Microcebus murinus,Ventricles,Ventricles_Vol.mm3,crosswalk_exact,11.3,resolved_unique,Stephan_etal_1981_TableII,"Stephan, Frahm & Baron 1981 (Folia Primatol 35:1-29)",Stephan_etal_1981_TableII,1,Stephan et al 1981,,,NA,direct_same_structure_unique,,,162,2019
Miopithecus_talapoin,Miopithecus talapoin,ASG_Sousa,Area_striata_grey_matter_Vol.mm3,crosswalk_exact,2339,resolved_fallback_restricted,deSousa_etal_2010 [restricted: Visual_volumes.xlsx],de Sousa et al. 2010 (J Hum Evol 58:281-292),Frahm_etal_1984_Table1; deSousa_etal_2010_SupTable2; Smaers_etal_2017_TableS1part1; Frahm_etal_1998_Table1; deSousa_etal_2010 [restricted: Visual_volumes.xlsx],1,de Sousa et al 2010,1000,,Evo-M1 value matches Frahm_etal_1984_Table1 (not the metadata source); attributed to metadata source; see source_hunt,restricted_documents_near_perfect,deSousa_etal_2010_SupTable2; Smaers_etal_2017_TableS1part1; Frahm_etal_1998_Table1; Frahm_etal_1984_Table1; deSousa_etal_2010 [restricted: Visual_volumes.xlsx]; deSousa_etal_2010 [restricted: deSousa_2010.csv]; Stephan_etal_1981 [restricted: Stephan_1981.csv],deSousa_etal_2010 [restricted: Visual_volumes.xlsx] = 2.339 (0.00%; scale 1000; restricted_checks/deSousa_etal_2010/comparison/Visual_volumes.xlsx R16C5; 0 prior contributions),0,2019
Miopithecus_talapoin,Miopithecus talapoin,Body_weight,Body_Mass.g,crosswalk_exact,1200,resolved_multiple,Stephan_etal_1981_TableIII,"Stephan, Frahm & Baron 1981 (Folia Primatol 35:1-29)",Matano__1986_TableI; Matano_etal_1985_a_Table1; Matano_etal_1985_b_Table1; Stephan_etal_1981_TableIII; Stephan_etal_1988_TABLE1,5,Stephan et al 1981; Zilles and Rehkamper 1988; Bauernfeind et al 2013,,,NA,direct_same_structure_multiple,,,243,2019
Miopithecus_talapoin,Miopithecus talapoin,Body_weight_1985a,Body_Mass.g,crosswalk_exact,1200,resolved_multiple,Matano_etal_1985_a_Table1,Matano et al. 1985 (Folia Primatol 44:182-203),Matano__1986_TableI; Matano_etal_1985_a_Table1; Matano_etal_1985_b_Table1; Stephan_etal_1981_TableIII; Stephan_etal_1988_TABLE1,5,NA,,,NA,direct_same_structure_multiple,,,220,2019
Miopithecus_talapoin,Miopithecus talapoin,Brain_weight,Brain_Mass.mg,crosswalk_exact,40000,resolved_multiple,Stephan_etal_1981_TableIII,"Stephan, Frahm & Baron 1981 (Folia Primatol 35:1-29)",Stephan_etal_1981_TableIII; Stephan_etal_1988_TABLE1,3,Stephan et al 1981; Zilles and Rehkamper 1988; Bauernfeind et al 2013,,,NA,direct_same_structure_multiple,,,243,2019
Miopithecus_talapoin,Miopithecus talapoin,Brainvol,NA,no_defensible_volume_key,38610.04,metadata_only,NA,NA,,0,de Sousa et al 2010; Stephan et al 1981,,,NA,metadata_only_no_volume_crosswalk,,,0,2019
Miopithecus_talapoin,Miopithecus talapoin,Bulbus_olfactorius,Bulbus_olfactorius_Vol.mm3,crosswalk_exact,27.8,resolved_unique,Stephan_etal_1981_TableVI,"Stephan, Frahm & Baron 1981 (Folia Primatol 35:1-29)",Stephan_etal_1981_TableVI,1,Stephan et al 1981,,,NA,direct_same_structure_unique,,,215,2019
Miopithecus_talapoin,Miopithecus talapoin,Bulbus_olfactorius_accessorius,Bulbus_olfactorius_accessorius_Vol.mm3,crosswalk_exact,0,resolved_unique,Stephan_etal_1981_TableVI,"Stephan, Frahm & Baron 1981 (Folia Primatol 35:1-29)",Stephan_etal_1981_TableVI,1,Stephan et al 1981,,,NA,direct_same_structure_unique,,,215,2019
Miopithecus_talapoin,Miopithecus talapoin,Cerebellar_nuclei_total,Cerebellar_nuclei_total_Vol.mm3,crosswalk_exact,78.95,resolved_unique,Matano_etal_1985_a_Table1,Matano et al. 1985 (Folia Primatol 44:182-203),Matano_etal_1985_a_Table1,1,NA,,,NA,direct_same_structure_unique,,,220,2019
Miopithecus_talapoin,Miopithecus talapoin,Cerebellum,Cerebellum_Vol.mm3,crosswalk_exact,3374,resolved_unique,Stephan_etal_1981_TableIII,"Stephan, Frahm & Baron 1981 (Folia Primatol 35:1-29)",Stephan_etal_1981_TableIII,1,Stephan et al 1981; Zilles and Rehkamper 1988,,,NA,direct_same_structure_unique,,,243,2019
Miopithecus_talapoin,Miopithecus talapoin,Corpus.pineale,Corpus_pineal_Vol.mm3,crosswalk_exact,2.03,resolved_unique,Stephan_etal_1981_TableXVI,"Stephan, Frahm & Baron 1981 (Folia Primatol 35:1-29)",Stephan_etal_1981_TableXVI,1,Stephan et al 1981,,,NA,direct_same_structure_unique,,,103,2019
Miopithecus_talapoin,Miopithecus talapoin,Corpus.subcommissurale,Corpus_subcommissurale_Vol.mm3,crosswalk_exact,0.22,resolved_unique,Stephan_etal_1981_TableXVI,"Stephan, Frahm & Baron 1981 (Folia Primatol 35:1-29)",Stephan_etal_1981_TableXVI,1,Stephan et al 1981,,,NA,direct_same_structure_unique,,,103,2019
Miopithecus_talapoin,Miopithecus talapoin,Corpus.subfornicale,Corpus_subfornicale_Vol.mm3,crosswalk_exact,0.19,resolved_unique,Stephan_etal_1981_TableXVI,"Stephan, Frahm & Baron 1981 (Folia Primatol 35:1-29)",Stephan_etal_1981_TableXVI,1,Stephan et al 1981,,,NA,direct_same_structure_unique,,,103,2019
Miopithecus_talapoin,Miopithecus talapoin,Diencephalon,Diencephalon_Vol.mm3,crosswalk_exact,2375,resolved_unique,Stephan_etal_1981_TableIII,"Stephan, Frahm & Baron 1981 (Folia Primatol 35:1-29)",Stephan_etal_1981_TableIII,1,Stephan et al 1981; Zilles and Rehkamper 1988,,,NA,direct_same_structure_unique,,,243,2019
Miopithecus_talapoin,Miopithecus talapoin,Frontal.motor,FrontalMotor_white_matter_Vol.mm3,crosswalk_exact,0.55,resolved_fallback_metadata,Smaers_etal_2017_TableS1part1,"Smaers et al. 2017 (Curr Biol 27:714-720, Table S1)",Smaers_etal_2017_TableS1part1,0,Smaers et al 2017,,,NA,metadata_tables_near_perfect,Smaers_etal_2017_TableS1part1,Smaers_etal_2017_TableS1part1 = 548 (FrontalMotor_white_matter_Vol.mm3; 0.36%; scale 0.001; 0 prior contributions),0,2019
Miopithecus_talapoin,Miopithecus talapoin,Frontal.motor.Gray,FrontalMotor_grey_matter_Vol.mm3,crosswalk_exact,0.91,resolved_fallback_metadata,Smaers_etal_2017_TableS1part1,"Smaers et al. 2017 (Curr Biol 27:714-720, Table S1)",Smaers_etal_2017_TableS1part1,0,Smaers et al 2017,,,NA,metadata_tables_near_perfect,Smaers_etal_2017_TableS1part1; Smaers_etal_2017 [restricted: Smaers.csv],Smaers_etal_2017_TableS1part1 = 906 (FrontalMotor_grey_matter_Vol.mm3; 0.44%; scale 0.001; 0 prior contributions),0,2019
Miopithecus_talapoin,Miopithecus talapoin,Hippocampus,Hippocampus_Vol.mm3,crosswalk_exact,705,resolved_unique,Stephan_etal_1981_TableVI,"Stephan, Frahm & Baron 1981 (Folia Primatol 35:1-29)",Stephan_etal_1981_TableVI,1,Stephan et al 1981; Zilles and Rehkamper 1988,,,NA,direct_same_structure_unique,,,215,2019
Miopithecus_talapoin,Miopithecus talapoin,Interpositus_cerebellar_nuclei,Interpositus_cerebellar_nuclei_Vol.mm3,crosswalk_exact,26.42,resolved_unique,Matano_etal_1985_a_Table1,Matano et al. 1985 (Folia Primatol 44:182-203),Matano_etal_1985_a_Table1,1,NA,,,NA,direct_same_structure_unique,,,220,2019
Miopithecus_talapoin,Miopithecus talapoin,LGN_Sousa,Corpus_geniculatum_laterale_Vol.mm3,crosswalk_exact,109,resolved_multiple,deSousa_etal_2013_Table1,de Sousa et al. 2013 (Brain Behav Evol 81:93-108),deSousa_etal_2013_Table1; Stephan_etal_1984_Table1,3,de Sousa et al 2010; de Sousa et al 2013,,,NA,direct_same_structure_multiple,,,15,2019
Miopithecus_talapoin,Miopithecus talapoin,Lateral_cerebellar_nuclei,Lateral_cerebellar_nuclei_Vol.mm3,crosswalk_exact,33.84,resolved_unique,Matano_etal_1985_a_Table1,Matano et al. 1985 (Folia Primatol 44:182-203),Matano_etal_1985_a_Table1,1,NA,,,NA,direct_same_structure_unique,,,220,2019
Miopithecus_talapoin,Miopithecus talapoin,Lobus_piriformis,Lobus_piriformis_Vol.mm3,crosswalk_exact,706,resolved_unique,Stephan_etal_1981_TableVI,"Stephan, Frahm & Baron 1981 (Folia Primatol 35:1-29)",Stephan_etal_1981_TableVI,1,Stephan et al 1981; Zilles and Rehkamper 1988,,,NA,direct_same_structure_unique,,,215,2019
Miopithecus_talapoin,Miopithecus talapoin,Medial_cerebellar_nuclei,Medial_cerebellar_nuclei_Vol.mm3,crosswalk_exact,18.69,resolved_unique,Matano_etal_1985_a_Table1,Matano et al. 1985 (Folia Primatol 44:182-203),Matano_etal_1985_a_Table1,1,NA,,,NA,direct_same_structure_unique,,,220,2019
Miopithecus_talapoin,Miopithecus talapoin,Medulla_oblongata,Medulla_oblongata_Vol.mm3,crosswalk_exact,1035,resolved_unique,Stephan_etal_1981_TableIII,"Stephan, Frahm & Baron 1981 (Folia Primatol 35:1-29)",Stephan_etal_1981_TableIII,1,Stephan et al 1981; Zilles and Rehkamper 1988,,,NA,direct_same_structure_unique,,,243,2019
Miopithecus_talapoin,Miopithecus talapoin,Meninges_hypophysis_nerves_etc,NA,no_defensible_volume_key,572,metadata_only,NA,NA,,0,Stephan et al 1981,,,NA,metadata_only_no_volume_crosswalk,,,0,2019
Miopithecus_talapoin,Miopithecus talapoin,Mesencephalon,Mesencephalon_Vol.mm3,crosswalk_exact,826,resolved_unique,Stephan_etal_1981_TableIII,"Stephan, Frahm & Baron 1981 (Folia Primatol 35:1-29)",Stephan_etal_1981_TableIII,1,Stephan et al 1981; Zilles and Rehkamper 1988,,,NA,direct_same_structure_unique,,,243,2019
Miopithecus_talapoin,Miopithecus talapoin,NeoWG,Neocortex_Vol.mm3,crosswalk_exact,26427,resolved_unique,Stephan_etal_1981_TableVI,"Stephan, Frahm & Baron 1981 (Folia Primatol 35:1-29)",Stephan_etal_1981_TableVI,1,Stephan et al 1981; Zilles and Rehkamper 1988,,,NA,direct_same_structure_unique,,,215,2019
Miopithecus_talapoin,Miopithecus talapoin,Nucleus.habenularis.medialis,Nucleus_habenularis_medialis_Vol.mm3,crosswalk_exact,2.07,resolved_unique,Stephan_etal_1981_TableXVI,"Stephan, Frahm & Baron 1981 (Folia Primatol 35:1-29)",Stephan_etal_1981_TableXVI,1,Stephan et al 1981,,,NA,direct_same_structure_unique,,,103,2019
Miopithecus_talapoin,Miopithecus talapoin,Nucleus.septalis.triangularis,Nucleus_septalis_triangularis_Vol.mm3,crosswalk_exact,0.87,resolved_unique,Stephan_etal_1981_TableXVI,"Stephan, Frahm & Baron 1981 (Folia Primatol 35:1-29)",Stephan_etal_1981_TableXVI,1,Stephan et al 1981,,,NA,direct_same_structure_unique,,,103,2019
Miopithecus_talapoin,Miopithecus talapoin,Other.cortical.association.areas.Gray,AssociationCortex_grey_matter_Vol.mm3,crosswalk_exact,12.22,resolved_fallback_metadata,Smaers_etal_2017_TableS1part1,"Smaers et al. 2017 (Curr Biol 27:714-720, Table S1)",Smaers_etal_2017_TableS1part1,0,Smaers et al 2017,,,NA,metadata_tables_near_perfect,Smaers_etal_2017_TableS1part1; Smaers_etal_2017 [restricted: Smaers.csv],Smaers_etal_2017_TableS1part1 = 12218 (AssociationCortex_grey_matter_Vol.mm3; 0.02%; scale 0.001; 0 prior contributions),0,2019
Miopithecus_talapoin,Miopithecus talapoin,Other.cortical.association.areas.White,AssociationCortex_white_matter_Vol.mm3,crosswalk_exact,4.64,resolved_fallback_metadata,Smaers_etal_2017_TableS1part1,"Smaers et al. 2017 (Curr Biol 27:714-720, Table S1)",Smaers_etal_2017_TableS1part1,0,Smaers et al 2017,,,NA,metadata_tables_near_perfect,Smaers_etal_2017_TableS1part1; Smaers_etal_2017 [restricted: Smaers.csv],Smaers_etal_2017_TableS1part1 = 4642 (AssociationCortex_white_matter_Vol.mm3; 0.04%; scale 0.001; 0 prior contributions),0,2019
Miopithecus_talapoin,Miopithecus talapoin,Pons,Ventral_pons_Vol.mm3,Matano ventral pons,273.7,resolved_unique,Matano_etal_1985_b_Table1,Matano et al. 1985 (Folia Primatol 44:182-203),Matano_etal_1985_b_Table1,1,Matano et al 1985; Zilles and Rehkamper 1988,,,NA,direct_same_structure_unique,,,40,2019
Miopithecus_talapoin,Miopithecus talapoin,Prefrontal.Gray,PrefrontalCortex_grey_matter_Vol.mm3,crosswalk_exact,1.02,resolved_fallback_metadata,Smaers_etal_2017_TableS1part1,"Smaers et al. 2017 (Curr Biol 27:714-720, Table S1)",Smaers_etal_2017_TableS1part1; Smaers_etal_2011_SupplementaryTable2,0,Smaers et al 2017,,,NA,metadata_tables_near_perfect,Smaers_etal_2017_TableS1part1; Smaers_etal_2011_SupplementaryTable2; Smaers_etal_2017 [restricted: Smaers.csv],Smaers_etal_2017_TableS1part1 = 1018 (PrefrontalCortex_grey_matter_Vol.mm3; 0.20%; scale 0.001; 0 prior contributions),0,2019
Miopithecus_talapoin,Miopithecus talapoin,Prefrontal.White,PrefrontalCortex_white_matter_Vol.mm3,crosswalk_exact,0.15,resolved_fallback_metadata,Smaers_etal_2017_TableS1part1,"Smaers et al. 2017 (Curr Biol 27:714-720, Table S1)",Smaers_etal_2017_TableS1part1,0,Smaers et al 2017,,,NA,metadata_tables_near_perfect,Smaers_etal_2017_TableS1part1; Smaers_etal_2017 [restricted: Smaers.csv],Smaers_etal_2017_TableS1part1 = 152 (PrefrontalCortex_white_matter_Vol.mm3; 1.32%; scale 0.001; 0 prior contributions),0,2019
Miopithecus_talapoin,Miopithecus talapoin,Primary.visual.White.Smaers,Area_striata_white_matter_Vol.mm3,crosswalk_exact,0.71,resolved_fallback_metadata,Smaers_etal_2017_TableS1part1,"Smaers et al. 2017 (Curr Biol 27:714-720, Table S1)",Frahm_etal_1984_Table1; Smaers_etal_2017_TableS1part1,1,Smaers et al 2017,,,Evo-M1 value matches Frahm_etal_1984_Table1 (not the metadata source); attributed to metadata source; see source_hunt,metadata_tables_near_perfect,Smaers_etal_2017_TableS1part1; Frahm_etal_1984_Table1; Smaers_etal_2017 [restricted: Smaers.csv],Smaers_etal_2017_TableS1part1 = 709 (Area_striata_white_matter_Vol.mm3; 0.14%; scale 0.001; 0 prior contributions),0,2019
Miopithecus_talapoin,Miopithecus talapoin,Schizocortex,Schizo_cortex_Vol.mm3,crosswalk_exact,259,resolved_unique,Stephan_etal_1981_TableVI,"Stephan, Frahm & Baron 1981 (Folia Primatol 35:1-29)",Stephan_etal_1981_TableVI,1,Stephan et al 1981,,,NA,direct_same_structure_unique,,,215,2019
Miopithecus_talapoin,Miopithecus talapoin,Septum,Septum_Vol.mm3,crosswalk_exact,133,resolved_unique,Stephan_etal_1981_TableVI,"Stephan, Frahm & Baron 1981 (Folia Primatol 35:1-29)",Stephan_etal_1981_TableVI,1,Stephan et al 1981; Zilles and Rehkamper 1988,,,NA,direct_same_structure_unique,,,215,2019
Miopithecus_talapoin,Miopithecus talapoin,Striatum,Striatum_Vol.mm3,crosswalk_exact,1908,resolved_unique,Stephan_etal_1981_TableVI,"Stephan, Frahm & Baron 1981 (Folia Primatol 35:1-29)",Stephan_etal_1981_TableVI,1,Stephan et al 1981; Zilles and Rehkamper 1988,,,NA,direct_same_structure_unique,,,215,2019
Miopithecus_talapoin,Miopithecus talapoin,Telencephalon,Telencephalon_Vol.mm3,crosswalk_exact,30166,resolved_unique,Stephan_etal_1981_TableIII,"Stephan, Frahm & Baron 1981 (Folia Primatol 35:1-29)",Stephan_etal_1981_TableIII,1,Stephan et al 1981; Zilles and Rehkamper 1988,,,NA,direct_same_structure_unique,,,243,2019
Miopithecus_talapoin,Miopithecus talapoin,Total_brain_net_volume,Total_brain_net_volume_Vol.mm3,crosswalk_exact,37776,resolved_unique,Stephan_etal_1981_TableIII,"Stephan, Frahm & Baron 1981 (Folia Primatol 35:1-29)",Stephan_etal_1981_TableIII,1,Stephan et al 1981,,,NA,direct_same_structure_unique,,,243,2019
Miopithecus_talapoin,Miopithecus talapoin,Ventricles,Ventricles_Vol.mm3,crosswalk_exact,262,resolved_unique,Stephan_etal_1981_TableIII,"Stephan, Frahm & Baron 1981 (Folia Primatol 35:1-29)",Stephan_etal_1981_TableIII,1,Stephan et al 1981,,,NA,direct_same_structure_unique,,,243,2019
Nasalis_larvatus,Nasalis larvatus,Body_weight,Body_Mass.g,crosswalk_exact,14000,resolved_multiple,Stephan_etal_1981_TableIII,"Stephan, Frahm & Baron 1981 (Folia Primatol 35:1-29)",Matano__1986_TableI; Matano_etal_1985_a_Table1; Matano_etal_1985_b_Table1; Stephan_etal_1981_TableIII; Stephan_etal_1988_TABLE1,5,Stephan et al 1981; Zilles and Rehkamper 1988; Bauernfeind et al 2013,,,NA,direct_same_structure_multiple,,,243,2019
Nasalis_larvatus,Nasalis larvatus,Body_weight_1985a,Body_Mass.g,crosswalk_exact,14000,resolved_multiple,Matano_etal_1985_a_Table1,Matano et al. 1985 (Folia Primatol 44:182-203),Matano__1986_TableI; Matano_etal_1985_a_Table1; Matano_etal_1985_b_Table1; Stephan_etal_1981_TableIII; Stephan_etal_1988_TABLE1,5,NA,,,NA,direct_same_structure_multiple,,,220,2019
Nasalis_larvatus,Nasalis larvatus,Brain_weight,Brain_Mass.mg,crosswalk_exact,97000,resolved_multiple,Stephan_etal_1981_TableIII,"Stephan, Frahm & Baron 1981 (Folia Primatol 35:1-29)",Stephan_etal_1981_TableIII; Stephan_etal_1988_TABLE1,3,Stephan et al 1981; Zilles and Rehkamper 1988; Bauernfeind et al 2013,,,NA,direct_same_structure_multiple,,,243,2019
Nasalis_larvatus,Nasalis larvatus,Bulbus_olfactorius,Bulbus_olfactorius_Vol.mm3,crosswalk_exact,30.3,resolved_unique,Stephan_etal_1981_TableVI,"Stephan, Frahm & Baron 1981 (Folia Primatol 35:1-29)",Stephan_etal_1981_TableVI,1,Stephan et al 1981,,,NA,direct_same_structure_unique,,,215,2019
Nasalis_larvatus,Nasalis larvatus,Bulbus_olfactorius_accessorius,Bulbus_olfactorius_accessorius_Vol.mm3,crosswalk_exact,0,resolved_unique,Stephan_etal_1981_TableVI,"Stephan, Frahm & Baron 1981 (Folia Primatol 35:1-29)",Stephan_etal_1981_TableVI,1,Stephan et al 1981,,,NA,direct_same_structure_unique,,,215,2019
Nasalis_larvatus,Nasalis larvatus,Capsula_interna,Capsula_interna_Vol.mm3,crosswalk_exact,564,resolved_unique,Stephan_etal_1981_TableVIII,"Stephan, Frahm & Baron 1981 (Folia Primatol 35:1-29)",Stephan_etal_1981_TableVIII,1,Stephan et al 1981,,,NA,direct_same_structure_unique,,,200,2019
Nasalis_larvatus,Nasalis larvatus,Cerebellar_nuclei_total,Cerebellar_nuclei_total_Vol.mm3,crosswalk_exact,340.36,resolved_unique,Matano_etal_1985_a_Table1,Matano et al. 1985 (Folia Primatol 44:182-203),Matano_etal_1985_a_Table1,1,NA,,,NA,direct_same_structure_unique,,,220,2019
Nasalis_larvatus,Nasalis larvatus,Cerebellum,Cerebellum_Vol.mm3,crosswalk_exact,12113,resolved_unique,Stephan_etal_1981_TableIII,"Stephan, Frahm & Baron 1981 (Folia Primatol 35:1-29)",Stephan_etal_1981_TableIII,1,Stephan et al 1981; Zilles and Rehkamper 1988,,,NA,direct_same_structure_unique,,,243,2019
Nasalis_larvatus,Nasalis larvatus,Complexus.vestibularis,Complexus_vestibularis_unilateral_Vol.mm3,crosswalk_exact,86.2,resolved_multiple,Stephan_etal_1981_TableXIII,"Stephan, Frahm & Baron 1981 (Folia Primatol 35:1-29)",Matano__1986_TableI; Stephan_etal_1981_TableXIII,2,Stephan et al 1981,,,NA,direct_same_structure_multiple,,,129,2019
Nasalis_larvatus,Nasalis larvatus,Diencephalon,Diencephalon_Vol.mm3,crosswalk_exact,5310,resolved_unique,Stephan_etal_1981_TableIII,"Stephan, Frahm & Baron 1981 (Folia Primatol 35:1-29)",Stephan_etal_1981_TableIII,1,Stephan et al 1981; Zilles and Rehkamper 1988,,,NA,direct_same_structure_unique,,,243,2019
Nasalis_larvatus,Nasalis larvatus,Epithalamus,Epithalamus_Vol.mm3,crosswalk_exact,29.6,resolved_unique,Stephan_etal_1981_TableVIII,"Stephan, Frahm & Baron 1981 (Folia Primatol 35:1-29)",Stephan_etal_1981_TableVIII,1,Stephan et al 1981,,,NA,direct_same_structure_unique,,,200,2019
Nasalis_larvatus,Nasalis larvatus,Frontal.motor,FrontalMotor_white_matter_Vol.mm3,crosswalk_exact,0.93,resolved_fallback_metadata,Smaers_etal_2017_TableS1part1,"Smaers et al. 2017 (Curr Biol 27:714-720, Table S1)",Smaers_etal_2017_TableS1part1,0,Smaers et al 2017,,,NA,metadata_tables_near_perfect,Smaers_etal_2017_TableS1part1,Smaers_etal_2017_TableS1part1 = 933 (FrontalMotor_white_matter_Vol.mm3; 0.32%; scale 0.001; 0 prior contributions),0,2019
Nasalis_larvatus,Nasalis larvatus,Frontal.motor.Gray,FrontalMotor_grey_matter_Vol.mm3,crosswalk_exact,1.75,resolved_fallback_metadata,Smaers_etal_2017_TableS1part1,"Smaers et al. 2017 (Curr Biol 27:714-720, Table S1)",Smaers_etal_2017_TableS1part1,0,Smaers et al 2017,,,NA,metadata_tables_near_perfect,Smaers_etal_2017_TableS1part1; Smaers_etal_2017 [restricted: Smaers.csv],Smaers_etal_2017_TableS1part1 = 1749 (FrontalMotor_grey_matter_Vol.mm3; 0.06%; scale 0.001; 0 prior contributions),0,2019
Nasalis_larvatus,Nasalis larvatus,Hippocampus,Hippocampus_Vol.mm3,crosswalk_exact,1966,resolved_unique,Stephan_etal_1981_TableVI,"Stephan, Frahm & Baron 1981 (Folia Primatol 35:1-29)",Stephan_etal_1981_TableVI,1,Stephan et al 1981; Zilles and Rehkamper 1988,,,NA,direct_same_structure_unique,,,215,2019
Nasalis_larvatus,Nasalis larvatus,Hypothalamus,Hypothalamus_Vol.mm3,crosswalk_exact,671,resolved_unique,Stephan_etal_1981_TableVIII,"Stephan, Frahm & Baron 1981 (Folia Primatol 35:1-29)",Stephan_etal_1981_TableVIII,1,Stephan et al 1981,,,NA,direct_same_structure_unique,,,200,2019
Nasalis_larvatus,Nasalis larvatus,Interpositus_cerebellar_nuclei,Interpositus_cerebellar_nuclei_Vol.mm3,crosswalk_exact,105.48,resolved_unique,Matano_etal_1985_a_Table1,Matano et al. 1985 (Folia Primatol 44:182-203),Matano_etal_1985_a_Table1,1,NA,,,NA,direct_same_structure_unique,,,220,2019
Nasalis_larvatus,Nasalis larvatus,LGN_Sousa,Corpus_geniculatum_laterale_Vol.mm3,crosswalk_exact,157,resolved_unique,deSousa_etal_2013_Table1,de Sousa et al. 2013 (Brain Behav Evol 81:93-108),deSousa_etal_2013_Table1,1,de Sousa et al 2010; de Sousa et al 2013,,,NA,direct_same_structure_unique,,,15,2019
Nasalis_larvatus,Nasalis larvatus,Lateral_cerebellar_nuclei,Lateral_cerebellar_nuclei_Vol.mm3,crosswalk_exact,149.33,resolved_unique,Matano_etal_1985_a_Table1,Matano et al. 1985 (Folia Primatol 44:182-203),Matano_etal_1985_a_Table1,1,NA,,,NA,direct_same_structure_unique,,,220,2019
Nasalis_larvatus,Nasalis larvatus,Lobus_piriformis,Lobus_piriformis_Vol.mm3,crosswalk_exact,1268,resolved_unique,Stephan_etal_1981_TableVI,"Stephan, Frahm & Baron 1981 (Folia Primatol 35:1-29)",Stephan_etal_1981_TableVI,1,Stephan et al 1981; Zilles and Rehkamper 1988,,,NA,direct_same_structure_unique,,,215,2019
Nasalis_larvatus,Nasalis larvatus,Medial_cerebellar_nuclei,Medial_cerebellar_nuclei_Vol.mm3,crosswalk_exact,85.55,resolved_unique,Matano_etal_1985_a_Table1,Matano et al. 1985 (Folia Primatol 44:182-203),Matano_etal_1985_a_Table1,1,NA,,,NA,direct_same_structure_unique,,,220,2019
Nasalis_larvatus,Nasalis larvatus,Medulla_oblongata,Medulla_oblongata_Vol.mm3,crosswalk_exact,2945,resolved_unique,Stephan_etal_1981_TableIII,"Stephan, Frahm & Baron 1981 (Folia Primatol 35:1-29)",Stephan_etal_1981_TableIII,1,Stephan et al 1981; Zilles and Rehkamper 1988,,,NA,direct_same_structure_unique,,,243,2019
Nasalis_larvatus,Nasalis larvatus,Meninges_hypophysis_nerves_etc,NA,no_defensible_volume_key,241,metadata_only,NA,NA,,0,Stephan et al 1981,,,NA,metadata_only_no_volume_crosswalk,,,0,2019
Nasalis_larvatus,Nasalis larvatus,Mesencephalon,Mesencephalon_Vol.mm3,crosswalk_exact,1556,resolved_unique,Stephan_etal_1981_TableIII,"Stephan, Frahm & Baron 1981 (Folia Primatol 35:1-29)",Stephan_etal_1981_TableIII,1,Stephan et al 1981; Zilles and Rehkamper 1988,,,NA,direct_same_structure_unique,,,243,2019
Nasalis_larvatus,Nasalis larvatus,NeoWG,Neocortex_Vol.mm3,crosswalk_exact,62685,resolved_unique,Stephan_etal_1981_TableVI,"Stephan, Frahm & Baron 1981 (Folia Primatol 35:1-29)",Stephan_etal_1981_TableVI,1,Stephan et al 1981; Zilles and Rehkamper 1988,,,NA,direct_same_structure_unique,,,215,2019
Nasalis_larvatus,Nasalis larvatus,Nucleus.vestibularis.descendens,Nucleus_vestibularis_descendens_unilateral_Vol.mm3,crosswalk_exact,25.2,resolved_multiple,Stephan_etal_1981_TableXIII,"Stephan, Frahm & Baron 1981 (Folia Primatol 35:1-29)",Matano__1986_TableI; Stephan_etal_1981_TableXIII,2,Stephan et al 1981,,,NA,direct_same_structure_multiple,,,129,2019
Nasalis_larvatus,Nasalis larvatus,Nucleus.vestibularis.lateralis,Nucleus_vestibularis_lateralis_unilateral_Vol.mm3,crosswalk_exact,14.8,resolved_multiple,Stephan_etal_1981_TableXIII,"Stephan, Frahm & Baron 1981 (Folia Primatol 35:1-29)",Matano__1986_TableI; Stephan_etal_1981_TableXIII,2,Stephan et al 1981,,,NA,direct_same_structure_multiple,,,129,2019
Nasalis_larvatus,Nasalis larvatus,Nucleus.vestibularis.medialis,Nucleus_vestibularis_medialis_unilateral_Vol.mm3,crosswalk_exact,33.6,resolved_multiple,Stephan_etal_1981_TableXIII,"Stephan, Frahm & Baron 1981 (Folia Primatol 35:1-29)",Matano__1986_TableI; Stephan_etal_1981_TableXIII,2,Stephan et al 1981,,,NA,direct_same_structure_multiple,,,129,2019
Nasalis_larvatus,Nasalis larvatus,Nucleus.vestibularis.superior,Nucleus_vestibularis_superior_unilateral_Vol.mm3,crosswalk_exact,12.6,resolved_multiple,Stephan_etal_1981_TableXIII,"Stephan, Frahm & Baron 1981 (Folia Primatol 35:1-29)",Matano__1986_TableI; Stephan_etal_1981_TableXIII,2,Stephan et al 1981,,,NA,direct_same_structure_multiple,,,129,2019
Nasalis_larvatus,Nasalis larvatus,Nucleus_subthalamicus,Nucleus_subthalamicus_Vol.mm3,crosswalk_exact,37.2,resolved_unique,Stephan_etal_1981_TableVIII,"Stephan, Frahm & Baron 1981 (Folia Primatol 35:1-29)",Stephan_etal_1981_TableVIII,1,Stephan et al 1981,,,NA,direct_same_structure_unique,,,200,2019
Nasalis_larvatus,Nasalis larvatus,Pallidum,Pallidum_Vol.mm3,crosswalk_exact,550,resolved_unique,Stephan_etal_1981_TableVIII,"Stephan, Frahm & Baron 1981 (Folia Primatol 35:1-29)",Stephan_etal_1981_TableVIII,1,Stephan et al 1981; Zilles and Rehkamper 1988,,,NA,direct_same_structure_unique,,,200,2019
Nasalis_larvatus,Nasalis larvatus,Pons,Ventral_pons_Vol.mm3,Matano ventral pons,967.4,resolved_unique,Matano_etal_1985_b_Table1,Matano et al. 1985 (Folia Primatol 44:182-203),Matano_etal_1985_b_Table1,1,Matano et al 1985; Zilles and Rehkamper 1988,,,NA,direct_same_structure_unique,,,40,2019
Nasalis_larvatus,Nasalis larvatus,Prefrontal.Gray,PrefrontalCortex_grey_matter_Vol.mm3,crosswalk_exact,0.81,resolved_fallback_metadata,Smaers_etal_2017_TableS1part1,"Smaers et al. 2017 (Curr Biol 27:714-720, Table S1)",Smaers_etal_2017_TableS1part1; Smaers_etal_2011_SupplementaryTable2,0,Smaers et al 2017,,,NA,metadata_tables_near_perfect,Smaers_etal_2017_TableS1part1; Smaers_etal_2011_SupplementaryTable2; Smaers_etal_2017 [restricted: Smaers.csv],Smaers_etal_2017_TableS1part1 = 813 (PrefrontalCortex_grey_matter_Vol.mm3; 0.37%; scale 0.001; 0 prior contributions),0,2019
Nasalis_larvatus,Nasalis larvatus,Prefrontal.White,PrefrontalCortex_white_matter_Vol.mm3,crosswalk_exact,0.07,resolved_fallback_metadata,Smaers_etal_2017_TableS1part1,"Smaers et al. 2017 (Curr Biol 27:714-720, Table S1)",Smaers_etal_2017_TableS1part1; Smaers_etal_2011_SupplementaryTable2,0,Smaers et al 2017,,,NA,metadata_tables_near_perfect,Smaers_etal_2017_TableS1part1; Smaers_etal_2011_SupplementaryTable2; Smaers_etal_2017 [restricted: Smaers.csv],Smaers_etal_2017_TableS1part1 = 74 (PrefrontalCortex_white_matter_Vol.mm3; 5.41%; scale 0.001; 0 prior contributions),0,2019
Nasalis_larvatus,Nasalis larvatus,Schizocortex,Schizo_cortex_Vol.mm3,crosswalk_exact,855,resolved_unique,Stephan_etal_1981_TableVI,"Stephan, Frahm & Baron 1981 (Folia Primatol 35:1-29)",Stephan_etal_1981_TableVI,1,Stephan et al 1981,,,NA,direct_same_structure_unique,,,215,2019
Nasalis_larvatus,Nasalis larvatus,Septum,Septum_Vol.mm3,crosswalk_exact,333,resolved_unique,Stephan_etal_1981_TableVI,"Stephan, Frahm & Baron 1981 (Folia Primatol 35:1-29)",Stephan_etal_1981_TableVI,1,Stephan et al 1981; Zilles and Rehkamper 1988,,,NA,direct_same_structure_unique,,,215,2019
Nasalis_larvatus,Nasalis larvatus,Striatum,Striatum_Vol.mm3,crosswalk_exact,3735,resolved_unique,Stephan_etal_1981_TableVI,"Stephan, Frahm & Baron 1981 (Folia Primatol 35:1-29)",Stephan_etal_1981_TableVI,1,Stephan et al 1981; Zilles and Rehkamper 1988,,,NA,direct_same_structure_unique,,,215,2019
Nasalis_larvatus,Nasalis larvatus,Subthalamus,Subthalamus_Vol.mm3,crosswalk_exact,587,resolved_unique,Stephan_etal_1981_TableVIII,"Stephan, Frahm & Baron 1981 (Folia Primatol 35:1-29)",Stephan_etal_1981_TableVIII,1,Stephan et al 1981,,,NA,direct_same_structure_unique,,,200,2019
Nasalis_larvatus,Nasalis larvatus,Telencephalon,Telencephalon_Vol.mm3,crosswalk_exact,70873,resolved_unique,Stephan_etal_1981_TableIII,"Stephan, Frahm & Baron 1981 (Folia Primatol 35:1-29)",Stephan_etal_1981_TableIII,1,Stephan et al 1981; Zilles and Rehkamper 1988,,,NA,direct_same_structure_unique,,,243,2019
Nasalis_larvatus,Nasalis larvatus,Thalamus,Thalamus_Vol.mm3,crosswalk_exact,3036,resolved_unique,Stephan_etal_1981_TableVIII,"Stephan, Frahm & Baron 1981 (Folia Primatol 35:1-29)",Stephan_etal_1981_TableVIII,1,Stephan et al 1981,,,NA,direct_same_structure_unique,,,200,2019
Nasalis_larvatus,Nasalis larvatus,Total_brain_net_volume,Total_brain_net_volume_Vol.mm3,crosswalk_exact,92797,resolved_unique,Stephan_etal_1981_TableIII,"Stephan, Frahm & Baron 1981 (Folia Primatol 35:1-29)",Stephan_etal_1981_TableIII,1,Stephan et al 1981,,,NA,direct_same_structure_unique,,,243,2019
Nasalis_larvatus,Nasalis larvatus,Tractus_opticus,Tractus_opticus_Vol.mm3,crosswalk_exact,304,resolved_unique,Stephan_etal_1981_TableVIII,"Stephan, Frahm & Baron 1981 (Folia Primatol 35:1-29)",Stephan_etal_1981_TableVIII,1,Stephan et al 1981,,,NA,direct_same_structure_unique,,,200,2019
Nasalis_larvatus,Nasalis larvatus,Ventricles,Ventricles_Vol.mm3,crosswalk_exact,591,resolved_unique,Stephan_etal_1981_TableIII,"Stephan, Frahm & Baron 1981 (Folia Primatol 35:1-29)",Stephan_etal_1981_TableIII,1,Stephan et al 1981,,,NA,direct_same_structure_unique,,,243,2019
Nycticebus_coucang,Nycticebus coucang,ASG_Sousa,Area_striata_grey_matter_Vol.mm3,crosswalk_exact,696,resolved_fallback_metadata,deSousa_etal_2010_SupTable2,de Sousa et al. 2010 (J Hum Evol 58:281-292),Frahm_etal_1984_Table1; deSousa_etal_2010_SupTable2,1,de Sousa et al 2010,,,Evo-M1 value matches Frahm_etal_1984_Table1 (not the metadata source); attributed to metadata source; see source_hunt,metadata_tables_near_perfect,deSousa_etal_2010_SupTable2; Frahm_etal_1984_Table1; deSousa_etal_2010 [restricted: Visual_volumes.xlsx]; deSousa_etal_2010 [restricted: deSousa_2010.csv]; Stephan_etal_1981 [restricted: Stephan_1981.csv],deSousa_etal_2010_SupTable2 = 700 (Area_striata_grey_matter_Vol.mm3; 0.57%; scale 1; 0 prior contributions),0,2019
Nycticebus_coucang,Nycticebus coucang,Body_weight,Body_Mass.g,crosswalk_exact,800,resolved_multiple,Stephan_etal_1981_TableII,"Stephan, Frahm & Baron 1981 (Folia Primatol 35:1-29)",Matano__1986_TableI; Matano_etal_1985_a_Table1; Matano_etal_1985_b_Table1; Stephan_etal_1981_TableII; Stephan_etal_1988_TABLE1,5,Stephan et al 1981; Zilles and Rehkamper 1988; Bauernfeind et al 2013,,,NA,direct_same_structure_multiple,,,162,2019
Nycticebus_coucang,Nycticebus coucang,Body_weight_1985a,Body_Mass.g,crosswalk_exact,800,resolved_multiple,Matano_etal_1985_a_Table1,Matano et al. 1985 (Folia Primatol 44:182-203),Matano__1986_TableI; Matano_etal_1985_a_Table1; Matano_etal_1985_b_Table1; Stephan_etal_1981_TableII; Stephan_etal_1988_TABLE1,5,NA,,,NA,direct_same_structure_multiple,,,220,2019
Nycticebus_coucang,Nycticebus coucang,Brain_weight,Brain_Mass.mg,crosswalk_exact,12500,resolved_multiple,Stephan_etal_1981_TableII,"Stephan, Frahm & Baron 1981 (Folia Primatol 35:1-29)",Stephan_etal_1981_TableII; Stephan_etal_1988_TABLE1,2,Stephan et al 1981; Zilles and Rehkamper 1988; Bauernfeind et al 2013,,,NA,direct_same_structure_multiple,,,162,2019
Nycticebus_coucang,Nycticebus coucang,Brainvol,NA,no_defensible_volume_key,12065.64,metadata_only,NA,NA,,0,de Sousa et al 2010; Stephan et al 1981,,,NA,metadata_only_no_volume_crosswalk,,,0,2019
Nycticebus_coucang,Nycticebus coucang,Bulbus_olfactorius,Bulbus_olfactorius_Vol.mm3,crosswalk_exact,159,resolved_unique,Stephan_etal_1981_TableV,"Stephan, Frahm & Baron 1981 (Folia Primatol 35:1-29)",Stephan_etal_1981_TableV,1,Stephan et al 1981,,,NA,direct_same_structure_unique,,,144,2019
Nycticebus_coucang,Nycticebus coucang,Bulbus_olfactorius_accessorius,Bulbus_olfactorius_accessorius_Vol.mm3,crosswalk_exact,4.28,resolved_unique,Stephan_etal_1981_TableV,"Stephan, Frahm & Baron 1981 (Folia Primatol 35:1-29)",Stephan_etal_1981_TableV,1,Stephan et al 1981,,,NA,direct_same_structure_unique,,,144,2019
Nycticebus_coucang,Nycticebus coucang,Cerebellar_nuclei_total,Cerebellar_nuclei_total_Vol.mm3,crosswalk_exact,33.75,resolved_unique,Matano_etal_1985_a_Table1,Matano et al. 1985 (Folia Primatol 44:182-203),Matano_etal_1985_a_Table1,1,NA,,,NA,direct_same_structure_unique,,,220,2019
Nycticebus_coucang,Nycticebus coucang,Cerebellum,Cerebellum_Vol.mm3,crosswalk_exact,1310,resolved_unique,Stephan_etal_1981_TableII,"Stephan, Frahm & Baron 1981 (Folia Primatol 35:1-29)",Stephan_etal_1981_TableII,1,Stephan et al 1981; Zilles and Rehkamper 1988,,,NA,direct_same_structure_unique,,,162,2019
Nycticebus_coucang,Nycticebus coucang,Corpus.pineale,Corpus_pineal_Vol.mm3,crosswalk_exact,1.83,resolved_unique,Stephan_etal_1981_TableXV,"Stephan, Frahm & Baron 1981 (Folia Primatol 35:1-29)",Stephan_etal_1981_TableXV,1,Stephan et al 1981,,,NA,direct_same_structure_unique,,,88,2019
Nycticebus_coucang,Nycticebus coucang,Corpus.subcommissurale,Corpus_subcommissurale_Vol.mm3,crosswalk_exact,0.15,resolved_unique,Stephan_etal_1981_TableXV,"Stephan, Frahm & Baron 1981 (Folia Primatol 35:1-29)",Stephan_etal_1981_TableXV,1,Stephan et al 1981,,,NA,direct_same_structure_unique,,,88,2019
Nycticebus_coucang,Nycticebus coucang,Corpus.subfornicale,Corpus_subfornicale_Vol.mm3,crosswalk_exact,0.18,likely_fallback_metadata,Stephan_etal_1981_TableXV,"Stephan, Frahm & Baron 1981 (Folia Primatol 35:1-29)",Stephan_etal_1981_TableXV,1,Stephan et al 1981,,,Stephan_etal_1981_TableXV = 0.175 (2.8%),metadata_tables_close_same_structure,Stephan_etal_1981_TableXV; Stephan_etal_1981 [restricted: Stephan_1981.csv],Stephan_etal_1981_TableXV = 0.175 (Corpus_subfornicale_Vol.mm3; 2.78%; scale 1; 88 prior contributions),88,2019
Nycticebus_coucang,Nycticebus coucang,Diencephalon,Diencephalon_Vol.mm3,crosswalk_exact,1077,resolved_unique,Stephan_etal_1981_TableII,"Stephan, Frahm & Baron 1981 (Folia Primatol 35:1-29)",Stephan_etal_1981_TableII,1,Stephan et al 1981; Zilles and Rehkamper 1988,,,NA,direct_same_structure_unique,,,162,2019
Nycticebus_coucang,Nycticebus coucang,Hippocampus,Hippocampus_Vol.mm3,crosswalk_exact,566,resolved_unique,Stephan_etal_1981_TableV,"Stephan, Frahm & Baron 1981 (Folia Primatol 35:1-29)",Stephan_etal_1981_TableV,1,Stephan et al 1981; Zilles and Rehkamper 1988,,,NA,direct_same_structure_unique,,,144,2019
Nycticebus_coucang,Nycticebus coucang,Interpositus_cerebellar_nuclei,Interpositus_cerebellar_nuclei_Vol.mm3,crosswalk_exact,8.76,resolved_unique,Matano_etal_1985_a_Table1,Matano et al. 1985 (Folia Primatol 44:182-203),Matano_etal_1985_a_Table1,1,NA,,,NA,direct_same_structure_unique,,,220,2019
Nycticebus_coucang,Nycticebus coucang,LGN_Sousa,Corpus_geniculatum_laterale_Vol.mm3,crosswalk_exact,35.9,resolved_fallback_metadata,deSousa_etal_2010_SupTable2,de Sousa et al. 2010 (J Hum Evol 58:281-292),Stephan_etal_1984_Table1; deSousa_etal_2010_SupTable2; Stephan_etal_1981_TableIX,2,de Sousa et al 2010; de Sousa et al 2013,,,Evo-M1 value matches Stephan_etal_1984_Table1 (not the metadata source); attributed to metadata source; see source_hunt,metadata_tables_near_perfect,deSousa_etal_2010_SupTable2; Stephan_etal_1984_Table1; Stephan_etal_1981_TableIX; deSousa_etal_2010 [restricted: Visual_volumes.xlsx]; deSousa_etal_2010 [restricted: deSousa_2010.csv],deSousa_etal_2010_SupTable2 = 36 (Corpus_geniculatum_laterale_Vol.mm3; 0.28%; scale 1; 0 prior contributions),0,2019
Nycticebus_coucang,Nycticebus coucang,Lateral_cerebellar_nuclei,Lateral_cerebellar_nuclei_Vol.mm3,crosswalk_exact,14.03,resolved_unique,Matano_etal_1985_a_Table1,Matano et al. 1985 (Folia Primatol 44:182-203),Matano_etal_1985_a_Table1,1,NA,,,NA,direct_same_structure_unique,,,220,2019
Nycticebus_coucang,Nycticebus coucang,Lobus_piriformis,Lobus_piriformis_Vol.mm3,crosswalk_exact,510,resolved_unique,Stephan_etal_1981_TableV,"Stephan, Frahm & Baron 1981 (Folia Primatol 35:1-29)",Stephan_etal_1981_TableV,1,Stephan et al 1981; Zilles and Rehkamper 1988,,,NA,direct_same_structure_unique,,,144,2019
Nycticebus_coucang,Nycticebus coucang,Medial_cerebellar_nuclei,Medial_cerebellar_nuclei_Vol.mm3,crosswalk_exact,10.96,resolved_unique,Matano_etal_1985_a_Table1,Matano et al. 1985 (Folia Primatol 44:182-203),Matano_etal_1985_a_Table1,1,NA,,,NA,direct_same_structure_unique,,,220,2019
Nycticebus_coucang,Nycticebus coucang,Medulla_oblongata,Medulla_oblongata_Vol.mm3,crosswalk_exact,528,resolved_unique,Stephan_etal_1981_TableII,"Stephan, Frahm & Baron 1981 (Folia Primatol 35:1-29)",Stephan_etal_1981_TableII,1,Stephan et al 1981; Zilles and Rehkamper 1988,,,NA,direct_same_structure_unique,,,162,2019
Nycticebus_coucang,Nycticebus coucang,Meninges_hypophysis_nerves_etc,NA,no_defensible_volume_key,169,metadata_only,NA,NA,,0,Stephan et al 1981,,,NA,metadata_only_no_volume_crosswalk,,,0,2019
Nycticebus_coucang,Nycticebus coucang,Mesencephalon,Mesencephalon_Vol.mm3,crosswalk_exact,345,resolved_unique,Stephan_etal_1981_TableII,"Stephan, Frahm & Baron 1981 (Folia Primatol 35:1-29)",Stephan_etal_1981_TableII,1,Stephan et al 1981; Zilles and Rehkamper 1988,,,NA,direct_same_structure_unique,,,162,2019
Nycticebus_coucang,Nycticebus coucang,NeoG_Frahm,Neocortex_grey_matter_Vol.mm3,crosswalk_exact,4952,resolved_unique,Frahm_etal_1982_Table2,"Frahm, Stephan & Stephan 1982 (J Hirnforsch 23:375-389)",Frahm_etal_1982_Table2,1,Frahm et al 1992; Zilles and Rehkamper 1988,,,NA,direct_same_structure_unique,,,46,2019
Nycticebus_coucang,Nycticebus coucang,NeoWG,Neocortex_Vol.mm3,crosswalk_exact,6192,resolved_multiple,Stephan_etal_1981_TableV,"Stephan, Frahm & Baron 1981 (Folia Primatol 35:1-29)",Frahm_etal_1982_Table2; Stephan_etal_1981_TableV,2,Stephan et al 1981; Zilles and Rehkamper 1988,,,NA,direct_same_structure_multiple,,,144,2019
Nycticebus_coucang,Nycticebus coucang,NeoW_Frahm,Neocortex_white_matter_Vol.mm3,crosswalk_exact,1240,resolved_unique,Frahm_etal_1982_Table2,"Frahm, Stephan & Stephan 1982 (J Hirnforsch 23:375-389)",Frahm_etal_1982_Table2,1,Frahm et al 1992; Zilles and Rehkamper 1988,,,NA,direct_same_structure_unique,,,46,2019
Nycticebus_coucang,Nycticebus coucang,Nucleus.habenularis.medialis,Nucleus_habenularis_medialis_Vol.mm3,crosswalk_exact,2.04,resolved_unique,Stephan_etal_1981_TableXV,"Stephan, Frahm & Baron 1981 (Folia Primatol 35:1-29)",Stephan_etal_1981_TableXV,1,Stephan et al 1981,,,NA,direct_same_structure_unique,,,88,2019
Nycticebus_coucang,Nycticebus coucang,Nucleus.septalis.triangularis,Nucleus_septalis_triangularis_Vol.mm3,crosswalk_exact,1.34,resolved_unique,Stephan_etal_1981_TableXV,"Stephan, Frahm & Baron 1981 (Folia Primatol 35:1-29)",Stephan_etal_1981_TableXV,1,Stephan et al 1981,,,NA,direct_same_structure_unique,,,88,2019
Nycticebus_coucang,Nycticebus coucang,Pons,Ventral_pons_Vol.mm3,Matano ventral pons,63.8,resolved_unique,Matano_etal_1985_b_Table1,Matano et al. 1985 (Folia Primatol 44:182-203),Matano_etal_1985_b_Table1,1,Matano et al 1985; Zilles and Rehkamper 1988,,,NA,direct_same_structure_unique,,,40,2019
Nycticebus_coucang,Nycticebus coucang,Schizocortex,Schizo_cortex_Vol.mm3,crosswalk_exact,212,resolved_unique,Stephan_etal_1981_TableV,"Stephan, Frahm & Baron 1981 (Folia Primatol 35:1-29)",Stephan_etal_1981_TableV,1,Stephan et al 1981,,,NA,direct_same_structure_unique,,,144,2019
Nycticebus_coucang,Nycticebus coucang,Septum,Septum_Vol.mm3,crosswalk_exact,92,resolved_unique,Stephan_etal_1981_TableV,"Stephan, Frahm & Baron 1981 (Folia Primatol 35:1-29)",Stephan_etal_1981_TableV,1,Stephan et al 1981; Zilles and Rehkamper 1988,,,NA,direct_same_structure_unique,,,144,2019
Nycticebus_coucang,Nycticebus coucang,Striatum,Striatum_Vol.mm3,crosswalk_exact,760,resolved_unique,Stephan_etal_1981_TableV,"Stephan, Frahm & Baron 1981 (Folia Primatol 35:1-29)",Stephan_etal_1981_TableV,1,Stephan et al 1981; Zilles and Rehkamper 1988,,,NA,direct_same_structure_unique,,,144,2019
Nycticebus_coucang,Nycticebus coucang,Telencephalon,Telencephalon_Vol.mm3,crosswalk_exact,8495,resolved_unique,Stephan_etal_1981_TableII,"Stephan, Frahm & Baron 1981 (Folia Primatol 35:1-29)",Stephan_etal_1981_TableII,1,Stephan et al 1981; Zilles and Rehkamper 1988,,,NA,direct_same_structure_unique,,,162,2019
Nycticebus_coucang,Nycticebus coucang,Total_brain_net_volume,Total_brain_net_volume_Vol.mm3,crosswalk_exact,11755,resolved_unique,Stephan_etal_1981_TableII,"Stephan, Frahm & Baron 1981 (Folia Primatol 35:1-29)",Stephan_etal_1981_TableII,1,Stephan et al 1981,,,NA,direct_same_structure_unique,,,162,2019
Nycticebus_coucang,Nycticebus coucang,Ventricles,Ventricles_Vol.mm3,crosswalk_exact,142,resolved_unique,Stephan_etal_1981_TableII,"Stephan, Frahm & Baron 1981 (Folia Primatol 35:1-29)",Stephan_etal_1981_TableII,1,Stephan et al 1981,,,NA,direct_same_structure_unique,,,162,2019
Otolemur_crassicaudatus,Otolemur crassicaudatus,ASG_Sousa,Area_striata_grey_matter_Vol.mm3,crosswalk_exact,479,resolved_fallback_restricted,deSousa_etal_2010 [restricted: Visual_volumes.xlsx],de Sousa et al. 2010 (J Hum Evol 58:281-292),Frahm_etal_1984_Table1; deSousa_etal_2010_SupTable2; Frahm_etal_1998_Table1; deSousa_etal_2010 [restricted: Visual_volumes.xlsx],1,de Sousa et al 2010,1000,,Evo-M1 value matches Frahm_etal_1984_Table1 (not the metadata source); attributed to metadata source; see source_hunt,restricted_documents_near_perfect,deSousa_etal_2010_SupTable2; Frahm_etal_1998_Table1; Frahm_etal_1984_Table1; deSousa_etal_2010 [restricted: Visual_volumes.xlsx]; deSousa_etal_2010 [restricted: deSousa_2010.csv]; Stephan_etal_1981 [restricted: Stephan_1981.csv],deSousa_etal_2010 [restricted: Visual_volumes.xlsx] = 0.479 (0.00%; scale 1000; restricted_checks/deSousa_etal_2010/comparison/Visual_volumes.xlsx R45C5; 0 prior contributions),0,2019
Otolemur_crassicaudatus,Otolemur crassicaudatus,Body_weight,Body_Mass.g,crosswalk_exact,850,resolved_multiple,Stephan_etal_1981_TableII,"Stephan, Frahm & Baron 1981 (Folia Primatol 35:1-29)",Matano__1986_TableI; Matano_etal_1985_a_Table1; Matano_etal_1985_b_Table1; Stephan_etal_1981_TableII; Stephan_etal_1988_TABLE1,5,Stephan et al 1981; Zilles and Rehkamper 1988; Bauernfeind et al 2013,,,NA,direct_same_structure_multiple,,,162,2019
Otolemur_crassicaudatus,Otolemur crassicaudatus,Body_weight_1985a,Body_Mass.g,crosswalk_exact,850,resolved_multiple,Matano_etal_1985_a_Table1,Matano et al. 1985 (Folia Primatol 44:182-203),Matano__1986_TableI; Matano_etal_1985_a_Table1; Matano_etal_1985_b_Table1; Stephan_etal_1981_TableII; Stephan_etal_1988_TABLE1,5,NA,,,NA,direct_same_structure_multiple,,,220,2019
Otolemur_crassicaudatus,Otolemur crassicaudatus,Brain_weight,Brain_Mass.mg,crosswalk_exact,10300,resolved_multiple,Stephan_etal_1981_TableII,"Stephan, Frahm & Baron 1981 (Folia Primatol 35:1-29)",Stephan_etal_1981_TableII; Stephan_etal_1988_TABLE1,2,Stephan et al 1981; Zilles and Rehkamper 1988; Bauernfeind et al 2013,,,NA,direct_same_structure_multiple,,,162,2019
Otolemur_crassicaudatus,Otolemur crassicaudatus,Brainvol,NA,no_defensible_volume_key,9942.08,metadata_only,NA,NA,,0,de Sousa et al 2010; Stephan et al 1981,,,NA,metadata_only_no_volume_crosswalk,,,0,2019
Otolemur_crassicaudatus,Otolemur crassicaudatus,Bulbus_olfactorius,Bulbus_olfactorius_Vol.mm3,crosswalk_exact,166,resolved_unique,Stephan_etal_1981_TableV,"Stephan, Frahm & Baron 1981 (Folia Primatol 35:1-29)",Stephan_etal_1981_TableV,1,Stephan et al 1981,,,NA,direct_same_structure_unique,,,144,2019
Otolemur_crassicaudatus,Otolemur crassicaudatus,Bulbus_olfactorius_accessorius,Bulbus_olfactorius_accessorius_Vol.mm3,crosswalk_exact,2.52,resolved_unique,Stephan_etal_1981_TableV,"Stephan, Frahm & Baron 1981 (Folia Primatol 35:1-29)",Stephan_etal_1981_TableV,1,Stephan et al 1981,,,NA,direct_same_structure_unique,,,144,2019
Otolemur_crassicaudatus,Otolemur crassicaudatus,Capsula_interna,Capsula_interna_Vol.mm3,crosswalk_exact,74.6,resolved_unique,Stephan_etal_1981_TableVIII,"Stephan, Frahm & Baron 1981 (Folia Primatol 35:1-29)",Stephan_etal_1981_TableVIII,1,Stephan et al 1981,,,NA,direct_same_structure_unique,,,200,2019
Otolemur_crassicaudatus,Otolemur crassicaudatus,Cerebellar_nuclei_total,Cerebellar_nuclei_total_Vol.mm3,crosswalk_exact,25.9,resolved_unique,Matano_etal_1985_a_Table1,Matano et al. 1985 (Folia Primatol 44:182-203),Matano_etal_1985_a_Table1,1,NA,,,NA,direct_same_structure_unique,,,220,2019
Otolemur_crassicaudatus,Otolemur crassicaudatus,Cerebellum,Cerebellum_Vol.mm3,crosswalk_exact,1414,resolved_unique,Stephan_etal_1981_TableII,"Stephan, Frahm & Baron 1981 (Folia Primatol 35:1-29)",Stephan_etal_1981_TableII,1,Stephan et al 1981; Zilles and Rehkamper 1988,,,NA,direct_same_structure_unique,,,162,2019
Otolemur_crassicaudatus,Otolemur crassicaudatus,Complexus.vestibularis,Complexus_vestibularis_unilateral_Vol.mm3,crosswalk_exact,19.9,resolved_multiple,Stephan_etal_1981_TableXIII,"Stephan, Frahm & Baron 1981 (Folia Primatol 35:1-29)",Matano__1986_TableI; Stephan_etal_1981_TableXIII,2,Stephan et al 1981,,,NA,direct_same_structure_multiple,,,129,2019
Otolemur_crassicaudatus,Otolemur crassicaudatus,Corpus.pineale,Corpus_pineal_Vol.mm3,crosswalk_exact,1.02,resolved_unique,Stephan_etal_1981_TableXV,"Stephan, Frahm & Baron 1981 (Folia Primatol 35:1-29)",Stephan_etal_1981_TableXV,1,Stephan et al 1981,,,NA,direct_same_structure_unique,,,88,2019
Otolemur_crassicaudatus,Otolemur crassicaudatus,Corpus.subcommissurale,Corpus_subcommissurale_Vol.mm3,crosswalk_exact,0.1,resolved_unique,Stephan_etal_1981_TableXV,"Stephan, Frahm & Baron 1981 (Folia Primatol 35:1-29)",Stephan_etal_1981_TableXV,1,Stephan et al 1981,,,NA,direct_same_structure_unique,,,88,2019
Otolemur_crassicaudatus,Otolemur crassicaudatus,Corpus.subfornicale,Corpus_subfornicale_Vol.mm3,crosswalk_exact,0.09,resolved_unique,Stephan_etal_1981_TableXV,"Stephan, Frahm & Baron 1981 (Folia Primatol 35:1-29)",Stephan_etal_1981_TableXV,1,Stephan et al 1981,,,NA,direct_same_structure_unique,,,88,2019
Otolemur_crassicaudatus,Otolemur crassicaudatus,Diencephalon,Diencephalon_Vol.mm3,crosswalk_exact,785,resolved_unique,Stephan_etal_1981_TableII,"Stephan, Frahm & Baron 1981 (Folia Primatol 35:1-29)",Stephan_etal_1981_TableII,1,Stephan et al 1981; Zilles and Rehkamper 1988,,,NA,direct_same_structure_unique,,,162,2019
Otolemur_crassicaudatus,Otolemur crassicaudatus,Epithalamus,Epithalamus_Vol.mm3,crosswalk_exact,5.71,resolved_unique,Stephan_etal_1981_TableVIII,"Stephan, Frahm & Baron 1981 (Folia Primatol 35:1-29)",Stephan_etal_1981_TableVIII,1,Stephan et al 1981,,,NA,direct_same_structure_unique,,,200,2019
Otolemur_crassicaudatus,Otolemur crassicaudatus,Hippocampus,Hippocampus_Vol.mm3,crosswalk_exact,461,resolved_unique,Stephan_etal_1981_TableV,"Stephan, Frahm & Baron 1981 (Folia Primatol 35:1-29)",Stephan_etal_1981_TableV,1,Stephan et al 1981; Zilles and Rehkamper 1988,,,NA,direct_same_structure_unique,,,144,2019
Otolemur_crassicaudatus,Otolemur crassicaudatus,Hypothalamus,Hypothalamus_Vol.mm3,crosswalk_exact,127,resolved_unique,Stephan_etal_1981_TableVIII,"Stephan, Frahm & Baron 1981 (Folia Primatol 35:1-29)",Stephan_etal_1981_TableVIII,1,Stephan et al 1981,,,NA,direct_same_structure_unique,,,200,2019
Otolemur_crassicaudatus,Otolemur crassicaudatus,Interpositus_cerebellar_nuclei,Interpositus_cerebellar_nuclei_Vol.mm3,crosswalk_exact,6.63,resolved_unique,Matano_etal_1985_a_Table1,Matano et al. 1985 (Folia Primatol 44:182-203),Matano_etal_1985_a_Table1,1,NA,,,NA,direct_same_structure_unique,,,220,2019
Otolemur_crassicaudatus,Otolemur crassicaudatus,LGN_Sousa,Corpus_geniculatum_laterale_Vol.mm3,crosswalk_exact,23.2,resolved_fallback_metadata,deSousa_etal_2010_SupTable2,de Sousa et al. 2010 (J Hum Evol 58:281-292),Stephan_etal_1984_Table1; deSousa_etal_2010_SupTable2; Frahm_etal_1998_Table1; Stephan_etal_1981_TableIX,2,de Sousa et al 2010; de Sousa et al 2013,,,Evo-M1 value matches Stephan_etal_1984_Table1 (not the metadata source); attributed to metadata source; see source_hunt,metadata_tables_near_perfect,deSousa_etal_2010_SupTable2; Frahm_etal_1998_Table1; Stephan_etal_1984_Table1; Stephan_etal_1981_TableIX; deSousa_etal_2010 [restricted: Visual_volumes.xlsx]; deSousa_etal_2010 [restricted: deSousa_2010.csv],deSousa_etal_2010_SupTable2 = 23 (Corpus_geniculatum_laterale_Vol.mm3; 0.86%; scale 1; 0 prior contributions),0,2019
Otolemur_crassicaudatus,Otolemur crassicaudatus,Lateral_cerebellar_nuclei,Lateral_cerebellar_nuclei_Vol.mm3,crosswalk_exact,9.64,resolved_unique,Matano_etal_1985_a_Table1,Matano et al. 1985 (Folia Primatol 44:182-203),Matano_etal_1985_a_Table1,1,NA,,,NA,direct_same_structure_unique,,,220,2019
Otolemur_crassicaudatus,Otolemur crassicaudatus,Lobus_piriformis,Lobus_piriformis_Vol.mm3,crosswalk_exact,386,resolved_unique,Stephan_etal_1981_TableV,"Stephan, Frahm & Baron 1981 (Folia Primatol 35:1-29)",Stephan_etal_1981_TableV,1,Stephan et al 1981; Zilles and Rehkamper 1988,,,NA,direct_same_structure_unique,,,144,2019
Otolemur_crassicaudatus,Otolemur crassicaudatus,Medial_cerebellar_nuclei,Medial_cerebellar_nuclei_Vol.mm3,crosswalk_exact,9.63,resolved_unique,Matano_etal_1985_a_Table1,Matano et al. 1985 (Folia Primatol 44:182-203),Matano_etal_1985_a_Table1,1,NA,,,NA,direct_same_structure_unique,,,220,2019
Otolemur_crassicaudatus,Otolemur crassicaudatus,Medulla_oblongata,Medulla_oblongata_Vol.mm3,crosswalk_exact,540,resolved_unique,Stephan_etal_1981_TableII,"Stephan, Frahm & Baron 1981 (Folia Primatol 35:1-29)",Stephan_etal_1981_TableII,1,Stephan et al 1981; Zilles and Rehkamper 1988,,,NA,direct_same_structure_unique,,,162,2019
Otolemur_crassicaudatus,Otolemur crassicaudatus,Meninges_hypophysis_nerves_etc,NA,no_defensible_volume_key,128,metadata_only,NA,NA,,0,Stephan et al 1981,,,NA,metadata_only_no_volume_crosswalk,,,0,2019
Otolemur_crassicaudatus,Otolemur crassicaudatus,Mesencephalon,Mesencephalon_Vol.mm3,crosswalk_exact,384,resolved_unique,Stephan_etal_1981_TableII,"Stephan, Frahm & Baron 1981 (Folia Primatol 35:1-29)",Stephan_etal_1981_TableII,1,Stephan et al 1981; Zilles and Rehkamper 1988,,,NA,direct_same_structure_unique,,,162,2019
Otolemur_crassicaudatus,Otolemur crassicaudatus,NeoWG,Neocortex_Vol.mm3,crosswalk_exact,4723,resolved_unique,Stephan_etal_1981_TableV,"Stephan, Frahm & Baron 1981 (Folia Primatol 35:1-29)",Stephan_etal_1981_TableV,1,Stephan et al 1981; Zilles and Rehkamper 1988,,,NA,direct_same_structure_unique,,,144,2019
Otolemur_crassicaudatus,Otolemur crassicaudatus,Nucleus.habenularis.medialis,Nucleus_habenularis_medialis_Vol.mm3,crosswalk_exact,1.64,resolved_unique,Stephan_etal_1981_TableXV,"Stephan, Frahm & Baron 1981 (Folia Primatol 35:1-29)",Stephan_etal_1981_TableXV,1,Stephan et al 1981,,,NA,direct_same_structure_unique,,,88,2019
Otolemur_crassicaudatus,Otolemur crassicaudatus,Nucleus.septalis.triangularis,Nucleus_septalis_triangularis_Vol.mm3,crosswalk_exact,0.7,resolved_unique,Stephan_etal_1981_TableXV,"Stephan, Frahm & Baron 1981 (Folia Primatol 35:1-29)",Stephan_etal_1981_TableXV,1,Stephan et al 1981,,,NA,direct_same_structure_unique,,,88,2019
Otolemur_crassicaudatus,Otolemur crassicaudatus,Nucleus.vestibularis.descendens,Nucleus_vestibularis_descendens_unilateral_Vol.mm3,crosswalk_exact,7.01,resolved_multiple,Stephan_etal_1981_TableXIII,"Stephan, Frahm & Baron 1981 (Folia Primatol 35:1-29)",Matano__1986_TableI; Stephan_etal_1981_TableXIII,2,Stephan et al 1981,,,NA,direct_same_structure_multiple,,,129,2019
Otolemur_crassicaudatus,Otolemur crassicaudatus,Nucleus.vestibularis.lateralis,Nucleus_vestibularis_lateralis_unilateral_Vol.mm3,crosswalk_exact,2.87,resolved_multiple,Stephan_etal_1981_TableXIII,"Stephan, Frahm & Baron 1981 (Folia Primatol 35:1-29)",Matano__1986_TableI; Stephan_etal_1981_TableXIII,2,Stephan et al 1981,,,NA,direct_same_structure_multiple,,,129,2019
Otolemur_crassicaudatus,Otolemur crassicaudatus,Nucleus.vestibularis.medialis,Nucleus_vestibularis_medialis_unilateral_Vol.mm3,crosswalk_exact,7.16,resolved_multiple,Stephan_etal_1981_TableXIII,"Stephan, Frahm & Baron 1981 (Folia Primatol 35:1-29)",Matano__1986_TableI; Stephan_etal_1981_TableXIII,2,Stephan et al 1981,,,NA,direct_same_structure_multiple,,,129,2019
Otolemur_crassicaudatus,Otolemur crassicaudatus,Nucleus.vestibularis.superior,Nucleus_vestibularis_superior_unilateral_Vol.mm3,crosswalk_exact,2.85,resolved_multiple,Stephan_etal_1981_TableXIII,"Stephan, Frahm & Baron 1981 (Folia Primatol 35:1-29)",Matano__1986_TableI; Stephan_etal_1981_TableXIII,2,Stephan et al 1981,,,NA,direct_same_structure_multiple,,,129,2019
Otolemur_crassicaudatus,Otolemur crassicaudatus,Nucleus_subthalamicus,Nucleus_subthalamicus_Vol.mm3,crosswalk_exact,4.1,resolved_unique,Stephan_etal_1981_TableVIII,"Stephan, Frahm & Baron 1981 (Folia Primatol 35:1-29)",Stephan_etal_1981_TableVIII,1,Stephan et al 1981,,,NA,direct_same_structure_unique,,,200,2019
Otolemur_crassicaudatus,Otolemur crassicaudatus,Pallidum,Pallidum_Vol.mm3,crosswalk_exact,63.3,resolved_unique,Stephan_etal_1981_TableVIII,"Stephan, Frahm & Baron 1981 (Folia Primatol 35:1-29)",Stephan_etal_1981_TableVIII,1,Stephan et al 1981; Zilles and Rehkamper 1988,,,NA,direct_same_structure_unique,,,200,2019
Otolemur_crassicaudatus,Otolemur crassicaudatus,Pons,Ventral_pons_Vol.mm3,Matano ventral pons,54.5,resolved_unique,Matano_etal_1985_b_Table1,Matano et al. 1985 (Folia Primatol 44:182-203),Matano_etal_1985_b_Table1,1,Matano et al 1985; Zilles and Rehkamper 1988,,,NA,direct_same_structure_unique,,,40,2019
Otolemur_crassicaudatus,Otolemur crassicaudatus,Schizocortex,Schizo_cortex_Vol.mm3,crosswalk_exact,181,resolved_unique,Stephan_etal_1981_TableV,"Stephan, Frahm & Baron 1981 (Folia Primatol 35:1-29)",Stephan_etal_1981_TableV,1,Stephan et al 1981,,,NA,direct_same_structure_unique,,,144,2019
Otolemur_crassicaudatus,Otolemur crassicaudatus,Septum,Septum_Vol.mm3,crosswalk_exact,70,resolved_unique,Stephan_etal_1981_TableV,"Stephan, Frahm & Baron 1981 (Folia Primatol 35:1-29)",Stephan_etal_1981_TableV,1,Stephan et al 1981; Zilles and Rehkamper 1988,,,NA,direct_same_structure_unique,,,144,2019
Otolemur_crassicaudatus,Otolemur crassicaudatus,Striatum,Striatum_Vol.mm3,crosswalk_exact,556,resolved_unique,Stephan_etal_1981_TableV,"Stephan, Frahm & Baron 1981 (Folia Primatol 35:1-29)",Stephan_etal_1981_TableV,1,Stephan et al 1981; Zilles and Rehkamper 1988,,,NA,direct_same_structure_unique,,,144,2019
Otolemur_crassicaudatus,Otolemur crassicaudatus,Subthalamus,Subthalamus_Vol.mm3,crosswalk_exact,67.4,resolved_unique,Stephan_etal_1981_TableVIII,"Stephan, Frahm & Baron 1981 (Folia Primatol 35:1-29)",Stephan_etal_1981_TableVIII,1,Stephan et al 1981,,,NA,direct_same_structure_unique,,,200,2019
Otolemur_crassicaudatus,Otolemur crassicaudatus,Telencephalon,Telencephalon_Vol.mm3,crosswalk_exact,6545,resolved_unique,Stephan_etal_1981_TableII,"Stephan, Frahm & Baron 1981 (Folia Primatol 35:1-29)",Stephan_etal_1981_TableII,1,Stephan et al 1981; Zilles and Rehkamper 1988,,,NA,direct_same_structure_unique,,,162,2019
Otolemur_crassicaudatus,Otolemur crassicaudatus,Thalamus,Thalamus_Vol.mm3,crosswalk_exact,437,resolved_unique,Stephan_etal_1981_TableVIII,"Stephan, Frahm & Baron 1981 (Folia Primatol 35:1-29)",Stephan_etal_1981_TableVIII,1,Stephan et al 1981,,,NA,direct_same_structure_unique,,,200,2019
Otolemur_crassicaudatus,Otolemur crassicaudatus,Total_brain_net_volume,Total_brain_net_volume_Vol.mm3,crosswalk_exact,9668,resolved_unique,Stephan_etal_1981_TableII,"Stephan, Frahm & Baron 1981 (Folia Primatol 35:1-29)",Stephan_etal_1981_TableII,1,Stephan et al 1981,,,NA,direct_same_structure_unique,,,162,2019
Otolemur_crassicaudatus,Otolemur crassicaudatus,Tractus_opticus,Tractus_opticus_Vol.mm3,crosswalk_exact,33.9,resolved_unique,Stephan_etal_1981_TableVIII,"Stephan, Frahm & Baron 1981 (Folia Primatol 35:1-29)",Stephan_etal_1981_TableVIII,1,Stephan et al 1981,,,NA,direct_same_structure_unique,,,200,2019
Otolemur_crassicaudatus,Otolemur crassicaudatus,Ventricles,Ventricles_Vol.mm3,crosswalk_exact,147,resolved_unique,Stephan_etal_1981_TableII,"Stephan, Frahm & Baron 1981 (Folia Primatol 35:1-29)",Stephan_etal_1981_TableII,1,Stephan et al 1981,,,NA,direct_same_structure_unique,,,162,2019
Pan_paniscus,Pan paniscus,ASG_Sousa,Area_striata_grey_matter_Vol.mm3,crosswalk_exact,11606.5,resolved_fallback_metadata,deSousa_etal_2010_SupTable2,de Sousa et al. 2010 (J Hum Evol 58:281-292),deSousa_etal_2010_SupTable2,0,de Sousa et al 2010,,,NA,metadata_tables_near_perfect,deSousa_etal_2010_SupTable2; deSousa_etal_2010 [restricted: deSousa_2010.csv]; deSousa_etal_2010 [restricted: Visual_volumes.xlsx]; Stephan_etal_1981 [restricted: Stephan_1981.csv],deSousa_etal_2010_SupTable2 = 11600 (Area_striata_grey_matter_Vol.mm3; 0.06%; scale 1; 0 prior contributions),0,2019
Pan_paniscus,Pan paniscus,Agranular_volume_L,Agranular_insular_cortex_left_Vol.mm3,crosswalk_exact,351,resolved_unique,Bauernfeind_etal_2013_Table1,Bauernfeind et al. 2013 (J Hum Evol 64:263-279),Bauernfeind_etal_2013_Table1,1,Bauernfeind et al 2013,,,NA,direct_same_structure_unique,,,181,2019
Pan_paniscus,Pan paniscus,Body_mass,Body_Mass.g,crosswalk_exact,37133.33333,resolved_unique,Bauernfeind_etal_2013_Table1,Bauernfeind et al. 2013 (J Hum Evol 64:263-279),Bauernfeind_etal_2013_Table1,1,Bauernfeind et al 2013,,,NA,direct_same_structure_unique,,,181,2019
Pan_paniscus,Pan paniscus,Body_weight,Body_Mass.g,crosswalk_exact,37133.33333,resolved_unique,Bauernfeind_etal_2013_Table1,Bauernfeind et al. 2013 (J Hum Evol 64:263-279),Bauernfeind_etal_2013_Table1,1,Stephan et al 1981; Zilles and Rehkamper 1988; Bauernfeind et al 2013,,,NA,direct_same_structure_unique,,,181,2019
Pan_paniscus,Pan paniscus,Brain_mass,Brain_Mass.mg,crosswalk_exact,352000,resolved_unique,Bauernfeind_etal_2013_Table1,Bauernfeind et al. 2013 (J Hum Evol 64:263-279),Bauernfeind_etal_2013_Table1,2,Bauernfeind et al 2013,1000,,NA,direct_same_structure_unique,,,181,2019
Pan_paniscus,Pan paniscus,Brain_volume,NA,no_defensible_volume_key,339766.6667,metadata_only,NA,NA,,0,Bauernfeind et al 2013,,,NA,metadata_only_no_volume_crosswalk,,,0,2019
Pan_paniscus,Pan paniscus,Brain_weight,Brain_Mass.mg,crosswalk_exact,352000,resolved_unique,Bauernfeind_etal_2013_Table1,Bauernfeind et al. 2013 (J Hum Evol 64:263-279),Bauernfeind_etal_2013_Table1,2,Stephan et al 1981; Zilles and Rehkamper 1988; Bauernfeind et al 2013,1000,,NA,direct_same_structure_unique,,,181,2019
Pan_paniscus,Pan paniscus,Brainvol,NA,no_defensible_volume_key,338803.09,metadata_only,NA,NA,,0,de Sousa et al 2010; Stephan et al 1981,,,NA,metadata_only_no_volume_crosswalk,,,0,2019
Pan_paniscus,Pan paniscus,Dysgranular_volume_L,Dysgranular_insular_cortex_left_Vol.mm3,crosswalk_exact,934.333333,resolved_unique,Bauernfeind_etal_2013_Table1,Bauernfeind et al. 2013 (J Hum Evol 64:263-279),Bauernfeind_etal_2013_Table1,1,Bauernfeind et al 2013,,,NA,direct_same_structure_unique,,,181,2019
Pan_paniscus,Pan paniscus,FI_volume_L,fronto_insular_cortex_left_Vol.mm3,crosswalk_exact,144.666667,resolved_unique,Bauernfeind_etal_2013_Table1,Bauernfeind et al. 2013 (J Hum Evol 64:263-279),Bauernfeind_etal_2013_Table1,1,Bauernfeind et al 2013,,,NA,direct_same_structure_unique,,,181,2019
Pan_paniscus,Pan paniscus,Frontal.motor,FrontalMotor_white_matter_Vol.mm3,crosswalk_exact,5.24,resolved_fallback_metadata,Smaers_etal_2017_TableS1part1,"Smaers et al. 2017 (Curr Biol 27:714-720, Table S1)",Smaers_etal_2017_TableS1part1,0,Smaers et al 2017,,,NA,metadata_tables_near_perfect,Smaers_etal_2017_TableS1part1,Smaers_etal_2017_TableS1part1 = 5243 (FrontalMotor_white_matter_Vol.mm3; 0.06%; scale 0.001; 0 prior contributions),0,2019
Pan_paniscus,Pan paniscus,Frontal.motor.Gray,FrontalMotor_grey_matter_Vol.mm3,crosswalk_exact,8.36,resolved_fallback_metadata,Smaers_etal_2017_TableS1part1,"Smaers et al. 2017 (Curr Biol 27:714-720, Table S1)",Smaers_etal_2017_TableS1part1,0,Smaers et al 2017,,,NA,metadata_tables_near_perfect,Smaers_etal_2017_TableS1part1; Smaers_etal_2017 [restricted: Smaers.csv],Smaers_etal_2017_TableS1part1 = 8356 (FrontalMotor_grey_matter_Vol.mm3; 0.05%; scale 0.001; 0 prior contributions),0,2019
Pan_paniscus,Pan paniscus,Granular_volume_L,Granular_insular_cortex_left_Vol.mm3,crosswalk_exact,260.666667,resolved_unique,Bauernfeind_etal_2013_Table1,Bauernfeind et al. 2013 (J Hum Evol 64:263-279),Bauernfeind_etal_2013_Table1,1,Bauernfeind et al 2013,,,NA,direct_same_structure_unique,,,181,2019
Pan_paniscus,Pan paniscus,LGN_Sousa,Corpus_geniculatum_laterale_Vol.mm3,crosswalk_exact,275.1,resolved_fallback_restricted,deSousa_etal_2013 [restricted: compare_LGN_vs_Stephan.csv],de Sousa et al. 2013 (Brain Behav Evol 81:93-108),deSousa_etal_2013_Table1; deSousa_etal_2010_SupTable2; deSousa_etal_2013 [restricted: compare_LGN_vs_Stephan.csv],1,de Sousa et al 2010; de Sousa et al 2013,,,deSousa_etal_2013_Table1 = 282.3 (2.6%),restricted_documents_near_perfect,deSousa_etal_2013_Table1; deSousa_etal_2010_SupTable2; deSousa_etal_2013 [restricted: compare_LGN_vs_Stephan.csv]; deSousa_etal_2013 [restricted: deSousa_2013.csv]; deSousa_etal_2010 [restricted: deSousa_2010.csv]; deSousa_etal_2010 [restricted: Visual_volumes.xlsx],deSousa_etal_2013 [restricted: compare_LGN_vs_Stephan.csv] = 275.1 (0.00%; scale 1; restricted_checks/deSousa_etal_2013/comparison/compare_LGN_vs_Stephan.csv R4C3; 15 prior contributions),15,2019
Pan_paniscus,Pan paniscus,Prefrontal.Gray,PrefrontalCortex_grey_matter_Vol.mm3,crosswalk_exact,7.96,resolved_fallback_metadata,Smaers_etal_2017_TableS1part1,"Smaers et al. 2017 (Curr Biol 27:714-720, Table S1)",Smaers_etal_2017_TableS1part1; Smaers_etal_2011_SupplementaryTable2,0,Smaers et al 2017,,,NA,metadata_tables_near_perfect,Smaers_etal_2017_TableS1part1; Smaers_etal_2011_SupplementaryTable2; Smaers_etal_2017 [restricted: Smaers.csv],Smaers_etal_2017_TableS1part1 = 7956 (PrefrontalCortex_grey_matter_Vol.mm3; 0.05%; scale 0.001; 0 prior contributions),0,2019
Pan_paniscus,Pan paniscus,Prefrontal.White,PrefrontalCortex_white_matter_Vol.mm3,crosswalk_exact,2.06,resolved_fallback_metadata,Smaers_etal_2017_TableS1part1,"Smaers et al. 2017 (Curr Biol 27:714-720, Table S1)",Smaers_etal_2017_TableS1part1; Smaers_etal_2011_SupplementaryTable2,0,Smaers et al 2017,,,NA,metadata_tables_near_perfect,Smaers_etal_2017_TableS1part1; Smaers_etal_2011_SupplementaryTable2; Smaers_etal_2017 [restricted: Smaers.csv],Smaers_etal_2017_TableS1part1 = 2056 (PrefrontalCortex_white_matter_Vol.mm3; 0.19%; scale 0.001; 0 prior contributions),0,2019
Pan_paniscus,Pan paniscus,Total_insula_volume_L,Insula_left_Vol.mm3,crosswalk_exact,1690,resolved_unique,Bauernfeind_etal_2013_Table1,Bauernfeind et al. 2013 (J Hum Evol 64:263-279),Bauernfeind_etal_2013_Table1,1,Bauernfeind et al 2013,,,NA,direct_same_structure_unique,,,181,2019
Pan_troglodytes,Pan troglodytes,ASG_Sousa,Area_striata_grey_matter_Vol.mm3,crosswalk_exact,8268.3,resolved_fallback_metadata,deSousa_etal_2010_SupTable2,de Sousa et al. 2010 (J Hum Evol 58:281-292),deSousa_etal_2010_SupTable2,1,de Sousa et al 2010,,,Frahm_etal_1984_Table1 = 10593 (21.9%),metadata_tables_near_perfect,deSousa_etal_2010_SupTable2; deSousa_etal_2010 [restricted: deSousa_2010.csv]; deSousa_etal_2010 [restricted: Visual_volumes.xlsx]; Stephan_etal_1981 [restricted: Stephan_1981.csv],deSousa_etal_2010_SupTable2 = 8300 (Area_striata_grey_matter_Vol.mm3; 0.38%; scale 1; 0 prior contributions),0,2019
Pan_troglodytes,Pan troglodytes,Agranular_volume_L,Agranular_insular_cortex_left_Vol.mm3,crosswalk_exact,164.666667,resolved_unique,Bauernfeind_etal_2013_Table1,Bauernfeind et al. 2013 (J Hum Evol 64:263-279),Bauernfeind_etal_2013_Table1,1,Bauernfeind et al 2013,,,NA,direct_same_structure_unique,,,181,2019
Pan_troglodytes,Pan troglodytes,Body_mass,Body_Mass.g,crosswalk_exact,46503.33333,resolved_unique,Bauernfeind_etal_2013_Table1,Bauernfeind et al. 2013 (J Hum Evol 64:263-279),Bauernfeind_etal_2013_Table1,6,Bauernfeind et al 2013,,,NA,direct_same_structure_unique,,,181,2019
Pan_troglodytes,Pan troglodytes,Body_weight,Body_Mass.g,crosswalk_exact,46000,resolved_multiple,Stephan_etal_1981_TableIII,"Stephan, Frahm & Baron 1981 (Folia Primatol 35:1-29)",Matano__1986_TableI; Matano_etal_1985_a_Table1; Matano_etal_1985_b_Table1; Stephan_etal_1981_TableIII; Stephan_etal_1988_TABLE1,6,Stephan et al 1981; Zilles and Rehkamper 1988; Bauernfeind et al 2013,,,NA,direct_same_structure_multiple,,,243,2019
Pan_troglodytes,Pan troglodytes,Body_weight_1985a,Body_Mass.g,crosswalk_exact,46000,resolved_multiple,Matano_etal_1985_a_Table1,Matano et al. 1985 (Folia Primatol 44:182-203),Matano__1986_TableI; Matano_etal_1985_a_Table1; Matano_etal_1985_b_Table1; Stephan_etal_1981_TableIII; Stephan_etal_1988_TABLE1,6,NA,,,NA,direct_same_structure_multiple,,,220,2019
Pan_troglodytes,Pan troglodytes,Brain_mass,Brain_Mass.mg,crosswalk_exact,342700,resolved_unique,Bauernfeind_etal_2013_Table1,Bauernfeind et al. 2013 (J Hum Evol 64:263-279),Bauernfeind_etal_2013_Table1,4,Bauernfeind et al 2013,1000,,NA,direct_same_structure_unique,,,181,2019
Pan_troglodytes,Pan troglodytes,Brain_volume,NA,no_defensible_volume_key,330790,metadata_only,NA,NA,,0,Bauernfeind et al 2013,,,NA,metadata_only_no_volume_crosswalk,,,0,2019
Pan_troglodytes,Pan troglodytes,Brain_weight,Brain_Mass.mg,crosswalk_exact,405000,resolved_multiple,Stephan_etal_1981_TableIII,"Stephan, Frahm & Baron 1981 (Folia Primatol 35:1-29)",deSousa_etal_2013_Table1; Stephan_etal_1981_TableIII; Stephan_etal_1988_TABLE1,4,Stephan et al 1981; Zilles and Rehkamper 1988; Bauernfeind et al 2013,,,NA,direct_same_structure_multiple,,,243,2019
Pan_troglodytes,Pan troglodytes,Brainvol,NA,no_defensible_volume_key,319670.71,metadata_only,NA,NA,,0,de Sousa et al 2010; Stephan et al 1981,,,NA,metadata_only_no_volume_crosswalk,,,0,2019
Pan_troglodytes,Pan troglodytes,Bulbus_olfactorius,Bulbus_olfactorius_Vol.mm3,crosswalk_exact,257,resolved_unique,Stephan_etal_1981_TableVI,"Stephan, Frahm & Baron 1981 (Folia Primatol 35:1-29)",Stephan_etal_1981_TableVI,1,Stephan et al 1981,,,NA,direct_same_structure_unique,,,215,2019
Pan_troglodytes,Pan troglodytes,Bulbus_olfactorius_accessorius,Bulbus_olfactorius_accessorius_Vol.mm3,crosswalk_exact,0,resolved_unique,Stephan_etal_1981_TableVI,"Stephan, Frahm & Baron 1981 (Folia Primatol 35:1-29)",Stephan_etal_1981_TableVI,1,Stephan et al 1981,,,NA,direct_same_structure_unique,,,215,2019
Pan_troglodytes,Pan troglodytes,Capsula_interna,Capsula_interna_Vol.mm3,crosswalk_exact,2510,resolved_unique,Stephan_etal_1981_TableVIII,"Stephan, Frahm & Baron 1981 (Folia Primatol 35:1-29)",Stephan_etal_1981_TableVIII,1,Stephan et al 1981,,,NA,direct_same_structure_unique,,,200,2019
Pan_troglodytes,Pan troglodytes,Cerebellar_nuclei_total,Cerebellar_nuclei_total_Vol.mm3,crosswalk_exact,601.42,resolved_unique,Matano_etal_1985_a_Table1,Matano et al. 1985 (Folia Primatol 44:182-203),Matano_etal_1985_a_Table1,1,NA,,,NA,direct_same_structure_unique,,,220,2019
Pan_troglodytes,Pan troglodytes,Cerebellum,Cerebellum_Vol.mm3,crosswalk_exact,43663,resolved_unique,Stephan_etal_1981_TableIII,"Stephan, Frahm & Baron 1981 (Folia Primatol 35:1-29)",Stephan_etal_1981_TableIII,1,Stephan et al 1981; Zilles and Rehkamper 1988,,,NA,direct_same_structure_unique,,,243,2019
Pan_troglodytes,Pan troglodytes,Complexus.vestibularis,Complexus_vestibularis_unilateral_Vol.mm3,crosswalk_exact,118,resolved_multiple,Stephan_etal_1981_TableXIII,"Stephan, Frahm & Baron 1981 (Folia Primatol 35:1-29)",Matano__1986_TableI; Stephan_etal_1981_TableXIII,2,Stephan et al 1981,,,NA,direct_same_structure_multiple,,,129,2019
Pan_troglodytes,Pan troglodytes,Corpus.pineale,Corpus_pineal_Vol.mm3,crosswalk_exact,38,resolved_unique,Stephan_etal_1981_TableXVI,"Stephan, Frahm & Baron 1981 (Folia Primatol 35:1-29)",Stephan_etal_1981_TableXVI,1,Stephan et al 1981,,,NA,direct_same_structure_unique,,,103,2019
Pan_troglodytes,Pan troglodytes,Corpus.subcommissurale,Corpus_subcommissurale_Vol.mm3,crosswalk_exact,0.39,resolved_unique,Stephan_etal_1981_TableXVI,"Stephan, Frahm & Baron 1981 (Folia Primatol 35:1-29)",Stephan_etal_1981_TableXVI,1,Stephan et al 1981,,,NA,direct_same_structure_unique,,,103,2019
Pan_troglodytes,Pan troglodytes,Corpus.subfornicale,Corpus_subfornicale_Vol.mm3,crosswalk_exact,0.61,resolved_unique,Stephan_etal_1981_TableXVI,"Stephan, Frahm & Baron 1981 (Folia Primatol 35:1-29)",Stephan_etal_1981_TableXVI,1,Stephan et al 1981,,,NA,direct_same_structure_unique,,,103,2019
Pan_troglodytes,Pan troglodytes,Diencephalon,Diencephalon_Vol.mm3,crosswalk_exact,15392,resolved_unique,Stephan_etal_1981_TableIII,"Stephan, Frahm & Baron 1981 (Folia Primatol 35:1-29)",Stephan_etal_1981_TableIII,1,Stephan et al 1981; Zilles and Rehkamper 1988,,,NA,direct_same_structure_unique,,,243,2019
Pan_troglodytes,Pan troglodytes,Dysgranular_volume_L,Dysgranular_insular_cortex_left_Vol.mm3,crosswalk_exact,703.666667,resolved_unique,Bauernfeind_etal_2013_Table1,Bauernfeind et al. 2013 (J Hum Evol 64:263-279),Bauernfeind_etal_2013_Table1,1,Bauernfeind et al 2013,,,NA,direct_same_structure_unique,,,181,2019
Pan_troglodytes,Pan troglodytes,Epithalamus,Epithalamus_Vol.mm3,crosswalk_exact,53.6,resolved_unique,Stephan_etal_1981_TableVIII,"Stephan, Frahm & Baron 1981 (Folia Primatol 35:1-29)",Stephan_etal_1981_TableVIII,1,Stephan et al 1981,,,NA,direct_same_structure_unique,,,200,2019
Pan_troglodytes,Pan troglodytes,FI_volume_L,fronto_insular_cortex_left_Vol.mm3,crosswalk_exact,65.666667,resolved_unique,Bauernfeind_etal_2013_Table1,Bauernfeind et al. 2013 (J Hum Evol 64:263-279),Bauernfeind_etal_2013_Table1,1,Bauernfeind et al 2013,,,NA,direct_same_structure_unique,,,181,2019
Pan_troglodytes,Pan troglodytes,Frontal.motor,FrontalMotor_white_matter_Vol.mm3,crosswalk_exact,12.78,resolved_fallback_metadata,Smaers_etal_2017_TableS1part1,"Smaers et al. 2017 (Curr Biol 27:714-720, Table S1)",Smaers_etal_2017_TableS1part1,0,Smaers et al 2017,,,NA,metadata_tables_near_perfect,Smaers_etal_2017_TableS1part1,Smaers_etal_2017_TableS1part1 = 12780 (FrontalMotor_white_matter_Vol.mm3; 0.00%; scale 0.001; 0 prior contributions),0,2019
Pan_troglodytes,Pan troglodytes,Frontal.motor.Gray,FrontalMotor_grey_matter_Vol.mm3,crosswalk_exact,13.41,resolved_fallback_metadata,Smaers_etal_2017_TableS1part1,"Smaers et al. 2017 (Curr Biol 27:714-720, Table S1)",Smaers_etal_2017_TableS1part1,0,Smaers et al 2017,,,NA,metadata_tables_near_perfect,Smaers_etal_2017_TableS1part1; Smaers_etal_2017 [restricted: Smaers.csv],Smaers_etal_2017_TableS1part1 = 13407 (FrontalMotor_grey_matter_Vol.mm3; 0.02%; scale 0.001; 0 prior contributions),0,2019
Pan_troglodytes,Pan troglodytes,Granular_volume_L,Granular_insular_cortex_left_Vol.mm3,crosswalk_exact,667.333333,resolved_unique,Bauernfeind_etal_2013_Table1,Bauernfeind et al. 2013 (J Hum Evol 64:263-279),Bauernfeind_etal_2013_Table1,1,Bauernfeind et al 2013,,,NA,direct_same_structure_unique,,,181,2019
Pan_troglodytes,Pan troglodytes,Hippocampus,Hippocampus_Vol.mm3,crosswalk_exact,3779,resolved_unique,Stephan_etal_1981_TableVI,"Stephan, Frahm & Baron 1981 (Folia Primatol 35:1-29)",Stephan_etal_1981_TableVI,1,Stephan et al 1981; Zilles and Rehkamper 1988,,,NA,direct_same_structure_unique,,,215,2019
Pan_troglodytes,Pan troglodytes,Hypothalamus,Hypothalamus_Vol.mm3,crosswalk_exact,1739,resolved_unique,Stephan_etal_1981_TableVIII,"Stephan, Frahm & Baron 1981 (Folia Primatol 35:1-29)",Stephan_etal_1981_TableVIII,1,Stephan et al 1981,,,NA,direct_same_structure_unique,,,200,2019
Pan_troglodytes,Pan troglodytes,Interpositus_cerebellar_nuclei,Interpositus_cerebellar_nuclei_Vol.mm3,crosswalk_exact,87.27,resolved_unique,Matano_etal_1985_a_Table1,Matano et al. 1985 (Folia Primatol 44:182-203),Matano_etal_1985_a_Table1,1,NA,,,NA,direct_same_structure_unique,,,220,2019
Pan_troglodytes,Pan troglodytes,LGN_Sousa,Corpus_geniculatum_laterale_Vol.mm3,crosswalk_exact,250.7,resolved_fallback_metadata,deSousa_etal_2010_SupTable2,de Sousa et al. 2010 (J Hum Evol 58:281-292),deSousa_etal_2010_SupTable2,3,de Sousa et al 2010; de Sousa et al 2013,,,deSousa_etal_2013_Table1 = 344 (27.1%),metadata_tables_near_perfect,deSousa_etal_2010_SupTable2; deSousa_etal_2013 [restricted: compare_LGN_vs_Stephan.csv]; deSousa_etal_2010 [restricted: deSousa_2010.csv]; deSousa_etal_2010 [restricted: Visual_volumes.xlsx],deSousa_etal_2010_SupTable2 = 251 (Corpus_geniculatum_laterale_Vol.mm3; 0.12%; scale 1; 0 prior contributions),0,2019
Pan_troglodytes,Pan troglodytes,Lateral_cerebellar_nuclei,Lateral_cerebellar_nuclei_Vol.mm3,crosswalk_exact,455.83,resolved_unique,Matano_etal_1985_a_Table1,Matano et al. 1985 (Folia Primatol 44:182-203),Matano_etal_1985_a_Table1,1,NA,,,NA,direct_same_structure_unique,,,220,2019
Pan_troglodytes,Pan troglodytes,Lobus_piriformis,Lobus_piriformis_Vol.mm3,crosswalk_exact,2750,resolved_unique,Stephan_etal_1981_TableVI,"Stephan, Frahm & Baron 1981 (Folia Primatol 35:1-29)",Stephan_etal_1981_TableVI,1,Stephan et al 1981; Zilles and Rehkamper 1988,,,NA,direct_same_structure_unique,,,215,2019
Pan_troglodytes,Pan troglodytes,Medial_cerebellar_nuclei,Medial_cerebellar_nuclei_Vol.mm3,crosswalk_exact,58.32,resolved_unique,Matano_etal_1985_a_Table1,Matano et al. 1985 (Folia Primatol 44:182-203),Matano_etal_1985_a_Table1,1,NA,,,NA,direct_same_structure_unique,,,220,2019
Pan_troglodytes,Pan troglodytes,Medulla_oblongata,Medulla_oblongata_Vol.mm3,crosswalk_exact,5817,resolved_unique,Stephan_etal_1981_TableIII,"Stephan, Frahm & Baron 1981 (Folia Primatol 35:1-29)",Stephan_etal_1981_TableIII,1,Stephan et al 1981; Zilles and Rehkamper 1988,,,NA,direct_same_structure_unique,,,243,2019
Pan_troglodytes,Pan troglodytes,Meninges_hypophysis_nerves_etc,NA,no_defensible_volume_key,6924,metadata_only,NA,NA,,0,Stephan et al 1981,,,NA,metadata_only_no_volume_crosswalk,,,0,2019
Pan_troglodytes,Pan troglodytes,Mesencephalon,Mesencephalon_Vol.mm3,crosswalk_exact,3739,resolved_unique,Stephan_etal_1981_TableIII,"Stephan, Frahm & Baron 1981 (Folia Primatol 35:1-29)",Stephan_etal_1981_TableIII,1,Stephan et al 1981; Zilles and Rehkamper 1988,,,NA,direct_same_structure_unique,,,243,2019
Pan_troglodytes,Pan troglodytes,NeoG_Frahm,Neocortex_grey_matter_Vol.mm3,crosswalk_exact,172597,resolved_unique,Frahm_etal_1982_Table2,"Frahm, Stephan & Stephan 1982 (J Hirnforsch 23:375-389)",Frahm_etal_1982_Table2,1,Frahm et al 1992; Zilles and Rehkamper 1988,,,NA,direct_same_structure_unique,,,46,2019
Pan_troglodytes,Pan troglodytes,NeoWG,Neocortex_Vol.mm3,crosswalk_exact,291592,resolved_multiple,Stephan_etal_1981_TableVI,"Stephan, Frahm & Baron 1981 (Folia Primatol 35:1-29)",Frahm_etal_1982_Table2; Stephan_etal_1981_TableVI,6,Stephan et al 1981; Zilles and Rehkamper 1988,,,NA,direct_same_structure_multiple,,,215,2019
Pan_troglodytes,Pan troglodytes,NeoW_Frahm,Neocortex_white_matter_Vol.mm3,crosswalk_exact,118996,resolved_unique,Frahm_etal_1982_Table2,"Frahm, Stephan & Stephan 1982 (J Hirnforsch 23:375-389)",Frahm_etal_1982_Table2,1,Frahm et al 1992; Zilles and Rehkamper 1988,,,NA,direct_same_structure_unique,,,46,2019
Pan_troglodytes,Pan troglodytes,Nucleus.habenularis.medialis,Nucleus_habenularis_medialis_Vol.mm3,crosswalk_exact,9.4,resolved_unique,Stephan_etal_1981_TableXVI,"Stephan, Frahm & Baron 1981 (Folia Primatol 35:1-29)",Stephan_etal_1981_TableXVI,1,Stephan et al 1981,,,NA,direct_same_structure_unique,,,103,2019
Pan_troglodytes,Pan troglodytes,Nucleus.septalis.triangularis,Nucleus_septalis_triangularis_Vol.mm3,crosswalk_exact,2.7,resolved_unique,Stephan_etal_1981_TableXVI,"Stephan, Frahm & Baron 1981 (Folia Primatol 35:1-29)",Stephan_etal_1981_TableXVI,1,Stephan et al 1981,,,NA,direct_same_structure_unique,,,103,2019
Pan_troglodytes,Pan troglodytes,Nucleus.vestibularis.descendens,Nucleus_vestibularis_descendens_unilateral_Vol.mm3,crosswalk_exact,29.8,resolved_multiple,Stephan_etal_1981_TableXIII,"Stephan, Frahm & Baron 1981 (Folia Primatol 35:1-29)",Matano__1986_TableI; Stephan_etal_1981_TableXIII,2,Stephan et al 1981,,,NA,direct_same_structure_multiple,,,129,2019
Pan_troglodytes,Pan troglodytes,Nucleus.vestibularis.lateralis,Nucleus_vestibularis_lateralis_unilateral_Vol.mm3,crosswalk_exact,9.65,resolved_multiple,Stephan_etal_1981_TableXIII,"Stephan, Frahm & Baron 1981 (Folia Primatol 35:1-29)",Matano__1986_TableI; Stephan_etal_1981_TableXIII,2,Stephan et al 1981,,,NA,direct_same_structure_multiple,,,129,2019
Pan_troglodytes,Pan troglodytes,Nucleus.vestibularis.medialis,Nucleus_vestibularis_medialis_unilateral_Vol.mm3,crosswalk_exact,54.7,resolved_multiple,Stephan_etal_1981_TableXIII,"Stephan, Frahm & Baron 1981 (Folia Primatol 35:1-29)",Matano__1986_TableI; Stephan_etal_1981_TableXIII,2,Stephan et al 1981,,,NA,direct_same_structure_multiple,,,129,2019
Pan_troglodytes,Pan troglodytes,Nucleus.vestibularis.superior,Nucleus_vestibularis_superior_unilateral_Vol.mm3,crosswalk_exact,23.5,resolved_multiple,Stephan_etal_1981_TableXIII,"Stephan, Frahm & Baron 1981 (Folia Primatol 35:1-29)",Matano__1986_TableI; Stephan_etal_1981_TableXIII,2,Stephan et al 1981,,,NA,direct_same_structure_multiple,,,129,2019
Pan_troglodytes,Pan troglodytes,Nucleus_subthalamicus,Nucleus_subthalamicus_Vol.mm3,crosswalk_exact,127,resolved_unique,Stephan_etal_1981_TableVIII,"Stephan, Frahm & Baron 1981 (Folia Primatol 35:1-29)",Stephan_etal_1981_TableVIII,1,Stephan et al 1981,,,NA,direct_same_structure_unique,,,200,2019
Pan_troglodytes,Pan troglodytes,Other.cortical.association.areas.Gray,AssociationCortex_grey_matter_Vol.mm3,crosswalk_exact,112.75,resolved_fallback_metadata,Smaers_etal_2017_TableS1part1,"Smaers et al. 2017 (Curr Biol 27:714-720, Table S1)",Smaers_etal_2017_TableS1part1,0,Smaers et al 2017,,,NA,metadata_tables_near_perfect,Smaers_etal_2017_TableS1part1; Smaers_etal_2017 [restricted: Smaers.csv],Smaers_etal_2017_TableS1part1 = 112750 (AssociationCortex_grey_matter_Vol.mm3; 0.00%; scale 0.001; 0 prior contributions),0,2019
Pan_troglodytes,Pan troglodytes,Other.cortical.association.areas.White,AssociationCortex_white_matter_Vol.mm3,crosswalk_exact,76.6,resolved_fallback_metadata,Smaers_etal_2017_TableS1part1,"Smaers et al. 2017 (Curr Biol 27:714-720, Table S1)",Smaers_etal_2017_TableS1part1,0,Smaers et al 2017,,,NA,metadata_tables_near_perfect,Smaers_etal_2017_TableS1part1; Smaers_etal_2017 [restricted: Smaers.csv],Smaers_etal_2017_TableS1part1 = 76600 (AssociationCortex_white_matter_Vol.mm3; 0.00%; scale 0.001; 0 prior contributions),0,2019
Pan_troglodytes,Pan troglodytes,Pallidum,Pallidum_Vol.mm3,crosswalk_exact,1951,resolved_unique,Stephan_etal_1981_TableVIII,"Stephan, Frahm & Baron 1981 (Folia Primatol 35:1-29)",Stephan_etal_1981_TableVIII,1,Stephan et al 1981; Zilles and Rehkamper 1988,,,NA,direct_same_structure_unique,,,200,2019
Pan_troglodytes,Pan troglodytes,Pons,Ventral_pons_Vol.mm3,Matano ventral pons,3990.6,resolved_unique,Matano_etal_1985_b_Table1,Matano et al. 1985 (Folia Primatol 44:182-203),Matano_etal_1985_b_Table1,1,Matano et al 1985; Zilles and Rehkamper 1988,,,NA,direct_same_structure_unique,,,40,2019
Pan_troglodytes,Pan troglodytes,Prefrontal.Gray,PrefrontalCortex_grey_matter_Vol.mm3,crosswalk_exact,14.21,resolved_fallback_metadata,Smaers_etal_2017_TableS1part1,"Smaers et al. 2017 (Curr Biol 27:714-720, Table S1)",Smaers_etal_2017_TableS1part1; Smaers_etal_2011_SupplementaryTable2,0,Smaers et al 2017,,,NA,metadata_tables_near_perfect,Smaers_etal_2017_TableS1part1; Smaers_etal_2011_SupplementaryTable2; Smaers_etal_2017 [restricted: Smaers.csv],Smaers_etal_2017_TableS1part1 = 14209 (PrefrontalCortex_grey_matter_Vol.mm3; 0.01%; scale 0.001; 0 prior contributions),0,2019
Pan_troglodytes,Pan troglodytes,Prefrontal.White,PrefrontalCortex_white_matter_Vol.mm3,crosswalk_exact,4.61,resolved_fallback_metadata,Smaers_etal_2017_TableS1part1,"Smaers et al. 2017 (Curr Biol 27:714-720, Table S1)",Smaers_etal_2017_TableS1part1; Smaers_etal_2011_SupplementaryTable2,0,Smaers et al 2017,,,NA,metadata_tables_near_perfect,Smaers_etal_2017_TableS1part1; Smaers_etal_2011_SupplementaryTable2; Smaers_etal_2017 [restricted: Smaers.csv],Smaers_etal_2017_TableS1part1 = 4607 (PrefrontalCortex_white_matter_Vol.mm3; 0.07%; scale 0.001; 0 prior contributions),0,2019
Pan_troglodytes,Pan troglodytes,Primary.visual.White.Smaers,Area_striata_white_matter_Vol.mm3,crosswalk_exact,4,resolved_fallback_metadata,Smaers_etal_2017_TableS1part1,"Smaers et al. 2017 (Curr Biol 27:714-720, Table S1)",Frahm_etal_1984_Table1; Smaers_etal_2017_TableS1part1,1,Smaers et al 2017,,,Evo-M1 value matches Frahm_etal_1984_Table1 (not the metadata source); attributed to metadata source; see source_hunt,metadata_tables_near_perfect,Smaers_etal_2017_TableS1part1; Frahm_etal_1984_Table1; Smaers_etal_2017 [restricted: Smaers.csv],Smaers_etal_2017_TableS1part1 = 4004 (Area_striata_white_matter_Vol.mm3; 0.10%; scale 0.001; 0 prior contributions),0,2019
Pan_troglodytes,Pan troglodytes,Schizocortex,Schizo_cortex_Vol.mm3,crosswalk_exact,2018,resolved_unique,Stephan_etal_1981_TableVI,"Stephan, Frahm & Baron 1981 (Folia Primatol 35:1-29)",Stephan_etal_1981_TableVI,1,Stephan et al 1981,,,NA,direct_same_structure_unique,,,215,2019
Pan_troglodytes,Pan troglodytes,Septum,Septum_Vol.mm3,crosswalk_exact,851,resolved_unique,Stephan_etal_1981_TableVI,"Stephan, Frahm & Baron 1981 (Folia Primatol 35:1-29)",Stephan_etal_1981_TableVI,1,Stephan et al 1981; Zilles and Rehkamper 1988,,,NA,direct_same_structure_unique,,,215,2019
Pan_troglodytes,Pan troglodytes,Striatum,Striatum_Vol.mm3,crosswalk_exact,12246,resolved_unique,Stephan_etal_1981_TableVI,"Stephan, Frahm & Baron 1981 (Folia Primatol 35:1-29)",Stephan_etal_1981_TableVI,1,Stephan et al 1981; Zilles and Rehkamper 1988,,,NA,direct_same_structure_unique,,,215,2019
Pan_troglodytes,Pan troglodytes,Subthalamus,Subthalamus_Vol.mm3,crosswalk_exact,2078,resolved_unique,Stephan_etal_1981_TableVIII,"Stephan, Frahm & Baron 1981 (Folia Primatol 35:1-29)",Stephan_etal_1981_TableVIII,1,Stephan et al 1981,,,NA,direct_same_structure_unique,,,200,2019
Pan_troglodytes,Pan troglodytes,Telencephalon,Telencephalon_Vol.mm3,crosswalk_exact,313493,resolved_unique,Stephan_etal_1981_TableIII,"Stephan, Frahm & Baron 1981 (Folia Primatol 35:1-29)",Stephan_etal_1981_TableIII,1,Stephan et al 1981; Zilles and Rehkamper 1988,,,NA,direct_same_structure_unique,,,243,2019
Pan_troglodytes,Pan troglodytes,Thalamus,Thalamus_Vol.mm3,crosswalk_exact,7987,resolved_unique,Stephan_etal_1981_TableVIII,"Stephan, Frahm & Baron 1981 (Folia Primatol 35:1-29)",Stephan_etal_1981_TableVIII,1,Stephan et al 1981,,,NA,direct_same_structure_unique,,,200,2019
Pan_troglodytes,Pan troglodytes,Total_brain_net_volume,Total_brain_net_volume_Vol.mm3,crosswalk_exact,382103,resolved_unique,Stephan_etal_1981_TableIII,"Stephan, Frahm & Baron 1981 (Folia Primatol 35:1-29)",Stephan_etal_1981_TableIII,9,Stephan et al 1981,,,NA,direct_same_structure_unique,,,243,2019
Pan_troglodytes,Pan troglodytes,Total_insula_volume_L,Insula_left_Vol.mm3,crosswalk_exact,1601,resolved_unique,Bauernfeind_etal_2013_Table1,Bauernfeind et al. 2013 (J Hum Evol 64:263-279),Bauernfeind_etal_2013_Table1,1,Bauernfeind et al 2013,,,NA,direct_same_structure_unique,,,181,2019
Pan_troglodytes,Pan troglodytes,Tractus_opticus,Tractus_opticus_Vol.mm3,crosswalk_exact,630,resolved_unique,Stephan_etal_1981_TableVIII,"Stephan, Frahm & Baron 1981 (Folia Primatol 35:1-29)",Stephan_etal_1981_TableVIII,1,Stephan et al 1981,,,NA,direct_same_structure_unique,,,200,2019
Pan_troglodytes,Pan troglodytes,Ventricles,Ventricles_Vol.mm3,crosswalk_exact,1899,resolved_unique,Stephan_etal_1981_TableIII,"Stephan, Frahm & Baron 1981 (Folia Primatol 35:1-29)",Stephan_etal_1981_TableIII,1,Stephan et al 1981,,,NA,direct_same_structure_unique,,,243,2019
Papio_anubis,Papio anubis,ASG_Sousa,Area_striata_grey_matter_Vol.mm3,crosswalk_exact,10001,resolved_fallback_metadata,deSousa_etal_2010_SupTable2,de Sousa et al. 2010 (J Hum Evol 58:281-292),Frahm_etal_1984_Table1; deSousa_etal_2010_SupTable2; Smaers_etal_2017_TableS1part1; Frahm_etal_1998_Table1,1,de Sousa et al 2010,,,Evo-M1 value matches Frahm_etal_1984_Table1 (not the metadata source); attributed to metadata source; see source_hunt,metadata_tables_near_perfect,deSousa_etal_2010_SupTable2; Smaers_etal_2017_TableS1part1; Frahm_etal_1998_Table1; Frahm_etal_1984_Table1; deSousa_etal_2010 [restricted: Visual_volumes.xlsx]; deSousa_etal_2010 [restricted: deSousa_2010.csv]; Stephan_etal_1981 [restricted: Stephan_1981.csv],deSousa_etal_2010_SupTable2 = 10000 (Area_striata_grey_matter_Vol.mm3; 0.01%; scale 1; 0 prior contributions),0,2019
Papio_anubis,Papio anubis,Body_weight,Body_Mass.g,crosswalk_exact,25000,resolved_multiple,Stephan_etal_1981_TableIII,"Stephan, Frahm & Baron 1981 (Folia Primatol 35:1-29)",Matano__1986_TableI; Matano_etal_1985_a_Table1; Matano_etal_1985_b_Table1; Stephan_etal_1981_TableIII; Stephan_etal_1988_TABLE1,5,Stephan et al 1981; Zilles and Rehkamper 1988; Bauernfeind et al 2013,,,NA,direct_same_structure_multiple,,,243,2019
Papio_anubis,Papio anubis,Body_weight_1985a,Body_Mass.g,crosswalk_exact,25000,resolved_multiple,Matano_etal_1985_a_Table1,Matano et al. 1985 (Folia Primatol 44:182-203),Matano__1986_TableI; Matano_etal_1985_a_Table1; Matano_etal_1985_b_Table1; Stephan_etal_1981_TableIII; Stephan_etal_1988_TABLE1,5,NA,,,NA,direct_same_structure_multiple,,,220,2019
Papio_anubis,Papio anubis,Brain_weight,Brain_Mass.mg,crosswalk_exact,201000,resolved_multiple,Stephan_etal_1981_TableIII,"Stephan, Frahm & Baron 1981 (Folia Primatol 35:1-29)",Stephan_etal_1981_TableIII; Stephan_etal_1988_TABLE1,3,Stephan et al 1981; Zilles and Rehkamper 1988; Bauernfeind et al 2013,,,NA,direct_same_structure_multiple,,,243,2019
Papio_anubis,Papio anubis,Brainvol,NA,no_defensible_volume_key,194015.44,metadata_only,NA,NA,,0,de Sousa et al 2010; Stephan et al 1981,,,NA,metadata_only_no_volume_crosswalk,,,0,2019
Papio_anubis,Papio anubis,Bulbus_olfactorius,Bulbus_olfactorius_Vol.mm3,crosswalk_exact,287,resolved_unique,Stephan_etal_1981_TableVI,"Stephan, Frahm & Baron 1981 (Folia Primatol 35:1-29)",Stephan_etal_1981_TableVI,1,Stephan et al 1981,,,NA,direct_same_structure_unique,,,215,2019
Papio_anubis,Papio anubis,Bulbus_olfactorius_accessorius,Bulbus_olfactorius_accessorius_Vol.mm3,crosswalk_exact,0,resolved_unique,Stephan_etal_1981_TableVI,"Stephan, Frahm & Baron 1981 (Folia Primatol 35:1-29)",Stephan_etal_1981_TableVI,1,Stephan et al 1981,,,NA,direct_same_structure_unique,,,215,2019
Papio_anubis,Papio anubis,Capsula_interna,Capsula_interna_Vol.mm3,crosswalk_exact,1257,resolved_unique,Stephan_etal_1981_TableVIII,"Stephan, Frahm & Baron 1981 (Folia Primatol 35:1-29)",Stephan_etal_1981_TableVIII,1,Stephan et al 1981,,,NA,direct_same_structure_unique,,,200,2019
Papio_anubis,Papio anubis,Cerebellar_nuclei_total,Cerebellar_nuclei_total_Vol.mm3,crosswalk_exact,379.04,resolved_unique,Matano_etal_1985_a_Table1,Matano et al. 1985 (Folia Primatol 44:182-203),Matano_etal_1985_a_Table1,1,NA,,,NA,direct_same_structure_unique,,,220,2019
Papio_anubis,Papio anubis,Cerebellum,Cerebellum_Vol.mm3,crosswalk_exact,18683,resolved_unique,Stephan_etal_1981_TableIII,"Stephan, Frahm & Baron 1981 (Folia Primatol 35:1-29)",Stephan_etal_1981_TableIII,1,Stephan et al 1981; Zilles and Rehkamper 1988,,,NA,direct_same_structure_unique,,,243,2019
Papio_anubis,Papio anubis,Complexus.vestibularis,Complexus_vestibularis_unilateral_Vol.mm3,crosswalk_exact,107,resolved_multiple,Stephan_etal_1981_TableXIII,"Stephan, Frahm & Baron 1981 (Folia Primatol 35:1-29)",Matano__1986_TableI; Stephan_etal_1981_TableXIII,2,Stephan et al 1981,,,NA,direct_same_structure_multiple,,,129,2019
Papio_anubis,Papio anubis,Corpus.pineale,Corpus_pineal_Vol.mm3,crosswalk_exact,51.1,resolved_unique,Stephan_etal_1981_TableXVI,"Stephan, Frahm & Baron 1981 (Folia Primatol 35:1-29)",Stephan_etal_1981_TableXVI,1,Stephan et al 1981,,,NA,direct_same_structure_unique,,,103,2019
Papio_anubis,Papio anubis,Corpus.subcommissurale,Corpus_subcommissurale_Vol.mm3,crosswalk_exact,0.35,resolved_unique,Stephan_etal_1981_TableXVI,"Stephan, Frahm & Baron 1981 (Folia Primatol 35:1-29)",Stephan_etal_1981_TableXVI,1,Stephan et al 1981,,,NA,direct_same_structure_unique,,,103,2019
Papio_anubis,Papio anubis,Corpus.subfornicale,Corpus_subfornicale_Vol.mm3,crosswalk_exact,0.41,resolved_unique,Stephan_etal_1981_TableXVI,"Stephan, Frahm & Baron 1981 (Folia Primatol 35:1-29)",Stephan_etal_1981_TableXVI,1,Stephan et al 1981,,,NA,direct_same_structure_unique,,,103,2019
Papio_anubis,Papio anubis,Diencephalon,Diencephalon_Vol.mm3,crosswalk_exact,9280,resolved_unique,Stephan_etal_1981_TableIII,"Stephan, Frahm & Baron 1981 (Folia Primatol 35:1-29)",Stephan_etal_1981_TableIII,1,Stephan et al 1981; Zilles and Rehkamper 1988,,,NA,direct_same_structure_unique,,,243,2019
Papio_anubis,Papio anubis,Epithalamus,Epithalamus_Vol.mm3,crosswalk_exact,65.4,resolved_unique,Stephan_etal_1981_TableVIII,"Stephan, Frahm & Baron 1981 (Folia Primatol 35:1-29)",Stephan_etal_1981_TableVIII,1,Stephan et al 1981,,,NA,direct_same_structure_unique,,,200,2019
Papio_anubis,Papio anubis,Frontal.motor,FrontalMotor_white_matter_Vol.mm3,crosswalk_exact,3.33,resolved_fallback_metadata,Smaers_etal_2017_TableS1part1,"Smaers et al. 2017 (Curr Biol 27:714-720, Table S1)",Smaers_etal_2017_TableS1part1,0,Smaers et al 2017,,,NA,metadata_tables_near_perfect,Smaers_etal_2017_TableS1part1,Smaers_etal_2017_TableS1part1 = 3325 (FrontalMotor_white_matter_Vol.mm3; 0.15%; scale 0.001; 0 prior contributions),0,2019
Papio_anubis,Papio anubis,Frontal.motor.Gray,FrontalMotor_grey_matter_Vol.mm3,crosswalk_exact,4.69,resolved_fallback_metadata,Smaers_etal_2017_TableS1part1,"Smaers et al. 2017 (Curr Biol 27:714-720, Table S1)",Smaers_etal_2017_TableS1part1,0,Smaers et al 2017,,,NA,metadata_tables_near_perfect,Smaers_etal_2017_TableS1part1; Smaers_etal_2017 [restricted: Smaers.csv],Smaers_etal_2017_TableS1part1 = 4686 (FrontalMotor_grey_matter_Vol.mm3; 0.09%; scale 0.001; 0 prior contributions),0,2019
Papio_anubis,Papio anubis,Hippocampus,Hippocampus_Vol.mm3,crosswalk_exact,3398,resolved_unique,Stephan_etal_1981_TableVI,"Stephan, Frahm & Baron 1981 (Folia Primatol 35:1-29)",Stephan_etal_1981_TableVI,1,Stephan et al 1981; Zilles and Rehkamper 1988,,,NA,direct_same_structure_unique,,,215,2019
Papio_anubis,Papio anubis,Hypothalamus,Hypothalamus_Vol.mm3,crosswalk_exact,1076,resolved_unique,Stephan_etal_1981_TableVIII,"Stephan, Frahm & Baron 1981 (Folia Primatol 35:1-29)",Stephan_etal_1981_TableVIII,1,Stephan et al 1981,,,NA,direct_same_structure_unique,,,200,2019
Papio_anubis,Papio anubis,Interpositus_cerebellar_nuclei,Interpositus_cerebellar_nuclei_Vol.mm3,crosswalk_exact,99.91,resolved_unique,Matano_etal_1985_a_Table1,Matano et al. 1985 (Folia Primatol 44:182-203),Matano_etal_1985_a_Table1,1,NA,,,NA,direct_same_structure_unique,,,220,2019
Papio_anubis,Papio anubis,LGN_Sousa,Corpus_geniculatum_laterale_Vol.mm3,crosswalk_exact,395,resolved_multiple,deSousa_etal_2013_Table1,de Sousa et al. 2013 (Brain Behav Evol 81:93-108),deSousa_etal_2013_Table1; Stephan_etal_1984_Table1,2,de Sousa et al 2010; de Sousa et al 2013,,,NA,direct_same_structure_multiple,,,15,2019
Papio_anubis,Papio anubis,Lateral_cerebellar_nuclei,Lateral_cerebellar_nuclei_Vol.mm3,crosswalk_exact,220.35,resolved_unique,Matano_etal_1985_a_Table1,Matano et al. 1985 (Folia Primatol 44:182-203),Matano_etal_1985_a_Table1,1,NA,,,NA,direct_same_structure_unique,,,220,2019
Papio_anubis,Papio anubis,Lobus_piriformis,Lobus_piriformis_Vol.mm3,crosswalk_exact,2111,resolved_unique,Stephan_etal_1981_TableVI,"Stephan, Frahm & Baron 1981 (Folia Primatol 35:1-29)",Stephan_etal_1981_TableVI,1,Stephan et al 1981; Zilles and Rehkamper 1988,,,NA,direct_same_structure_unique,,,215,2019
Papio_anubis,Papio anubis,Medial_cerebellar_nuclei,Medial_cerebellar_nuclei_Vol.mm3,crosswalk_exact,58.78,resolved_unique,Matano_etal_1985_a_Table1,Matano et al. 1985 (Folia Primatol 44:182-203),Matano_etal_1985_a_Table1,1,NA,,,NA,direct_same_structure_unique,,,220,2019
Papio_anubis,Papio anubis,Medulla_oblongata,Medulla_oblongata_Vol.mm3,crosswalk_exact,5297,resolved_unique,Stephan_etal_1981_TableIII,"Stephan, Frahm & Baron 1981 (Folia Primatol 35:1-29)",Stephan_etal_1981_TableIII,1,Stephan et al 1981; Zilles and Rehkamper 1988,,,NA,direct_same_structure_unique,,,243,2019
Papio_anubis,Papio anubis,Meninges_hypophysis_nerves_etc,NA,no_defensible_volume_key,1977,metadata_only,NA,NA,,0,Stephan et al 1981,,,NA,metadata_only_no_volume_crosswalk,,,0,2019
Papio_anubis,Papio anubis,Mesencephalon,Mesencephalon_Vol.mm3,crosswalk_exact,2711,resolved_unique,Stephan_etal_1981_TableIII,"Stephan, Frahm & Baron 1981 (Folia Primatol 35:1-29)",Stephan_etal_1981_TableIII,1,Stephan et al 1981; Zilles and Rehkamper 1988,,,NA,direct_same_structure_unique,,,243,2019
Papio_anubis,Papio anubis,NeoG_Frahm,Neocortex_grey_matter_Vol.mm3,crosswalk_exact,85726,resolved_unique,Frahm_etal_1982_Table2,"Frahm, Stephan & Stephan 1982 (J Hirnforsch 23:375-389)",Frahm_etal_1982_Table2,1,Frahm et al 1992; Zilles and Rehkamper 1988,,,NA,direct_same_structure_unique,,,46,2019
Papio_anubis,Papio anubis,NeoWG,Neocortex_Vol.mm3,crosswalk_exact,140142,resolved_multiple,Stephan_etal_1981_TableVI,"Stephan, Frahm & Baron 1981 (Folia Primatol 35:1-29)",Frahm_etal_1982_Table2; Stephan_etal_1981_TableVI,2,Stephan et al 1981; Zilles and Rehkamper 1988,,,NA,direct_same_structure_multiple,,,215,2019
Papio_anubis,Papio anubis,NeoW_Frahm,Neocortex_white_matter_Vol.mm3,crosswalk_exact,54416,resolved_unique,Frahm_etal_1982_Table2,"Frahm, Stephan & Stephan 1982 (J Hirnforsch 23:375-389)",Frahm_etal_1982_Table2,1,Frahm et al 1992; Zilles and Rehkamper 1988,,,NA,direct_same_structure_unique,,,46,2019
Papio_anubis,Papio anubis,Nucleus.habenularis.medialis,Nucleus_habenularis_medialis_Vol.mm3,crosswalk_exact,12.7,resolved_unique,Stephan_etal_1981_TableXVI,"Stephan, Frahm & Baron 1981 (Folia Primatol 35:1-29)",Stephan_etal_1981_TableXVI,1,Stephan et al 1981,,,NA,direct_same_structure_unique,,,103,2019
Papio_anubis,Papio anubis,Nucleus.septalis.triangularis,Nucleus_septalis_triangularis_Vol.mm3,crosswalk_exact,1.86,resolved_unique,Stephan_etal_1981_TableXVI,"Stephan, Frahm & Baron 1981 (Folia Primatol 35:1-29)",Stephan_etal_1981_TableXVI,1,Stephan et al 1981,,,NA,direct_same_structure_unique,,,103,2019
Papio_anubis,Papio anubis,Nucleus.vestibularis.descendens,Nucleus_vestibularis_descendens_unilateral_Vol.mm3,crosswalk_exact,33.9,resolved_multiple,Stephan_etal_1981_TableXIII,"Stephan, Frahm & Baron 1981 (Folia Primatol 35:1-29)",Matano__1986_TableI; Stephan_etal_1981_TableXIII,2,Stephan et al 1981,,,NA,direct_same_structure_multiple,,,129,2019
Papio_anubis,Papio anubis,Nucleus.vestibularis.lateralis,Nucleus_vestibularis_lateralis_unilateral_Vol.mm3,crosswalk_exact,10.5,resolved_multiple,Stephan_etal_1981_TableXIII,"Stephan, Frahm & Baron 1981 (Folia Primatol 35:1-29)",Matano__1986_TableI; Stephan_etal_1981_TableXIII,2,Stephan et al 1981,,,NA,direct_same_structure_multiple,,,129,2019
Papio_anubis,Papio anubis,Nucleus.vestibularis.medialis,Nucleus_vestibularis_medialis_unilateral_Vol.mm3,crosswalk_exact,48.1,resolved_multiple,Stephan_etal_1981_TableXIII,"Stephan, Frahm & Baron 1981 (Folia Primatol 35:1-29)",Matano__1986_TableI; Stephan_etal_1981_TableXIII,2,Stephan et al 1981,,,NA,direct_same_structure_multiple,,,129,2019
Papio_anubis,Papio anubis,Nucleus.vestibularis.superior,Nucleus_vestibularis_superior_unilateral_Vol.mm3,crosswalk_exact,14.4,resolved_multiple,Stephan_etal_1981_TableXIII,"Stephan, Frahm & Baron 1981 (Folia Primatol 35:1-29)",Matano__1986_TableI; Stephan_etal_1981_TableXIII,2,Stephan et al 1981,,,NA,direct_same_structure_multiple,,,129,2019
Papio_anubis,Papio anubis,Nucleus_subthalamicus,Nucleus_subthalamicus_Vol.mm3,crosswalk_exact,94.7,resolved_unique,Stephan_etal_1981_TableVIII,"Stephan, Frahm & Baron 1981 (Folia Primatol 35:1-29)",Stephan_etal_1981_TableVIII,1,Stephan et al 1981,,,NA,direct_same_structure_unique,,,200,2019
Papio_anubis,Papio anubis,Other.cortical.association.areas.Gray,AssociationCortex_grey_matter_Vol.mm3,crosswalk_exact,45.24,resolved_fallback_metadata,Smaers_etal_2017_TableS1part1,"Smaers et al. 2017 (Curr Biol 27:714-720, Table S1)",Smaers_etal_2017_TableS1part1,0,Smaers et al 2017,,,NA,metadata_tables_near_perfect,Smaers_etal_2017_TableS1part1; Smaers_etal_2017 [restricted: Smaers.csv],Smaers_etal_2017_TableS1part1 = 45240 (AssociationCortex_grey_matter_Vol.mm3; 0.00%; scale 0.001; 0 prior contributions),0,2019
Papio_anubis,Papio anubis,Other.cortical.association.areas.White,AssociationCortex_white_matter_Vol.mm3,crosswalk_exact,33.84,resolved_fallback_metadata,Smaers_etal_2017_TableS1part1,"Smaers et al. 2017 (Curr Biol 27:714-720, Table S1)",Smaers_etal_2017_TableS1part1,0,Smaers et al 2017,,,NA,metadata_tables_near_perfect,Smaers_etal_2017_TableS1part1; Smaers_etal_2017 [restricted: Smaers.csv],Smaers_etal_2017_TableS1part1 = 33835 (AssociationCortex_white_matter_Vol.mm3; 0.01%; scale 0.001; 0 prior contributions),0,2019
Papio_anubis,Papio anubis,Pallidum,Pallidum_Vol.mm3,crosswalk_exact,1147,resolved_unique,Stephan_etal_1981_TableVIII,"Stephan, Frahm & Baron 1981 (Folia Primatol 35:1-29)",Stephan_etal_1981_TableVIII,1,Stephan et al 1981; Zilles and Rehkamper 1988,,,NA,direct_same_structure_unique,,,200,2019
Papio_anubis,Papio anubis,Pons,Ventral_pons_Vol.mm3,Matano ventral pons,2177.7,resolved_unique,Matano_etal_1985_b_Table1,Matano et al. 1985 (Folia Primatol 44:182-203),Matano_etal_1985_b_Table1,1,Matano et al 1985; Zilles and Rehkamper 1988,,,NA,direct_same_structure_unique,,,40,2019
Papio_anubis,Papio anubis,Prefrontal.Gray,PrefrontalCortex_grey_matter_Vol.mm3,crosswalk_exact,3.92,resolved_fallback_metadata,Smaers_etal_2017_TableS1part1,"Smaers et al. 2017 (Curr Biol 27:714-720, Table S1)",Smaers_etal_2017_TableS1part1; Smaers_etal_2011_SupplementaryTable2,0,Smaers et al 2017,,,NA,metadata_tables_near_perfect,Smaers_etal_2017_TableS1part1; Smaers_etal_2011_SupplementaryTable2; Smaers_etal_2017 [restricted: Smaers.csv],Smaers_etal_2017_TableS1part1 = 3921 (PrefrontalCortex_grey_matter_Vol.mm3; 0.03%; scale 0.001; 0 prior contributions),0,2019
Papio_anubis,Papio anubis,Prefrontal.White,PrefrontalCortex_white_matter_Vol.mm3,crosswalk_exact,0.85,resolved_fallback_metadata,Smaers_etal_2017_TableS1part1,"Smaers et al. 2017 (Curr Biol 27:714-720, Table S1)",Smaers_etal_2017_TableS1part1; Smaers_etal_2011_SupplementaryTable2,0,Smaers et al 2017,,,NA,metadata_tables_near_perfect,Smaers_etal_2017_TableS1part1; Smaers_etal_2011_SupplementaryTable2; Smaers_etal_2017 [restricted: Smaers.csv],Smaers_etal_2017_TableS1part1 = 845 (PrefrontalCortex_white_matter_Vol.mm3; 0.59%; scale 0.001; 0 prior contributions),0,2019
Papio_anubis,Papio anubis,Primary.visual.White.Smaers,Area_striata_white_matter_Vol.mm3,crosswalk_exact,3.74,resolved_fallback_metadata,Smaers_etal_2017_TableS1part1,"Smaers et al. 2017 (Curr Biol 27:714-720, Table S1)",Frahm_etal_1984_Table1; Smaers_etal_2017_TableS1part1,1,Smaers et al 2017,,,Evo-M1 value matches Frahm_etal_1984_Table1 (not the metadata source); attributed to metadata source; see source_hunt,metadata_tables_near_perfect,Smaers_etal_2017_TableS1part1; Frahm_etal_1984_Table1; Smaers_etal_2017 [restricted: Smaers.csv],Smaers_etal_2017_TableS1part1 = 3740 (Area_striata_white_matter_Vol.mm3; 0.00%; scale 0.001; 0 prior contributions),0,2019
Papio_anubis,Papio anubis,Schizocortex,Schizo_cortex_Vol.mm3,crosswalk_exact,1309,resolved_unique,Stephan_etal_1981_TableVI,"Stephan, Frahm & Baron 1981 (Folia Primatol 35:1-29)",Stephan_etal_1981_TableVI,1,Stephan et al 1981,,,NA,direct_same_structure_unique,,,215,2019
Papio_anubis,Papio anubis,Septum,Septum_Vol.mm3,crosswalk_exact,559,resolved_unique,Stephan_etal_1981_TableVI,"Stephan, Frahm & Baron 1981 (Folia Primatol 35:1-29)",Stephan_etal_1981_TableVI,1,Stephan et al 1981; Zilles and Rehkamper 1988,,,NA,direct_same_structure_unique,,,215,2019
Papio_anubis,Papio anubis,Striatum,Striatum_Vol.mm3,crosswalk_exact,7182,resolved_unique,Stephan_etal_1981_TableVI,"Stephan, Frahm & Baron 1981 (Folia Primatol 35:1-29)",Stephan_etal_1981_TableVI,1,Stephan et al 1981; Zilles and Rehkamper 1988,,,NA,direct_same_structure_unique,,,215,2019
Papio_anubis,Papio anubis,Subthalamus,Subthalamus_Vol.mm3,crosswalk_exact,1241,resolved_unique,Stephan_etal_1981_TableVIII,"Stephan, Frahm & Baron 1981 (Folia Primatol 35:1-29)",Stephan_etal_1981_TableVIII,1,Stephan et al 1981,,,NA,direct_same_structure_unique,,,200,2019
Papio_anubis,Papio anubis,Telencephalon,Telencephalon_Vol.mm3,crosswalk_exact,154987,resolved_unique,Stephan_etal_1981_TableIII,"Stephan, Frahm & Baron 1981 (Folia Primatol 35:1-29)",Stephan_etal_1981_TableIII,1,Stephan et al 1981; Zilles and Rehkamper 1988,,,NA,direct_same_structure_unique,,,243,2019
Papio_anubis,Papio anubis,Thalamus,Thalamus_Vol.mm3,crosswalk_exact,4788,resolved_unique,Stephan_etal_1981_TableVIII,"Stephan, Frahm & Baron 1981 (Folia Primatol 35:1-29)",Stephan_etal_1981_TableVIII,1,Stephan et al 1981,,,NA,direct_same_structure_unique,,,200,2019
Papio_anubis,Papio anubis,Total_brain_net_volume,Total_brain_net_volume_Vol.mm3,crosswalk_exact,190957,resolved_unique,Stephan_etal_1981_TableIII,"Stephan, Frahm & Baron 1981 (Folia Primatol 35:1-29)",Stephan_etal_1981_TableIII,1,Stephan et al 1981,,,NA,direct_same_structure_unique,,,243,2019
Papio_anubis,Papio anubis,Tractus_opticus,Tractus_opticus_Vol.mm3,crosswalk_exact,601,resolved_unique,Stephan_etal_1981_TableVIII,"Stephan, Frahm & Baron 1981 (Folia Primatol 35:1-29)",Stephan_etal_1981_TableVIII,1,Stephan et al 1981,,,NA,direct_same_structure_unique,,,200,2019
Papio_anubis,Papio anubis,Ventricles,Ventricles_Vol.mm3,crosswalk_exact,1081,resolved_unique,Stephan_etal_1981_TableIII,"Stephan, Frahm & Baron 1981 (Folia Primatol 35:1-29)",Stephan_etal_1981_TableIII,1,Stephan et al 1981,,,NA,direct_same_structure_unique,,,243,2019
Perodicticus_potto,Perodicticus potto,ASG_Sousa,Area_striata_grey_matter_Vol.mm3,crosswalk_exact,495,resolved_fallback_metadata,deSousa_etal_2010_SupTable2,de Sousa et al. 2010 (J Hum Evol 58:281-292),Frahm_etal_1984_Table1; deSousa_etal_2010_SupTable2,1,de Sousa et al 2010,,,Evo-M1 value matches Frahm_etal_1984_Table1 (not the metadata source); attributed to metadata source; see source_hunt,metadata_tables_near_perfect,deSousa_etal_2010_SupTable2; Frahm_etal_1984_Table1; deSousa_etal_2010 [restricted: Visual_volumes.xlsx]; deSousa_etal_2010 [restricted: deSousa_2010.csv]; Stephan_etal_1981 [restricted: Stephan_1981.csv],deSousa_etal_2010_SupTable2 = 500 (Area_striata_grey_matter_Vol.mm3; 1.00%; scale 1; 0 prior contributions),0,2019
Perodicticus_potto,Perodicticus potto,Agranular_volume_L,Agranular_insular_cortex_left_Vol.mm3,crosswalk_exact,4,resolved_unique,Bauernfeind_etal_2013_Table1,Bauernfeind et al. 2013 (J Hum Evol 64:263-279),Bauernfeind_etal_2013_Table1,1,Bauernfeind et al 2013,,,NA,direct_same_structure_unique,,,181,2019
Perodicticus_potto,Perodicticus potto,Body_mass,Body_Mass.g,crosswalk_exact,1250,resolved_unique,Bauernfeind_etal_2013_Table1,Bauernfeind et al. 2013 (J Hum Evol 64:263-279),Bauernfeind_etal_2013_Table1,6,Bauernfeind et al 2013,,,NA,direct_same_structure_unique,,,181,2019
Perodicticus_potto,Perodicticus potto,Body_weight,Body_Mass.g,crosswalk_exact,1150,resolved_multiple,Stephan_etal_1981_TableII,"Stephan, Frahm & Baron 1981 (Folia Primatol 35:1-29)",Matano__1986_TableI; Matano_etal_1985_a_Table1; Matano_etal_1985_b_Table1; Stephan_etal_1981_TableII; Stephan_etal_1988_TABLE1,6,Stephan et al 1981; Zilles and Rehkamper 1988; Bauernfeind et al 2013,,,NA,direct_same_structure_multiple,,,162,2019
Perodicticus_potto,Perodicticus potto,Body_weight_1985a,Body_Mass.g,crosswalk_exact,1150,resolved_multiple,Matano_etal_1985_a_Table1,Matano et al. 1985 (Folia Primatol 44:182-203),Matano__1986_TableI; Matano_etal_1985_a_Table1; Matano_etal_1985_b_Table1; Stephan_etal_1981_TableII; Stephan_etal_1988_TABLE1,6,NA,,,NA,direct_same_structure_multiple,,,220,2019
Perodicticus_potto,Perodicticus potto,Brain_mass,Brain_Mass.mg,crosswalk_exact,11500,resolved_unique,Bauernfeind_etal_2013_Table1,Bauernfeind et al. 2013 (J Hum Evol 64:263-279),Bauernfeind_etal_2013_Table1,3,Bauernfeind et al 2013,1000,,NA,direct_same_structure_unique,,,181,2019
Perodicticus_potto,Perodicticus potto,Brain_volume,NA,no_defensible_volume_key,11100,metadata_only,NA,NA,,0,Bauernfeind et al 2013,,,NA,metadata_only_no_volume_crosswalk,,,0,2019
Perodicticus_potto,Perodicticus potto,Brain_weight,Brain_Mass.mg,crosswalk_exact,14000,resolved_multiple,Stephan_etal_1981_TableII,"Stephan, Frahm & Baron 1981 (Folia Primatol 35:1-29)",Stephan_etal_1981_TableII; Stephan_etal_1988_TABLE1,3,Stephan et al 1981; Zilles and Rehkamper 1988; Bauernfeind et al 2013,,,NA,direct_same_structure_multiple,,,162,2019
Perodicticus_potto,Perodicticus potto,Brainvol,NA,no_defensible_volume_key,13513.51,metadata_only,NA,NA,,0,de Sousa et al 2010; Stephan et al 1981,,,NA,metadata_only_no_volume_crosswalk,,,0,2019
Perodicticus_potto,Perodicticus potto,Bulbus_olfactorius,Bulbus_olfactorius_Vol.mm3,crosswalk_exact,310,resolved_unique,Stephan_etal_1981_TableV,"Stephan, Frahm & Baron 1981 (Folia Primatol 35:1-29)",Stephan_etal_1981_TableV,1,Stephan et al 1981,,,NA,direct_same_structure_unique,,,144,2019
Perodicticus_potto,Perodicticus potto,Bulbus_olfactorius_accessorius,Bulbus_olfactorius_accessorius_Vol.mm3,crosswalk_exact,2.74,resolved_unique,Stephan_etal_1981_TableV,"Stephan, Frahm & Baron 1981 (Folia Primatol 35:1-29)",Stephan_etal_1981_TableV,1,Stephan et al 1981,,,NA,direct_same_structure_unique,,,144,2019
Perodicticus_potto,Perodicticus potto,Capsula_interna,Capsula_interna_Vol.mm3,crosswalk_exact,107,resolved_unique,Stephan_etal_1981_TableVIII,"Stephan, Frahm & Baron 1981 (Folia Primatol 35:1-29)",Stephan_etal_1981_TableVIII,1,Stephan et al 1981,,,NA,direct_same_structure_unique,,,200,2019
Perodicticus_potto,Perodicticus potto,Cerebellar_nuclei_total,Cerebellar_nuclei_total_Vol.mm3,crosswalk_exact,29.44,resolved_unique,Matano_etal_1985_a_Table1,Matano et al. 1985 (Folia Primatol 44:182-203),Matano_etal_1985_a_Table1,1,NA,,,NA,direct_same_structure_unique,,,220,2019
Perodicticus_potto,Perodicticus potto,Cerebellum,Cerebellum_Vol.mm3,crosswalk_exact,1699,resolved_unique,Stephan_etal_1981_TableII,"Stephan, Frahm & Baron 1981 (Folia Primatol 35:1-29)",Stephan_etal_1981_TableII,1,Stephan et al 1981; Zilles and Rehkamper 1988,,,NA,direct_same_structure_unique,,,162,2019
Perodicticus_potto,Perodicticus potto,Complexus.vestibularis,Complexus_vestibularis_unilateral_Vol.mm3,crosswalk_exact,17.3,resolved_multiple,Stephan_etal_1981_TableXIII,"Stephan, Frahm & Baron 1981 (Folia Primatol 35:1-29)",Matano__1986_TableI; Stephan_etal_1981_TableXIII,2,Stephan et al 1981,,,NA,direct_same_structure_multiple,,,129,2019
Perodicticus_potto,Perodicticus potto,Corpus.pineale,Corpus_pineal_Vol.mm3,crosswalk_exact,1.76,resolved_unique,Stephan_etal_1981_TableXV,"Stephan, Frahm & Baron 1981 (Folia Primatol 35:1-29)",Stephan_etal_1981_TableXV,1,Stephan et al 1981,,,NA,direct_same_structure_unique,,,88,2019
Perodicticus_potto,Perodicticus potto,Corpus.subcommissurale,Corpus_subcommissurale_Vol.mm3,crosswalk_exact,0.26,resolved_unique,Stephan_etal_1981_TableXV,"Stephan, Frahm & Baron 1981 (Folia Primatol 35:1-29)",Stephan_etal_1981_TableXV,1,Stephan et al 1981,,,NA,direct_same_structure_unique,,,88,2019
Perodicticus_potto,Perodicticus potto,Corpus.subfornicale,Corpus_subfornicale_Vol.mm3,crosswalk_exact,0.22,resolved_unique,Stephan_etal_1981_TableXV,"Stephan, Frahm & Baron 1981 (Folia Primatol 35:1-29)",Stephan_etal_1981_TableXV,1,Stephan et al 1981,,,NA,direct_same_structure_unique,,,88,2019
Perodicticus_potto,Perodicticus potto,Diencephalon,Diencephalon_Vol.mm3,crosswalk_exact,1024,resolved_unique,Stephan_etal_1981_TableII,"Stephan, Frahm & Baron 1981 (Folia Primatol 35:1-29)",Stephan_etal_1981_TableII,1,Stephan et al 1981; Zilles and Rehkamper 1988,,,NA,direct_same_structure_unique,,,162,2019
Perodicticus_potto,Perodicticus potto,Dysgranular_volume_L,Dysgranular_insular_cortex_left_Vol.mm3,crosswalk_exact,10,resolved_unique,Bauernfeind_etal_2013_Table1,Bauernfeind et al. 2013 (J Hum Evol 64:263-279),Bauernfeind_etal_2013_Table1,1,Bauernfeind et al 2013,,,NA,direct_same_structure_unique,,,181,2019
Perodicticus_potto,Perodicticus potto,Epithalamus,Epithalamus_Vol.mm3,crosswalk_exact,10.4,resolved_unique,Stephan_etal_1981_TableVIII,"Stephan, Frahm & Baron 1981 (Folia Primatol 35:1-29)",Stephan_etal_1981_TableVIII,1,Stephan et al 1981,,,NA,direct_same_structure_unique,,,200,2019
Perodicticus_potto,Perodicticus potto,Granular_volume_L,Granular_insular_cortex_left_Vol.mm3,crosswalk_exact,16,resolved_unique,Bauernfeind_etal_2013_Table1,Bauernfeind et al. 2013 (J Hum Evol 64:263-279),Bauernfeind_etal_2013_Table1,1,Bauernfeind et al 2013,,,NA,direct_same_structure_unique,,,181,2019
Perodicticus_potto,Perodicticus potto,Hippocampus,Hippocampus_Vol.mm3,crosswalk_exact,607,resolved_unique,Stephan_etal_1981_TableV,"Stephan, Frahm & Baron 1981 (Folia Primatol 35:1-29)",Stephan_etal_1981_TableV,1,Stephan et al 1981; Zilles and Rehkamper 1988,,,NA,direct_same_structure_unique,,,144,2019
Perodicticus_potto,Perodicticus potto,Hypothalamus,Hypothalamus_Vol.mm3,crosswalk_exact,160,resolved_unique,Stephan_etal_1981_TableVIII,"Stephan, Frahm & Baron 1981 (Folia Primatol 35:1-29)",Stephan_etal_1981_TableVIII,1,Stephan et al 1981,,,NA,direct_same_structure_unique,,,200,2019
Perodicticus_potto,Perodicticus potto,Interpositus_cerebellar_nuclei,Interpositus_cerebellar_nuclei_Vol.mm3,crosswalk_exact,8.43,resolved_unique,Matano_etal_1985_a_Table1,Matano et al. 1985 (Folia Primatol 44:182-203),Matano_etal_1985_a_Table1,1,NA,,,NA,direct_same_structure_unique,,,220,2019
Perodicticus_potto,Perodicticus potto,LGN_Sousa,Corpus_geniculatum_laterale_Vol.mm3,crosswalk_exact,24.3,resolved_fallback_restricted,deSousa_etal_2010 [restricted: Visual_volumes.xlsx],de Sousa et al. 2010 (J Hum Evol 58:281-292),Stephan_etal_1981_TableIX; Stephan_etal_1984_Table1; deSousa_etal_2010_SupTable2; deSousa_etal_2010 [restricted: Visual_volumes.xlsx],2,de Sousa et al 2010; de Sousa et al 2013,,,Evo-M1 value matches Stephan_etal_1981_TableIX; Stephan_etal_1984_Table1 (not the metadata source); attributed to metadata source; see source_hunt,restricted_documents_near_perfect,deSousa_etal_2010_SupTable2; Stephan_etal_1984_Table1; Stephan_etal_1981_TableIX; deSousa_etal_2010 [restricted: Visual_volumes.xlsx]; deSousa_etal_2010 [restricted: deSousa_2010.csv]; Stephan_etal_1981 [restricted: Stephan_1981.csv],deSousa_etal_2010 [restricted: Visual_volumes.xlsx] = 24.3 (0.00%; scale 1; restricted_checks/deSousa_etal_2010/comparison/Visual_volumes.xlsx R43C10; 0 prior contributions),0,2019
Perodicticus_potto,Perodicticus potto,Lateral_cerebellar_nuclei,Lateral_cerebellar_nuclei_Vol.mm3,crosswalk_exact,12.25,resolved_unique,Matano_etal_1985_a_Table1,Matano et al. 1985 (Folia Primatol 44:182-203),Matano_etal_1985_a_Table1,1,NA,,,NA,direct_same_structure_unique,,,220,2019
Perodicticus_potto,Perodicticus potto,Lobus_piriformis,Lobus_piriformis_Vol.mm3,crosswalk_exact,661,resolved_unique,Stephan_etal_1981_TableV,"Stephan, Frahm & Baron 1981 (Folia Primatol 35:1-29)",Stephan_etal_1981_TableV,1,Stephan et al 1981; Zilles and Rehkamper 1988,,,NA,direct_same_structure_unique,,,144,2019
Perodicticus_potto,Perodicticus potto,Medial_cerebellar_nuclei,Medial_cerebellar_nuclei_Vol.mm3,crosswalk_exact,8.76,resolved_unique,Matano_etal_1985_a_Table1,Matano et al. 1985 (Folia Primatol 44:182-203),Matano_etal_1985_a_Table1,1,NA,,,NA,direct_same_structure_unique,,,220,2019
Perodicticus_potto,Perodicticus potto,Medulla_oblongata,Medulla_oblongata_Vol.mm3,crosswalk_exact,680,resolved_unique,Stephan_etal_1981_TableII,"Stephan, Frahm & Baron 1981 (Folia Primatol 35:1-29)",Stephan_etal_1981_TableII,1,Stephan et al 1981; Zilles and Rehkamper 1988,,,NA,direct_same_structure_unique,,,162,2019
Perodicticus_potto,Perodicticus potto,Meninges_hypophysis_nerves_etc,NA,no_defensible_volume_key,174,metadata_only,NA,NA,,0,Stephan et al 1981,,,NA,metadata_only_no_volume_crosswalk,,,0,2019
Perodicticus_potto,Perodicticus potto,Mesencephalon,Mesencephalon_Vol.mm3,crosswalk_exact,391,resolved_unique,Stephan_etal_1981_TableII,"Stephan, Frahm & Baron 1981 (Folia Primatol 35:1-29)",Stephan_etal_1981_TableII,1,Stephan et al 1981; Zilles and Rehkamper 1988,,,NA,direct_same_structure_unique,,,162,2019
Perodicticus_potto,Perodicticus potto,NeoWG,Neocortex_Vol.mm3,crosswalk_exact,6683,resolved_unique,Stephan_etal_1981_TableV,"Stephan, Frahm & Baron 1981 (Folia Primatol 35:1-29)",Stephan_etal_1981_TableV,1,Stephan et al 1981; Zilles and Rehkamper 1988,,,NA,direct_same_structure_unique,,,144,2019
Perodicticus_potto,Perodicticus potto,Nucleus.habenularis.medialis,Nucleus_habenularis_medialis_Vol.mm3,crosswalk_exact,3.77,resolved_unique,Stephan_etal_1981_TableXV,"Stephan, Frahm & Baron 1981 (Folia Primatol 35:1-29)",Stephan_etal_1981_TableXV,1,Stephan et al 1981,,,NA,direct_same_structure_unique,,,88,2019
Perodicticus_potto,Perodicticus potto,Nucleus.septalis.triangularis,Nucleus_septalis_triangularis_Vol.mm3,crosswalk_exact,2.27,resolved_unique,Stephan_etal_1981_TableXV,"Stephan, Frahm & Baron 1981 (Folia Primatol 35:1-29)",Stephan_etal_1981_TableXV,1,Stephan et al 1981,,,NA,direct_same_structure_unique,,,88,2019
Perodicticus_potto,Perodicticus potto,Nucleus.vestibularis.descendens,Nucleus_vestibularis_descendens_unilateral_Vol.mm3,crosswalk_exact,3.88,resolved_multiple,Stephan_etal_1981_TableXIII,"Stephan, Frahm & Baron 1981 (Folia Primatol 35:1-29)",Matano__1986_TableI; Stephan_etal_1981_TableXIII,2,Stephan et al 1981,,,NA,direct_same_structure_multiple,,,129,2019
Perodicticus_potto,Perodicticus potto,Nucleus.vestibularis.lateralis,Nucleus_vestibularis_lateralis_unilateral_Vol.mm3,crosswalk_exact,2.66,resolved_multiple,Stephan_etal_1981_TableXIII,"Stephan, Frahm & Baron 1981 (Folia Primatol 35:1-29)",Matano__1986_TableI; Stephan_etal_1981_TableXIII,2,Stephan et al 1981,,,NA,direct_same_structure_multiple,,,129,2019
Perodicticus_potto,Perodicticus potto,Nucleus.vestibularis.medialis,Nucleus_vestibularis_medialis_unilateral_Vol.mm3,crosswalk_exact,7.87,resolved_multiple,Stephan_etal_1981_TableXIII,"Stephan, Frahm & Baron 1981 (Folia Primatol 35:1-29)",Matano__1986_TableI; Stephan_etal_1981_TableXIII,2,Stephan et al 1981,,,NA,direct_same_structure_multiple,,,129,2019
Perodicticus_potto,Perodicticus potto,Nucleus.vestibularis.superior,Nucleus_vestibularis_superior_unilateral_Vol.mm3,crosswalk_exact,2.86,resolved_multiple,Stephan_etal_1981_TableXIII,"Stephan, Frahm & Baron 1981 (Folia Primatol 35:1-29)",Matano__1986_TableI; Stephan_etal_1981_TableXIII,2,Stephan et al 1981,,,NA,direct_same_structure_multiple,,,129,2019
Perodicticus_potto,Perodicticus potto,Nucleus_subthalamicus,Nucleus_subthalamicus_Vol.mm3,crosswalk_exact,8.19,resolved_unique,Stephan_etal_1981_TableVIII,"Stephan, Frahm & Baron 1981 (Folia Primatol 35:1-29)",Stephan_etal_1981_TableVIII,1,Stephan et al 1981,,,NA,direct_same_structure_unique,,,200,2019
Perodicticus_potto,Perodicticus potto,Pallidum,Pallidum_Vol.mm3,crosswalk_exact,107,resolved_unique,Stephan_etal_1981_TableVIII,"Stephan, Frahm & Baron 1981 (Folia Primatol 35:1-29)",Stephan_etal_1981_TableVIII,1,Stephan et al 1981; Zilles and Rehkamper 1988,,,NA,direct_same_structure_unique,,,200,2019
Perodicticus_potto,Perodicticus potto,Pons,Ventral_pons_Vol.mm3,Matano ventral pons,77.7,resolved_unique,Matano_etal_1985_b_Table1,Matano et al. 1985 (Folia Primatol 44:182-203),Matano_etal_1985_b_Table1,1,Matano et al 1985; Zilles and Rehkamper 1988,,,NA,direct_same_structure_unique,,,40,2019
Perodicticus_potto,Perodicticus potto,Schizocortex,Schizo_cortex_Vol.mm3,crosswalk_exact,328,resolved_unique,Stephan_etal_1981_TableV,"Stephan, Frahm & Baron 1981 (Folia Primatol 35:1-29)",Stephan_etal_1981_TableV,1,Stephan et al 1981,,,NA,direct_same_structure_unique,,,144,2019
Perodicticus_potto,Perodicticus potto,Septum,Septum_Vol.mm3,crosswalk_exact,114,resolved_unique,Stephan_etal_1981_TableV,"Stephan, Frahm & Baron 1981 (Folia Primatol 35:1-29)",Stephan_etal_1981_TableV,1,Stephan et al 1981; Zilles and Rehkamper 1988,,,NA,direct_same_structure_unique,,,144,2019
Perodicticus_potto,Perodicticus potto,Striatum,Striatum_Vol.mm3,crosswalk_exact,712,resolved_unique,Stephan_etal_1981_TableV,"Stephan, Frahm & Baron 1981 (Folia Primatol 35:1-29)",Stephan_etal_1981_TableV,1,Stephan et al 1981; Zilles and Rehkamper 1988,,,NA,direct_same_structure_unique,,,144,2019
Perodicticus_potto,Perodicticus potto,Subthalamus,Subthalamus_Vol.mm3,crosswalk_exact,116,resolved_unique,Stephan_etal_1981_TableVIII,"Stephan, Frahm & Baron 1981 (Folia Primatol 35:1-29)",Stephan_etal_1981_TableVIII,1,Stephan et al 1981,,,NA,direct_same_structure_unique,,,200,2019
Perodicticus_potto,Perodicticus potto,Telencephalon,Telencephalon_Vol.mm3,crosswalk_exact,9418,resolved_unique,Stephan_etal_1981_TableII,"Stephan, Frahm & Baron 1981 (Folia Primatol 35:1-29)",Stephan_etal_1981_TableII,1,Stephan et al 1981; Zilles and Rehkamper 1988,,,NA,direct_same_structure_unique,,,162,2019
Perodicticus_potto,Perodicticus potto,Thalamus,Thalamus_Vol.mm3,crosswalk_exact,587,resolved_unique,Stephan_etal_1981_TableVIII,"Stephan, Frahm & Baron 1981 (Folia Primatol 35:1-29)",Stephan_etal_1981_TableVIII,1,Stephan et al 1981,,,NA,direct_same_structure_unique,,,200,2019
Perodicticus_potto,Perodicticus potto,Total_brain_net_volume,Total_brain_net_volume_Vol.mm3,crosswalk_exact,13212,resolved_unique,Stephan_etal_1981_TableII,"Stephan, Frahm & Baron 1981 (Folia Primatol 35:1-29)",Stephan_etal_1981_TableII,2,Stephan et al 1981,,,NA,direct_same_structure_unique,,,162,2019
Perodicticus_potto,Perodicticus potto,Total_insula_volume_L,Insula_left_Vol.mm3,crosswalk_exact,31,resolved_unique,Bauernfeind_etal_2013_Table1,Bauernfeind et al. 2013 (J Hum Evol 64:263-279),Bauernfeind_etal_2013_Table1,1,Bauernfeind et al 2013,,,NA,direct_same_structure_unique,,,181,2019
Perodicticus_potto,Perodicticus potto,Tractus_opticus,Tractus_opticus_Vol.mm3,crosswalk_exact,19.5,resolved_unique,Stephan_etal_1981_TableVIII,"Stephan, Frahm & Baron 1981 (Folia Primatol 35:1-29)",Stephan_etal_1981_TableVIII,1,Stephan et al 1981,,,NA,direct_same_structure_unique,,,200,2019
Perodicticus_potto,Perodicticus potto,Ventricles,Ventricles_Vol.mm3,crosswalk_exact,127,resolved_unique,Stephan_etal_1981_TableII,"Stephan, Frahm & Baron 1981 (Folia Primatol 35:1-29)",Stephan_etal_1981_TableII,1,Stephan et al 1981,,,NA,direct_same_structure_unique,,,162,2019
Piliocolobus_badius,Piliocolobus badius,ASG_Sousa,Area_striata_grey_matter_Vol.mm3,crosswalk_exact,3053,resolved_fallback_restricted,deSousa_etal_2010 [restricted: Visual_volumes.xlsx],de Sousa et al. 2010 (J Hum Evol 58:281-292),Frahm_etal_1984_Table1; Smaers_etal_2017_TableS1part1; deSousa_etal_2010 [restricted: Visual_volumes.xlsx],1,de Sousa et al 2010,1000,,Evo-M1 value matches Frahm_etal_1984_Table1 (not the metadata source); attributed to metadata source; see source_hunt,restricted_documents_near_perfect,Smaers_etal_2017_TableS1part1; Frahm_etal_1984_Table1; deSousa_etal_2010 [restricted: Visual_volumes.xlsx]; deSousa_etal_2010 [restricted: deSousa_2010.csv]; Stephan_etal_1981 [restricted: Stephan_1981.csv],deSousa_etal_2010 [restricted: Visual_volumes.xlsx] = 3.053 (0.00%; scale 1000; restricted_checks/deSousa_etal_2010/comparison/Visual_volumes.xlsx R17C5; 0 prior contributions),0,2019
Piliocolobus_badius,Piliocolobus badius,Agranular_volume_L,Agranular_insular_cortex_left_Vol.mm3,crosswalk_exact,53,resolved_unique,Bauernfeind_etal_2013_Table1,Bauernfeind et al. 2013 (J Hum Evol 64:263-279),Bauernfeind_etal_2013_Table1,1,Bauernfeind et al 2013,,,NA,direct_same_structure_unique,,,181,2019
Piliocolobus_badius,Piliocolobus badius,Amygdala,Amygdala_Vol.mm3,crosswalk_exact,479,resolved_unique,Stephan_etal_1981_TableXI,"Stephan, Frahm & Baron 1981 (Folia Primatol 35:1-29)",Stephan_etal_1981_TableXI,1,Stephan et al 1981; Zilles and Rehkamper 1988,,,NA,direct_same_structure_unique,,,100,2019
Piliocolobus_badius,Piliocolobus badius,Body_mass,Body_Mass.g,crosswalk_exact,7050,resolved_multiple,Bauernfeind_etal_2013_Table1,Bauernfeind et al. 2013 (J Hum Evol 64:263-279),Bauernfeind_etal_2013_Table1; Matano__1986_TableI; Matano_etal_1985_a_Table1; Matano_etal_1985_b_Table1; Stephan_etal_1981_TableIII; Stephan_etal_1988_TABLE1,6,Bauernfeind et al 2013,,,NA,direct_same_structure_multiple,,,181,2019
Piliocolobus_badius,Piliocolobus badius,Body_weight,Body_Mass.g,crosswalk_exact,7000,resolved_multiple,Stephan_etal_1981_TableIII,"Stephan, Frahm & Baron 1981 (Folia Primatol 35:1-29)",Bauernfeind_etal_2013_Table1; Matano__1986_TableI; Matano_etal_1985_a_Table1; Matano_etal_1985_b_Table1; Stephan_etal_1981_TableIII; Stephan_etal_1988_TABLE1,6,Stephan et al 1981; Zilles and Rehkamper 1988; Bauernfeind et al 2013,,,NA,direct_same_structure_multiple,,,243,2019
Piliocolobus_badius,Piliocolobus badius,Body_weight_1985a,Body_Mass.g,crosswalk_exact,7000,resolved_multiple,Matano_etal_1985_a_Table1,Matano et al. 1985 (Folia Primatol 44:182-203),Bauernfeind_etal_2013_Table1; Matano__1986_TableI; Matano_etal_1985_a_Table1; Matano_etal_1985_b_Table1; Stephan_etal_1981_TableIII; Stephan_etal_1988_TABLE1,6,NA,,,NA,direct_same_structure_multiple,,,220,2019
Piliocolobus_badius,Piliocolobus badius,Brain_mass,Brain_Mass.mg,crosswalk_exact,75000,resolved_unique,Bauernfeind_etal_2013_Table1,Bauernfeind et al. 2013 (J Hum Evol 64:263-279),Bauernfeind_etal_2013_Table1,4,Bauernfeind et al 2013,1000,,NA,direct_same_structure_unique,,,181,2019
Piliocolobus_badius,Piliocolobus badius,Brain_volume,NA,no_defensible_volume_key,72394,metadata_only,NA,NA,,0,Bauernfeind et al 2013,,,NA,metadata_only_no_volume_crosswalk,,,0,2019
Piliocolobus_badius,Piliocolobus badius,Brain_weight,Brain_Mass.mg,crosswalk_exact,78000,resolved_multiple,Stephan_etal_1981_TableIII,"Stephan, Frahm & Baron 1981 (Folia Primatol 35:1-29)",Stephan_etal_1981_TableIII; Stephan_etal_1988_TABLE1,4,Stephan et al 1981; Zilles and Rehkamper 1988; Bauernfeind et al 2013,,,NA,direct_same_structure_multiple,,,243,2019
Piliocolobus_badius,Piliocolobus badius,Brainvol,NA,no_defensible_volume_key,75289.58,metadata_only,NA,NA,,0,de Sousa et al 2010; Stephan et al 1981,,,NA,metadata_only_no_volume_crosswalk,,,0,2019
Piliocolobus_badius,Piliocolobus badius,Bulbus_olfactorius,Bulbus_olfactorius_Vol.mm3,crosswalk_exact,51.3,resolved_unique,Stephan_etal_1981_TableVI,"Stephan, Frahm & Baron 1981 (Folia Primatol 35:1-29)",Stephan_etal_1981_TableVI,1,Stephan et al 1981,,,NA,direct_same_structure_unique,,,215,2019
Piliocolobus_badius,Piliocolobus badius,Bulbus_olfactorius_accessorius,Bulbus_olfactorius_accessorius_Vol.mm3,crosswalk_exact,0,resolved_unique,Stephan_etal_1981_TableVI,"Stephan, Frahm & Baron 1981 (Folia Primatol 35:1-29)",Stephan_etal_1981_TableVI,1,Stephan et al 1981,,,NA,direct_same_structure_unique,,,215,2019
Piliocolobus_badius,Piliocolobus badius,Capsula_interna,Capsula_interna_Vol.mm3,crosswalk_exact,460,resolved_unique,Stephan_etal_1981_TableVIII,"Stephan, Frahm & Baron 1981 (Folia Primatol 35:1-29)",Stephan_etal_1981_TableVIII,1,Stephan et al 1981,,,NA,direct_same_structure_unique,,,200,2019
Piliocolobus_badius,Piliocolobus badius,Cerebellar_nuclei_total,Cerebellar_nuclei_total_Vol.mm3,crosswalk_exact,190.92,resolved_unique,Matano_etal_1985_a_Table1,Matano et al. 1985 (Folia Primatol 44:182-203),Matano_etal_1985_a_Table1,1,NA,,,NA,direct_same_structure_unique,,,220,2019
Piliocolobus_badius,Piliocolobus badius,Cerebellum,Cerebellum_Vol.mm3,crosswalk_exact,8648,resolved_unique,Stephan_etal_1981_TableIII,"Stephan, Frahm & Baron 1981 (Folia Primatol 35:1-29)",Stephan_etal_1981_TableIII,1,Stephan et al 1981; Zilles and Rehkamper 1988,,,NA,direct_same_structure_unique,,,243,2019
Piliocolobus_badius,Piliocolobus badius,Complexus.vestibularis,Complexus_vestibularis_unilateral_Vol.mm3,crosswalk_exact,57.3,resolved_multiple,Stephan_etal_1981_TableXIII,"Stephan, Frahm & Baron 1981 (Folia Primatol 35:1-29)",Matano__1986_TableI; Stephan_etal_1981_TableXIII,2,Stephan et al 1981,,,NA,direct_same_structure_multiple,,,129,2019
Piliocolobus_badius,Piliocolobus badius,Complexus_centromedialis,Complexus_centromedialis_Vol.mm3,crosswalk_exact,114,resolved_unique,Stephan_etal_1981_TableXI,"Stephan, Frahm & Baron 1981 (Folia Primatol 35:1-29)",Stephan_etal_1981_TableXI,1,Stephan et al 1981,,,NA,direct_same_structure_unique,,,100,2019
Piliocolobus_badius,Piliocolobus badius,Complexus_cortico_basolateralis,Complexus_corticobasolateralis_Vol.mm3,crosswalk_exact,365,resolved_unique,Stephan_etal_1981_TableXI,"Stephan, Frahm & Baron 1981 (Folia Primatol 35:1-29)",Stephan_etal_1981_TableXI,1,Stephan et al 1981,,,NA,direct_same_structure_unique,,,100,2019
Piliocolobus_badius,Piliocolobus badius,Corpus.pineale,Corpus_pineal_Vol.mm3,crosswalk_exact,7.31,resolved_unique,Stephan_etal_1981_TableXVI,"Stephan, Frahm & Baron 1981 (Folia Primatol 35:1-29)",Stephan_etal_1981_TableXVI,1,Stephan et al 1981,,,NA,direct_same_structure_unique,,,103,2019
Piliocolobus_badius,Piliocolobus badius,Corpus.subcommissurale,Corpus_subcommissurale_Vol.mm3,crosswalk_exact,0.27,likely_fallback_metadata,Stephan_etal_1981_TableXVI,"Stephan, Frahm & Baron 1981 (Folia Primatol 35:1-29)",Stephan_etal_1981_TableXVI,1,Stephan et al 1981,,,Stephan_etal_1981_TableXVI = 0.265 (1.9%),metadata_tables_close_same_structure,Stephan_etal_1981_TableXVI; Stephan_etal_1981 [restricted: Stephan_1981.csv],Stephan_etal_1981_TableXVI = 0.265 (Corpus_subcommissurale_Vol.mm3; 1.85%; scale 1; 103 prior contributions),103,2019
Piliocolobus_badius,Piliocolobus badius,Corpus.subfornicale,Corpus_subfornicale_Vol.mm3,crosswalk_exact,0.45,resolved_unique,Stephan_etal_1981_TableXVI,"Stephan, Frahm & Baron 1981 (Folia Primatol 35:1-29)",Stephan_etal_1981_TableXVI,1,Stephan et al 1981,,,NA,direct_same_structure_unique,,,103,2019
Piliocolobus_badius,Piliocolobus badius,Diencephalon,Diencephalon_Vol.mm3,crosswalk_exact,3945,resolved_unique,Stephan_etal_1981_TableIII,"Stephan, Frahm & Baron 1981 (Folia Primatol 35:1-29)",Stephan_etal_1981_TableIII,1,Stephan et al 1981; Zilles and Rehkamper 1988,,,NA,direct_same_structure_unique,,,243,2019
Piliocolobus_badius,Piliocolobus badius,Dysgranular_volume_L,Dysgranular_insular_cortex_left_Vol.mm3,crosswalk_exact,116,resolved_unique,Bauernfeind_etal_2013_Table1,Bauernfeind et al. 2013 (J Hum Evol 64:263-279),Bauernfeind_etal_2013_Table1,1,Bauernfeind et al 2013,,,NA,direct_same_structure_unique,,,181,2019
Piliocolobus_badius,Piliocolobus badius,Epithalamus,Epithalamus_Vol.mm3,crosswalk_exact,22.3,resolved_unique,Stephan_etal_1981_TableVIII,"Stephan, Frahm & Baron 1981 (Folia Primatol 35:1-29)",Stephan_etal_1981_TableVIII,1,Stephan et al 1981,,,NA,direct_same_structure_unique,,,200,2019
Piliocolobus_badius,Piliocolobus badius,Frontal.motor,FrontalMotor_white_matter_Vol.mm3,crosswalk_exact,1.32,resolved_fallback_metadata,Smaers_etal_2017_TableS1part1,"Smaers et al. 2017 (Curr Biol 27:714-720, Table S1)",Smaers_etal_2017_TableS1part1,0,Smaers et al 2017,,,NA,metadata_tables_near_perfect,Smaers_etal_2017_TableS1part1,Smaers_etal_2017_TableS1part1 = 1317 (FrontalMotor_white_matter_Vol.mm3; 0.23%; scale 0.001; 0 prior contributions),0,2019
Piliocolobus_badius,Piliocolobus badius,Frontal.motor.Gray,FrontalMotor_grey_matter_Vol.mm3,crosswalk_exact,2.26,resolved_fallback_metadata,Smaers_etal_2017_TableS1part1,"Smaers et al. 2017 (Curr Biol 27:714-720, Table S1)",Smaers_etal_2017_TableS1part1,0,Smaers et al 2017,,,NA,metadata_tables_near_perfect,Smaers_etal_2017_TableS1part1; Smaers_etal_2017 [restricted: Smaers.csv],Smaers_etal_2017_TableS1part1 = 2260 (FrontalMotor_grey_matter_Vol.mm3; 0.00%; scale 0.001; 0 prior contributions),0,2019
Piliocolobus_badius,Piliocolobus badius,Granular_volume_L,Granular_insular_cortex_left_Vol.mm3,crosswalk_exact,72,resolved_unique,Bauernfeind_etal_2013_Table1,Bauernfeind et al. 2013 (J Hum Evol 64:263-279),Bauernfeind_etal_2013_Table1,1,Bauernfeind et al 2013,,,NA,direct_same_structure_unique,,,181,2019
Piliocolobus_badius,Piliocolobus badius,Hippocampus,Hippocampus_Vol.mm3,crosswalk_exact,1671,resolved_unique,Stephan_etal_1981_TableVI,"Stephan, Frahm & Baron 1981 (Folia Primatol 35:1-29)",Stephan_etal_1981_TableVI,1,Stephan et al 1981; Zilles and Rehkamper 1988,,,NA,direct_same_structure_unique,,,215,2019
Piliocolobus_badius,Piliocolobus badius,Hypothalamus,Hypothalamus_Vol.mm3,crosswalk_exact,484,resolved_unique,Stephan_etal_1981_TableVIII,"Stephan, Frahm & Baron 1981 (Folia Primatol 35:1-29)",Stephan_etal_1981_TableVIII,1,Stephan et al 1981,,,NA,direct_same_structure_unique,,,200,2019
Piliocolobus_badius,Piliocolobus badius,Interpositus_cerebellar_nuclei,Interpositus_cerebellar_nuclei_Vol.mm3,crosswalk_exact,57.76,resolved_unique,Matano_etal_1985_a_Table1,Matano et al. 1985 (Folia Primatol 44:182-203),Matano_etal_1985_a_Table1,1,NA,,,NA,direct_same_structure_unique,,,220,2019
Piliocolobus_badius,Piliocolobus badius,LGN_Sousa,Corpus_geniculatum_laterale_Vol.mm3,crosswalk_exact,128,resolved_multiple,deSousa_etal_2013_Table1,de Sousa et al. 2013 (Brain Behav Evol 81:93-108),deSousa_etal_2013_Table1; Stephan_etal_1981_TableIX; Stephan_etal_1984_Table1,3,de Sousa et al 2010; de Sousa et al 2013,,,NA,direct_same_structure_multiple,,,15,2019
Piliocolobus_badius,Piliocolobus badius,Lateral_cerebellar_nuclei,Lateral_cerebellar_nuclei_Vol.mm3,crosswalk_exact,98.52,resolved_unique,Matano_etal_1985_a_Table1,Matano et al. 1985 (Folia Primatol 44:182-203),Matano_etal_1985_a_Table1,1,NA,,,NA,direct_same_structure_unique,,,220,2019
Piliocolobus_badius,Piliocolobus badius,Lobus_piriformis,Lobus_piriformis_Vol.mm3,crosswalk_exact,937,resolved_unique,Stephan_etal_1981_TableVI,"Stephan, Frahm & Baron 1981 (Folia Primatol 35:1-29)",Stephan_etal_1981_TableVI,1,Stephan et al 1981; Zilles and Rehkamper 1988,,,NA,direct_same_structure_unique,,,215,2019
Piliocolobus_badius,Piliocolobus badius,Medial_cerebellar_nuclei,Medial_cerebellar_nuclei_Vol.mm3,crosswalk_exact,34.64,resolved_unique,Matano_etal_1985_a_Table1,Matano et al. 1985 (Folia Primatol 44:182-203),Matano_etal_1985_a_Table1,1,NA,,,NA,direct_same_structure_unique,,,220,2019
Piliocolobus_badius,Piliocolobus badius,Medulla_oblongata,Medulla_oblongata_Vol.mm3,crosswalk_exact,2007,resolved_unique,Stephan_etal_1981_TableIII,"Stephan, Frahm & Baron 1981 (Folia Primatol 35:1-29)",Stephan_etal_1981_TableIII,1,Stephan et al 1981; Zilles and Rehkamper 1988,,,NA,direct_same_structure_unique,,,243,2019
Piliocolobus_badius,Piliocolobus badius,Meninges_hypophysis_nerves_etc,NA,no_defensible_volume_key,1016,metadata_only,NA,NA,,0,Stephan et al 1981,,,NA,metadata_only_no_volume_crosswalk,,,0,2019
Piliocolobus_badius,Piliocolobus badius,Mesencephalon,Mesencephalon_Vol.mm3,crosswalk_exact,1333,resolved_unique,Stephan_etal_1981_TableIII,"Stephan, Frahm & Baron 1981 (Folia Primatol 35:1-29)",Stephan_etal_1981_TableIII,1,Stephan et al 1981; Zilles and Rehkamper 1988,,,NA,direct_same_structure_unique,,,243,2019
Piliocolobus_badius,Piliocolobus badius,NeoG_Frahm,Neocortex_grey_matter_Vol.mm3,crosswalk_exact,36575,resolved_unique,Frahm_etal_1982_Table2,"Frahm, Stephan & Stephan 1982 (J Hirnforsch 23:375-389)",Frahm_etal_1982_Table2,1,Frahm et al 1992; Zilles and Rehkamper 1988,,,NA,direct_same_structure_unique,,,46,2019
Piliocolobus_badius,Piliocolobus badius,NeoWG,Neocortex_Vol.mm3,crosswalk_exact,50906,resolved_multiple,Stephan_etal_1981_TableVI,"Stephan, Frahm & Baron 1981 (Folia Primatol 35:1-29)",Frahm_etal_1982_Table2; Stephan_etal_1981_TableVI,2,Stephan et al 1981; Zilles and Rehkamper 1988,,,NA,direct_same_structure_multiple,,,215,2019
Piliocolobus_badius,Piliocolobus badius,NeoW_Frahm,Neocortex_white_matter_Vol.mm3,crosswalk_exact,14331,resolved_unique,Frahm_etal_1982_Table2,"Frahm, Stephan & Stephan 1982 (J Hirnforsch 23:375-389)",Frahm_etal_1982_Table2,1,Frahm et al 1992; Zilles and Rehkamper 1988,,,NA,direct_same_structure_unique,,,46,2019
Piliocolobus_badius,Piliocolobus badius,Nucleus.habenularis.medialis,Nucleus_habenularis_medialis_Vol.mm3,crosswalk_exact,4.54,resolved_unique,Stephan_etal_1981_TableXVI,"Stephan, Frahm & Baron 1981 (Folia Primatol 35:1-29)",Stephan_etal_1981_TableXVI,1,Stephan et al 1981,,,NA,direct_same_structure_unique,,,103,2019
Piliocolobus_badius,Piliocolobus badius,Nucleus.septalis.triangularis,Nucleus_septalis_triangularis_Vol.mm3,crosswalk_exact,2.26,resolved_unique,Stephan_etal_1981_TableXVI,"Stephan, Frahm & Baron 1981 (Folia Primatol 35:1-29)",Stephan_etal_1981_TableXVI,1,Stephan et al 1981,,,NA,direct_same_structure_unique,,,103,2019
Piliocolobus_badius,Piliocolobus badius,Nucleus.vestibularis.descendens,Nucleus_vestibularis_descendens_unilateral_Vol.mm3,crosswalk_exact,14.5,resolved_multiple,Stephan_etal_1981_TableXIII,"Stephan, Frahm & Baron 1981 (Folia Primatol 35:1-29)",Matano__1986_TableI; Stephan_etal_1981_TableXIII,2,Stephan et al 1981,,,NA,direct_same_structure_multiple,,,129,2019
Piliocolobus_badius,Piliocolobus badius,Nucleus.vestibularis.lateralis,Nucleus_vestibularis_lateralis_unilateral_Vol.mm3,crosswalk_exact,10,resolved_multiple,Stephan_etal_1981_TableXIII,"Stephan, Frahm & Baron 1981 (Folia Primatol 35:1-29)",Matano__1986_TableI; Stephan_etal_1981_TableXIII,2,Stephan et al 1981,,,NA,direct_same_structure_multiple,,,129,2019
Piliocolobus_badius,Piliocolobus badius,Nucleus.vestibularis.medialis,Nucleus_vestibularis_medialis_unilateral_Vol.mm3,crosswalk_exact,24.1,resolved_multiple,Stephan_etal_1981_TableXIII,"Stephan, Frahm & Baron 1981 (Folia Primatol 35:1-29)",Matano__1986_TableI; Stephan_etal_1981_TableXIII,2,Stephan et al 1981,,,NA,direct_same_structure_multiple,,,129,2019
Piliocolobus_badius,Piliocolobus badius,Nucleus.vestibularis.superior,Nucleus_vestibularis_superior_unilateral_Vol.mm3,crosswalk_exact,8.68,resolved_multiple,Stephan_etal_1981_TableXIII,"Stephan, Frahm & Baron 1981 (Folia Primatol 35:1-29)",Matano__1986_TableI; Stephan_etal_1981_TableXIII,2,Stephan et al 1981,,,NA,direct_same_structure_multiple,,,129,2019
Piliocolobus_badius,Piliocolobus badius,Nucleus_amygdalae_basalis_parsmagnocellularis,Nucleus_amygdalae_basalis_pars_magnocellularis_Vol.mm3,crosswalk_exact,45.5,resolved_unique,Stephan_etal_1981_TableXI,"Stephan, Frahm & Baron 1981 (Folia Primatol 35:1-29)",Stephan_etal_1981_TableXI,1,Stephan et al 1981,,,NA,direct_same_structure_unique,,,100,2019
Piliocolobus_badius,Piliocolobus badius,Nucleus_subthalamicus,Nucleus_subthalamicus_Vol.mm3,crosswalk_exact,31.9,resolved_unique,Stephan_etal_1981_TableVIII,"Stephan, Frahm & Baron 1981 (Folia Primatol 35:1-29)",Stephan_etal_1981_TableVIII,1,Stephan et al 1981,,,NA,direct_same_structure_unique,,,200,2019
Piliocolobus_badius,Piliocolobus badius,Nucleus_tractus_olfactorius,Nucleus_tractus_olfactorius_Vol.mm3,crosswalk_exact,0,resolved_unique,Stephan_etal_1981_TableXI,"Stephan, Frahm & Baron 1981 (Folia Primatol 35:1-29)",Stephan_etal_1981_TableXI,1,Stephan et al 1981,,,NA,direct_same_structure_unique,,,100,2019
Piliocolobus_badius,Piliocolobus badius,Other.cortical.association.areas.Gray,AssociationCortex_grey_matter_Vol.mm3,crosswalk_exact,22.63,resolved_fallback_metadata,Smaers_etal_2017_TableS1part1,"Smaers et al. 2017 (Curr Biol 27:714-720, Table S1)",Smaers_etal_2017_TableS1part1,0,Smaers et al 2017,,,NA,metadata_tables_near_perfect,Smaers_etal_2017_TableS1part1; Smaers_etal_2017 [restricted: Smaers.csv],Smaers_etal_2017_TableS1part1 = 22629 (AssociationCortex_grey_matter_Vol.mm3; 0.00%; scale 0.001; 0 prior contributions),0,2019
Piliocolobus_badius,Piliocolobus badius,Other.cortical.association.areas.White,AssociationCortex_white_matter_Vol.mm3,crosswalk_exact,9.67,resolved_fallback_metadata,Smaers_etal_2017_TableS1part1,"Smaers et al. 2017 (Curr Biol 27:714-720, Table S1)",Smaers_etal_2017_TableS1part1,0,Smaers et al 2017,,,NA,metadata_tables_near_perfect,Smaers_etal_2017_TableS1part1; Smaers_etal_2017 [restricted: Smaers.csv],Smaers_etal_2017_TableS1part1 = 9665 (AssociationCortex_white_matter_Vol.mm3; 0.05%; scale 0.001; 0 prior contributions),0,2019
Piliocolobus_badius,Piliocolobus badius,Palaeocortex,Palaeocortex_Vol.mm3,crosswalk_exact,458,resolved_unique,Stephan_etal_1981_TableXI,"Stephan, Frahm & Baron 1981 (Folia Primatol 35:1-29)",Stephan_etal_1981_TableXI,1,Stephan et al 1981; Zilles and Rehkamper 1988,,,NA,direct_same_structure_unique,,,100,2019
Piliocolobus_badius,Piliocolobus badius,Pallidum,Pallidum_Vol.mm3,crosswalk_exact,521,resolved_unique,Stephan_etal_1981_TableVIII,"Stephan, Frahm & Baron 1981 (Folia Primatol 35:1-29)",Stephan_etal_1981_TableVIII,1,Stephan et al 1981; Zilles and Rehkamper 1988,,,NA,direct_same_structure_unique,,,200,2019
Piliocolobus_badius,Piliocolobus badius,Pons,Ventral_pons_Vol.mm3,Matano ventral pons,646.4,resolved_unique,Matano_etal_1985_b_Table1,Matano et al. 1985 (Folia Primatol 44:182-203),Matano_etal_1985_b_Table1,1,Matano et al 1985; Zilles and Rehkamper 1988,,,NA,direct_same_structure_unique,,,40,2019
Piliocolobus_badius,Piliocolobus badius,Prefrontal.Gray,PrefrontalCortex_grey_matter_Vol.mm3,crosswalk_exact,1.59,resolved_fallback_metadata,Smaers_etal_2017_TableS1part1,"Smaers et al. 2017 (Curr Biol 27:714-720, Table S1)",Smaers_etal_2017_TableS1part1; Smaers_etal_2011_SupplementaryTable2,0,Smaers et al 2017,,,NA,metadata_tables_near_perfect,Smaers_etal_2017_TableS1part1; Smaers_etal_2011_SupplementaryTable2; Smaers_etal_2017 [restricted: Smaers.csv],Smaers_etal_2017_TableS1part1 = 1591 (PrefrontalCortex_grey_matter_Vol.mm3; 0.06%; scale 0.001; 0 prior contributions),0,2019
Piliocolobus_badius,Piliocolobus badius,Prefrontal.White,PrefrontalCortex_white_matter_Vol.mm3,crosswalk_exact,0.2,resolved_fallback_metadata,Smaers_etal_2017_TableS1part1,"Smaers et al. 2017 (Curr Biol 27:714-720, Table S1)",Smaers_etal_2017_TableS1part1; Smaers_etal_2011_SupplementaryTable2,0,Smaers et al 2017,,,NA,metadata_tables_near_perfect,Smaers_etal_2017_TableS1part1; Smaers_etal_2011_SupplementaryTable2; Smaers_etal_2017 [restricted: Smaers.csv],Smaers_etal_2017_TableS1part1 = 201 (PrefrontalCortex_white_matter_Vol.mm3; 0.50%; scale 0.001; 0 prior contributions),0,2019
Piliocolobus_badius,Piliocolobus badius,Primary.visual.White.Smaers,Area_striata_white_matter_Vol.mm3,crosswalk_exact,0.93,resolved_fallback_metadata,Smaers_etal_2017_TableS1part1,"Smaers et al. 2017 (Curr Biol 27:714-720, Table S1)",Frahm_etal_1984_Table1; Smaers_etal_2017_TableS1part1,1,Smaers et al 2017,,,Evo-M1 value matches Frahm_etal_1984_Table1 (not the metadata source); attributed to metadata source; see source_hunt,metadata_tables_near_perfect,Smaers_etal_2017_TableS1part1; Frahm_etal_1984_Table1; Smaers_etal_2017 [restricted: Smaers.csv],Smaers_etal_2017_TableS1part1 = 926 (Area_striata_white_matter_Vol.mm3; 0.43%; scale 0.001; 0 prior contributions),0,2019
Piliocolobus_badius,Piliocolobus badius,Schizocortex,Schizo_cortex_Vol.mm3,crosswalk_exact,814,resolved_unique,Stephan_etal_1981_TableVI,"Stephan, Frahm & Baron 1981 (Folia Primatol 35:1-29)",Stephan_etal_1981_TableVI,1,Stephan et al 1981,,,NA,direct_same_structure_unique,,,215,2019
Piliocolobus_badius,Piliocolobus badius,Septum,Septum_Vol.mm3,crosswalk_exact,288,resolved_unique,Stephan_etal_1981_TableVI,"Stephan, Frahm & Baron 1981 (Folia Primatol 35:1-29)",Stephan_etal_1981_TableVI,1,Stephan et al 1981; Zilles and Rehkamper 1988,,,NA,direct_same_structure_unique,,,215,2019
Piliocolobus_badius,Piliocolobus badius,Striatum,Striatum_Vol.mm3,crosswalk_exact,3217,resolved_unique,Stephan_etal_1981_TableVI,"Stephan, Frahm & Baron 1981 (Folia Primatol 35:1-29)",Stephan_etal_1981_TableVI,1,Stephan et al 1981; Zilles and Rehkamper 1988,,,NA,direct_same_structure_unique,,,215,2019
Piliocolobus_badius,Piliocolobus badius,Subthalamus,Subthalamus_Vol.mm3,crosswalk_exact,553,resolved_unique,Stephan_etal_1981_TableVIII,"Stephan, Frahm & Baron 1981 (Folia Primatol 35:1-29)",Stephan_etal_1981_TableVIII,1,Stephan et al 1981,,,NA,direct_same_structure_unique,,,200,2019
Piliocolobus_badius,Piliocolobus badius,Telencephalon,Telencephalon_Vol.mm3,crosswalk_exact,57885,resolved_unique,Stephan_etal_1981_TableIII,"Stephan, Frahm & Baron 1981 (Folia Primatol 35:1-29)",Stephan_etal_1981_TableIII,1,Stephan et al 1981; Zilles and Rehkamper 1988,,,NA,direct_same_structure_unique,,,243,2019
Piliocolobus_badius,Piliocolobus badius,Thalamus,Thalamus_Vol.mm3,crosswalk_exact,2164,resolved_unique,Stephan_etal_1981_TableVIII,"Stephan, Frahm & Baron 1981 (Folia Primatol 35:1-29)",Stephan_etal_1981_TableVIII,1,Stephan et al 1981,,,NA,direct_same_structure_unique,,,200,2019
Piliocolobus_badius,Piliocolobus badius,Total_brain_net_volume,Total_brain_net_volume_Vol.mm3,crosswalk_exact,73818,resolved_unique,Stephan_etal_1981_TableIII,"Stephan, Frahm & Baron 1981 (Folia Primatol 35:1-29)",Stephan_etal_1981_TableIII,2,Stephan et al 1981,,,NA,direct_same_structure_unique,,,243,2019
Piliocolobus_badius,Piliocolobus badius,Total_insula_volume_L,Insula_left_Vol.mm3,crosswalk_exact,241,resolved_unique,Bauernfeind_etal_2013_Table1,Bauernfeind et al. 2013 (J Hum Evol 64:263-279),Bauernfeind_etal_2013_Table1,1,Bauernfeind et al 2013,,,NA,direct_same_structure_unique,,,181,2019
Piliocolobus_badius,Piliocolobus badius,Tractus_opticus,Tractus_opticus_Vol.mm3,crosswalk_exact,201,resolved_unique,Stephan_etal_1981_TableVIII,"Stephan, Frahm & Baron 1981 (Folia Primatol 35:1-29)",Stephan_etal_1981_TableVIII,1,Stephan et al 1981,,,NA,direct_same_structure_unique,,,200,2019
Piliocolobus_badius,Piliocolobus badius,Ventricles,Ventricles_Vol.mm3,crosswalk_exact,455,resolved_unique,Stephan_etal_1981_TableIII,"Stephan, Frahm & Baron 1981 (Folia Primatol 35:1-29)",Stephan_etal_1981_TableIII,1,Stephan et al 1981,,,NA,direct_same_structure_unique,,,243,2019
Pithecia_monachus,Pithecia monachus,ASG_Sousa,Area_striata_grey_matter_Vol.mm3,crosswalk_exact,1679,resolved_fallback_restricted,deSousa_etal_2010 [restricted: deSousa_2010.csv],de Sousa et al. 2010 (J Hum Evol 58:281-292),Frahm_etal_1984_Table1; deSousa_etal_2010_SupTable2; Frahm_etal_1998_Table1; deSousa_etal_2010 [restricted: deSousa_2010.csv],1,de Sousa et al 2010,,,Evo-M1 value matches Frahm_etal_1984_Table1 (not the metadata source); attributed to metadata source; see source_hunt,restricted_documents_near_perfect,deSousa_etal_2010_SupTable2; Frahm_etal_1998_Table1; Frahm_etal_1984_Table1; deSousa_etal_2010 [restricted: deSousa_2010.csv]; Stephan_etal_1981 [restricted: Stephan_1981.csv],deSousa_etal_2010 [restricted: deSousa_2010.csv] = 1679 (0.00%; scale 1; restricted_checks/deSousa_etal_2010/comparison/deSousa_2010.csv R76C2; 0 prior contributions),0,2019
Pithecia_monachus,Pithecia monachus,Body_weight,Body_Mass.g,crosswalk_exact,1500,resolved_multiple,Stephan_etal_1981_TableIII,"Stephan, Frahm & Baron 1981 (Folia Primatol 35:1-29)",Matano__1986_TableI; Matano_etal_1985_a_Table1; Matano_etal_1985_b_Table1; Stephan_etal_1981_TableIII; Stephan_etal_1988_TABLE1,5,Stephan et al 1981; Zilles and Rehkamper 1988; Bauernfeind et al 2013,,,NA,direct_same_structure_multiple,,,243,2019
Pithecia_monachus,Pithecia monachus,Body_weight_1985a,Body_Mass.g,crosswalk_exact,1500,resolved_multiple,Matano_etal_1985_a_Table1,Matano et al. 1985 (Folia Primatol 44:182-203),Matano__1986_TableI; Matano_etal_1985_a_Table1; Matano_etal_1985_b_Table1; Stephan_etal_1981_TableIII; Stephan_etal_1988_TABLE1,5,NA,,,NA,direct_same_structure_multiple,,,220,2019
Pithecia_monachus,Pithecia monachus,Brain_weight,Brain_Mass.mg,crosswalk_exact,35000,resolved_multiple,Stephan_etal_1981_TableIII,"Stephan, Frahm & Baron 1981 (Folia Primatol 35:1-29)",Stephan_etal_1981_TableIII; Stephan_etal_1988_TABLE1,2,Stephan et al 1981; Zilles and Rehkamper 1988; Bauernfeind et al 2013,,,NA,direct_same_structure_multiple,,,243,2019
Pithecia_monachus,Pithecia monachus,Brainvol,NA,no_defensible_volume_key,33783.78,metadata_only,NA,NA,,0,de Sousa et al 2010; Stephan et al 1981,,,NA,metadata_only_no_volume_crosswalk,,,0,2019
Pithecia_monachus,Pithecia monachus,Bulbus_olfactorius,Bulbus_olfactorius_Vol.mm3,crosswalk_exact,34.8,resolved_unique,Stephan_etal_1981_TableVI,"Stephan, Frahm & Baron 1981 (Folia Primatol 35:1-29)",Stephan_etal_1981_TableVI,1,Stephan et al 1981,,,NA,direct_same_structure_unique,,,215,2019
Pithecia_monachus,Pithecia monachus,Bulbus_olfactorius_accessorius,Bulbus_olfactorius_accessorius_Vol.mm3,crosswalk_exact,0.85,resolved_unique,Stephan_etal_1981_TableVI,"Stephan, Frahm & Baron 1981 (Folia Primatol 35:1-29)",Stephan_etal_1981_TableVI,1,Stephan et al 1981,,,NA,direct_same_structure_unique,,,215,2019
Pithecia_monachus,Pithecia monachus,Cerebellar_nuclei_total,Cerebellar_nuclei_total_Vol.mm3,crosswalk_exact,109.36,resolved_unique,Matano_etal_1985_a_Table1,Matano et al. 1985 (Folia Primatol 44:182-203),Matano_etal_1985_a_Table1,1,NA,,,NA,direct_same_structure_unique,,,220,2019
Pithecia_monachus,Pithecia monachus,Cerebellum,Cerebellum_Vol.mm3,crosswalk_exact,3908,resolved_unique,Stephan_etal_1981_TableIII,"Stephan, Frahm & Baron 1981 (Folia Primatol 35:1-29)",Stephan_etal_1981_TableIII,1,Stephan et al 1981; Zilles and Rehkamper 1988,,,NA,direct_same_structure_unique,,,243,2019
Pithecia_monachus,Pithecia monachus,Corpus.pineale,Corpus_pineal_Vol.mm3,crosswalk_exact,0.06,resolved_unique,Stephan_etal_1981_TableXVI,"Stephan, Frahm & Baron 1981 (Folia Primatol 35:1-29)",Stephan_etal_1981_TableXVI,1,Stephan et al 1981,,,NA,direct_same_structure_unique,,,103,2019
Pithecia_monachus,Pithecia monachus,Corpus.subcommissurale,Corpus_subcommissurale_Vol.mm3,crosswalk_exact,0.19,resolved_unique,Stephan_etal_1981_TableXVI,"Stephan, Frahm & Baron 1981 (Folia Primatol 35:1-29)",Stephan_etal_1981_TableXVI,1,Stephan et al 1981,,,NA,direct_same_structure_unique,,,103,2019
Pithecia_monachus,Pithecia monachus,Corpus.subfornicale,Corpus_subfornicale_Vol.mm3,crosswalk_exact,0.3,resolved_unique,Stephan_etal_1981_TableXVI,"Stephan, Frahm & Baron 1981 (Folia Primatol 35:1-29)",Stephan_etal_1981_TableXVI,1,Stephan et al 1981,,,NA,direct_same_structure_unique,,,103,2019
Pithecia_monachus,Pithecia monachus,Diencephalon,Diencephalon_Vol.mm3,crosswalk_exact,2285,resolved_unique,Stephan_etal_1981_TableIII,"Stephan, Frahm & Baron 1981 (Folia Primatol 35:1-29)",Stephan_etal_1981_TableIII,1,Stephan et al 1981; Zilles and Rehkamper 1988,,,NA,direct_same_structure_unique,,,243,2019
Pithecia_monachus,Pithecia monachus,Hippocampus,Hippocampus_Vol.mm3,crosswalk_exact,834,resolved_unique,Stephan_etal_1981_TableVI,"Stephan, Frahm & Baron 1981 (Folia Primatol 35:1-29)",Stephan_etal_1981_TableVI,1,Stephan et al 1981; Zilles and Rehkamper 1988,,,NA,direct_same_structure_unique,,,215,2019
Pithecia_monachus,Pithecia monachus,Interpositus_cerebellar_nuclei,Interpositus_cerebellar_nuclei_Vol.mm3,crosswalk_exact,31.78,resolved_unique,Matano_etal_1985_a_Table1,Matano et al. 1985 (Folia Primatol 44:182-203),Matano_etal_1985_a_Table1,1,NA,,,NA,direct_same_structure_unique,,,220,2019
Pithecia_monachus,Pithecia monachus,LGN_Sousa,Corpus_geniculatum_laterale_Vol.mm3,crosswalk_exact,76.3,resolved_fallback_metadata,deSousa_etal_2010_SupTable2,de Sousa et al. 2010 (J Hum Evol 58:281-292),Stephan_etal_1984_Table1; deSousa_etal_2010_SupTable2; Frahm_etal_1998_Table1,2,de Sousa et al 2010; de Sousa et al 2013,,,Evo-M1 value matches Stephan_etal_1984_Table1 (not the metadata source); attributed to metadata source; see source_hunt,metadata_tables_near_perfect,deSousa_etal_2010_SupTable2; Frahm_etal_1998_Table1; Stephan_etal_1984_Table1; deSousa_etal_2010 [restricted: deSousa_2010.csv],deSousa_etal_2010_SupTable2 = 76 (Corpus_geniculatum_laterale_Vol.mm3; 0.39%; scale 1; 0 prior contributions),0,2019
Pithecia_monachus,Pithecia monachus,Lateral_cerebellar_nuclei,Lateral_cerebellar_nuclei_Vol.mm3,crosswalk_exact,53.67,resolved_unique,Matano_etal_1985_a_Table1,Matano et al. 1985 (Folia Primatol 44:182-203),Matano_etal_1985_a_Table1,1,NA,,,NA,direct_same_structure_unique,,,220,2019
Pithecia_monachus,Pithecia monachus,Lobus_piriformis,Lobus_piriformis_Vol.mm3,crosswalk_exact,675,resolved_unique,Stephan_etal_1981_TableVI,"Stephan, Frahm & Baron 1981 (Folia Primatol 35:1-29)",Stephan_etal_1981_TableVI,1,Stephan et al 1981; Zilles and Rehkamper 1988,,,NA,direct_same_structure_unique,,,215,2019
Pithecia_monachus,Pithecia monachus,Medial_cerebellar_nuclei,Medial_cerebellar_nuclei_Vol.mm3,crosswalk_exact,23.91,resolved_unique,Matano_etal_1985_a_Table1,Matano et al. 1985 (Folia Primatol 44:182-203),Matano_etal_1985_a_Table1,1,NA,,,NA,direct_same_structure_unique,,,220,2019
Pithecia_monachus,Pithecia monachus,Medulla_oblongata,Medulla_oblongata_Vol.mm3,crosswalk_exact,1009,resolved_unique,Stephan_etal_1981_TableIII,"Stephan, Frahm & Baron 1981 (Folia Primatol 35:1-29)",Stephan_etal_1981_TableIII,1,Stephan et al 1981; Zilles and Rehkamper 1988,,,NA,direct_same_structure_unique,,,243,2019
Pithecia_monachus,Pithecia monachus,Meninges_hypophysis_nerves_etc,NA,no_defensible_volume_key,286,metadata_only,NA,NA,,0,Stephan et al 1981,,,NA,metadata_only_no_volume_crosswalk,,,0,2019
Pithecia_monachus,Pithecia monachus,Mesencephalon,Mesencephalon_Vol.mm3,crosswalk_exact,745,resolved_unique,Stephan_etal_1981_TableIII,"Stephan, Frahm & Baron 1981 (Folia Primatol 35:1-29)",Stephan_etal_1981_TableIII,1,Stephan et al 1981; Zilles and Rehkamper 1988,,,NA,direct_same_structure_unique,,,243,2019
Pithecia_monachus,Pithecia monachus,NeoWG,Neocortex_Vol.mm3,crosswalk_exact,21028,resolved_unique,Stephan_etal_1981_TableVI,"Stephan, Frahm & Baron 1981 (Folia Primatol 35:1-29)",Stephan_etal_1981_TableVI,1,Stephan et al 1981; Zilles and Rehkamper 1988,,,NA,direct_same_structure_unique,,,215,2019
Pithecia_monachus,Pithecia monachus,Nucleus.habenularis.medialis,Nucleus_habenularis_medialis_Vol.mm3,crosswalk_exact,2.53,resolved_unique,Stephan_etal_1981_TableXVI,"Stephan, Frahm & Baron 1981 (Folia Primatol 35:1-29)",Stephan_etal_1981_TableXVI,1,Stephan et al 1981,,,NA,direct_same_structure_unique,,,103,2019
Pithecia_monachus,Pithecia monachus,Nucleus.septalis.triangularis,Nucleus_septalis_triangularis_Vol.mm3,crosswalk_exact,1.31,resolved_unique,Stephan_etal_1981_TableXVI,"Stephan, Frahm & Baron 1981 (Folia Primatol 35:1-29)",Stephan_etal_1981_TableXVI,1,Stephan et al 1981,,,NA,direct_same_structure_unique,,,103,2019
Pithecia_monachus,Pithecia monachus,Schizocortex,Schizo_cortex_Vol.mm3,crosswalk_exact,289,resolved_unique,Stephan_etal_1981_TableVI,"Stephan, Frahm & Baron 1981 (Folia Primatol 35:1-29)",Stephan_etal_1981_TableVI,1,Stephan et al 1981,,,NA,direct_same_structure_unique,,,215,2019
Pithecia_monachus,Pithecia monachus,Septum,Septum_Vol.mm3,crosswalk_exact,140,resolved_unique,Stephan_etal_1981_TableVI,"Stephan, Frahm & Baron 1981 (Folia Primatol 35:1-29)",Stephan_etal_1981_TableVI,1,Stephan et al 1981; Zilles and Rehkamper 1988,,,NA,direct_same_structure_unique,,,215,2019
Pithecia_monachus,Pithecia monachus,Striatum,Striatum_Vol.mm3,crosswalk_exact,1918,resolved_unique,Stephan_etal_1981_TableVI,"Stephan, Frahm & Baron 1981 (Folia Primatol 35:1-29)",Stephan_etal_1981_TableVI,1,Stephan et al 1981; Zilles and Rehkamper 1988,,,NA,direct_same_structure_unique,,,215,2019
Pithecia_monachus,Pithecia monachus,Telencephalon,Telencephalon_Vol.mm3,crosswalk_exact,24920,resolved_unique,Stephan_etal_1981_TableIII,"Stephan, Frahm & Baron 1981 (Folia Primatol 35:1-29)",Stephan_etal_1981_TableIII,1,Stephan et al 1981; Zilles and Rehkamper 1988,,,NA,direct_same_structure_unique,,,243,2019
Pithecia_monachus,Pithecia monachus,Total_brain_net_volume,Total_brain_net_volume_Vol.mm3,crosswalk_exact,32867,resolved_unique,Stephan_etal_1981_TableIII,"Stephan, Frahm & Baron 1981 (Folia Primatol 35:1-29)",Stephan_etal_1981_TableIII,1,Stephan et al 1981,,,NA,direct_same_structure_unique,,,243,2019
Pithecia_monachus,Pithecia monachus,Ventricles,Ventricles_Vol.mm3,crosswalk_exact,631,resolved_unique,Stephan_etal_1981_TableIII,"Stephan, Frahm & Baron 1981 (Folia Primatol 35:1-29)",Stephan_etal_1981_TableIII,1,Stephan et al 1981,,,NA,direct_same_structure_unique,,,243,2019
Pithecia_pithecia,Pithecia pithecia,Agranular_volume_L,Agranular_insular_cortex_left_Vol.mm3,crosswalk_exact,104,resolved_unique,Bauernfeind_etal_2013_Table1,Bauernfeind et al. 2013 (J Hum Evol 64:263-279),Bauernfeind_etal_2013_Table1,1,Bauernfeind et al 2013,,,NA,direct_same_structure_unique,,,181,2019
Pithecia_pithecia,Pithecia pithecia,Body_mass,Body_Mass.g,crosswalk_exact,1580,resolved_unique,Bauernfeind_etal_2013_Table1,Bauernfeind et al. 2013 (J Hum Evol 64:263-279),Bauernfeind_etal_2013_Table1,1,Bauernfeind et al 2013,,,NA,direct_same_structure_unique,,,181,2019
Pithecia_pithecia,Pithecia pithecia,Body_weight,Body_Mass.g,crosswalk_exact,1580,resolved_unique,Bauernfeind_etal_2013_Table1,Bauernfeind et al. 2013 (J Hum Evol 64:263-279),Bauernfeind_etal_2013_Table1,1,Stephan et al 1981; Zilles and Rehkamper 1988; Bauernfeind et al 2013,,,NA,direct_same_structure_unique,,,181,2019
Pithecia_pithecia,Pithecia pithecia,Brain_mass,Brain_Mass.mg,crosswalk_exact,30000,resolved_unique,Bauernfeind_etal_2013_Table1,Bauernfeind et al. 2013 (J Hum Evol 64:263-279),Bauernfeind_etal_2013_Table1,1,Bauernfeind et al 2013,1000,,NA,direct_same_structure_unique,,,181,2019
Pithecia_pithecia,Pithecia pithecia,Brain_volume,NA,no_defensible_volume_key,28958,metadata_only,NA,NA,,0,Bauernfeind et al 2013,,,NA,metadata_only_no_volume_crosswalk,,,0,2019
Pithecia_pithecia,Pithecia pithecia,Brain_weight,Brain_Mass.mg,crosswalk_exact,30000,resolved_unique,Bauernfeind_etal_2013_Table1,Bauernfeind et al. 2013 (J Hum Evol 64:263-279),Bauernfeind_etal_2013_Table1,1,Stephan et al 1981; Zilles and Rehkamper 1988; Bauernfeind et al 2013,1000,,NA,direct_same_structure_unique,,,181,2019
Pithecia_pithecia,Pithecia pithecia,Dysgranular_volume_L,Dysgranular_insular_cortex_left_Vol.mm3,crosswalk_exact,135,resolved_unique,Bauernfeind_etal_2013_Table1,Bauernfeind et al. 2013 (J Hum Evol 64:263-279),Bauernfeind_etal_2013_Table1,1,Bauernfeind et al 2013,,,NA,direct_same_structure_unique,,,181,2019
Pithecia_pithecia,Pithecia pithecia,Frontal.motor,FrontalMotor_white_matter_Vol.mm3,crosswalk_exact,0.5,resolved_fallback_metadata,Smaers_etal_2017_TableS1part1,"Smaers et al. 2017 (Curr Biol 27:714-720, Table S1)",Smaers_etal_2017_TableS1part1,0,Smaers et al 2017,,,NA,metadata_tables_near_perfect,Smaers_etal_2017_TableS1part1,Smaers_etal_2017_TableS1part1 = 496 (FrontalMotor_white_matter_Vol.mm3; 0.80%; scale 0.001; 0 prior contributions),0,2019
Pithecia_pithecia,Pithecia pithecia,Frontal.motor.Gray,FrontalMotor_grey_matter_Vol.mm3,crosswalk_exact,0.82,resolved_fallback_metadata,Smaers_etal_2017_TableS1part1,"Smaers et al. 2017 (Curr Biol 27:714-720, Table S1)",Smaers_etal_2017_TableS1part1,0,Smaers et al 2017,,,NA,metadata_tables_near_perfect,Smaers_etal_2017_TableS1part1; Smaers_etal_2017 [restricted: Smaers.csv],Smaers_etal_2017_TableS1part1 = 819 (FrontalMotor_grey_matter_Vol.mm3; 0.12%; scale 0.001; 0 prior contributions),0,2019
Pithecia_pithecia,Pithecia pithecia,Granular_volume_L,Granular_insular_cortex_left_Vol.mm3,crosswalk_exact,40,resolved_unique,Bauernfeind_etal_2013_Table1,Bauernfeind et al. 2013 (J Hum Evol 64:263-279),Bauernfeind_etal_2013_Table1,1,Bauernfeind et al 2013,,,NA,direct_same_structure_unique,,,181,2019
Pithecia_pithecia,Pithecia pithecia,Other.cortical.association.areas.Gray,AssociationCortex_grey_matter_Vol.mm3,crosswalk_exact,9.24,resolved_fallback_metadata,Smaers_etal_2017_TableS1part1,"Smaers et al. 2017 (Curr Biol 27:714-720, Table S1)",Smaers_etal_2017_TableS1part1,0,Smaers et al 2017,,,NA,metadata_tables_near_perfect,Smaers_etal_2017_TableS1part1; Smaers_etal_2017 [restricted: Smaers.csv],Smaers_etal_2017_TableS1part1 = 9242 (AssociationCortex_grey_matter_Vol.mm3; 0.02%; scale 0.001; 0 prior contributions),0,2019
Pithecia_pithecia,Pithecia pithecia,Other.cortical.association.areas.White,AssociationCortex_white_matter_Vol.mm3,crosswalk_exact,4.2,resolved_fallback_metadata,Smaers_etal_2017_TableS1part1,"Smaers et al. 2017 (Curr Biol 27:714-720, Table S1)",Smaers_etal_2017_TableS1part1,0,Smaers et al 2017,,,NA,metadata_tables_near_perfect,Smaers_etal_2017_TableS1part1; Smaers_etal_2017 [restricted: Smaers.csv],Smaers_etal_2017_TableS1part1 = 4200 (AssociationCortex_white_matter_Vol.mm3; 0.00%; scale 0.001; 0 prior contributions),0,2019
Pithecia_pithecia,Pithecia pithecia,Prefrontal.Gray,PrefrontalCortex_grey_matter_Vol.mm3,crosswalk_exact,0.6,resolved_fallback_metadata,Smaers_etal_2017_TableS1part1,"Smaers et al. 2017 (Curr Biol 27:714-720, Table S1)",Smaers_etal_2017_TableS1part1,0,Smaers et al 2017,,,NA,metadata_tables_near_perfect,Smaers_etal_2017_TableS1part1; Smaers_etal_2017 [restricted: Smaers.csv],Smaers_etal_2017_TableS1part1 = 600 (PrefrontalCortex_grey_matter_Vol.mm3; 0.00%; scale 0.001; 0 prior contributions),0,2019
Pithecia_pithecia,Pithecia pithecia,Prefrontal.White,PrefrontalCortex_white_matter_Vol.mm3,crosswalk_exact,0.08,resolved_fallback_metadata,Smaers_etal_2017_TableS1part1,"Smaers et al. 2017 (Curr Biol 27:714-720, Table S1)",Smaers_etal_2017_TableS1part1,0,Smaers et al 2017,,,NA,metadata_tables_near_perfect,Smaers_etal_2017_TableS1part1; Smaers_etal_2017 [restricted: Smaers.csv],Smaers_etal_2017_TableS1part1 = 81 (PrefrontalCortex_white_matter_Vol.mm3; 1.23%; scale 0.001; 0 prior contributions),0,2019
Pithecia_pithecia,Pithecia pithecia,Primary.visual.White.Smaers,Area_striata_white_matter_Vol.mm3,crosswalk_exact,0.45,resolved_fallback_metadata,Smaers_etal_2017_TableS1part1,"Smaers et al. 2017 (Curr Biol 27:714-720, Table S1)",Smaers_etal_2017_TableS1part1,0,Smaers et al 2017,,,NA,metadata_tables_near_perfect,Smaers_etal_2017_TableS1part1; Smaers_etal_2017 [restricted: Smaers.csv],Smaers_etal_2017_TableS1part1 = 451 (Area_striata_white_matter_Vol.mm3; 0.22%; scale 0.001; 0 prior contributions),0,2019
Pithecia_pithecia,Pithecia pithecia,Total_insula_volume_L,Insula_left_Vol.mm3,crosswalk_exact,279,resolved_unique,Bauernfeind_etal_2013_Table1,Bauernfeind et al. 2013 (J Hum Evol 64:263-279),Bauernfeind_etal_2013_Table1,1,Bauernfeind et al 2013,,,NA,direct_same_structure_unique,,,181,2019
Plecturocebus_moloch,Callicebus moloch,ASG_Sousa,Area_striata_grey_matter_Vol.mm3,crosswalk_exact,1201,resolved_fallback_metadata,deSousa_etal_2010_SupTable2,de Sousa et al. 2010 (J Hum Evol 58:281-292),Frahm_etal_1984_Table1; deSousa_etal_2010_SupTable2; Frahm_etal_1998_Table1,1,de Sousa et al 2010,,,Evo-M1 value matches Frahm_etal_1984_Table1 (not the metadata source); attributed to metadata source; see source_hunt,metadata_tables_near_perfect,deSousa_etal_2010_SupTable2; Frahm_etal_1998_Table1; Frahm_etal_1984_Table1; deSousa_etal_2010 [restricted: Visual_volumes.xlsx]; deSousa_etal_2010 [restricted: deSousa_2010.csv]; Stephan_etal_1981 [restricted: Stephan_1981.csv],deSousa_etal_2010_SupTable2 = 1200 (Area_striata_grey_matter_Vol.mm3; 0.08%; scale 1; 0 prior contributions),0,2019
Plecturocebus_moloch,Callicebus moloch,Body_weight,Body_Mass.g,crosswalk_exact,900,resolved_multiple,Stephan_etal_1981_TableIII,"Stephan, Frahm & Baron 1981 (Folia Primatol 35:1-29)",Matano__1986_TableI; Matano_etal_1985_a_Table1; Matano_etal_1985_b_Table1; Stephan_etal_1981_TableIII; Stephan_etal_1988_TABLE1,5,Stephan et al 1981; Zilles and Rehkamper 1988; Bauernfeind et al 2013,,,NA,direct_same_structure_multiple,,,243,2019
Plecturocebus_moloch,Callicebus moloch,Body_weight_1985a,Body_Mass.g,crosswalk_exact,900,resolved_multiple,Matano_etal_1985_a_Table1,Matano et al. 1985 (Folia Primatol 44:182-203),Matano__1986_TableI; Matano_etal_1985_a_Table1; Matano_etal_1985_b_Table1; Stephan_etal_1981_TableIII; Stephan_etal_1988_TABLE1,5,NA,,,NA,direct_same_structure_multiple,,,220,2019
Plecturocebus_moloch,Callicebus moloch,Brain_weight,Brain_Mass.mg,crosswalk_exact,19000,resolved_multiple,Stephan_etal_1981_TableIII,"Stephan, Frahm & Baron 1981 (Folia Primatol 35:1-29)",Stephan_etal_1981_TableIII; Stephan_etal_1988_TABLE1,2,Stephan et al 1981; Zilles and Rehkamper 1988; Bauernfeind et al 2013,,,NA,direct_same_structure_multiple,,,243,2019
Plecturocebus_moloch,Callicebus moloch,Brainvol,NA,no_defensible_volume_key,18339.77,metadata_only,NA,NA,,0,de Sousa et al 2010; Stephan et al 1981,,,NA,metadata_only_no_volume_crosswalk,,,0,2019
Plecturocebus_moloch,Callicebus moloch,Bulbus_olfactorius,Bulbus_olfactorius_Vol.mm3,crosswalk_exact,19.2,resolved_unique,Stephan_etal_1981_TableVI,"Stephan, Frahm & Baron 1981 (Folia Primatol 35:1-29)",Stephan_etal_1981_TableVI,1,Stephan et al 1981,,,NA,direct_same_structure_unique,,,215,2019
Plecturocebus_moloch,Callicebus moloch,Bulbus_olfactorius_accessorius,Bulbus_olfactorius_accessorius_Vol.mm3,crosswalk_exact,0.33,likely_fallback_metadata,Stephan_etal_1981_TableVI,"Stephan, Frahm & Baron 1981 (Folia Primatol 35:1-29)",Stephan_etal_1981_TableVI,1,Stephan et al 1981,,,Stephan_etal_1981_TableVI = 0.325 (1.5%),metadata_tables_close_same_structure,Stephan_etal_1981_TableVI; Stephan_etal_1981 [restricted: Stephan_1981.csv],Stephan_etal_1981_TableVI = 0.325 (Bulbus_olfactorius_accessorius_Vol.mm3; 1.52%; scale 1; 215 prior contributions),215,2019
Plecturocebus_moloch,Callicebus moloch,Cerebellar_nuclei_total,Cerebellar_nuclei_total_Vol.mm3,crosswalk_exact,61.41,resolved_unique,Matano_etal_1985_a_Table1,Matano et al. 1985 (Folia Primatol 44:182-203),Matano_etal_1985_a_Table1,1,NA,,,NA,direct_same_structure_unique,,,220,2019
Plecturocebus_moloch,Callicebus moloch,Cerebellum,Cerebellum_Vol.mm3,crosswalk_exact,1622,resolved_unique,Stephan_etal_1981_TableIII,"Stephan, Frahm & Baron 1981 (Folia Primatol 35:1-29)",Stephan_etal_1981_TableIII,1,Stephan et al 1981; Zilles and Rehkamper 1988,,,NA,direct_same_structure_unique,,,243,2019
Plecturocebus_moloch,Callicebus moloch,Corpus.pineale,Corpus_pineal_Vol.mm3,crosswalk_exact,2.9,resolved_unique,Stephan_etal_1981_TableXVI,"Stephan, Frahm & Baron 1981 (Folia Primatol 35:1-29)",Stephan_etal_1981_TableXVI,1,Stephan et al 1981,,,NA,direct_same_structure_unique,,,103,2019
Plecturocebus_moloch,Callicebus moloch,Corpus.subcommissurale,Corpus_subcommissurale_Vol.mm3,crosswalk_exact,0.15,resolved_unique,Stephan_etal_1981_TableXVI,"Stephan, Frahm & Baron 1981 (Folia Primatol 35:1-29)",Stephan_etal_1981_TableXVI,1,Stephan et al 1981,,,NA,direct_same_structure_unique,,,103,2019
Plecturocebus_moloch,Callicebus moloch,Corpus.subfornicale,Corpus_subfornicale_Vol.mm3,crosswalk_exact,0.14,resolved_unique,Stephan_etal_1981_TableXVI,"Stephan, Frahm & Baron 1981 (Folia Primatol 35:1-29)",Stephan_etal_1981_TableXVI,1,Stephan et al 1981,,,NA,direct_same_structure_unique,,,103,2019
Plecturocebus_moloch,Callicebus moloch,Diencephalon,Diencephalon_Vol.mm3,crosswalk_exact,1375,resolved_unique,Stephan_etal_1981_TableIII,"Stephan, Frahm & Baron 1981 (Folia Primatol 35:1-29)",Stephan_etal_1981_TableIII,1,Stephan et al 1981; Zilles and Rehkamper 1988,,,NA,direct_same_structure_unique,,,243,2019
Plecturocebus_moloch,Callicebus moloch,Hippocampus,Hippocampus_Vol.mm3,crosswalk_exact,588,resolved_unique,Stephan_etal_1981_TableVI,"Stephan, Frahm & Baron 1981 (Folia Primatol 35:1-29)",Stephan_etal_1981_TableVI,1,Stephan et al 1981; Zilles and Rehkamper 1988,,,NA,direct_same_structure_unique,,,215,2019
Plecturocebus_moloch,Callicebus moloch,Interpositus_cerebellar_nuclei,Interpositus_cerebellar_nuclei_Vol.mm3,crosswalk_exact,19.47,resolved_unique,Matano_etal_1985_a_Table1,Matano et al. 1985 (Folia Primatol 44:182-203),Matano_etal_1985_a_Table1,1,NA,,,NA,direct_same_structure_unique,,,220,2019
Plecturocebus_moloch,Callicebus moloch,LGN_Sousa,Corpus_geniculatum_laterale_Vol.mm3,crosswalk_exact,54.2,resolved_fallback_metadata,deSousa_etal_2010_SupTable2,de Sousa et al. 2010 (J Hum Evol 58:281-292),Stephan_etal_1984_Table1; deSousa_etal_2010_SupTable2; Frahm_etal_1998_Table1; Stephan_etal_1981_TableIX,2,de Sousa et al 2010; de Sousa et al 2013,,,Evo-M1 value matches Stephan_etal_1984_Table1 (not the metadata source); attributed to metadata source; see source_hunt,metadata_tables_near_perfect,deSousa_etal_2010_SupTable2; Frahm_etal_1998_Table1; Stephan_etal_1984_Table1; Stephan_etal_1981_TableIX; deSousa_etal_2010 [restricted: Visual_volumes.xlsx]; deSousa_etal_2010 [restricted: deSousa_2010.csv],deSousa_etal_2010_SupTable2 = 54 (Corpus_geniculatum_laterale_Vol.mm3; 0.37%; scale 1; 0 prior contributions),0,2019
Plecturocebus_moloch,Callicebus moloch,Lateral_cerebellar_nuclei,Lateral_cerebellar_nuclei_Vol.mm3,crosswalk_exact,21.24,resolved_unique,Matano_etal_1985_a_Table1,Matano et al. 1985 (Folia Primatol 44:182-203),Matano_etal_1985_a_Table1,1,NA,,,NA,direct_same_structure_unique,,,220,2019
Plecturocebus_moloch,Callicebus moloch,Lobus_piriformis,Lobus_piriformis_Vol.mm3,crosswalk_exact,454,resolved_unique,Stephan_etal_1981_TableVI,"Stephan, Frahm & Baron 1981 (Folia Primatol 35:1-29)",Stephan_etal_1981_TableVI,1,Stephan et al 1981; Zilles and Rehkamper 1988,,,NA,direct_same_structure_unique,,,215,2019
Plecturocebus_moloch,Callicebus moloch,Medial_cerebellar_nuclei,Medial_cerebellar_nuclei_Vol.mm3,crosswalk_exact,20.7,resolved_unique,Matano_etal_1985_a_Table1,Matano et al. 1985 (Folia Primatol 44:182-203),Matano_etal_1985_a_Table1,1,NA,,,NA,direct_same_structure_unique,,,220,2019
Plecturocebus_moloch,Callicebus moloch,Medulla_oblongata,Medulla_oblongata_Vol.mm3,crosswalk_exact,787,resolved_unique,Stephan_etal_1981_TableIII,"Stephan, Frahm & Baron 1981 (Folia Primatol 35:1-29)",Stephan_etal_1981_TableIII,1,Stephan et al 1981; Zilles and Rehkamper 1988,,,NA,direct_same_structure_unique,,,243,2019
Plecturocebus_moloch,Callicebus moloch,Meninges_hypophysis_nerves_etc,NA,no_defensible_volume_key,242,metadata_only,NA,NA,,0,Stephan et al 1981,,,NA,metadata_only_no_volume_crosswalk,,,0,2019
Plecturocebus_moloch,Callicebus moloch,Mesencephalon,Mesencephalon_Vol.mm3,crosswalk_exact,530,resolved_unique,Stephan_etal_1981_TableIII,"Stephan, Frahm & Baron 1981 (Folia Primatol 35:1-29)",Stephan_etal_1981_TableIII,1,Stephan et al 1981; Zilles and Rehkamper 1988,,,NA,direct_same_structure_unique,,,243,2019
Plecturocebus_moloch,Callicebus moloch,NeoWG,Neocortex_Vol.mm3,crosswalk_exact,11163,resolved_unique,Stephan_etal_1981_TableVI,"Stephan, Frahm & Baron 1981 (Folia Primatol 35:1-29)",Stephan_etal_1981_TableVI,1,Stephan et al 1981; Zilles and Rehkamper 1988,,,NA,direct_same_structure_unique,,,215,2019
Plecturocebus_moloch,Callicebus moloch,Nucleus.habenularis.medialis,Nucleus_habenularis_medialis_Vol.mm3,crosswalk_exact,2.66,resolved_unique,Stephan_etal_1981_TableXVI,"Stephan, Frahm & Baron 1981 (Folia Primatol 35:1-29)",Stephan_etal_1981_TableXVI,1,Stephan et al 1981,,,NA,direct_same_structure_unique,,,103,2019
Plecturocebus_moloch,Callicebus moloch,Nucleus.septalis.triangularis,Nucleus_septalis_triangularis_Vol.mm3,crosswalk_exact,0.89,resolved_unique,Stephan_etal_1981_TableXVI,"Stephan, Frahm & Baron 1981 (Folia Primatol 35:1-29)",Stephan_etal_1981_TableXVI,1,Stephan et al 1981,,,NA,direct_same_structure_unique,,,103,2019
Plecturocebus_moloch,Callicebus moloch,Pons,Ventral_pons_Vol.mm3,Matano ventral pons,105.9,resolved_unique,Matano_etal_1985_b_Table1,Matano et al. 1985 (Folia Primatol 44:182-203),Matano_etal_1985_b_Table1,1,Matano et al 1985; Zilles and Rehkamper 1988,,,NA,direct_same_structure_unique,,,40,2019
Plecturocebus_moloch,Callicebus moloch,Schizocortex,Schizo_cortex_Vol.mm3,crosswalk_exact,234,resolved_unique,Stephan_etal_1981_TableVI,"Stephan, Frahm & Baron 1981 (Folia Primatol 35:1-29)",Stephan_etal_1981_TableVI,1,Stephan et al 1981,,,NA,direct_same_structure_unique,,,215,2019
Plecturocebus_moloch,Callicebus moloch,Septum,Septum_Vol.mm3,crosswalk_exact,86.4,resolved_unique,Stephan_etal_1981_TableVI,"Stephan, Frahm & Baron 1981 (Folia Primatol 35:1-29)",Stephan_etal_1981_TableVI,1,Stephan et al 1981; Zilles and Rehkamper 1988,,,NA,direct_same_structure_unique,,,215,2019
Plecturocebus_moloch,Callicebus moloch,Striatum,Striatum_Vol.mm3,crosswalk_exact,920,resolved_unique,Stephan_etal_1981_TableVI,"Stephan, Frahm & Baron 1981 (Folia Primatol 35:1-29)",Stephan_etal_1981_TableVI,1,Stephan et al 1981; Zilles and Rehkamper 1988,,,NA,direct_same_structure_unique,,,215,2019
Plecturocebus_moloch,Callicebus moloch,Telencephalon,Telencephalon_Vol.mm3,crosswalk_exact,13465,resolved_unique,Stephan_etal_1981_TableIII,"Stephan, Frahm & Baron 1981 (Folia Primatol 35:1-29)",Stephan_etal_1981_TableIII,1,Stephan et al 1981; Zilles and Rehkamper 1988,,,NA,direct_same_structure_unique,,,243,2019
Plecturocebus_moloch,Callicebus moloch,Total_brain_net_volume,Total_brain_net_volume_Vol.mm3,crosswalk_exact,17944,resolved_unique,Stephan_etal_1981_TableIII,"Stephan, Frahm & Baron 1981 (Folia Primatol 35:1-29)",Stephan_etal_1981_TableIII,1,Stephan et al 1981,,,NA,direct_same_structure_unique,,,243,2019
Plecturocebus_moloch,Callicebus moloch,Ventricles,Ventricles_Vol.mm3,crosswalk_exact,279,resolved_unique,Stephan_etal_1981_TableIII,"Stephan, Frahm & Baron 1981 (Folia Primatol 35:1-29)",Stephan_etal_1981_TableIII,1,Stephan et al 1981,,,NA,direct_same_structure_unique,,,243,2019
Pongo_abelii,Pongo sp.,Agranular_volume_L,Agranular_insular_cortex_left_Vol.mm3,crosswalk_exact,321.5,value_differs,NA,NA,,1,Bauernfeind et al 2013,,,Bauernfeind_etal_2013_Table1 = 254.75 (20.8%),unresolved_after_direct_match,,,0,2019
Pongo_abelii,Pongo sp.,Body_mass,Body_Mass.g,crosswalk_exact,35600,value_differs,NA,NA,,1,Bauernfeind et al 2013,,,Bauernfeind_etal_2013_Table1 = 46325 (23.2%),unresolved_after_direct_match,,,0,2019
Pongo_abelii,Pongo sp.,Body_weight,Body_Mass.g,crosswalk_exact,35600,value_differs,NA,NA,,1,Stephan et al 1981; Zilles and Rehkamper 1988; Bauernfeind et al 2013,,,Bauernfeind_etal_2013_Table1 = 46325 (23.2%),unresolved_after_direct_match,,,0,2019
Pongo_abelii,Pongo sp.,Brain_mass,Brain_Mass.mg,crosswalk_exact,345900,likely_fallback_metadata,Bauernfeind_etal_2013_Table1,Bauernfeind et al. 2013 (J Hum Evol 64:263-279),Bauernfeind_etal_2013_Table1,2,Bauernfeind et al 2013,1000,,deSousa_etal_2013_Table1 = 384667 (10.1%),metadata_tables_close_same_structure,Bauernfeind_etal_2013_Table1; Bauernfeind_etal_2013 [restricted: Bauernfeind_2013.csv]; Bauernfeind_etal_2013 [restricted: insulaAmy.xls],Bauernfeind_etal_2013_Table1 = 353.2 (Brain_Mass.mg; 2.07%; scale 1000; 181 prior contributions),181,2019
Pongo_abelii,Pongo sp.,Brain_volume,NA,no_defensible_volume_key,333880,metadata_only,NA,NA,,0,Bauernfeind et al 2013,,,NA,metadata_only_no_volume_crosswalk,,,0,2019
Pongo_abelii,Pongo sp.,Brain_weight,Brain_Mass.mg,crosswalk_exact,345900,likely_fallback_metadata,Bauernfeind_etal_2013_Table1,Bauernfeind et al. 2013 (J Hum Evol 64:263-279),Bauernfeind_etal_2013_Table1,2,Stephan et al 1981; Zilles and Rehkamper 1988; Bauernfeind et al 2013,1000,,deSousa_etal_2013_Table1 = 384667 (10.1%),metadata_tables_close_same_structure,Bauernfeind_etal_2013_Table1; Bauernfeind_etal_2013 [restricted: Bauernfeind_2013.csv]; Bauernfeind_etal_2013 [restricted: insulaAmy.xls],Bauernfeind_etal_2013_Table1 = 353.2 (Brain_Mass.mg; 2.07%; scale 1000; 181 prior contributions),181,2019
Pongo_abelii,Pongo sp.,Dysgranular_volume_L,Dysgranular_insular_cortex_left_Vol.mm3,crosswalk_exact,599.5,value_differs,NA,NA,,1,Bauernfeind et al 2013,,,Bauernfeind_etal_2013_Table1 = 828.25 (27.6%),unresolved_after_direct_match,,,0,2019
Pongo_abelii,Pongo sp.,FI_volume_L,fronto_insular_cortex_left_Vol.mm3,crosswalk_exact,19.5,value_differs,NA,NA,,1,Bauernfeind et al 2013,,,Bauernfeind_etal_2013_Table1 = 39.75 (50.9%),unresolved_after_direct_match,,,0,2019
Pongo_abelii,Pongo sp.,Granular_volume_L,Granular_insular_cortex_left_Vol.mm3,crosswalk_exact,218.5,likely_fallback_metadata,Bauernfeind_etal_2013_Table1,Bauernfeind et al. 2013 (J Hum Evol 64:263-279),Bauernfeind_etal_2013_Table1,1,Bauernfeind et al 2013,,,Bauernfeind_etal_2013_Table1 = 208.75 (4.5%),metadata_tables_close_same_structure,Bauernfeind_etal_2013_Table1; Bauernfeind_etal_2013 [restricted: Bauernfeind_2013.csv],Bauernfeind_etal_2013_Table1 = 208.75 (Granular_insular_cortex_left_Vol.mm3; 4.46%; scale 1; 181 prior contributions),181,2019
Pongo_abelii,Pongo sp.,Total_insula_volume_L,Insula_left_Vol.mm3,crosswalk_exact,1158,likely_fallback_restricted,Bauernfeind_etal_2013 [restricted: insulaAmy.xls],Bauernfeind et al. 2013 (J Hum Evol 64:263-279),Bauernfeind_etal_2013 [restricted: insulaAmy.xls],1,Bauernfeind et al 2013,1000,,Bauernfeind_etal_2013_Table1 = 1331.5 (13.0%),restricted_documents_close_metadata_source,Bauernfeind_etal_2013 [restricted: insulaAmy.xls],Bauernfeind_etal_2013 [restricted: insulaAmy.xls] = 1.204335 (3.85%; scale 1000; restricted_checks/Bauernfeind_etal_2013/comparison/insulaAmy.xls R21C4; 181 prior contributions),181,2019
Pongo_pygmaeus,Pongo sp.,ASG_Sousa,Area_striata_grey_matter_Vol.mm3,crosswalk_exact,8233.7,resolved_fallback_metadata,deSousa_etal_2010_SupTable2,de Sousa et al. 2010 (J Hum Evol 58:281-292),deSousa_etal_2010_SupTable2; Zilles_Rehkämper_1988_Table12-2,1,de Sousa et al 2010,,,Zilles_Rehkämper_1988_Table12-2 = 8400 (2.0%),metadata_tables_near_perfect,deSousa_etal_2010_SupTable2; Zilles_Rehkämper_1988_Table12-2; deSousa_etal_2010 [restricted: deSousa_2010.csv]; deSousa_etal_2010 [restricted: Visual_volumes.xlsx],deSousa_etal_2010_SupTable2 = 8200 (Area_striata_grey_matter_Vol.mm3; 0.41%; scale 1; 0 prior contributions),0,2019
Pongo_pygmaeus,Pongo sp.,Agranular_volume_L,Agranular_insular_cortex_left_Vol.mm3,crosswalk_exact,188,value_differs,NA,NA,,1,Bauernfeind et al 2013,,,Bauernfeind_etal_2013_Table1 = 254.75 (26.2%),unresolved_after_direct_match,,,0,2019
Pongo_pygmaeus,Pongo sp.,Amygdala,Amygdala_Vol.mm3,crosswalk_exact,1400,resolved_unique,Zilles_Rehkämper_1988_Table12-2,Zilles & Rehkamper 1988 (Table 12-2),Zilles_Rehkämper_1988_Table12-2,1,Stephan et al 1981; Zilles and Rehkamper 1988,,,NA,direct_same_structure_unique,,,14,2019
Pongo_pygmaeus,Pongo sp.,Body_mass,Body_Mass.g,crosswalk_exact,57050,value_differs,NA,NA,,1,Bauernfeind et al 2013,,,Bauernfeind_etal_2013_Table1 = 46325 (18.8%),unresolved_after_direct_match,,,0,2019
Pongo_pygmaeus,Pongo sp.,Body_weight,Body_Mass.g,crosswalk_exact,57050,value_differs,NA,NA,,1,Stephan et al 1981; Zilles and Rehkamper 1988; Bauernfeind et al 2013,,,Bauernfeind_etal_2013_Table1 = 46325 (18.8%),unresolved_after_direct_match,,,0,2019
Pongo_pygmaeus,Pongo sp.,Brain_mass,Brain_Mass.mg,crosswalk_exact,360500,likely_fallback_metadata,Bauernfeind_etal_2013_Table1,Bauernfeind et al. 2013 (J Hum Evol 64:263-279),Bauernfeind_etal_2013_Table1,2,Bauernfeind et al 2013,1000,,deSousa_etal_2013_Table1 = 384667 (6.3%),metadata_tables_close_same_structure,Bauernfeind_etal_2013_Table1; Bauernfeind_etal_2013 [restricted: Bauernfeind_2013.csv]; Bauernfeind_etal_2013 [restricted: insulaAmy.xls],Bauernfeind_etal_2013_Table1 = 353.2 (Brain_Mass.mg; 2.02%; scale 1000; 181 prior contributions),181,2019
Pongo_pygmaeus,Pongo sp.,Brain_volume,NA,no_defensible_volume_key,347970,metadata_only,NA,NA,,0,Bauernfeind et al 2013,,,NA,metadata_only_no_volume_crosswalk,,,0,2019
Pongo_pygmaeus,Pongo sp.,Brain_weight,Brain_Mass.mg,crosswalk_exact,336000,resolved_fallback_restricted,Bauernfeind_etal_2013 [restricted: insulaAmy.xls],Bauernfeind et al. 2013 (J Hum Evol 64:263-279),Bauernfeind_etal_2013_Table1; Bauernfeind_etal_2013 [restricted: insulaAmy.xls],2,Stephan et al 1981; Zilles and Rehkamper 1988; Bauernfeind et al 2013,1000,,deSousa_etal_2013_Table1 = 384667 (12.7%),restricted_documents_near_perfect,Bauernfeind_etal_2013_Table1; Bauernfeind_etal_2013 [restricted: insulaAmy.xls]; Bauernfeind_etal_2013 [restricted: Bauernfeind_2013.csv],Bauernfeind_etal_2013 [restricted: insulaAmy.xls] = 333.8 (0.65%; scale 1000; restricted_checks/Bauernfeind_etal_2013/comparison/insulaAmy.xls R23C2; 181 prior contributions),181,2019
Pongo_pygmaeus,Pongo sp.,Brainvol,NA,no_defensible_volume_key,371299.87,metadata_only,NA,NA,,0,de Sousa et al 2010; Stephan et al 1981,,,NA,metadata_only_no_volume_crosswalk,,,0,2019
Pongo_pygmaeus,Pongo sp.,Cerebellum,Cerebellum_Vol.mm3,crosswalk_exact,42900,resolved_unique,Zilles_Rehkämper_1988_Table12-2,Zilles & Rehkamper 1988 (Table 12-2),Zilles_Rehkämper_1988_Table12-2,1,Stephan et al 1981; Zilles and Rehkamper 1988,,,NA,direct_same_structure_unique,,,14,2019
Pongo_pygmaeus,Pongo sp.,Diencephalon,Diencephalon_Vol.mm3,crosswalk_exact,13500,resolved_unique,Zilles_Rehkämper_1988_Table12-2,Zilles & Rehkamper 1988 (Table 12-2),Zilles_Rehkämper_1988_Table12-2,1,Stephan et al 1981; Zilles and Rehkamper 1988,,,NA,direct_same_structure_unique,,,14,2019
Pongo_pygmaeus,Pongo sp.,Dysgranular_volume_L,Dysgranular_insular_cortex_left_Vol.mm3,crosswalk_exact,1057,value_differs,NA,NA,,1,Bauernfeind et al 2013,,,Bauernfeind_etal_2013_Table1 = 828.25 (21.6%),unresolved_after_direct_match,,,0,2019
Pongo_pygmaeus,Pongo sp.,FI_volume_L,fronto_insular_cortex_left_Vol.mm3,crosswalk_exact,60,value_differs,NA,NA,,1,Bauernfeind et al 2013,,,Bauernfeind_etal_2013_Table1 = 39.75 (33.8%),unresolved_after_direct_match,,,0,2019
Pongo_pygmaeus,Pongo sp.,Frontal.motor,FrontalMotor_white_matter_Vol.mm3,crosswalk_exact,4.75,resolved_fallback_metadata,Smaers_etal_2017_TableS1part1,"Smaers et al. 2017 (Curr Biol 27:714-720, Table S1)",Smaers_etal_2017_TableS1part1,0,Smaers et al 2017,,,NA,metadata_tables_near_perfect,Smaers_etal_2017_TableS1part1,Smaers_etal_2017_TableS1part1 = 4745 (FrontalMotor_white_matter_Vol.mm3; 0.11%; scale 0.001; 0 prior contributions),0,2019
Pongo_pygmaeus,Pongo sp.,Frontal.motor.Gray,FrontalMotor_grey_matter_Vol.mm3,crosswalk_exact,6.35,resolved_fallback_metadata,Smaers_etal_2017_TableS1part1,"Smaers et al. 2017 (Curr Biol 27:714-720, Table S1)",Smaers_etal_2017_TableS1part1,0,Smaers et al 2017,,,NA,metadata_tables_near_perfect,Smaers_etal_2017_TableS1part1; Smaers_etal_2017 [restricted: Smaers.csv],Smaers_etal_2017_TableS1part1 = 6353 (FrontalMotor_grey_matter_Vol.mm3; 0.05%; scale 0.001; 0 prior contributions),0,2019
Pongo_pygmaeus,Pongo sp.,Granular_volume_L,Granular_insular_cortex_left_Vol.mm3,crosswalk_exact,199,likely_fallback_metadata,Bauernfeind_etal_2013_Table1,Bauernfeind et al. 2013 (J Hum Evol 64:263-279),Bauernfeind_etal_2013_Table1,1,Bauernfeind et al 2013,,,Bauernfeind_etal_2013_Table1 = 208.75 (4.7%),metadata_tables_close_same_structure,Bauernfeind_etal_2013_Table1; Bauernfeind_etal_2013 [restricted: Bauernfeind_2013.csv],Bauernfeind_etal_2013_Table1 = 208.75 (Granular_insular_cortex_left_Vol.mm3; 4.67%; scale 1; 181 prior contributions),181,2019
Pongo_pygmaeus,Pongo sp.,Hippocampus,Hippocampus_Vol.mm3,crosswalk_exact,2700,resolved_unique,Zilles_Rehkämper_1988_Table12-2,Zilles & Rehkamper 1988 (Table 12-2),Zilles_Rehkämper_1988_Table12-2,1,Stephan et al 1981; Zilles and Rehkamper 1988,,,NA,direct_same_structure_unique,,,14,2019
Pongo_pygmaeus,Pongo sp.,LGN_Sousa,Corpus_geniculatum_laterale_Vol.mm3,crosswalk_exact,259.1,resolved_unique,deSousa_etal_2013_Table1,de Sousa et al. 2013 (Brain Behav Evol 81:93-108),deSousa_etal_2013_Table1,1,de Sousa et al 2010; de Sousa et al 2013,,,NA,direct_same_structure_unique,,,15,2019
Pongo_pygmaeus,Pongo sp.,Lobus_piriformis,Lobus_piriformis_Vol.mm3,crosswalk_exact,3800,provenance_gap,NA,NA,,0,Stephan et al 1981; Zilles and Rehkamper 1988,,,NA,unresolved_after_direct_match,,,0,2019
Pongo_pygmaeus,Pongo sp.,Medulla_oblongata,Medulla_oblongata_Vol.mm3,crosswalk_exact,5500,resolved_unique,Zilles_Rehkämper_1988_Table12-2,Zilles & Rehkamper 1988 (Table 12-2),Zilles_Rehkämper_1988_Table12-2,1,Stephan et al 1981; Zilles and Rehkamper 1988,,,NA,direct_same_structure_unique,,,14,2019
Pongo_pygmaeus,Pongo sp.,Mesencephalon,Mesencephalon_Vol.mm3,crosswalk_exact,4000,resolved_unique,Zilles_Rehkämper_1988_Table12-2,Zilles & Rehkamper 1988 (Table 12-2),Zilles_Rehkämper_1988_Table12-2,1,Stephan et al 1981; Zilles and Rehkamper 1988,,,NA,direct_same_structure_unique,,,14,2019
Pongo_pygmaeus,Pongo sp.,NeoG_Frahm,Neocortex_grey_matter_Vol.mm3,crosswalk_exact,138300,resolved_fallback_restricted,Frahm_etal_1982 [restricted: Frahm_1982.csv],"Frahm, Stephan & Stephan 1982 (J Hirnforsch 23:375-389)",Frahm_etal_1982 [restricted: Frahm_1982.csv],1,Frahm et al 1992; Zilles and Rehkamper 1988,,,Zilles_Rehkämper_1988_Table12-2 = 129900 (6.1%),restricted_documents_near_perfect,Frahm_etal_1982 [restricted: Frahm_1982.csv],Frahm_etal_1982 [restricted: Frahm_1982.csv] = 138300 (0.00%; scale 1; restricted_checks/Frahm_etal_1982/comparison/Frahm_1982.csv R78C4; 46 prior contributions),46,2019
Pongo_pygmaeus,Pongo sp.,NeoWG,Neocortex_Vol.mm3,crosswalk_exact,219800,resolved_unique,Zilles_Rehkämper_1988_Table12-2,Zilles & Rehkamper 1988 (Table 12-2),Zilles_Rehkämper_1988_Table12-2,4,Stephan et al 1981; Zilles and Rehkamper 1988,,,NA,direct_same_structure_unique,,,14,2019
Pongo_pygmaeus,Pongo sp.,NeoW_Frahm,Neocortex_white_matter_Vol.mm3,crosswalk_exact,81500,resolved_unique,Zilles_Rehkämper_1988_Table12-2,Zilles & Rehkamper 1988 (Table 12-2),Zilles_Rehkämper_1988_Table12-2,1,Frahm et al 1992; Zilles and Rehkamper 1988,,,NA,direct_same_structure_unique,,,14,2019
Pongo_pygmaeus,Pongo sp.,Other.cortical.association.areas.Gray,AssociationCortex_grey_matter_Vol.mm3,crosswalk_exact,76.92,resolved_fallback_metadata,Smaers_etal_2017_TableS1part1,"Smaers et al. 2017 (Curr Biol 27:714-720, Table S1)",Smaers_etal_2017_TableS1part1,0,Smaers et al 2017,,,NA,metadata_tables_near_perfect,Smaers_etal_2017_TableS1part1; Smaers_etal_2017 [restricted: Smaers.csv],Smaers_etal_2017_TableS1part1 = 76924 (AssociationCortex_grey_matter_Vol.mm3; 0.01%; scale 0.001; 0 prior contributions),0,2019
Pongo_pygmaeus,Pongo sp.,Palaeocortex,Palaeocortex_Vol.mm3,crosswalk_exact,2400,resolved_unique,Zilles_Rehkämper_1988_Table12-2,Zilles & Rehkamper 1988 (Table 12-2),Zilles_Rehkämper_1988_Table12-2,1,Stephan et al 1981; Zilles and Rehkamper 1988,,,NA,direct_same_structure_unique,,,14,2019
Pongo_pygmaeus,Pongo sp.,Pallidum,Pallidum_Vol.mm3,crosswalk_exact,1800,resolved_unique,Zilles_Rehkämper_1988_Table12-2,Zilles & Rehkamper 1988 (Table 12-2),Zilles_Rehkämper_1988_Table12-2,1,Stephan et al 1981; Zilles and Rehkamper 1988,,,NA,direct_same_structure_unique,,,14,2019
Pongo_pygmaeus,Pongo sp.,Pons,Pons_Vol.mm3,Zilles whole pons,4300,resolved_unique,Zilles_Rehkämper_1988_Table12-2,Zilles & Rehkamper 1988 (Table 12-2),Zilles_Rehkämper_1988_Table12-2,1,Matano et al 1985; Zilles and Rehkamper 1988,,,NA,direct_same_structure_unique,,,14,2019
Pongo_pygmaeus,Pongo sp.,Prefrontal.Gray,PrefrontalCortex_grey_matter_Vol.mm3,crosswalk_exact,8.6,resolved_fallback_metadata,Smaers_etal_2017_TableS1part1,"Smaers et al. 2017 (Curr Biol 27:714-720, Table S1)",Smaers_etal_2017_TableS1part1; Smaers_etal_2011_SupplementaryTable2,0,Smaers et al 2017,,,NA,metadata_tables_near_perfect,Smaers_etal_2017_TableS1part1; Smaers_etal_2011_SupplementaryTable2; Smaers_etal_2017 [restricted: Smaers.csv],Smaers_etal_2017_TableS1part1 = 8596 (PrefrontalCortex_grey_matter_Vol.mm3; 0.05%; scale 0.001; 0 prior contributions),0,2019
Pongo_pygmaeus,Pongo sp.,Prefrontal.White,PrefrontalCortex_white_matter_Vol.mm3,crosswalk_exact,2.52,resolved_fallback_metadata,Smaers_etal_2017_TableS1part1,"Smaers et al. 2017 (Curr Biol 27:714-720, Table S1)",Smaers_etal_2017_TableS1part1; Smaers_etal_2011_SupplementaryTable2,0,Smaers et al 2017,,,NA,metadata_tables_near_perfect,Smaers_etal_2017_TableS1part1; Smaers_etal_2011_SupplementaryTable2; Smaers_etal_2017 [restricted: Smaers.csv],Smaers_etal_2017_TableS1part1 = 2520 (PrefrontalCortex_white_matter_Vol.mm3; 0.00%; scale 0.001; 0 prior contributions),0,2019
Pongo_pygmaeus,Pongo sp.,Septum,Septum_Vol.mm3,crosswalk_exact,600,resolved_unique,Zilles_Rehkämper_1988_Table12-2,Zilles & Rehkamper 1988 (Table 12-2),Zilles_Rehkämper_1988_Table12-2,1,Stephan et al 1981; Zilles and Rehkamper 1988,,,NA,direct_same_structure_unique,,,14,2019
Pongo_pygmaeus,Pongo sp.,Striatum,Striatum_Vol.mm3,crosswalk_exact,11500,resolved_unique,Zilles_Rehkämper_1988_Table12-2,Zilles & Rehkamper 1988 (Table 12-2),Zilles_Rehkämper_1988_Table12-2,1,Stephan et al 1981; Zilles and Rehkamper 1988,,,NA,direct_same_structure_unique,,,14,2019
Pongo_pygmaeus,Pongo sp.,Telencephalon,Telencephalon_Vol.mm3,crosswalk_exact,238300,resolved_unique,Zilles_Rehkämper_1988_Table12-2,Zilles & Rehkamper 1988 (Table 12-2),Zilles_Rehkämper_1988_Table12-2,1,Stephan et al 1981; Zilles and Rehkamper 1988,,,NA,direct_same_structure_unique,,,14,2019
Pongo_pygmaeus,Pongo sp.,Total_insula_volume_L,Insula_left_Vol.mm3,crosswalk_exact,1505,value_differs,NA,NA,,1,Bauernfeind et al 2013,,,Bauernfeind_etal_2013_Table1 = 1331.5 (11.5%),unresolved_after_direct_match,,,0,2019
Propithecus_verreauxi,Propithecus verreauxi,ASG_Sousa,Area_striata_grey_matter_Vol.mm3,crosswalk_exact,1106,resolved_fallback_metadata,deSousa_etal_2010_SupTable2,de Sousa et al. 2010 (J Hum Evol 58:281-292),Frahm_etal_1984_Table1; deSousa_etal_2010_SupTable2,1,de Sousa et al 2010,,,Evo-M1 value matches Frahm_etal_1984_Table1 (not the metadata source); attributed to metadata source; see source_hunt,metadata_tables_near_perfect,deSousa_etal_2010_SupTable2; Frahm_etal_1984_Table1; deSousa_etal_2010 [restricted: Visual_volumes.xlsx]; deSousa_etal_2010 [restricted: deSousa_2010.csv]; Stephan_etal_1981 [restricted: Stephan_1981.csv],deSousa_etal_2010_SupTable2 = 1100 (Area_striata_grey_matter_Vol.mm3; 0.54%; scale 1; 0 prior contributions),0,2019
Propithecus_verreauxi,Propithecus verreauxi,Amygdala,Amygdala_Vol.mm3,crosswalk_exact,251,resolved_unique,Stephan_etal_1981_TableXI,"Stephan, Frahm & Baron 1981 (Folia Primatol 35:1-29)",Stephan_etal_1981_TableXI,1,Stephan et al 1981; Zilles and Rehkamper 1988,,,NA,direct_same_structure_unique,,,100,2019
Propithecus_verreauxi,Propithecus verreauxi,Body_weight,Body_Mass.g,crosswalk_exact,3480,resolved_multiple,Stephan_etal_1981_TableII,"Stephan, Frahm & Baron 1981 (Folia Primatol 35:1-29)",Matano__1986_TableI; Matano_etal_1985_a_Table1; Matano_etal_1985_b_Table1; Stephan_etal_1981_TableII; Stephan_etal_1988_TABLE1,5,Stephan et al 1981; Zilles and Rehkamper 1988; Bauernfeind et al 2013,,,NA,direct_same_structure_multiple,,,162,2019
Propithecus_verreauxi,Propithecus verreauxi,Body_weight_1985a,Body_Mass.g,crosswalk_exact,3480,resolved_multiple,Matano_etal_1985_a_Table1,Matano et al. 1985 (Folia Primatol 44:182-203),Matano__1986_TableI; Matano_etal_1985_a_Table1; Matano_etal_1985_b_Table1; Stephan_etal_1981_TableII; Stephan_etal_1988_TABLE1,5,NA,,,NA,direct_same_structure_multiple,,,220,2019
Propithecus_verreauxi,Propithecus verreauxi,Brain_weight,Brain_Mass.mg,crosswalk_exact,26700,resolved_multiple,Stephan_etal_1981_TableII,"Stephan, Frahm & Baron 1981 (Folia Primatol 35:1-29)",Stephan_etal_1981_TableII; Stephan_etal_1988_TABLE1,2,Stephan et al 1981; Zilles and Rehkamper 1988; Bauernfeind et al 2013,,,NA,direct_same_structure_multiple,,,162,2019
Propithecus_verreauxi,Propithecus verreauxi,Brainvol,NA,no_defensible_volume_key,25772.2,metadata_only,NA,NA,,0,de Sousa et al 2010; Stephan et al 1981,,,NA,metadata_only_no_volume_crosswalk,,,0,2019
Propithecus_verreauxi,Propithecus verreauxi,Bulbus_olfactorius,Bulbus_olfactorius_Vol.mm3,crosswalk_exact,147,resolved_unique,Stephan_etal_1981_TableV,"Stephan, Frahm & Baron 1981 (Folia Primatol 35:1-29)",Stephan_etal_1981_TableV,1,Stephan et al 1981,,,NA,direct_same_structure_unique,,,144,2019
Propithecus_verreauxi,Propithecus verreauxi,Bulbus_olfactorius_accessorius,Bulbus_olfactorius_accessorius_Vol.mm3,crosswalk_exact,3.4,resolved_unique,Stephan_etal_1981_TableV,"Stephan, Frahm & Baron 1981 (Folia Primatol 35:1-29)",Stephan_etal_1981_TableV,1,Stephan et al 1981,,,NA,direct_same_structure_unique,,,144,2019
Propithecus_verreauxi,Propithecus verreauxi,Capsula_interna,Capsula_interna_Vol.mm3,crosswalk_exact,324,resolved_unique,Stephan_etal_1981_TableVIII,"Stephan, Frahm & Baron 1981 (Folia Primatol 35:1-29)",Stephan_etal_1981_TableVIII,1,Stephan et al 1981,,,NA,direct_same_structure_unique,,,200,2019
Propithecus_verreauxi,Propithecus verreauxi,Cerebellar_nuclei_total,Cerebellar_nuclei_total_Vol.mm3,crosswalk_exact,97.12,resolved_unique,Matano_etal_1985_a_Table1,Matano et al. 1985 (Folia Primatol 44:182-203),Matano_etal_1985_a_Table1,1,NA,,,NA,direct_same_structure_unique,,,220,2019
Propithecus_verreauxi,Propithecus verreauxi,Cerebellum,Cerebellum_Vol.mm3,crosswalk_exact,3957,resolved_unique,Stephan_etal_1981_TableII,"Stephan, Frahm & Baron 1981 (Folia Primatol 35:1-29)",Stephan_etal_1981_TableII,1,Stephan et al 1981; Zilles and Rehkamper 1988,,,NA,direct_same_structure_unique,,,162,2019
Propithecus_verreauxi,Propithecus verreauxi,Complexus.vestibularis,Complexus_vestibularis_unilateral_Vol.mm3,crosswalk_exact,43.2,resolved_multiple,Stephan_etal_1981_TableXIII,"Stephan, Frahm & Baron 1981 (Folia Primatol 35:1-29)",Matano__1986_TableI; Stephan_etal_1981_TableXIII,2,Stephan et al 1981,,,NA,direct_same_structure_multiple,,,129,2019
Propithecus_verreauxi,Propithecus verreauxi,Complexus_centromedialis,Complexus_centromedialis_Vol.mm3,crosswalk_exact,78.7,resolved_unique,Stephan_etal_1981_TableXI,"Stephan, Frahm & Baron 1981 (Folia Primatol 35:1-29)",Stephan_etal_1981_TableXI,1,Stephan et al 1981,,,NA,direct_same_structure_unique,,,100,2019
Propithecus_verreauxi,Propithecus verreauxi,Complexus_cortico_basolateralis,Complexus_corticobasolateralis_Vol.mm3,crosswalk_exact,172,resolved_unique,Stephan_etal_1981_TableXI,"Stephan, Frahm & Baron 1981 (Folia Primatol 35:1-29)",Stephan_etal_1981_TableXI,1,Stephan et al 1981,,,NA,direct_same_structure_unique,,,100,2019
Propithecus_verreauxi,Propithecus verreauxi,Corpus.pineale,Corpus_pineal_Vol.mm3,crosswalk_exact,3.26,resolved_unique,Stephan_etal_1981_TableXV,"Stephan, Frahm & Baron 1981 (Folia Primatol 35:1-29)",Stephan_etal_1981_TableXV,1,Stephan et al 1981,,,NA,direct_same_structure_unique,,,88,2019
Propithecus_verreauxi,Propithecus verreauxi,Corpus.subcommissurale,Corpus_subcommissurale_Vol.mm3,crosswalk_exact,0.36,resolved_unique,Stephan_etal_1981_TableXV,"Stephan, Frahm & Baron 1981 (Folia Primatol 35:1-29)",Stephan_etal_1981_TableXV,1,Stephan et al 1981,,,NA,direct_same_structure_unique,,,88,2019
Propithecus_verreauxi,Propithecus verreauxi,Corpus.subfornicale,Corpus_subfornicale_Vol.mm3,crosswalk_exact,0.51,resolved_unique,Stephan_etal_1981_TableXV,"Stephan, Frahm & Baron 1981 (Folia Primatol 35:1-29)",Stephan_etal_1981_TableXV,1,Stephan et al 1981,,,NA,direct_same_structure_unique,,,88,2019
Propithecus_verreauxi,Propithecus verreauxi,Diencephalon,Diencephalon_Vol.mm3,crosswalk_exact,2195,resolved_unique,Stephan_etal_1981_TableII,"Stephan, Frahm & Baron 1981 (Folia Primatol 35:1-29)",Stephan_etal_1981_TableII,1,Stephan et al 1981; Zilles and Rehkamper 1988,,,NA,direct_same_structure_unique,,,162,2019
Propithecus_verreauxi,Propithecus verreauxi,Epithalamus,Epithalamus_Vol.mm3,crosswalk_exact,14.6,resolved_unique,Stephan_etal_1981_TableVIII,"Stephan, Frahm & Baron 1981 (Folia Primatol 35:1-29)",Stephan_etal_1981_TableVIII,1,Stephan et al 1981,,,NA,direct_same_structure_unique,,,200,2019
Propithecus_verreauxi,Propithecus verreauxi,Hippocampus,Hippocampus_Vol.mm3,crosswalk_exact,1043,resolved_unique,Stephan_etal_1981_TableV,"Stephan, Frahm & Baron 1981 (Folia Primatol 35:1-29)",Stephan_etal_1981_TableV,1,Stephan et al 1981; Zilles and Rehkamper 1988,,,NA,direct_same_structure_unique,,,144,2019
Propithecus_verreauxi,Propithecus verreauxi,Hypothalamus,Hypothalamus_Vol.mm3,crosswalk_exact,328,resolved_unique,Stephan_etal_1981_TableVIII,"Stephan, Frahm & Baron 1981 (Folia Primatol 35:1-29)",Stephan_etal_1981_TableVIII,1,Stephan et al 1981,,,NA,direct_same_structure_unique,,,200,2019
Propithecus_verreauxi,Propithecus verreauxi,Interpositus_cerebellar_nuclei,Interpositus_cerebellar_nuclei_Vol.mm3,crosswalk_exact,30.94,resolved_unique,Matano_etal_1985_a_Table1,Matano et al. 1985 (Folia Primatol 44:182-203),Matano_etal_1985_a_Table1,1,NA,,,NA,direct_same_structure_unique,,,220,2019
Propithecus_verreauxi,Propithecus verreauxi,LGN_Sousa,Corpus_geniculatum_laterale_Vol.mm3,crosswalk_exact,64.5,resolved_fallback_metadata,deSousa_etal_2010_SupTable2,de Sousa et al. 2010 (J Hum Evol 58:281-292),Stephan_etal_1984_Table1; deSousa_etal_2010_SupTable2,2,de Sousa et al 2010; de Sousa et al 2013,,,Evo-M1 value matches Stephan_etal_1984_Table1 (not the metadata source); attributed to metadata source; see source_hunt,metadata_tables_near_perfect,deSousa_etal_2010_SupTable2; Stephan_etal_1984_Table1; deSousa_etal_2010 [restricted: Visual_volumes.xlsx]; deSousa_etal_2010 [restricted: deSousa_2010.csv],deSousa_etal_2010_SupTable2 = 65 (Corpus_geniculatum_laterale_Vol.mm3; 0.77%; scale 1; 0 prior contributions),0,2019
Propithecus_verreauxi,Propithecus verreauxi,Lateral_cerebellar_nuclei,Lateral_cerebellar_nuclei_Vol.mm3,crosswalk_exact,39.46,resolved_unique,Matano_etal_1985_a_Table1,Matano et al. 1985 (Folia Primatol 44:182-203),Matano_etal_1985_a_Table1,1,NA,,,NA,direct_same_structure_unique,,,220,2019
Propithecus_verreauxi,Propithecus verreauxi,Lobus_piriformis,Lobus_piriformis_Vol.mm3,crosswalk_exact,664,resolved_unique,Stephan_etal_1981_TableV,"Stephan, Frahm & Baron 1981 (Folia Primatol 35:1-29)",Stephan_etal_1981_TableV,1,Stephan et al 1981; Zilles and Rehkamper 1988,,,NA,direct_same_structure_unique,,,144,2019
Propithecus_verreauxi,Propithecus verreauxi,Medial_cerebellar_nuclei,Medial_cerebellar_nuclei_Vol.mm3,crosswalk_exact,26.72,resolved_unique,Matano_etal_1985_a_Table1,Matano et al. 1985 (Folia Primatol 44:182-203),Matano_etal_1985_a_Table1,1,NA,,,NA,direct_same_structure_unique,,,220,2019
Propithecus_verreauxi,Propithecus verreauxi,Medulla_oblongata,Medulla_oblongata_Vol.mm3,crosswalk_exact,1223,resolved_unique,Stephan_etal_1981_TableII,"Stephan, Frahm & Baron 1981 (Folia Primatol 35:1-29)",Stephan_etal_1981_TableII,1,Stephan et al 1981; Zilles and Rehkamper 1988,,,NA,direct_same_structure_unique,,,162,2019
Propithecus_verreauxi,Propithecus verreauxi,Meninges_hypophysis_nerves_etc,NA,no_defensible_volume_key,347,metadata_only,NA,NA,,0,Stephan et al 1981,,,NA,metadata_only_no_volume_crosswalk,,,0,2019
Propithecus_verreauxi,Propithecus verreauxi,Mesencephalon,Mesencephalon_Vol.mm3,crosswalk_exact,780,resolved_unique,Stephan_etal_1981_TableII,"Stephan, Frahm & Baron 1981 (Folia Primatol 35:1-29)",Stephan_etal_1981_TableII,1,Stephan et al 1981; Zilles and Rehkamper 1988,,,NA,direct_same_structure_unique,,,162,2019
Propithecus_verreauxi,Propithecus verreauxi,NeoG_Frahm,Neocortex_grey_matter_Vol.mm3,crosswalk_exact,9835,resolved_unique,Frahm_etal_1982_Table2,"Frahm, Stephan & Stephan 1982 (J Hirnforsch 23:375-389)",Frahm_etal_1982_Table2,1,Frahm et al 1992; Zilles and Rehkamper 1988,,,NA,direct_same_structure_unique,,,46,2019
Propithecus_verreauxi,Propithecus verreauxi,NeoWG,Neocortex_Vol.mm3,crosswalk_exact,13170,resolved_multiple,Stephan_etal_1981_TableV,"Stephan, Frahm & Baron 1981 (Folia Primatol 35:1-29)",Frahm_etal_1982_Table2; Stephan_etal_1981_TableV,2,Stephan et al 1981; Zilles and Rehkamper 1988,,,NA,direct_same_structure_multiple,,,144,2019
Propithecus_verreauxi,Propithecus verreauxi,NeoW_Frahm,Neocortex_white_matter_Vol.mm3,crosswalk_exact,3335,resolved_unique,Frahm_etal_1982_Table2,"Frahm, Stephan & Stephan 1982 (J Hirnforsch 23:375-389)",Frahm_etal_1982_Table2,1,Frahm et al 1992; Zilles and Rehkamper 1988,,,NA,direct_same_structure_unique,,,46,2019
Propithecus_verreauxi,Propithecus verreauxi,Nucleus.habenularis.medialis,Nucleus_habenularis_medialis_Vol.mm3,crosswalk_exact,3.65,resolved_unique,Stephan_etal_1981_TableXV,"Stephan, Frahm & Baron 1981 (Folia Primatol 35:1-29)",Stephan_etal_1981_TableXV,1,Stephan et al 1981,,,NA,direct_same_structure_unique,,,88,2019
Propithecus_verreauxi,Propithecus verreauxi,Nucleus.septalis.triangularis,Nucleus_septalis_triangularis_Vol.mm3,crosswalk_exact,1.6,resolved_unique,Stephan_etal_1981_TableXV,"Stephan, Frahm & Baron 1981 (Folia Primatol 35:1-29)",Stephan_etal_1981_TableXV,1,Stephan et al 1981,,,NA,direct_same_structure_unique,,,88,2019
Propithecus_verreauxi,Propithecus verreauxi,Nucleus.vestibularis.descendens,Nucleus_vestibularis_descendens_unilateral_Vol.mm3,crosswalk_exact,12.4,resolved_multiple,Stephan_etal_1981_TableXIII,"Stephan, Frahm & Baron 1981 (Folia Primatol 35:1-29)",Matano__1986_TableI; Stephan_etal_1981_TableXIII,2,Stephan et al 1981,,,NA,direct_same_structure_multiple,,,129,2019
Propithecus_verreauxi,Propithecus verreauxi,Nucleus.vestibularis.lateralis,Nucleus_vestibularis_lateralis_unilateral_Vol.mm3,crosswalk_exact,7.37,resolved_multiple,Stephan_etal_1981_TableXIII,"Stephan, Frahm & Baron 1981 (Folia Primatol 35:1-29)",Matano__1986_TableI; Stephan_etal_1981_TableXIII,2,Stephan et al 1981,,,NA,direct_same_structure_multiple,,,129,2019
Propithecus_verreauxi,Propithecus verreauxi,Nucleus.vestibularis.medialis,Nucleus_vestibularis_medialis_unilateral_Vol.mm3,crosswalk_exact,15.3,resolved_multiple,Stephan_etal_1981_TableXIII,"Stephan, Frahm & Baron 1981 (Folia Primatol 35:1-29)",Matano__1986_TableI; Stephan_etal_1981_TableXIII,2,Stephan et al 1981,,,NA,direct_same_structure_multiple,,,129,2019
Propithecus_verreauxi,Propithecus verreauxi,Nucleus.vestibularis.superior,Nucleus_vestibularis_superior_unilateral_Vol.mm3,crosswalk_exact,8.18,resolved_multiple,Stephan_etal_1981_TableXIII,"Stephan, Frahm & Baron 1981 (Folia Primatol 35:1-29)",Matano__1986_TableI; Stephan_etal_1981_TableXIII,2,Stephan et al 1981,,,NA,direct_same_structure_multiple,,,129,2019
Propithecus_verreauxi,Propithecus verreauxi,Nucleus_amygdalae_basalis_parsmagnocellularis,Nucleus_amygdalae_basalis_pars_magnocellularis_Vol.mm3,crosswalk_exact,18.8,resolved_unique,Stephan_etal_1981_TableXI,"Stephan, Frahm & Baron 1981 (Folia Primatol 35:1-29)",Stephan_etal_1981_TableXI,1,Stephan et al 1981,,,NA,direct_same_structure_unique,,,100,2019
Propithecus_verreauxi,Propithecus verreauxi,Nucleus_subthalamicus,Nucleus_subthalamicus_Vol.mm3,crosswalk_exact,20,resolved_unique,Stephan_etal_1981_TableVIII,"Stephan, Frahm & Baron 1981 (Folia Primatol 35:1-29)",Stephan_etal_1981_TableVIII,1,Stephan et al 1981,,,NA,direct_same_structure_unique,,,200,2019
Propithecus_verreauxi,Propithecus verreauxi,Nucleus_tractus_olfactorius,Nucleus_tractus_olfactorius_Vol.mm3,crosswalk_exact,0.92,resolved_unique,Stephan_etal_1981_TableXI,"Stephan, Frahm & Baron 1981 (Folia Primatol 35:1-29)",Stephan_etal_1981_TableXI,1,Stephan et al 1981,,,NA,direct_same_structure_unique,,,100,2019
Propithecus_verreauxi,Propithecus verreauxi,Palaeocortex,Palaeocortex_Vol.mm3,crosswalk_exact,292,resolved_unique,Stephan_etal_1981_TableXI,"Stephan, Frahm & Baron 1981 (Folia Primatol 35:1-29)",Stephan_etal_1981_TableXI,1,Stephan et al 1981; Zilles and Rehkamper 1988,,,NA,direct_same_structure_unique,,,100,2019
Propithecus_verreauxi,Propithecus verreauxi,Pallidum,Pallidum_Vol.mm3,crosswalk_exact,263,resolved_unique,Stephan_etal_1981_TableVIII,"Stephan, Frahm & Baron 1981 (Folia Primatol 35:1-29)",Stephan_etal_1981_TableVIII,1,Stephan et al 1981; Zilles and Rehkamper 1988,,,NA,direct_same_structure_unique,,,200,2019
Propithecus_verreauxi,Propithecus verreauxi,Pons,Ventral_pons_Vol.mm3,Matano ventral pons,169.3,resolved_unique,Matano_etal_1985_b_Table1,Matano et al. 1985 (Folia Primatol 44:182-203),Matano_etal_1985_b_Table1,1,Matano et al 1985; Zilles and Rehkamper 1988,,,NA,direct_same_structure_unique,,,40,2019
Propithecus_verreauxi,Propithecus verreauxi,Schizocortex,Schizo_cortex_Vol.mm3,crosswalk_exact,443,resolved_unique,Stephan_etal_1981_TableV,"Stephan, Frahm & Baron 1981 (Folia Primatol 35:1-29)",Stephan_etal_1981_TableV,1,Stephan et al 1981,,,NA,direct_same_structure_unique,,,144,2019
Propithecus_verreauxi,Propithecus verreauxi,Septum,Septum_Vol.mm3,crosswalk_exact,159,resolved_unique,Stephan_etal_1981_TableV,"Stephan, Frahm & Baron 1981 (Folia Primatol 35:1-29)",Stephan_etal_1981_TableV,1,Stephan et al 1981; Zilles and Rehkamper 1988,,,NA,direct_same_structure_unique,,,144,2019
Propithecus_verreauxi,Propithecus verreauxi,Striatum,Striatum_Vol.mm3,crosswalk_exact,1411,resolved_unique,Stephan_etal_1981_TableV,"Stephan, Frahm & Baron 1981 (Folia Primatol 35:1-29)",Stephan_etal_1981_TableV,1,Stephan et al 1981; Zilles and Rehkamper 1988,,,NA,direct_same_structure_unique,,,144,2019
Propithecus_verreauxi,Propithecus verreauxi,Subthalamus,Subthalamus_Vol.mm3,crosswalk_exact,283,resolved_unique,Stephan_etal_1981_TableVIII,"Stephan, Frahm & Baron 1981 (Folia Primatol 35:1-29)",Stephan_etal_1981_TableVIII,1,Stephan et al 1981,,,NA,direct_same_structure_unique,,,200,2019
Propithecus_verreauxi,Propithecus verreauxi,Telencephalon,Telencephalon_Vol.mm3,crosswalk_exact,17040,resolved_unique,Stephan_etal_1981_TableII,"Stephan, Frahm & Baron 1981 (Folia Primatol 35:1-29)",Stephan_etal_1981_TableII,1,Stephan et al 1981; Zilles and Rehkamper 1988,,,NA,direct_same_structure_unique,,,162,2019
Propithecus_verreauxi,Propithecus verreauxi,Thalamus,Thalamus_Vol.mm3,crosswalk_exact,1341,resolved_unique,Stephan_etal_1981_TableVIII,"Stephan, Frahm & Baron 1981 (Folia Primatol 35:1-29)",Stephan_etal_1981_TableVIII,1,Stephan et al 1981,,,NA,direct_same_structure_unique,,,200,2019
Propithecus_verreauxi,Propithecus verreauxi,Total_brain_net_volume,Total_brain_net_volume_Vol.mm3,crosswalk_exact,25194,resolved_unique,Stephan_etal_1981_TableII,"Stephan, Frahm & Baron 1981 (Folia Primatol 35:1-29)",Stephan_etal_1981_TableII,1,Stephan et al 1981,,,NA,direct_same_structure_unique,,,162,2019
Propithecus_verreauxi,Propithecus verreauxi,Tractus_opticus,Tractus_opticus_Vol.mm3,crosswalk_exact,125,resolved_unique,Stephan_etal_1981_TableVIII,"Stephan, Frahm & Baron 1981 (Folia Primatol 35:1-29)",Stephan_etal_1981_TableVIII,1,Stephan et al 1981,,,NA,direct_same_structure_unique,,,200,2019
Propithecus_verreauxi,Propithecus verreauxi,Ventricles,Ventricles_Vol.mm3,crosswalk_exact,231,resolved_unique,Stephan_etal_1981_TableII,"Stephan, Frahm & Baron 1981 (Folia Primatol 35:1-29)",Stephan_etal_1981_TableII,1,Stephan et al 1981,,,NA,direct_same_structure_unique,,,162,2019
Pygathrix_nemaeus,Pygathrix nemaeus,Body_weight,Body_Mass.g,crosswalk_exact,7500,resolved_multiple,Stephan_etal_1981_TableIII,"Stephan, Frahm & Baron 1981 (Folia Primatol 35:1-29)",Matano__1986_TableI; Matano_etal_1985_a_Table1; Matano_etal_1985_b_Table1; Stephan_etal_1981_TableIII; Stephan_etal_1988_TABLE1,5,Stephan et al 1981; Zilles and Rehkamper 1988; Bauernfeind et al 2013,,,NA,direct_same_structure_multiple,,,243,2019
Pygathrix_nemaeus,Pygathrix nemaeus,Body_weight_1985a,Body_Mass.g,crosswalk_exact,7500,resolved_multiple,Matano_etal_1985_a_Table1,Matano et al. 1985 (Folia Primatol 44:182-203),Matano__1986_TableI; Matano_etal_1985_a_Table1; Matano_etal_1985_b_Table1; Stephan_etal_1981_TableIII; Stephan_etal_1988_TABLE1,5,NA,,,NA,direct_same_structure_multiple,,,220,2019
Pygathrix_nemaeus,Pygathrix nemaeus,Brain_weight,Brain_Mass.mg,crosswalk_exact,77000,resolved_multiple,Stephan_etal_1981_TableIII,"Stephan, Frahm & Baron 1981 (Folia Primatol 35:1-29)",Stephan_etal_1981_TableIII; Stephan_etal_1988_TABLE1,3,Stephan et al 1981; Zilles and Rehkamper 1988; Bauernfeind et al 2013,,,NA,direct_same_structure_multiple,,,243,2019
Pygathrix_nemaeus,Pygathrix nemaeus,Bulbus_olfactorius,Bulbus_olfactorius_Vol.mm3,crosswalk_exact,10.7,resolved_unique,Stephan_etal_1981_TableVI,"Stephan, Frahm & Baron 1981 (Folia Primatol 35:1-29)",Stephan_etal_1981_TableVI,1,Stephan et al 1981,,,NA,direct_same_structure_unique,,,215,2019
Pygathrix_nemaeus,Pygathrix nemaeus,Bulbus_olfactorius_accessorius,Bulbus_olfactorius_accessorius_Vol.mm3,crosswalk_exact,0,resolved_unique,Stephan_etal_1981_TableVI,"Stephan, Frahm & Baron 1981 (Folia Primatol 35:1-29)",Stephan_etal_1981_TableVI,1,Stephan et al 1981,,,NA,direct_same_structure_unique,,,215,2019
Pygathrix_nemaeus,Pygathrix nemaeus,Cerebellar_nuclei_total,Cerebellar_nuclei_total_Vol.mm3,crosswalk_exact,265.75,resolved_unique,Matano_etal_1985_a_Table1,Matano et al. 1985 (Folia Primatol 44:182-203),Matano_etal_1985_a_Table1,1,NA,,,NA,direct_same_structure_unique,,,220,2019
Pygathrix_nemaeus,Pygathrix nemaeus,Cerebellum,Cerebellum_Vol.mm3,crosswalk_exact,8063,resolved_unique,Stephan_etal_1981_TableIII,"Stephan, Frahm & Baron 1981 (Folia Primatol 35:1-29)",Stephan_etal_1981_TableIII,1,Stephan et al 1981; Zilles and Rehkamper 1988,,,NA,direct_same_structure_unique,,,243,2019
Pygathrix_nemaeus,Pygathrix nemaeus,Diencephalon,Diencephalon_Vol.mm3,crosswalk_exact,4727,resolved_unique,Stephan_etal_1981_TableIII,"Stephan, Frahm & Baron 1981 (Folia Primatol 35:1-29)",Stephan_etal_1981_TableIII,1,Stephan et al 1981; Zilles and Rehkamper 1988,,,NA,direct_same_structure_unique,,,243,2019
Pygathrix_nemaeus,Pygathrix nemaeus,Hippocampus,Hippocampus_Vol.mm3,crosswalk_exact,2295,resolved_unique,Stephan_etal_1981_TableVI,"Stephan, Frahm & Baron 1981 (Folia Primatol 35:1-29)",Stephan_etal_1981_TableVI,1,Stephan et al 1981; Zilles and Rehkamper 1988,,,NA,direct_same_structure_unique,,,215,2019
Pygathrix_nemaeus,Pygathrix nemaeus,Interpositus_cerebellar_nuclei,Interpositus_cerebellar_nuclei_Vol.mm3,crosswalk_exact,80.76,resolved_unique,Matano_etal_1985_a_Table1,Matano et al. 1985 (Folia Primatol 44:182-203),Matano_etal_1985_a_Table1,1,NA,,,NA,direct_same_structure_unique,,,220,2019
Pygathrix_nemaeus,Pygathrix nemaeus,LGN_Sousa,Corpus_geniculatum_laterale_Vol.mm3,crosswalk_exact,115,resolved_unique,deSousa_etal_2013_Table1,de Sousa et al. 2013 (Brain Behav Evol 81:93-108),deSousa_etal_2013_Table1,1,de Sousa et al 2010; de Sousa et al 2013,,,NA,direct_same_structure_unique,,,15,2019
Pygathrix_nemaeus,Pygathrix nemaeus,Lateral_cerebellar_nuclei,Lateral_cerebellar_nuclei_Vol.mm3,crosswalk_exact,137.05,resolved_unique,Matano_etal_1985_a_Table1,Matano et al. 1985 (Folia Primatol 44:182-203),Matano_etal_1985_a_Table1,1,NA,,,NA,direct_same_structure_unique,,,220,2019
Pygathrix_nemaeus,Pygathrix nemaeus,Lobus_piriformis,Lobus_piriformis_Vol.mm3,crosswalk_exact,942,resolved_unique,Stephan_etal_1981_TableVI,"Stephan, Frahm & Baron 1981 (Folia Primatol 35:1-29)",Stephan_etal_1981_TableVI,1,Stephan et al 1981; Zilles and Rehkamper 1988,,,NA,direct_same_structure_unique,,,215,2019
Pygathrix_nemaeus,Pygathrix nemaeus,Medial_cerebellar_nuclei,Medial_cerebellar_nuclei_Vol.mm3,crosswalk_exact,47.94,resolved_unique,Matano_etal_1985_a_Table1,Matano et al. 1985 (Folia Primatol 44:182-203),Matano_etal_1985_a_Table1,1,NA,,,NA,direct_same_structure_unique,,,220,2019
Pygathrix_nemaeus,Pygathrix nemaeus,Medulla_oblongata,Medulla_oblongata_Vol.mm3,crosswalk_exact,2206,resolved_unique,Stephan_etal_1981_TableIII,"Stephan, Frahm & Baron 1981 (Folia Primatol 35:1-29)",Stephan_etal_1981_TableIII,1,Stephan et al 1981; Zilles and Rehkamper 1988,,,NA,direct_same_structure_unique,,,243,2019
Pygathrix_nemaeus,Pygathrix nemaeus,Meninges_hypophysis_nerves_etc,NA,no_defensible_volume_key,883,metadata_only,NA,NA,,0,Stephan et al 1981,,,NA,metadata_only_no_volume_crosswalk,,,0,2019
Pygathrix_nemaeus,Pygathrix nemaeus,Mesencephalon,Mesencephalon_Vol.mm3,crosswalk_exact,1345,resolved_unique,Stephan_etal_1981_TableIII,"Stephan, Frahm & Baron 1981 (Folia Primatol 35:1-29)",Stephan_etal_1981_TableIII,1,Stephan et al 1981; Zilles and Rehkamper 1988,,,NA,direct_same_structure_unique,,,243,2019
Pygathrix_nemaeus,Pygathrix nemaeus,NeoWG,Neocortex_Vol.mm3,crosswalk_exact,48763,resolved_unique,Stephan_etal_1981_TableVI,"Stephan, Frahm & Baron 1981 (Folia Primatol 35:1-29)",Stephan_etal_1981_TableVI,1,Stephan et al 1981; Zilles and Rehkamper 1988,,,NA,direct_same_structure_unique,,,215,2019
Pygathrix_nemaeus,Pygathrix nemaeus,Pons,Ventral_pons_Vol.mm3,Matano ventral pons,708.5,resolved_unique,Matano_etal_1985_b_Table1,Matano et al. 1985 (Folia Primatol 44:182-203),Matano_etal_1985_b_Table1,1,Matano et al 1985; Zilles and Rehkamper 1988,,,NA,direct_same_structure_unique,,,40,2019
Pygathrix_nemaeus,Pygathrix nemaeus,Schizocortex,Schizo_cortex_Vol.mm3,crosswalk_exact,723,resolved_unique,Stephan_etal_1981_TableVI,"Stephan, Frahm & Baron 1981 (Folia Primatol 35:1-29)",Stephan_etal_1981_TableVI,1,Stephan et al 1981,,,NA,direct_same_structure_unique,,,215,2019
Pygathrix_nemaeus,Pygathrix nemaeus,Septum,Septum_Vol.mm3,crosswalk_exact,290,resolved_unique,Stephan_etal_1981_TableVI,"Stephan, Frahm & Baron 1981 (Folia Primatol 35:1-29)",Stephan_etal_1981_TableVI,1,Stephan et al 1981; Zilles and Rehkamper 1988,,,NA,direct_same_structure_unique,,,215,2019
Pygathrix_nemaeus,Pygathrix nemaeus,Striatum,Striatum_Vol.mm3,crosswalk_exact,3166,resolved_unique,Stephan_etal_1981_TableVI,"Stephan, Frahm & Baron 1981 (Folia Primatol 35:1-29)",Stephan_etal_1981_TableVI,1,Stephan et al 1981; Zilles and Rehkamper 1988,,,NA,direct_same_structure_unique,,,215,2019
Pygathrix_nemaeus,Pygathrix nemaeus,Telencephalon,Telencephalon_Vol.mm3,crosswalk_exact,56189,resolved_unique,Stephan_etal_1981_TableIII,"Stephan, Frahm & Baron 1981 (Folia Primatol 35:1-29)",Stephan_etal_1981_TableIII,1,Stephan et al 1981; Zilles and Rehkamper 1988,,,NA,direct_same_structure_unique,,,243,2019
Pygathrix_nemaeus,Pygathrix nemaeus,Total_brain_net_volume,Total_brain_net_volume_Vol.mm3,crosswalk_exact,72530,resolved_unique,Stephan_etal_1981_TableIII,"Stephan, Frahm & Baron 1981 (Folia Primatol 35:1-29)",Stephan_etal_1981_TableIII,1,Stephan et al 1981,,,NA,direct_same_structure_unique,,,243,2019
Pygathrix_nemaeus,Pygathrix nemaeus,Ventricles,Ventricles_Vol.mm3,crosswalk_exact,911,resolved_unique,Stephan_etal_1981_TableIII,"Stephan, Frahm & Baron 1981 (Folia Primatol 35:1-29)",Stephan_etal_1981_TableIII,1,Stephan et al 1981,,,NA,direct_same_structure_unique,,,243,2019
Saguinus_geoffroyi,Saguinus geoffroyi,Agranular_volume_L,Agranular_insular_cortex_left_Vol.mm3,crosswalk_exact,6,resolved_unique,Bauernfeind_etal_2013_Table1,Bauernfeind et al. 2013 (J Hum Evol 64:263-279),Bauernfeind_etal_2013_Table1,1,Bauernfeind et al 2013,,,NA,direct_same_structure_unique,,,181,2019
Saguinus_geoffroyi,Saguinus geoffroyi,Body_mass,Body_Mass.g,crosswalk_exact,482,resolved_unique,Bauernfeind_etal_2013_Table1,Bauernfeind et al. 2013 (J Hum Evol 64:263-279),Bauernfeind_etal_2013_Table1,1,Bauernfeind et al 2013,,,NA,direct_same_structure_unique,,,181,2019
Saguinus_geoffroyi,Saguinus geoffroyi,Body_weight,Body_Mass.g,crosswalk_exact,482,resolved_unique,Bauernfeind_etal_2013_Table1,Bauernfeind et al. 2013 (J Hum Evol 64:263-279),Bauernfeind_etal_2013_Table1,1,Stephan et al 1981; Zilles and Rehkamper 1988; Bauernfeind et al 2013,,,NA,direct_same_structure_unique,,,181,2019
Saguinus_geoffroyi,Saguinus geoffroyi,Brain_mass,Brain_Mass.mg,crosswalk_exact,10500,resolved_unique,Bauernfeind_etal_2013_Table1,Bauernfeind et al. 2013 (J Hum Evol 64:263-279),Bauernfeind_etal_2013_Table1,1,Bauernfeind et al 2013,1000,,NA,direct_same_structure_unique,,,181,2019
Saguinus_geoffroyi,Saguinus geoffroyi,Brain_volume,NA,no_defensible_volume_key,10135,metadata_only,NA,NA,,0,Bauernfeind et al 2013,,,NA,metadata_only_no_volume_crosswalk,,,0,2019
Saguinus_geoffroyi,Saguinus geoffroyi,Brain_weight,Brain_Mass.mg,crosswalk_exact,10500,resolved_unique,Bauernfeind_etal_2013_Table1,Bauernfeind et al. 2013 (J Hum Evol 64:263-279),Bauernfeind_etal_2013_Table1,1,Stephan et al 1981; Zilles and Rehkamper 1988; Bauernfeind et al 2013,1000,,NA,direct_same_structure_unique,,,181,2019
Saguinus_geoffroyi,Saguinus geoffroyi,Dysgranular_volume_L,Dysgranular_insular_cortex_left_Vol.mm3,crosswalk_exact,9,resolved_unique,Bauernfeind_etal_2013_Table1,Bauernfeind et al. 2013 (J Hum Evol 64:263-279),Bauernfeind_etal_2013_Table1,1,Bauernfeind et al 2013,,,NA,direct_same_structure_unique,,,181,2019
Saguinus_geoffroyi,Saguinus geoffroyi,Granular_volume_L,Granular_insular_cortex_left_Vol.mm3,crosswalk_exact,9,resolved_unique,Bauernfeind_etal_2013_Table1,Bauernfeind et al. 2013 (J Hum Evol 64:263-279),Bauernfeind_etal_2013_Table1,1,Bauernfeind et al 2013,,,NA,direct_same_structure_unique,,,181,2019
Saguinus_geoffroyi,Saguinus geoffroyi,Total_insula_volume_L,Insula_left_Vol.mm3,crosswalk_exact,23,resolved_unique,Bauernfeind_etal_2013_Table1,Bauernfeind et al. 2013 (J Hum Evol 64:263-279),Bauernfeind_etal_2013_Table1,1,Bauernfeind et al 2013,,,NA,direct_same_structure_unique,,,181,2019
Saguinus_midas,Saguinus midas,ASG_Sousa,Area_striata_grey_matter_Vol.mm3,crosswalk_exact,841,resolved_fallback_restricted,deSousa_etal_2010 [restricted: deSousa_2010.csv],de Sousa et al. 2010 (J Hum Evol 58:281-292),Frahm_etal_1984_Table1; deSousa_etal_2010_SupTable2; Frahm_etal_1998_Table1; deSousa_etal_2010 [restricted: deSousa_2010.csv],1,de Sousa et al 2010,,,Evo-M1 value matches Frahm_etal_1984_Table1 (not the metadata source); attributed to metadata source; see source_hunt,restricted_documents_near_perfect,deSousa_etal_2010_SupTable2; Frahm_etal_1998_Table1; Frahm_etal_1984_Table1; deSousa_etal_2010 [restricted: deSousa_2010.csv]; Stephan_etal_1981 [restricted: Stephan_1981.csv],deSousa_etal_2010 [restricted: deSousa_2010.csv] = 841 (0.00%; scale 1; restricted_checks/deSousa_etal_2010/comparison/deSousa_2010.csv R86C2; 0 prior contributions),0,2019
Saguinus_midas,Saguinus midas,Body_weight,Body_Mass.g,crosswalk_exact,340,resolved_multiple,Stephan_etal_1981_TableIII,"Stephan, Frahm & Baron 1981 (Folia Primatol 35:1-29)",Matano__1986_TableI; Matano_etal_1985_a_Table1; Matano_etal_1985_b_Table1; Stephan_etal_1981_TableIII; Stephan_etal_1988_TABLE1,5,Stephan et al 1981; Zilles and Rehkamper 1988; Bauernfeind et al 2013,,,NA,direct_same_structure_multiple,,,243,2019
Saguinus_midas,Saguinus midas,Body_weight_1985a,Body_Mass.g,crosswalk_exact,340,resolved_multiple,Matano_etal_1985_a_Table1,Matano et al. 1985 (Folia Primatol 44:182-203),Matano__1986_TableI; Matano_etal_1985_a_Table1; Matano_etal_1985_b_Table1; Stephan_etal_1981_TableIII; Stephan_etal_1988_TABLE1,5,NA,,,NA,direct_same_structure_multiple,,,220,2019
Saguinus_midas,Saguinus midas,Brain_weight,Brain_Mass.mg,crosswalk_exact,10300,resolved_multiple,Stephan_etal_1981_TableIII,"Stephan, Frahm & Baron 1981 (Folia Primatol 35:1-29)",Stephan_etal_1981_TableIII; Stephan_etal_1988_TABLE1,2,Stephan et al 1981; Zilles and Rehkamper 1988; Bauernfeind et al 2013,,,NA,direct_same_structure_multiple,,,243,2019
Saguinus_midas,Saguinus midas,Brainvol,NA,no_defensible_volume_key,9942.08,metadata_only,NA,NA,,0,de Sousa et al 2010; Stephan et al 1981,,,NA,metadata_only_no_volume_crosswalk,,,0,2019
Saguinus_midas,Saguinus midas,Bulbus_olfactorius,Bulbus_olfactorius_Vol.mm3,crosswalk_exact,17.3,resolved_unique,Stephan_etal_1981_TableVI,"Stephan, Frahm & Baron 1981 (Folia Primatol 35:1-29)",Stephan_etal_1981_TableVI,1,Stephan et al 1981,,,NA,direct_same_structure_unique,,,215,2019
Saguinus_midas,Saguinus midas,Bulbus_olfactorius_accessorius,Bulbus_olfactorius_accessorius_Vol.mm3,crosswalk_exact,0.29,resolved_unique,Stephan_etal_1981_TableVI,"Stephan, Frahm & Baron 1981 (Folia Primatol 35:1-29)",Stephan_etal_1981_TableVI,1,Stephan et al 1981,,,NA,direct_same_structure_unique,,,215,2019
Saguinus_midas,Saguinus midas,Cerebellar_nuclei_total,Cerebellar_nuclei_total_Vol.mm3,crosswalk_exact,21.57,resolved_unique,Matano_etal_1985_a_Table1,Matano et al. 1985 (Folia Primatol 44:182-203),Matano_etal_1985_a_Table1,1,NA,,,NA,direct_same_structure_unique,,,220,2019
Saguinus_midas,Saguinus midas,Cerebellum,Cerebellum_Vol.mm3,crosswalk_exact,1061,resolved_unique,Stephan_etal_1981_TableIII,"Stephan, Frahm & Baron 1981 (Folia Primatol 35:1-29)",Stephan_etal_1981_TableIII,1,Stephan et al 1981; Zilles and Rehkamper 1988,,,NA,direct_same_structure_unique,,,243,2019
Saguinus_midas,Saguinus midas,Corpus.pineale,Corpus_pineal_Vol.mm3,crosswalk_exact,0.22,resolved_unique,Stephan_etal_1981_TableXVI,"Stephan, Frahm & Baron 1981 (Folia Primatol 35:1-29)",Stephan_etal_1981_TableXVI,1,Stephan et al 1981,,,NA,direct_same_structure_unique,,,103,2019
Saguinus_midas,Saguinus midas,Corpus.subcommissurale,Corpus_subcommissurale_Vol.mm3,crosswalk_exact,0.1,resolved_unique,Stephan_etal_1981_TableXVI,"Stephan, Frahm & Baron 1981 (Folia Primatol 35:1-29)",Stephan_etal_1981_TableXVI,1,Stephan et al 1981,,,NA,direct_same_structure_unique,,,103,2019
Saguinus_midas,Saguinus midas,Corpus.subfornicale,Corpus_subfornicale_Vol.mm3,crosswalk_exact,0.08,resolved_unique,Stephan_etal_1981_TableXVI,"Stephan, Frahm & Baron 1981 (Folia Primatol 35:1-29)",Stephan_etal_1981_TableXVI,1,Stephan et al 1981,,,NA,direct_same_structure_unique,,,103,2019
Saguinus_midas,Saguinus midas,Diencephalon,Diencephalon_Vol.mm3,crosswalk_exact,692,resolved_unique,Stephan_etal_1981_TableIII,"Stephan, Frahm & Baron 1981 (Folia Primatol 35:1-29)",Stephan_etal_1981_TableIII,1,Stephan et al 1981; Zilles and Rehkamper 1988,,,NA,direct_same_structure_unique,,,243,2019
Saguinus_midas,Saguinus midas,Hippocampus,Hippocampus_Vol.mm3,crosswalk_exact,280,resolved_unique,Stephan_etal_1981_TableVI,"Stephan, Frahm & Baron 1981 (Folia Primatol 35:1-29)",Stephan_etal_1981_TableVI,1,Stephan et al 1981; Zilles and Rehkamper 1988,,,NA,direct_same_structure_unique,,,215,2019
Saguinus_midas,Saguinus midas,Interpositus_cerebellar_nuclei,Interpositus_cerebellar_nuclei_Vol.mm3,crosswalk_exact,6.94,resolved_unique,Matano_etal_1985_a_Table1,Matano et al. 1985 (Folia Primatol 44:182-203),Matano_etal_1985_a_Table1,1,NA,,,NA,direct_same_structure_unique,,,220,2019
Saguinus_midas,Saguinus midas,LGN_Sousa,Corpus_geniculatum_laterale_Vol.mm3,crosswalk_exact,36,resolved_fallback_metadata,deSousa_etal_2010_SupTable2,de Sousa et al. 2010 (J Hum Evol 58:281-292),deSousa_etal_2010_SupTable2; Frahm_etal_1998_Table1; Stephan_etal_1981_TableIX,1,de Sousa et al 2010; de Sousa et al 2013,,,Stephan_etal_1981_TableIX = 36.8 (2.2%),metadata_tables_near_perfect,deSousa_etal_2010_SupTable2; Frahm_etal_1998_Table1; Stephan_etal_1981_TableIX; deSousa_etal_2010 [restricted: deSousa_2010.csv],deSousa_etal_2010_SupTable2 = 36 (Corpus_geniculatum_laterale_Vol.mm3; 0.00%; scale 1; 0 prior contributions),0,2019
Saguinus_midas,Saguinus midas,Lateral_cerebellar_nuclei,Lateral_cerebellar_nuclei_Vol.mm3,crosswalk_exact,7.75,resolved_unique,Matano_etal_1985_a_Table1,Matano et al. 1985 (Folia Primatol 44:182-203),Matano_etal_1985_a_Table1,1,NA,,,NA,direct_same_structure_unique,,,220,2019
Saguinus_midas,Saguinus midas,Lobus_piriformis,Lobus_piriformis_Vol.mm3,crosswalk_exact,243,resolved_unique,Stephan_etal_1981_TableVI,"Stephan, Frahm & Baron 1981 (Folia Primatol 35:1-29)",Stephan_etal_1981_TableVI,1,Stephan et al 1981; Zilles and Rehkamper 1988,,,NA,direct_same_structure_unique,,,215,2019
Saguinus_midas,Saguinus midas,Medial_cerebellar_nuclei,Medial_cerebellar_nuclei_Vol.mm3,crosswalk_exact,6.88,resolved_unique,Matano_etal_1985_a_Table1,Matano et al. 1985 (Folia Primatol 44:182-203),Matano_etal_1985_a_Table1,1,NA,,,NA,direct_same_structure_unique,,,220,2019
Saguinus_midas,Saguinus midas,Medulla_oblongata,Medulla_oblongata_Vol.mm3,crosswalk_exact,428,resolved_unique,Stephan_etal_1981_TableIII,"Stephan, Frahm & Baron 1981 (Folia Primatol 35:1-29)",Stephan_etal_1981_TableIII,1,Stephan et al 1981; Zilles and Rehkamper 1988,,,NA,direct_same_structure_unique,,,243,2019
Saguinus_midas,Saguinus midas,Meninges_hypophysis_nerves_etc,NA,no_defensible_volume_key,122,metadata_only,NA,NA,,0,Stephan et al 1981,,,NA,metadata_only_no_volume_crosswalk,,,0,2019
Saguinus_midas,Saguinus midas,Mesencephalon,Mesencephalon_Vol.mm3,crosswalk_exact,332,resolved_unique,Stephan_etal_1981_TableIII,"Stephan, Frahm & Baron 1981 (Folia Primatol 35:1-29)",Stephan_etal_1981_TableIII,1,Stephan et al 1981; Zilles and Rehkamper 1988,,,NA,direct_same_structure_unique,,,243,2019
Saguinus_midas,Saguinus midas,NeoWG,Neocortex_Vol.mm3,crosswalk_exact,5883,resolved_unique,Stephan_etal_1981_TableVI,"Stephan, Frahm & Baron 1981 (Folia Primatol 35:1-29)",Stephan_etal_1981_TableVI,1,Stephan et al 1981; Zilles and Rehkamper 1988,,,NA,direct_same_structure_unique,,,215,2019
Saguinus_midas,Saguinus midas,Nucleus.habenularis.medialis,Nucleus_habenularis_medialis_Vol.mm3,crosswalk_exact,1.18,resolved_unique,Stephan_etal_1981_TableXVI,"Stephan, Frahm & Baron 1981 (Folia Primatol 35:1-29)",Stephan_etal_1981_TableXVI,1,Stephan et al 1981,,,NA,direct_same_structure_unique,,,103,2019
Saguinus_midas,Saguinus midas,Nucleus.septalis.triangularis,Nucleus_septalis_triangularis_Vol.mm3,crosswalk_exact,0.56,resolved_unique,Stephan_etal_1981_TableXVI,"Stephan, Frahm & Baron 1981 (Folia Primatol 35:1-29)",Stephan_etal_1981_TableXVI,1,Stephan et al 1981,,,NA,direct_same_structure_unique,,,103,2019
Saguinus_midas,Saguinus midas,Pons,Ventral_pons_Vol.mm3,Matano ventral pons,45.7,resolved_unique,Matano_etal_1985_b_Table1,Matano et al. 1985 (Folia Primatol 44:182-203),Matano_etal_1985_b_Table1,1,Matano et al 1985; Zilles and Rehkamper 1988,,,NA,direct_same_structure_unique,,,40,2019
Saguinus_midas,Saguinus midas,Schizocortex,Schizo_cortex_Vol.mm3,crosswalk_exact,120,resolved_unique,Stephan_etal_1981_TableVI,"Stephan, Frahm & Baron 1981 (Folia Primatol 35:1-29)",Stephan_etal_1981_TableVI,1,Stephan et al 1981,,,NA,direct_same_structure_unique,,,215,2019
Saguinus_midas,Saguinus midas,Septum,Septum_Vol.mm3,crosswalk_exact,40.9,resolved_unique,Stephan_etal_1981_TableVI,"Stephan, Frahm & Baron 1981 (Folia Primatol 35:1-29)",Stephan_etal_1981_TableVI,1,Stephan et al 1981; Zilles and Rehkamper 1988,,,NA,direct_same_structure_unique,,,215,2019
Saguinus_midas,Saguinus midas,Striatum,Striatum_Vol.mm3,crosswalk_exact,471,resolved_unique,Stephan_etal_1981_TableVI,"Stephan, Frahm & Baron 1981 (Folia Primatol 35:1-29)",Stephan_etal_1981_TableVI,1,Stephan et al 1981; Zilles and Rehkamper 1988,,,NA,direct_same_structure_unique,,,215,2019
Saguinus_midas,Saguinus midas,Telencephalon,Telencephalon_Vol.mm3,crosswalk_exact,7055,resolved_unique,Stephan_etal_1981_TableIII,"Stephan, Frahm & Baron 1981 (Folia Primatol 35:1-29)",Stephan_etal_1981_TableIII,1,Stephan et al 1981; Zilles and Rehkamper 1988,,,NA,direct_same_structure_unique,,,243,2019
Saguinus_midas,Saguinus midas,Total_brain_net_volume,Total_brain_net_volume_Vol.mm3,crosswalk_exact,9569,resolved_unique,Stephan_etal_1981_TableIII,"Stephan, Frahm & Baron 1981 (Folia Primatol 35:1-29)",Stephan_etal_1981_TableIII,1,Stephan et al 1981,,,NA,direct_same_structure_unique,,,243,2019
Saguinus_midas,Saguinus midas,Ventricles,Ventricles_Vol.mm3,crosswalk_exact,251,resolved_unique,Stephan_etal_1981_TableIII,"Stephan, Frahm & Baron 1981 (Folia Primatol 35:1-29)",Stephan_etal_1981_TableIII,1,Stephan et al 1981,,,NA,direct_same_structure_unique,,,243,2019
Saguinus_oedipus,Saguinus oedipus,ASG_Sousa,Area_striata_grey_matter_Vol.mm3,crosswalk_exact,807,resolved_fallback_metadata,deSousa_etal_2010_SupTable2,de Sousa et al. 2010 (J Hum Evol 58:281-292),Frahm_etal_1984_Table1; deSousa_etal_2010_SupTable2; Frahm_etal_1998_Table1,1,de Sousa et al 2010,,,Evo-M1 value matches Frahm_etal_1984_Table1 (not the metadata source); attributed to metadata source; see source_hunt,metadata_tables_near_perfect,deSousa_etal_2010_SupTable2; Frahm_etal_1998_Table1; Frahm_etal_1984_Table1; deSousa_etal_2010 [restricted: deSousa_2010.csv]; Stephan_etal_1981 [restricted: Stephan_1981.csv],deSousa_etal_2010_SupTable2 = 800 (Area_striata_grey_matter_Vol.mm3; 0.87%; scale 1; 0 prior contributions),0,2019
Saguinus_oedipus,Saguinus oedipus,Agranular_volume_L,Agranular_insular_cortex_left_Vol.mm3,crosswalk_exact,6,resolved_unique,Bauernfeind_etal_2013_Table1,Bauernfeind et al. 2013 (J Hum Evol 64:263-279),Bauernfeind_etal_2013_Table1,1,Bauernfeind et al 2013,,,NA,direct_same_structure_unique,,,181,2019
Saguinus_oedipus,Saguinus oedipus,Body_mass,Body_Mass.g,crosswalk_exact,418,resolved_unique,Bauernfeind_etal_2013_Table1,Bauernfeind et al. 2013 (J Hum Evol 64:263-279),Bauernfeind_etal_2013_Table1,6,Bauernfeind et al 2013,,,NA,direct_same_structure_unique,,,181,2019
Saguinus_oedipus,Saguinus oedipus,Body_weight,Body_Mass.g,crosswalk_exact,380,resolved_multiple,Stephan_etal_1981_TableIII,"Stephan, Frahm & Baron 1981 (Folia Primatol 35:1-29)",Matano__1986_TableI; Matano_etal_1985_a_Table1; Matano_etal_1985_b_Table1; Stephan_etal_1981_TableIII; Stephan_etal_1988_TABLE1,6,Stephan et al 1981; Zilles and Rehkamper 1988; Bauernfeind et al 2013,,,NA,direct_same_structure_multiple,,,243,2019
Saguinus_oedipus,Saguinus oedipus,Body_weight_1985a,Body_Mass.g,crosswalk_exact,380,resolved_multiple,Matano_etal_1985_a_Table1,Matano et al. 1985 (Folia Primatol 44:182-203),Matano__1986_TableI; Matano_etal_1985_a_Table1; Matano_etal_1985_b_Table1; Stephan_etal_1981_TableIII; Stephan_etal_1988_TABLE1,6,NA,,,NA,direct_same_structure_multiple,,,220,2019
Saguinus_oedipus,Saguinus oedipus,Brain_mass,Brain_Mass.mg,crosswalk_exact,9300,resolved_unique,Bauernfeind_etal_2013_Table1,Bauernfeind et al. 2013 (J Hum Evol 64:263-279),Bauernfeind_etal_2013_Table1,3,Bauernfeind et al 2013,1000,,NA,direct_same_structure_unique,,,181,2019
Saguinus_oedipus,Saguinus oedipus,Brain_volume,NA,no_defensible_volume_key,8938.2,metadata_only,NA,NA,,0,Bauernfeind et al 2013,,,NA,metadata_only_no_volume_crosswalk,,,0,2019
Saguinus_oedipus,Saguinus oedipus,Brain_weight,Brain_Mass.mg,crosswalk_exact,10000,resolved_multiple,Stephan_etal_1981_TableIII,"Stephan, Frahm & Baron 1981 (Folia Primatol 35:1-29)",Stephan_etal_1981_TableIII; Stephan_etal_1988_TABLE1,3,Stephan et al 1981; Zilles and Rehkamper 1988; Bauernfeind et al 2013,,,NA,direct_same_structure_multiple,,,243,2019
Saguinus_oedipus,Saguinus oedipus,Brainvol,NA,no_defensible_volume_key,9652.51,metadata_only,NA,NA,,0,de Sousa et al 2010; Stephan et al 1981,,,NA,metadata_only_no_volume_crosswalk,,,0,2019
Saguinus_oedipus,Saguinus oedipus,Bulbus_olfactorius,Bulbus_olfactorius_Vol.mm3,crosswalk_exact,19.1,resolved_unique,Stephan_etal_1981_TableVI,"Stephan, Frahm & Baron 1981 (Folia Primatol 35:1-29)",Stephan_etal_1981_TableVI,1,Stephan et al 1981,,,NA,direct_same_structure_unique,,,215,2019
Saguinus_oedipus,Saguinus oedipus,Bulbus_olfactorius_accessorius,Bulbus_olfactorius_accessorius_Vol.mm3,crosswalk_exact,0.41,resolved_unique,Stephan_etal_1981_TableVI,"Stephan, Frahm & Baron 1981 (Folia Primatol 35:1-29)",Stephan_etal_1981_TableVI,1,Stephan et al 1981,,,NA,direct_same_structure_unique,,,215,2019
Saguinus_oedipus,Saguinus oedipus,Capsula_interna,Capsula_interna_Vol.mm3,crosswalk_exact,62.7,resolved_unique,Stephan_etal_1981_TableVIII,"Stephan, Frahm & Baron 1981 (Folia Primatol 35:1-29)",Stephan_etal_1981_TableVIII,1,Stephan et al 1981,,,NA,direct_same_structure_unique,,,200,2019
Saguinus_oedipus,Saguinus oedipus,Cerebellar_nuclei_total,Cerebellar_nuclei_total_Vol.mm3,crosswalk_exact,24.6,resolved_unique,Matano_etal_1985_a_Table1,Matano et al. 1985 (Folia Primatol 44:182-203),Matano_etal_1985_a_Table1,1,NA,,,NA,direct_same_structure_unique,,,220,2019
Saguinus_oedipus,Saguinus oedipus,Cerebellum,Cerebellum_Vol.mm3,crosswalk_exact,984,resolved_unique,Stephan_etal_1981_TableIII,"Stephan, Frahm & Baron 1981 (Folia Primatol 35:1-29)",Stephan_etal_1981_TableIII,1,Stephan et al 1981; Zilles and Rehkamper 1988,,,NA,direct_same_structure_unique,,,243,2019
Saguinus_oedipus,Saguinus oedipus,Complexus.vestibularis,Complexus_vestibularis_unilateral_Vol.mm3,crosswalk_exact,18.4,resolved_multiple,Stephan_etal_1981_TableXIII,"Stephan, Frahm & Baron 1981 (Folia Primatol 35:1-29)",Matano__1986_TableI; Stephan_etal_1981_TableXIII,2,Stephan et al 1981,,,NA,direct_same_structure_multiple,,,129,2019
Saguinus_oedipus,Saguinus oedipus,Corpus.pineale,Corpus_pineal_Vol.mm3,crosswalk_exact,0.39,resolved_unique,Stephan_etal_1981_TableXVI,"Stephan, Frahm & Baron 1981 (Folia Primatol 35:1-29)",Stephan_etal_1981_TableXVI,1,Stephan et al 1981,,,NA,direct_same_structure_unique,,,103,2019
Saguinus_oedipus,Saguinus oedipus,Corpus.subcommissurale,Corpus_subcommissurale_Vol.mm3,crosswalk_exact,0.09,resolved_unique,Stephan_etal_1981_TableXVI,"Stephan, Frahm & Baron 1981 (Folia Primatol 35:1-29)",Stephan_etal_1981_TableXVI,1,Stephan et al 1981,,,NA,direct_same_structure_unique,,,103,2019
Saguinus_oedipus,Saguinus oedipus,Corpus.subfornicale,Corpus_subfornicale_Vol.mm3,crosswalk_exact,0.17,resolved_unique,Stephan_etal_1981_TableXVI,"Stephan, Frahm & Baron 1981 (Folia Primatol 35:1-29)",Stephan_etal_1981_TableXVI,1,Stephan et al 1981,,,NA,direct_same_structure_unique,,,103,2019
Saguinus_oedipus,Saguinus oedipus,Diencephalon,Diencephalon_Vol.mm3,crosswalk_exact,754,resolved_unique,Stephan_etal_1981_TableIII,"Stephan, Frahm & Baron 1981 (Folia Primatol 35:1-29)",Stephan_etal_1981_TableIII,1,Stephan et al 1981; Zilles and Rehkamper 1988,,,NA,direct_same_structure_unique,,,243,2019
Saguinus_oedipus,Saguinus oedipus,Dysgranular_volume_L,Dysgranular_insular_cortex_left_Vol.mm3,crosswalk_exact,13,resolved_unique,Bauernfeind_etal_2013_Table1,Bauernfeind et al. 2013 (J Hum Evol 64:263-279),Bauernfeind_etal_2013_Table1,1,Bauernfeind et al 2013,,,NA,direct_same_structure_unique,,,181,2019
Saguinus_oedipus,Saguinus oedipus,Epithalamus,Epithalamus_Vol.mm3,crosswalk_exact,4.93,resolved_unique,Stephan_etal_1981_TableVIII,"Stephan, Frahm & Baron 1981 (Folia Primatol 35:1-29)",Stephan_etal_1981_TableVIII,1,Stephan et al 1981,,,NA,direct_same_structure_unique,,,200,2019
Saguinus_oedipus,Saguinus oedipus,Granular_volume_L,Granular_insular_cortex_left_Vol.mm3,crosswalk_exact,7,resolved_unique,Bauernfeind_etal_2013_Table1,Bauernfeind et al. 2013 (J Hum Evol 64:263-279),Bauernfeind_etal_2013_Table1,1,Bauernfeind et al 2013,,,NA,direct_same_structure_unique,,,181,2019
Saguinus_oedipus,Saguinus oedipus,Hippocampus,Hippocampus_Vol.mm3,crosswalk_exact,262,resolved_unique,Stephan_etal_1981_TableVI,"Stephan, Frahm & Baron 1981 (Folia Primatol 35:1-29)",Stephan_etal_1981_TableVI,1,Stephan et al 1981; Zilles and Rehkamper 1988,,,NA,direct_same_structure_unique,,,215,2019
Saguinus_oedipus,Saguinus oedipus,Hypothalamus,Hypothalamus_Vol.mm3,crosswalk_exact,152,resolved_unique,Stephan_etal_1981_TableVIII,"Stephan, Frahm & Baron 1981 (Folia Primatol 35:1-29)",Stephan_etal_1981_TableVIII,1,Stephan et al 1981,,,NA,direct_same_structure_unique,,,200,2019
Saguinus_oedipus,Saguinus oedipus,Interpositus_cerebellar_nuclei,Interpositus_cerebellar_nuclei_Vol.mm3,crosswalk_exact,7.19,resolved_unique,Matano_etal_1985_a_Table1,Matano et al. 1985 (Folia Primatol 44:182-203),Matano_etal_1985_a_Table1,1,NA,,,NA,direct_same_structure_unique,,,220,2019
Saguinus_oedipus,Saguinus oedipus,LGN_Sousa,Corpus_geniculatum_laterale_Vol.mm3,crosswalk_exact,34.2,resolved_fallback_metadata,deSousa_etal_2010_SupTable2,de Sousa et al. 2010 (J Hum Evol 58:281-292),Stephan_etal_1984_Table1; deSousa_etal_2010_SupTable2; Frahm_etal_1998_Table1; Stephan_etal_1981_TableIX,2,de Sousa et al 2010; de Sousa et al 2013,,,Evo-M1 value matches Stephan_etal_1984_Table1 (not the metadata source); attributed to metadata source; see source_hunt,metadata_tables_near_perfect,deSousa_etal_2010_SupTable2; Frahm_etal_1998_Table1; Stephan_etal_1984_Table1; Stephan_etal_1981_TableIX; deSousa_etal_2010 [restricted: deSousa_2010.csv],deSousa_etal_2010_SupTable2 = 34 (Corpus_geniculatum_laterale_Vol.mm3; 0.58%; scale 1; 0 prior contributions),0,2019
Saguinus_oedipus,Saguinus oedipus,Lateral_cerebellar_nuclei,Lateral_cerebellar_nuclei_Vol.mm3,crosswalk_exact,8.8,resolved_unique,Matano_etal_1985_a_Table1,Matano et al. 1985 (Folia Primatol 44:182-203),Matano_etal_1985_a_Table1,1,NA,,,NA,direct_same_structure_unique,,,220,2019
Saguinus_oedipus,Saguinus oedipus,Lobus_piriformis,Lobus_piriformis_Vol.mm3,crosswalk_exact,256,resolved_unique,Stephan_etal_1981_TableVI,"Stephan, Frahm & Baron 1981 (Folia Primatol 35:1-29)",Stephan_etal_1981_TableVI,1,Stephan et al 1981; Zilles and Rehkamper 1988,,,NA,direct_same_structure_unique,,,215,2019
Saguinus_oedipus,Saguinus oedipus,Medial_cerebellar_nuclei,Medial_cerebellar_nuclei_Vol.mm3,crosswalk_exact,8.61,resolved_unique,Matano_etal_1985_a_Table1,Matano et al. 1985 (Folia Primatol 44:182-203),Matano_etal_1985_a_Table1,1,NA,,,NA,direct_same_structure_unique,,,220,2019
Saguinus_oedipus,Saguinus oedipus,Medulla_oblongata,Medulla_oblongata_Vol.mm3,crosswalk_exact,413,resolved_unique,Stephan_etal_1981_TableIII,"Stephan, Frahm & Baron 1981 (Folia Primatol 35:1-29)",Stephan_etal_1981_TableIII,1,Stephan et al 1981; Zilles and Rehkamper 1988,,,NA,direct_same_structure_unique,,,243,2019
Saguinus_oedipus,Saguinus oedipus,Meninges_hypophysis_nerves_etc,NA,no_defensible_volume_key,52.8,metadata_only,NA,NA,,0,Stephan et al 1981,,,NA,metadata_only_no_volume_crosswalk,,,0,2019
Saguinus_oedipus,Saguinus oedipus,Mesencephalon,Mesencephalon_Vol.mm3,crosswalk_exact,333,resolved_unique,Stephan_etal_1981_TableIII,"Stephan, Frahm & Baron 1981 (Folia Primatol 35:1-29)",Stephan_etal_1981_TableIII,1,Stephan et al 1981; Zilles and Rehkamper 1988,,,NA,direct_same_structure_unique,,,243,2019
Saguinus_oedipus,Saguinus oedipus,NeoWG,Neocortex_Vol.mm3,crosswalk_exact,5894,resolved_unique,Stephan_etal_1981_TableVI,"Stephan, Frahm & Baron 1981 (Folia Primatol 35:1-29)",Stephan_etal_1981_TableVI,1,Stephan et al 1981; Zilles and Rehkamper 1988,,,NA,direct_same_structure_unique,,,215,2019
Saguinus_oedipus,Saguinus oedipus,Nucleus.habenularis.medialis,Nucleus_habenularis_medialis_Vol.mm3,crosswalk_exact,1.55,resolved_unique,Stephan_etal_1981_TableXVI,"Stephan, Frahm & Baron 1981 (Folia Primatol 35:1-29)",Stephan_etal_1981_TableXVI,1,Stephan et al 1981,,,NA,direct_same_structure_unique,,,103,2019
Saguinus_oedipus,Saguinus oedipus,Nucleus.septalis.triangularis,Nucleus_septalis_triangularis_Vol.mm3,crosswalk_exact,1.08,resolved_unique,Stephan_etal_1981_TableXVI,"Stephan, Frahm & Baron 1981 (Folia Primatol 35:1-29)",Stephan_etal_1981_TableXVI,1,Stephan et al 1981,,,NA,direct_same_structure_unique,,,103,2019
Saguinus_oedipus,Saguinus oedipus,Nucleus.vestibularis.descendens,Nucleus_vestibularis_descendens_unilateral_Vol.mm3,crosswalk_exact,4.49,resolved_multiple,Stephan_etal_1981_TableXIII,"Stephan, Frahm & Baron 1981 (Folia Primatol 35:1-29)",Matano__1986_TableI; Stephan_etal_1981_TableXIII,2,Stephan et al 1981,,,NA,direct_same_structure_multiple,,,129,2019
Saguinus_oedipus,Saguinus oedipus,Nucleus.vestibularis.lateralis,Nucleus_vestibularis_lateralis_unilateral_Vol.mm3,crosswalk_exact,3.63,resolved_multiple,Stephan_etal_1981_TableXIII,"Stephan, Frahm & Baron 1981 (Folia Primatol 35:1-29)",Matano__1986_TableI; Stephan_etal_1981_TableXIII,2,Stephan et al 1981,,,NA,direct_same_structure_multiple,,,129,2019
Saguinus_oedipus,Saguinus oedipus,Nucleus.vestibularis.medialis,Nucleus_vestibularis_medialis_unilateral_Vol.mm3,crosswalk_exact,7.25,resolved_multiple,Stephan_etal_1981_TableXIII,"Stephan, Frahm & Baron 1981 (Folia Primatol 35:1-29)",Matano__1986_TableI; Stephan_etal_1981_TableXIII,2,Stephan et al 1981,,,NA,direct_same_structure_multiple,,,129,2019
Saguinus_oedipus,Saguinus oedipus,Nucleus.vestibularis.superior,Nucleus_vestibularis_superior_unilateral_Vol.mm3,crosswalk_exact,2.98,resolved_multiple,Stephan_etal_1981_TableXIII,"Stephan, Frahm & Baron 1981 (Folia Primatol 35:1-29)",Matano__1986_TableI; Stephan_etal_1981_TableXIII,2,Stephan et al 1981,,,NA,direct_same_structure_multiple,,,129,2019
Saguinus_oedipus,Saguinus oedipus,Nucleus_subthalamicus,Nucleus_subthalamicus_Vol.mm3,crosswalk_exact,4.45,resolved_unique,Stephan_etal_1981_TableVIII,"Stephan, Frahm & Baron 1981 (Folia Primatol 35:1-29)",Stephan_etal_1981_TableVIII,1,Stephan et al 1981,,,NA,direct_same_structure_unique,,,200,2019
Saguinus_oedipus,Saguinus oedipus,Pallidum,Pallidum_Vol.mm3,crosswalk_exact,73.2,resolved_unique,Stephan_etal_1981_TableVIII,"Stephan, Frahm & Baron 1981 (Folia Primatol 35:1-29)",Stephan_etal_1981_TableVIII,1,Stephan et al 1981; Zilles and Rehkamper 1988,,,NA,direct_same_structure_unique,,,200,2019
Saguinus_oedipus,Saguinus oedipus,Pons,Ventral_pons_Vol.mm3,Matano ventral pons,50.9,resolved_unique,Matano_etal_1985_b_Table1,Matano et al. 1985 (Folia Primatol 44:182-203),Matano_etal_1985_b_Table1,1,Matano et al 1985; Zilles and Rehkamper 1988,,,NA,direct_same_structure_unique,,,40,2019
Saguinus_oedipus,Saguinus oedipus,Schizocortex,Schizo_cortex_Vol.mm3,crosswalk_exact,107,resolved_unique,Stephan_etal_1981_TableVI,"Stephan, Frahm & Baron 1981 (Folia Primatol 35:1-29)",Stephan_etal_1981_TableVI,1,Stephan et al 1981,,,NA,direct_same_structure_unique,,,215,2019
Saguinus_oedipus,Saguinus oedipus,Septum,Septum_Vol.mm3,crosswalk_exact,60.5,resolved_unique,Stephan_etal_1981_TableVI,"Stephan, Frahm & Baron 1981 (Folia Primatol 35:1-29)",Stephan_etal_1981_TableVI,1,Stephan et al 1981; Zilles and Rehkamper 1988,,,NA,direct_same_structure_unique,,,215,2019
Saguinus_oedipus,Saguinus oedipus,Striatum,Striatum_Vol.mm3,crosswalk_exact,453,resolved_unique,Stephan_etal_1981_TableVI,"Stephan, Frahm & Baron 1981 (Folia Primatol 35:1-29)",Stephan_etal_1981_TableVI,1,Stephan et al 1981; Zilles and Rehkamper 1988,,,NA,direct_same_structure_unique,,,215,2019
Saguinus_oedipus,Saguinus oedipus,Subthalamus,Subthalamus_Vol.mm3,crosswalk_exact,77.6,resolved_unique,Stephan_etal_1981_TableVIII,"Stephan, Frahm & Baron 1981 (Folia Primatol 35:1-29)",Stephan_etal_1981_TableVIII,1,Stephan et al 1981,,,NA,direct_same_structure_unique,,,200,2019
Saguinus_oedipus,Saguinus oedipus,Telencephalon,Telencephalon_Vol.mm3,crosswalk_exact,7052,resolved_unique,Stephan_etal_1981_TableIII,"Stephan, Frahm & Baron 1981 (Folia Primatol 35:1-29)",Stephan_etal_1981_TableIII,1,Stephan et al 1981; Zilles and Rehkamper 1988,,,NA,direct_same_structure_unique,,,243,2019
Saguinus_oedipus,Saguinus oedipus,Thalamus,Thalamus_Vol.mm3,crosswalk_exact,410,resolved_unique,Stephan_etal_1981_TableVIII,"Stephan, Frahm & Baron 1981 (Folia Primatol 35:1-29)",Stephan_etal_1981_TableVIII,1,Stephan et al 1981,,,NA,direct_same_structure_unique,,,200,2019
Saguinus_oedipus,Saguinus oedipus,Total_brain_net_volume,Total_brain_net_volume_Vol.mm3,crosswalk_exact,9537,resolved_unique,Stephan_etal_1981_TableIII,"Stephan, Frahm & Baron 1981 (Folia Primatol 35:1-29)",Stephan_etal_1981_TableIII,2,Stephan et al 1981,,,NA,direct_same_structure_unique,,,243,2019
Saguinus_oedipus,Saguinus oedipus,Total_insula_volume_L,Insula_left_Vol.mm3,crosswalk_exact,26,resolved_unique,Bauernfeind_etal_2013_Table1,Bauernfeind et al. 2013 (J Hum Evol 64:263-279),Bauernfeind_etal_2013_Table1,1,Bauernfeind et al 2013,,,NA,direct_same_structure_unique,,,181,2019
Saguinus_oedipus,Saguinus oedipus,Tractus_opticus,Tractus_opticus_Vol.mm3,crosswalk_exact,50.5,resolved_unique,Stephan_etal_1981_TableVIII,"Stephan, Frahm & Baron 1981 (Folia Primatol 35:1-29)",Stephan_etal_1981_TableVIII,1,Stephan et al 1981,,,NA,direct_same_structure_unique,,,200,2019
Saguinus_oedipus,Saguinus oedipus,Ventricles,Ventricles_Vol.mm3,crosswalk_exact,62.6,resolved_unique,Stephan_etal_1981_TableIII,"Stephan, Frahm & Baron 1981 (Folia Primatol 35:1-29)",Stephan_etal_1981_TableIII,1,Stephan et al 1981,,,NA,direct_same_structure_unique,,,243,2019
Saimiri_sciureus,Saimiri sciureus,ASG_Sousa,Area_striata_grey_matter_Vol.mm3,crosswalk_exact,1884,resolved_fallback_metadata,deSousa_etal_2010_SupTable2,de Sousa et al. 2010 (J Hum Evol 58:281-292),Frahm_etal_1984_Table1; deSousa_etal_2010_SupTable2,1,de Sousa et al 2010,,,Evo-M1 value matches Frahm_etal_1984_Table1 (not the metadata source); attributed to metadata source; see source_hunt,metadata_tables_near_perfect,deSousa_etal_2010_SupTable2; Frahm_etal_1984_Table1; deSousa_etal_2010 [restricted: Visual_volumes.xlsx]; deSousa_etal_2010 [restricted: deSousa_2010.csv]; Stephan_etal_1981 [restricted: Stephan_1981.csv],deSousa_etal_2010_SupTable2 = 1900 (Area_striata_grey_matter_Vol.mm3; 0.84%; scale 1; 0 prior contributions),0,2019
Saimiri_sciureus,Saimiri sciureus,Amygdala,Amygdala_Vol.mm3,crosswalk_exact,227,resolved_unique,Stephan_etal_1981_TableXI,"Stephan, Frahm & Baron 1981 (Folia Primatol 35:1-29)",Stephan_etal_1981_TableXI,1,Stephan et al 1981; Zilles and Rehkamper 1988,,,NA,direct_same_structure_unique,,,100,2019
Saimiri_sciureus,Saimiri sciureus,Body_weight,Body_Mass.g,crosswalk_exact,660,resolved_multiple,Stephan_etal_1981_TableIII,"Stephan, Frahm & Baron 1981 (Folia Primatol 35:1-29)",Matano__1986_TableI; Matano_etal_1985_a_Table1; Matano_etal_1985_b_Table1; Stephan_etal_1981_TableIII; Stephan_etal_1988_TABLE1,5,Stephan et al 1981; Zilles and Rehkamper 1988; Bauernfeind et al 2013,,,NA,direct_same_structure_multiple,,,243,2019
Saimiri_sciureus,Saimiri sciureus,Body_weight_1985a,Body_Mass.g,crosswalk_exact,660,resolved_multiple,Matano_etal_1985_a_Table1,Matano et al. 1985 (Folia Primatol 44:182-203),Matano__1986_TableI; Matano_etal_1985_a_Table1; Matano_etal_1985_b_Table1; Stephan_etal_1981_TableIII; Stephan_etal_1988_TABLE1,5,NA,,,NA,direct_same_structure_multiple,,,220,2019
Saimiri_sciureus,Saimiri sciureus,Brain_weight,Brain_Mass.mg,crosswalk_exact,24000,resolved_multiple,Stephan_etal_1981_TableIII,"Stephan, Frahm & Baron 1981 (Folia Primatol 35:1-29)",Stephan_etal_1981_TableIII; Stephan_etal_1988_TABLE1,2,Stephan et al 1981; Zilles and Rehkamper 1988; Bauernfeind et al 2013,,,NA,direct_same_structure_multiple,,,243,2019
Saimiri_sciureus,Saimiri sciureus,Brainvol,NA,no_defensible_volume_key,23166.02,metadata_only,NA,NA,,0,de Sousa et al 2010; Stephan et al 1981,,,NA,metadata_only_no_volume_crosswalk,,,0,2019
Saimiri_sciureus,Saimiri sciureus,Bulbus_olfactorius,Bulbus_olfactorius_Vol.mm3,crosswalk_exact,26.8,resolved_unique,Stephan_etal_1981_TableVI,"Stephan, Frahm & Baron 1981 (Folia Primatol 35:1-29)",Stephan_etal_1981_TableVI,1,Stephan et al 1981,,,NA,direct_same_structure_unique,,,215,2019
Saimiri_sciureus,Saimiri sciureus,Bulbus_olfactorius_accessorius,Bulbus_olfactorius_accessorius_Vol.mm3,crosswalk_exact,0.99,resolved_unique,Stephan_etal_1981_TableVI,"Stephan, Frahm & Baron 1981 (Folia Primatol 35:1-29)",Stephan_etal_1981_TableVI,1,Stephan et al 1981,,,NA,direct_same_structure_unique,,,215,2019
Saimiri_sciureus,Saimiri sciureus,Capsula_interna,Capsula_interna_Vol.mm3,crosswalk_exact,132,resolved_unique,Stephan_etal_1981_TableVIII,"Stephan, Frahm & Baron 1981 (Folia Primatol 35:1-29)",Stephan_etal_1981_TableVIII,1,Stephan et al 1981,,,NA,direct_same_structure_unique,,,200,2019
Saimiri_sciureus,Saimiri sciureus,Cerebellar_nuclei_total,Cerebellar_nuclei_total_Vol.mm3,crosswalk_exact,73.22,resolved_unique,Matano_etal_1985_a_Table1,Matano et al. 1985 (Folia Primatol 44:182-203),Matano_etal_1985_a_Table1,1,NA,,,NA,direct_same_structure_unique,,,220,2019
Saimiri_sciureus,Saimiri sciureus,Cerebellum,Cerebellum_Vol.mm3,crosswalk_exact,2260,resolved_unique,Stephan_etal_1981_TableIII,"Stephan, Frahm & Baron 1981 (Folia Primatol 35:1-29)",Stephan_etal_1981_TableIII,1,Stephan et al 1981; Zilles and Rehkamper 1988,,,NA,direct_same_structure_unique,,,243,2019
Saimiri_sciureus,Saimiri sciureus,Complexus.vestibularis,Complexus_vestibularis_unilateral_Vol.mm3,crosswalk_exact,29.4,resolved_multiple,Stephan_etal_1981_TableXIII,"Stephan, Frahm & Baron 1981 (Folia Primatol 35:1-29)",Matano__1986_TableI; Stephan_etal_1981_TableXIII,2,Stephan et al 1981,,,NA,direct_same_structure_multiple,,,129,2019
Saimiri_sciureus,Saimiri sciureus,Complexus_centromedialis,Complexus_centromedialis_Vol.mm3,crosswalk_exact,45.9,resolved_unique,Stephan_etal_1981_TableXI,"Stephan, Frahm & Baron 1981 (Folia Primatol 35:1-29)",Stephan_etal_1981_TableXI,1,Stephan et al 1981,,,NA,direct_same_structure_unique,,,100,2019
Saimiri_sciureus,Saimiri sciureus,Complexus_cortico_basolateralis,Complexus_corticobasolateralis_Vol.mm3,crosswalk_exact,181,resolved_unique,Stephan_etal_1981_TableXI,"Stephan, Frahm & Baron 1981 (Folia Primatol 35:1-29)",Stephan_etal_1981_TableXI,1,Stephan et al 1981,,,NA,direct_same_structure_unique,,,100,2019
Saimiri_sciureus,Saimiri sciureus,Corpus.pineale,Corpus_pineal_Vol.mm3,crosswalk_exact,2.71,resolved_unique,Stephan_etal_1981_TableXVI,"Stephan, Frahm & Baron 1981 (Folia Primatol 35:1-29)",Stephan_etal_1981_TableXVI,1,Stephan et al 1981,,,NA,direct_same_structure_unique,,,103,2019
Saimiri_sciureus,Saimiri sciureus,Corpus.subcommissurale,Corpus_subcommissurale_Vol.mm3,crosswalk_exact,0.14,resolved_unique,Stephan_etal_1981_TableXVI,"Stephan, Frahm & Baron 1981 (Folia Primatol 35:1-29)",Stephan_etal_1981_TableXVI,1,Stephan et al 1981,,,NA,direct_same_structure_unique,,,103,2019
Saimiri_sciureus,Saimiri sciureus,Corpus.subfornicale,Corpus_subfornicale_Vol.mm3,crosswalk_exact,0.26,resolved_unique,Stephan_etal_1981_TableXVI,"Stephan, Frahm & Baron 1981 (Folia Primatol 35:1-29)",Stephan_etal_1981_TableXVI,1,Stephan et al 1981,,,NA,direct_same_structure_unique,,,103,2019
Saimiri_sciureus,Saimiri sciureus,Diencephalon,Diencephalon_Vol.mm3,crosswalk_exact,1430,resolved_unique,Stephan_etal_1981_TableIII,"Stephan, Frahm & Baron 1981 (Folia Primatol 35:1-29)",Stephan_etal_1981_TableIII,1,Stephan et al 1981; Zilles and Rehkamper 1988,,,NA,direct_same_structure_unique,,,243,2019
Saimiri_sciureus,Saimiri sciureus,Epithalamus,Epithalamus_Vol.mm3,crosswalk_exact,8.86,resolved_unique,Stephan_etal_1981_TableVIII,"Stephan, Frahm & Baron 1981 (Folia Primatol 35:1-29)",Stephan_etal_1981_TableVIII,1,Stephan et al 1981,,,NA,direct_same_structure_unique,,,200,2019
Saimiri_sciureus,Saimiri sciureus,Hippocampus,Hippocampus_Vol.mm3,crosswalk_exact,352,resolved_unique,Stephan_etal_1981_TableVI,"Stephan, Frahm & Baron 1981 (Folia Primatol 35:1-29)",Stephan_etal_1981_TableVI,1,Stephan et al 1981; Zilles and Rehkamper 1988,,,NA,direct_same_structure_unique,,,215,2019
Saimiri_sciureus,Saimiri sciureus,Hypothalamus,Hypothalamus_Vol.mm3,crosswalk_exact,207,resolved_unique,Stephan_etal_1981_TableVIII,"Stephan, Frahm & Baron 1981 (Folia Primatol 35:1-29)",Stephan_etal_1981_TableVIII,1,Stephan et al 1981,,,NA,direct_same_structure_unique,,,200,2019
Saimiri_sciureus,Saimiri sciureus,Interpositus_cerebellar_nuclei,Interpositus_cerebellar_nuclei_Vol.mm3,crosswalk_exact,21.93,resolved_unique,Matano_etal_1985_a_Table1,Matano et al. 1985 (Folia Primatol 44:182-203),Matano_etal_1985_a_Table1,1,NA,,,NA,direct_same_structure_unique,,,220,2019
Saimiri_sciureus,Saimiri sciureus,LGN_Sousa,Corpus_geniculatum_laterale_Vol.mm3,crosswalk_exact,62.9,resolved_fallback_metadata,deSousa_etal_2010_SupTable2,de Sousa et al. 2010 (J Hum Evol 58:281-292),Stephan_etal_1981_TableIX; Stephan_etal_1984_Table1; deSousa_etal_2010_SupTable2,2,de Sousa et al 2010; de Sousa et al 2013,,,Evo-M1 value matches Stephan_etal_1981_TableIX; Stephan_etal_1984_Table1 (not the metadata source); attributed to metadata source; see source_hunt,metadata_tables_near_perfect,deSousa_etal_2010_SupTable2; Stephan_etal_1984_Table1; Stephan_etal_1981_TableIX; deSousa_etal_2010 [restricted: Visual_volumes.xlsx]; deSousa_etal_2010 [restricted: deSousa_2010.csv]; Stephan_etal_1981 [restricted: Stephan_1981.csv],deSousa_etal_2010_SupTable2 = 63 (Corpus_geniculatum_laterale_Vol.mm3; 0.16%; scale 1; 0 prior contributions),0,2019
Saimiri_sciureus,Saimiri sciureus,Lateral_cerebellar_nuclei,Lateral_cerebellar_nuclei_Vol.mm3,crosswalk_exact,27.2,resolved_unique,Matano_etal_1985_a_Table1,Matano et al. 1985 (Folia Primatol 44:182-203),Matano_etal_1985_a_Table1,1,NA,,,NA,direct_same_structure_unique,,,220,2019
Saimiri_sciureus,Saimiri sciureus,Lobus_piriformis,Lobus_piriformis_Vol.mm3,crosswalk_exact,413,resolved_unique,Stephan_etal_1981_TableVI,"Stephan, Frahm & Baron 1981 (Folia Primatol 35:1-29)",Stephan_etal_1981_TableVI,1,Stephan et al 1981; Zilles and Rehkamper 1988,,,NA,direct_same_structure_unique,,,215,2019
Saimiri_sciureus,Saimiri sciureus,Medial_cerebellar_nuclei,Medial_cerebellar_nuclei_Vol.mm3,crosswalk_exact,24.09,resolved_unique,Matano_etal_1985_a_Table1,Matano et al. 1985 (Folia Primatol 44:182-203),Matano_etal_1985_a_Table1,1,NA,,,NA,direct_same_structure_unique,,,220,2019
Saimiri_sciureus,Saimiri sciureus,Medulla_oblongata,Medulla_oblongata_Vol.mm3,crosswalk_exact,722,resolved_unique,Stephan_etal_1981_TableIII,"Stephan, Frahm & Baron 1981 (Folia Primatol 35:1-29)",Stephan_etal_1981_TableIII,1,Stephan et al 1981; Zilles and Rehkamper 1988,,,NA,direct_same_structure_unique,,,243,2019
Saimiri_sciureus,Saimiri sciureus,Meninges_hypophysis_nerves_etc,NA,no_defensible_volume_key,295,metadata_only,NA,NA,,0,Stephan et al 1981,,,NA,metadata_only_no_volume_crosswalk,,,0,2019
Saimiri_sciureus,Saimiri sciureus,Mesencephalon,Mesencephalon_Vol.mm3,crosswalk_exact,526,resolved_unique,Stephan_etal_1981_TableIII,"Stephan, Frahm & Baron 1981 (Folia Primatol 35:1-29)",Stephan_etal_1981_TableIII,1,Stephan et al 1981; Zilles and Rehkamper 1988,,,NA,direct_same_structure_unique,,,243,2019
Saimiri_sciureus,Saimiri sciureus,NeoG_Frahm,Neocortex_grey_matter_Vol.mm3,crosswalk_exact,11832,resolved_unique,Frahm_etal_1982_Table2,"Frahm, Stephan & Stephan 1982 (J Hirnforsch 23:375-389)",Frahm_etal_1982_Table2,1,Frahm et al 1992; Zilles and Rehkamper 1988,,,NA,direct_same_structure_unique,,,46,2019
Saimiri_sciureus,Saimiri sciureus,NeoWG,Neocortex_Vol.mm3,crosswalk_exact,15541,resolved_multiple,Stephan_etal_1981_TableVI,"Stephan, Frahm & Baron 1981 (Folia Primatol 35:1-29)",Frahm_etal_1982_Table2; Stephan_etal_1981_TableVI,2,Stephan et al 1981; Zilles and Rehkamper 1988,,,NA,direct_same_structure_multiple,,,215,2019
Saimiri_sciureus,Saimiri sciureus,NeoW_Frahm,Neocortex_white_matter_Vol.mm3,crosswalk_exact,3710,resolved_unique,Frahm_etal_1982_Table2,"Frahm, Stephan & Stephan 1982 (J Hirnforsch 23:375-389)",Frahm_etal_1982_Table2,1,Frahm et al 1992; Zilles and Rehkamper 1988,,,NA,direct_same_structure_unique,,,46,2019
Saimiri_sciureus,Saimiri sciureus,Nucleus.habenularis.medialis,Nucleus_habenularis_medialis_Vol.mm3,crosswalk_exact,2.77,resolved_unique,Stephan_etal_1981_TableXVI,"Stephan, Frahm & Baron 1981 (Folia Primatol 35:1-29)",Stephan_etal_1981_TableXVI,1,Stephan et al 1981,,,NA,direct_same_structure_unique,,,103,2019
Saimiri_sciureus,Saimiri sciureus,Nucleus.septalis.triangularis,Nucleus_septalis_triangularis_Vol.mm3,crosswalk_exact,0.6,resolved_unique,Stephan_etal_1981_TableXVI,"Stephan, Frahm & Baron 1981 (Folia Primatol 35:1-29)",Stephan_etal_1981_TableXVI,1,Stephan et al 1981,,,NA,direct_same_structure_unique,,,103,2019
Saimiri_sciureus,Saimiri sciureus,Nucleus.vestibularis.descendens,Nucleus_vestibularis_descendens_unilateral_Vol.mm3,crosswalk_exact,7.31,resolved_multiple,Stephan_etal_1981_TableXIII,"Stephan, Frahm & Baron 1981 (Folia Primatol 35:1-29)",Matano__1986_TableI; Stephan_etal_1981_TableXIII,2,Stephan et al 1981,,,NA,direct_same_structure_multiple,,,129,2019
Saimiri_sciureus,Saimiri sciureus,Nucleus.vestibularis.lateralis,Nucleus_vestibularis_lateralis_unilateral_Vol.mm3,crosswalk_exact,6.26,resolved_multiple,Stephan_etal_1981_TableXIII,"Stephan, Frahm & Baron 1981 (Folia Primatol 35:1-29)",Matano__1986_TableI; Stephan_etal_1981_TableXIII,2,Stephan et al 1981,,,NA,direct_same_structure_multiple,,,129,2019
Saimiri_sciureus,Saimiri sciureus,Nucleus.vestibularis.medialis,Nucleus_vestibularis_medialis_unilateral_Vol.mm3,crosswalk_exact,11.4,resolved_multiple,Stephan_etal_1981_TableXIII,"Stephan, Frahm & Baron 1981 (Folia Primatol 35:1-29)",Matano__1986_TableI; Stephan_etal_1981_TableXIII,2,Stephan et al 1981,,,NA,direct_same_structure_multiple,,,129,2019
Saimiri_sciureus,Saimiri sciureus,Nucleus.vestibularis.superior,Nucleus_vestibularis_superior_unilateral_Vol.mm3,crosswalk_exact,4.43,resolved_multiple,Stephan_etal_1981_TableXIII,"Stephan, Frahm & Baron 1981 (Folia Primatol 35:1-29)",Matano__1986_TableI; Stephan_etal_1981_TableXIII,2,Stephan et al 1981,,,NA,direct_same_structure_multiple,,,129,2019
Saimiri_sciureus,Saimiri sciureus,Nucleus_amygdalae_basalis_parsmagnocellularis,Nucleus_amygdalae_basalis_pars_magnocellularis_Vol.mm3,crosswalk_exact,15,resolved_unique,Stephan_etal_1981_TableXI,"Stephan, Frahm & Baron 1981 (Folia Primatol 35:1-29)",Stephan_etal_1981_TableXI,1,Stephan et al 1981,,,NA,direct_same_structure_unique,,,100,2019
Saimiri_sciureus,Saimiri sciureus,Nucleus_subthalamicus,Nucleus_subthalamicus_Vol.mm3,crosswalk_exact,11.5,resolved_unique,Stephan_etal_1981_TableVIII,"Stephan, Frahm & Baron 1981 (Folia Primatol 35:1-29)",Stephan_etal_1981_TableVIII,1,Stephan et al 1981,,,NA,direct_same_structure_unique,,,200,2019
Saimiri_sciureus,Saimiri sciureus,Nucleus_tractus_olfactorius,Nucleus_tractus_olfactorius_Vol.mm3,crosswalk_exact,0,resolved_unique,Stephan_etal_1981_TableXI,"Stephan, Frahm & Baron 1981 (Folia Primatol 35:1-29)",Stephan_etal_1981_TableXI,1,Stephan et al 1981,,,NA,direct_same_structure_unique,,,100,2019
Saimiri_sciureus,Saimiri sciureus,Palaeocortex,Palaeocortex_Vol.mm3,crosswalk_exact,186,resolved_unique,Stephan_etal_1981_TableXI,"Stephan, Frahm & Baron 1981 (Folia Primatol 35:1-29)",Stephan_etal_1981_TableXI,1,Stephan et al 1981; Zilles and Rehkamper 1988,,,NA,direct_same_structure_unique,,,100,2019
Saimiri_sciureus,Saimiri sciureus,Pallidum,Pallidum_Vol.mm3,crosswalk_exact,169,resolved_unique,Stephan_etal_1981_TableVIII,"Stephan, Frahm & Baron 1981 (Folia Primatol 35:1-29)",Stephan_etal_1981_TableVIII,1,Stephan et al 1981; Zilles and Rehkamper 1988,,,NA,direct_same_structure_unique,,,200,2019
Saimiri_sciureus,Saimiri sciureus,Pons,Ventral_pons_Vol.mm3,Matano ventral pons,135.2,resolved_unique,Matano_etal_1985_b_Table1,Matano et al. 1985 (Folia Primatol 44:182-203),Matano_etal_1985_b_Table1,1,Matano et al 1985; Zilles and Rehkamper 1988,,,NA,direct_same_structure_unique,,,40,2019
Saimiri_sciureus,Saimiri sciureus,Schizocortex,Schizo_cortex_Vol.mm3,crosswalk_exact,168,resolved_unique,Stephan_etal_1981_TableVI,"Stephan, Frahm & Baron 1981 (Folia Primatol 35:1-29)",Stephan_etal_1981_TableVI,1,Stephan et al 1981,,,NA,direct_same_structure_unique,,,215,2019
Saimiri_sciureus,Saimiri sciureus,Septum,Septum_Vol.mm3,crosswalk_exact,90.6,resolved_unique,Stephan_etal_1981_TableVI,"Stephan, Frahm & Baron 1981 (Folia Primatol 35:1-29)",Stephan_etal_1981_TableVI,1,Stephan et al 1981; Zilles and Rehkamper 1988,,,NA,direct_same_structure_unique,,,215,2019
Saimiri_sciureus,Saimiri sciureus,Striatum,Striatum_Vol.mm3,crosswalk_exact,1042,resolved_unique,Stephan_etal_1981_TableVI,"Stephan, Frahm & Baron 1981 (Folia Primatol 35:1-29)",Stephan_etal_1981_TableVI,1,Stephan et al 1981; Zilles and Rehkamper 1988,,,NA,direct_same_structure_unique,,,215,2019
Saimiri_sciureus,Saimiri sciureus,Subthalamus,Subthalamus_Vol.mm3,crosswalk_exact,180,resolved_unique,Stephan_etal_1981_TableVIII,"Stephan, Frahm & Baron 1981 (Folia Primatol 35:1-29)",Stephan_etal_1981_TableVIII,1,Stephan et al 1981,,,NA,direct_same_structure_unique,,,200,2019
Saimiri_sciureus,Saimiri sciureus,Telencephalon,Telencephalon_Vol.mm3,crosswalk_exact,17635,resolved_unique,Stephan_etal_1981_TableIII,"Stephan, Frahm & Baron 1981 (Folia Primatol 35:1-29)",Stephan_etal_1981_TableIII,1,Stephan et al 1981; Zilles and Rehkamper 1988,,,NA,direct_same_structure_unique,,,243,2019
Saimiri_sciureus,Saimiri sciureus,Thalamus,Thalamus_Vol.mm3,crosswalk_exact,731,resolved_unique,Stephan_etal_1981_TableVIII,"Stephan, Frahm & Baron 1981 (Folia Primatol 35:1-29)",Stephan_etal_1981_TableVIII,1,Stephan et al 1981,,,NA,direct_same_structure_unique,,,200,2019
Saimiri_sciureus,Saimiri sciureus,Total_brain_net_volume,Total_brain_net_volume_Vol.mm3,crosswalk_exact,22572,resolved_unique,Stephan_etal_1981_TableIII,"Stephan, Frahm & Baron 1981 (Folia Primatol 35:1-29)",Stephan_etal_1981_TableIII,1,Stephan et al 1981,,,NA,direct_same_structure_unique,,,243,2019
Saimiri_sciureus,Saimiri sciureus,Tractus_opticus,Tractus_opticus_Vol.mm3,crosswalk_exact,117,resolved_unique,Stephan_etal_1981_TableVIII,"Stephan, Frahm & Baron 1981 (Folia Primatol 35:1-29)",Stephan_etal_1981_TableVIII,1,Stephan et al 1981,,,NA,direct_same_structure_unique,,,200,2019
Saimiri_sciureus,Saimiri sciureus,Ventricles,Ventricles_Vol.mm3,crosswalk_exact,299,resolved_unique,Stephan_etal_1981_TableIII,"Stephan, Frahm & Baron 1981 (Folia Primatol 35:1-29)",Stephan_etal_1981_TableIII,1,Stephan et al 1981,,,NA,direct_same_structure_unique,,,243,2019
Symphalangus_syndactylus,Symphalangus syndactylus,ASG_Sousa,Area_striata_grey_matter_Vol.mm3,crosswalk_exact,5468.9,resolved_fallback_metadata,deSousa_etal_2010_SupTable2,de Sousa et al. 2010 (J Hum Evol 58:281-292),deSousa_etal_2010_SupTable2,0,de Sousa et al 2010,,,NA,metadata_tables_near_perfect,deSousa_etal_2010_SupTable2; deSousa_etal_2010 [restricted: deSousa_2010.csv]; deSousa_etal_2010 [restricted: Visual_volumes.xlsx]; Stephan_etal_1981 [restricted: Stephan_1981.csv],deSousa_etal_2010_SupTable2 = 5500 (Area_striata_grey_matter_Vol.mm3; 0.57%; scale 1; 0 prior contributions),0,2019
Symphalangus_syndactylus,Symphalangus syndactylus,Agranular_volume_L,Agranular_insular_cortex_left_Vol.mm3,crosswalk_exact,71,resolved_unique,Bauernfeind_etal_2013_Table1,Bauernfeind et al. 2013 (J Hum Evol 64:263-279),Bauernfeind_etal_2013_Table1,1,Bauernfeind et al 2013,,,NA,direct_same_structure_unique,,,181,2019
Symphalangus_syndactylus,Symphalangus syndactylus,Body_mass,Body_Mass.g,crosswalk_exact,11900,resolved_unique,Bauernfeind_etal_2013_Table1,Bauernfeind et al. 2013 (J Hum Evol 64:263-279),Bauernfeind_etal_2013_Table1,1,Bauernfeind et al 2013,,,NA,direct_same_structure_unique,,,181,2019
Symphalangus_syndactylus,Symphalangus syndactylus,Body_weight,Body_Mass.g,crosswalk_exact,11900,resolved_unique,Bauernfeind_etal_2013_Table1,Bauernfeind et al. 2013 (J Hum Evol 64:263-279),Bauernfeind_etal_2013_Table1,1,Stephan et al 1981; Zilles and Rehkamper 1988; Bauernfeind et al 2013,,,NA,direct_same_structure_unique,,,181,2019
Symphalangus_syndactylus,Symphalangus syndactylus,Brain_mass,Brain_Mass.mg,crosswalk_exact,138700,resolved_unique,Bauernfeind_etal_2013_Table1,Bauernfeind et al. 2013 (J Hum Evol 64:263-279),Bauernfeind_etal_2013_Table1,1,Bauernfeind et al 2013,1000,,NA,direct_same_structure_unique,,,181,2019
Symphalangus_syndactylus,Symphalangus syndactylus,Brain_volume,NA,no_defensible_volume_key,133880,metadata_only,NA,NA,,0,Bauernfeind et al 2013,,,NA,metadata_only_no_volume_crosswalk,,,0,2019
Symphalangus_syndactylus,Symphalangus syndactylus,Brain_weight,Brain_Mass.mg,crosswalk_exact,138700,resolved_unique,Bauernfeind_etal_2013_Table1,Bauernfeind et al. 2013 (J Hum Evol 64:263-279),Bauernfeind_etal_2013_Table1,1,Stephan et al 1981; Zilles and Rehkamper 1988; Bauernfeind et al 2013,1000,,NA,direct_same_structure_unique,,,181,2019
Symphalangus_syndactylus,Symphalangus syndactylus,Brainvol,NA,no_defensible_volume_key,133880.31,metadata_only,NA,NA,,0,de Sousa et al 2010; Stephan et al 1981,,,NA,metadata_only_no_volume_crosswalk,,,0,2019
Symphalangus_syndactylus,Symphalangus syndactylus,Dysgranular_volume_L,Dysgranular_insular_cortex_left_Vol.mm3,crosswalk_exact,147,resolved_unique,Bauernfeind_etal_2013_Table1,Bauernfeind et al. 2013 (J Hum Evol 64:263-279),Bauernfeind_etal_2013_Table1,1,Bauernfeind et al 2013,,,NA,direct_same_structure_unique,,,181,2019
Symphalangus_syndactylus,Symphalangus syndactylus,Granular_volume_L,Granular_insular_cortex_left_Vol.mm3,crosswalk_exact,198,resolved_unique,Bauernfeind_etal_2013_Table1,Bauernfeind et al. 2013 (J Hum Evol 64:263-279),Bauernfeind_etal_2013_Table1,1,Bauernfeind et al 2013,,,NA,direct_same_structure_unique,,,181,2019
Symphalangus_syndactylus,Symphalangus syndactylus,Total_insula_volume_L,Insula_left_Vol.mm3,crosswalk_exact,416,resolved_unique,Bauernfeind_etal_2013_Table1,Bauernfeind et al. 2013 (J Hum Evol 64:263-279),Bauernfeind_etal_2013_Table1,1,Bauernfeind et al 2013,,,NA,direct_same_structure_unique,,,181,2019
Tarsius_syrichta,Tarsius sp.,ASG_Sousa,Area_striata_grey_matter_Vol.mm3,crosswalk_exact,349,resolved_fallback_restricted,deSousa_etal_2010 [restricted: Visual_volumes.xlsx],de Sousa et al. 2010 (J Hum Evol 58:281-292),Frahm_etal_1984_Table1; Frahm_etal_1998_Table1; deSousa_etal_2010 [restricted: Visual_volumes.xlsx],1,de Sousa et al 2010,1000,,Evo-M1 value matches Frahm_etal_1984_Table1 (not the metadata source); attributed to metadata source; see source_hunt,restricted_documents_near_perfect,Frahm_etal_1998_Table1; Frahm_etal_1984_Table1; deSousa_etal_2010 [restricted: Visual_volumes.xlsx]; deSousa_etal_2010 [restricted: deSousa_2010.csv]; Stephan_etal_1981 [restricted: Stephan_1981.csv],deSousa_etal_2010 [restricted: Visual_volumes.xlsx] = 0.349 (0.00%; scale 1000; restricted_checks/deSousa_etal_2010/comparison/Visual_volumes.xlsx R30C5; 0 prior contributions),0,2019
Tarsius_syrichta,Tarsius sp.,Amygdala,Amygdala_Vol.mm3,crosswalk_exact,49.8,resolved_unique,Stephan_etal_1981_TableXI,"Stephan, Frahm & Baron 1981 (Folia Primatol 35:1-29)",Stephan_etal_1981_TableXI,1,Stephan et al 1981; Zilles and Rehkamper 1988,,,NA,direct_same_structure_unique,,,100,2019
Tarsius_syrichta,Tarsius sp.,Body_weight,Body_Mass.g,crosswalk_exact,125,resolved_multiple,Stephan_etal_1981_TableII,"Stephan, Frahm & Baron 1981 (Folia Primatol 35:1-29)",Matano__1986_TableI; Matano_etal_1985_a_Table1; Matano_etal_1985_b_Table1; Stephan_etal_1981_TableII; Stephan_etal_1988_TABLE1,5,Stephan et al 1981; Zilles and Rehkamper 1988; Bauernfeind et al 2013,,,NA,direct_same_structure_multiple,,,162,2019
Tarsius_syrichta,Tarsius sp.,Body_weight_1985a,Body_Mass.g,crosswalk_exact,125,resolved_multiple,Matano_etal_1985_a_Table1,Matano et al. 1985 (Folia Primatol 44:182-203),Matano__1986_TableI; Matano_etal_1985_a_Table1; Matano_etal_1985_b_Table1; Stephan_etal_1981_TableII; Stephan_etal_1988_TABLE1,5,NA,,,NA,direct_same_structure_multiple,,,220,2019
Tarsius_syrichta,Tarsius sp.,Brain_weight,Brain_Mass.mg,crosswalk_exact,3600,resolved_multiple,Stephan_etal_1981_TableII,"Stephan, Frahm & Baron 1981 (Folia Primatol 35:1-29)",Stephan_etal_1981_TableII; Stephan_etal_1988_TABLE1,2,Stephan et al 1981; Zilles and Rehkamper 1988; Bauernfeind et al 2013,,,NA,direct_same_structure_multiple,,,162,2019
Tarsius_syrichta,Tarsius sp.,Brainvol,NA,no_defensible_volume_key,3474.9,metadata_only,NA,NA,,0,de Sousa et al 2010; Stephan et al 1981,,,NA,metadata_only_no_volume_crosswalk,,,0,2019
Tarsius_syrichta,Tarsius sp.,Bulbus_olfactorius,Bulbus_olfactorius_Vol.mm3,crosswalk_exact,18.8,resolved_unique,Stephan_etal_1981_TableV,"Stephan, Frahm & Baron 1981 (Folia Primatol 35:1-29)",Stephan_etal_1981_TableV,1,Stephan et al 1981,,,NA,direct_same_structure_unique,,,144,2019
Tarsius_syrichta,Tarsius sp.,Bulbus_olfactorius_accessorius,Bulbus_olfactorius_accessorius_Vol.mm3,crosswalk_exact,0.82,resolved_unique,Stephan_etal_1981_TableV,"Stephan, Frahm & Baron 1981 (Folia Primatol 35:1-29)",Stephan_etal_1981_TableV,1,Stephan et al 1981,,,NA,direct_same_structure_unique,,,144,2019
Tarsius_syrichta,Tarsius sp.,Capsula_interna,Capsula_interna_Vol.mm3,crosswalk_exact,16.7,resolved_unique,Stephan_etal_1981_TableVIII,"Stephan, Frahm & Baron 1981 (Folia Primatol 35:1-29)",Stephan_etal_1981_TableVIII,1,Stephan et al 1981,,,NA,direct_same_structure_unique,,,200,2019
Tarsius_syrichta,Tarsius sp.,Cerebellar_nuclei_total,Cerebellar_nuclei_total_Vol.mm3,crosswalk_exact,8.06,resolved_unique,Matano_etal_1985_a_Table1,Matano et al. 1985 (Folia Primatol 44:182-203),Matano_etal_1985_a_Table1,1,NA,,,NA,direct_same_structure_unique,,,220,2019
Tarsius_syrichta,Tarsius sp.,Cerebellum,Cerebellum_Vol.mm3,crosswalk_exact,428,resolved_unique,Stephan_etal_1981_TableII,"Stephan, Frahm & Baron 1981 (Folia Primatol 35:1-29)",Stephan_etal_1981_TableII,1,Stephan et al 1981; Zilles and Rehkamper 1988,,,NA,direct_same_structure_unique,,,162,2019
Tarsius_syrichta,Tarsius sp.,Complexus.vestibularis,Complexus_vestibularis_unilateral_Vol.mm3,crosswalk_exact,7.69,resolved_multiple,Stephan_etal_1981_TableXIII,"Stephan, Frahm & Baron 1981 (Folia Primatol 35:1-29)",Matano__1986_TableI; Stephan_etal_1981_TableXIII,2,Stephan et al 1981,,,NA,direct_same_structure_multiple,,,129,2019
Tarsius_syrichta,Tarsius sp.,Complexus_centromedialis,Complexus_centromedialis_Vol.mm3,crosswalk_exact,11.1,resolved_unique,Stephan_etal_1981_TableXI,"Stephan, Frahm & Baron 1981 (Folia Primatol 35:1-29)",Stephan_etal_1981_TableXI,1,Stephan et al 1981,,,NA,direct_same_structure_unique,,,100,2019
Tarsius_syrichta,Tarsius sp.,Complexus_cortico_basolateralis,Complexus_corticobasolateralis_Vol.mm3,crosswalk_exact,38.7,resolved_unique,Stephan_etal_1981_TableXI,"Stephan, Frahm & Baron 1981 (Folia Primatol 35:1-29)",Stephan_etal_1981_TableXI,1,Stephan et al 1981,,,NA,direct_same_structure_unique,,,100,2019
Tarsius_syrichta,Tarsius sp.,Corpus.pineale,Corpus_pineal_Vol.mm3,crosswalk_exact,2.03,resolved_unique,Stephan_etal_1981_TableXV,"Stephan, Frahm & Baron 1981 (Folia Primatol 35:1-29)",Stephan_etal_1981_TableXV,1,Stephan et al 1981,,,NA,direct_same_structure_unique,,,88,2019
Tarsius_syrichta,Tarsius sp.,Corpus.subcommissurale,Corpus_subcommissurale_Vol.mm3,crosswalk_exact,0.11,resolved_unique,Stephan_etal_1981_TableXV,"Stephan, Frahm & Baron 1981 (Folia Primatol 35:1-29)",Stephan_etal_1981_TableXV,1,Stephan et al 1981,,,NA,direct_same_structure_unique,,,88,2019
Tarsius_syrichta,Tarsius sp.,Corpus.subfornicale,Corpus_subfornicale_Vol.mm3,crosswalk_exact,0.05,resolved_unique,Stephan_etal_1981_TableXV,"Stephan, Frahm & Baron 1981 (Folia Primatol 35:1-29)",Stephan_etal_1981_TableXV,1,Stephan et al 1981,,,NA,direct_same_structure_unique,,,88,2019
Tarsius_syrichta,Tarsius sp.,Diencephalon,Diencephalon_Vol.mm3,crosswalk_exact,303,resolved_unique,Stephan_etal_1981_TableII,"Stephan, Frahm & Baron 1981 (Folia Primatol 35:1-29)",Stephan_etal_1981_TableII,1,Stephan et al 1981; Zilles and Rehkamper 1988,,,NA,direct_same_structure_unique,,,162,2019
Tarsius_syrichta,Tarsius sp.,Epithalamus,Epithalamus_Vol.mm3,crosswalk_exact,2.53,resolved_unique,Stephan_etal_1981_TableVIII,"Stephan, Frahm & Baron 1981 (Folia Primatol 35:1-29)",Stephan_etal_1981_TableVIII,1,Stephan et al 1981,,,NA,direct_same_structure_unique,,,200,2019
Tarsius_syrichta,Tarsius sp.,Hippocampus,Hippocampus_Vol.mm3,crosswalk_exact,153,resolved_unique,Stephan_etal_1981_TableV,"Stephan, Frahm & Baron 1981 (Folia Primatol 35:1-29)",Stephan_etal_1981_TableV,1,Stephan et al 1981; Zilles and Rehkamper 1988,,,NA,direct_same_structure_unique,,,144,2019
Tarsius_syrichta,Tarsius sp.,Hypothalamus,Hypothalamus_Vol.mm3,crosswalk_exact,42.5,resolved_unique,Stephan_etal_1981_TableVIII,"Stephan, Frahm & Baron 1981 (Folia Primatol 35:1-29)",Stephan_etal_1981_TableVIII,1,Stephan et al 1981,,,NA,direct_same_structure_unique,,,200,2019
Tarsius_syrichta,Tarsius sp.,Interpositus_cerebellar_nuclei,Interpositus_cerebellar_nuclei_Vol.mm3,crosswalk_exact,1.82,resolved_unique,Matano_etal_1985_a_Table1,Matano et al. 1985 (Folia Primatol 44:182-203),Matano_etal_1985_a_Table1,1,NA,,,NA,direct_same_structure_unique,,,220,2019
Tarsius_syrichta,Tarsius sp.,LGN_Sousa,Corpus_geniculatum_laterale_Vol.mm3,crosswalk_exact,20.8,resolved_fallback_metadata,deSousa_etal_2010_SupTable2,de Sousa et al. 2010 (J Hum Evol 58:281-292),Stephan_etal_1981_TableIX; Stephan_etal_1984_Table1; deSousa_etal_2010_SupTable2; Frahm_etal_1998_Table1,2,de Sousa et al 2010; de Sousa et al 2013,,,Evo-M1 value matches Stephan_etal_1981_TableIX; Stephan_etal_1984_Table1 (not the metadata source); attributed to metadata source; see source_hunt,metadata_tables_near_perfect,deSousa_etal_2010_SupTable2; Frahm_etal_1998_Table1; Stephan_etal_1984_Table1; Stephan_etal_1981_TableIX; deSousa_etal_2010 [restricted: Visual_volumes.xlsx]; deSousa_etal_2010 [restricted: deSousa_2010.csv]; Stephan_etal_1981 [restricted: Stephan_1981.csv],deSousa_etal_2010_SupTable2 = 21 (Corpus_geniculatum_laterale_Vol.mm3; 0.95%; scale 1; 0 prior contributions),0,2019
Tarsius_syrichta,Tarsius sp.,Lateral_cerebellar_nuclei,Lateral_cerebellar_nuclei_Vol.mm3,crosswalk_exact,3.37,resolved_unique,Matano_etal_1985_a_Table1,Matano et al. 1985 (Folia Primatol 44:182-203),Matano_etal_1985_a_Table1,1,NA,,,NA,direct_same_structure_unique,,,220,2019
Tarsius_syrichta,Tarsius sp.,Lobus_piriformis,Lobus_piriformis_Vol.mm3,crosswalk_exact,92.7,resolved_unique,Stephan_etal_1981_TableV,"Stephan, Frahm & Baron 1981 (Folia Primatol 35:1-29)",Stephan_etal_1981_TableV,1,Stephan et al 1981; Zilles and Rehkamper 1988,,,NA,direct_same_structure_unique,,,144,2019
Tarsius_syrichta,Tarsius sp.,Medial_cerebellar_nuclei,Medial_cerebellar_nuclei_Vol.mm3,crosswalk_exact,2.87,resolved_unique,Matano_etal_1985_a_Table1,Matano et al. 1985 (Folia Primatol 44:182-203),Matano_etal_1985_a_Table1,1,NA,,,NA,direct_same_structure_unique,,,220,2019
Tarsius_syrichta,Tarsius sp.,Medulla_oblongata,Medulla_oblongata_Vol.mm3,crosswalk_exact,207,resolved_unique,Stephan_etal_1981_TableII,"Stephan, Frahm & Baron 1981 (Folia Primatol 35:1-29)",Stephan_etal_1981_TableII,1,Stephan et al 1981; Zilles and Rehkamper 1988,,,NA,direct_same_structure_unique,,,162,2019
Tarsius_syrichta,Tarsius sp.,Meninges_hypophysis_nerves_etc,NA,no_defensible_volume_key,58,metadata_only,NA,NA,,0,Stephan et al 1981,,,NA,metadata_only_no_volume_crosswalk,,,0,2019
Tarsius_syrichta,Tarsius sp.,Mesencephalon,Mesencephalon_Vol.mm3,crosswalk_exact,197,resolved_unique,Stephan_etal_1981_TableII,"Stephan, Frahm & Baron 1981 (Folia Primatol 35:1-29)",Stephan_etal_1981_TableII,1,Stephan et al 1981; Zilles and Rehkamper 1988,,,NA,direct_same_structure_unique,,,162,2019
Tarsius_syrichta,Tarsius sp.,NeoG_Frahm,Neocortex_grey_matter_Vol.mm3,crosswalk_exact,1631,resolved_unique,Frahm_etal_1982_Table2,"Frahm, Stephan & Stephan 1982 (J Hirnforsch 23:375-389)",Frahm_etal_1982_Table2,1,Frahm et al 1992; Zilles and Rehkamper 1988,,,NA,direct_same_structure_unique,,,46,2019
Tarsius_syrichta,Tarsius sp.,NeoWG,Neocortex_Vol.mm3,crosswalk_exact,1768,resolved_multiple,Stephan_etal_1981_TableV,"Stephan, Frahm & Baron 1981 (Folia Primatol 35:1-29)",Frahm_etal_1982_Table2; Stephan_etal_1981_TableV,2,Stephan et al 1981; Zilles and Rehkamper 1988,,,NA,direct_same_structure_multiple,,,144,2019
Tarsius_syrichta,Tarsius sp.,NeoW_Frahm,Neocortex_white_matter_Vol.mm3,crosswalk_exact,137,resolved_unique,Frahm_etal_1982_Table2,"Frahm, Stephan & Stephan 1982 (J Hirnforsch 23:375-389)",Frahm_etal_1982_Table2,1,Frahm et al 1992; Zilles and Rehkamper 1988,,,NA,direct_same_structure_unique,,,46,2019
Tarsius_syrichta,Tarsius sp.,Nucleus.habenularis.medialis,Nucleus_habenularis_medialis_Vol.mm3,crosswalk_exact,1.13,resolved_unique,Stephan_etal_1981_TableXV,"Stephan, Frahm & Baron 1981 (Folia Primatol 35:1-29)",Stephan_etal_1981_TableXV,1,Stephan et al 1981,,,NA,direct_same_structure_unique,,,88,2019
Tarsius_syrichta,Tarsius sp.,Nucleus.septalis.triangularis,Nucleus_septalis_triangularis_Vol.mm3,crosswalk_exact,0.41,resolved_unique,Stephan_etal_1981_TableXV,"Stephan, Frahm & Baron 1981 (Folia Primatol 35:1-29)",Stephan_etal_1981_TableXV,1,Stephan et al 1981,,,NA,direct_same_structure_unique,,,88,2019
Tarsius_syrichta,Tarsius sp.,Nucleus.vestibularis.descendens,Nucleus_vestibularis_descendens_unilateral_Vol.mm3,crosswalk_exact,2.41,resolved_multiple,Stephan_etal_1981_TableXIII,"Stephan, Frahm & Baron 1981 (Folia Primatol 35:1-29)",Matano__1986_TableI; Stephan_etal_1981_TableXIII,2,Stephan et al 1981,,,NA,direct_same_structure_multiple,,,129,2019
Tarsius_syrichta,Tarsius sp.,Nucleus.vestibularis.lateralis,Nucleus_vestibularis_lateralis_unilateral_Vol.mm3,crosswalk_exact,1.16,resolved_multiple,Stephan_etal_1981_TableXIII,"Stephan, Frahm & Baron 1981 (Folia Primatol 35:1-29)",Matano__1986_TableI; Stephan_etal_1981_TableXIII,2,Stephan et al 1981,,,NA,direct_same_structure_multiple,,,129,2019
Tarsius_syrichta,Tarsius sp.,Nucleus.vestibularis.medialis,Nucleus_vestibularis_medialis_unilateral_Vol.mm3,crosswalk_exact,3.36,resolved_multiple,Stephan_etal_1981_TableXIII,"Stephan, Frahm & Baron 1981 (Folia Primatol 35:1-29)",Matano__1986_TableI; Stephan_etal_1981_TableXIII,2,Stephan et al 1981,,,NA,direct_same_structure_multiple,,,129,2019
Tarsius_syrichta,Tarsius sp.,Nucleus.vestibularis.superior,Nucleus_vestibularis_superior_unilateral_Vol.mm3,crosswalk_exact,0.76,resolved_multiple,Stephan_etal_1981_TableXIII,"Stephan, Frahm & Baron 1981 (Folia Primatol 35:1-29)",Matano__1986_TableI; Stephan_etal_1981_TableXIII,2,Stephan et al 1981,,,NA,direct_same_structure_multiple,,,129,2019
Tarsius_syrichta,Tarsius sp.,Nucleus_amygdalae_basalis_parsmagnocellularis,Nucleus_amygdalae_basalis_pars_magnocellularis_Vol.mm3,crosswalk_exact,5.35,resolved_unique,Stephan_etal_1981_TableXI,"Stephan, Frahm & Baron 1981 (Folia Primatol 35:1-29)",Stephan_etal_1981_TableXI,1,Stephan et al 1981,,,NA,direct_same_structure_unique,,,100,2019
Tarsius_syrichta,Tarsius sp.,Nucleus_subthalamicus,Nucleus_subthalamicus_Vol.mm3,crosswalk_exact,1.09,resolved_unique,Stephan_etal_1981_TableVIII,"Stephan, Frahm & Baron 1981 (Folia Primatol 35:1-29)",Stephan_etal_1981_TableVIII,1,Stephan et al 1981,,,NA,direct_same_structure_unique,,,200,2019
Tarsius_syrichta,Tarsius sp.,Nucleus_tractus_olfactorius,Nucleus_tractus_olfactorius_Vol.mm3,crosswalk_exact,0.08,resolved_unique,Stephan_etal_1981_TableXI,"Stephan, Frahm & Baron 1981 (Folia Primatol 35:1-29)",Stephan_etal_1981_TableXI,1,Stephan et al 1981,,,NA,direct_same_structure_unique,,,100,2019
Tarsius_syrichta,Tarsius sp.,Palaeocortex,Palaeocortex_Vol.mm3,crosswalk_exact,39.1,resolved_unique,Stephan_etal_1981_TableXI,"Stephan, Frahm & Baron 1981 (Folia Primatol 35:1-29)",Stephan_etal_1981_TableXI,1,Stephan et al 1981; Zilles and Rehkamper 1988,,,NA,direct_same_structure_unique,,,100,2019
Tarsius_syrichta,Tarsius sp.,Pallidum,Pallidum_Vol.mm3,crosswalk_exact,16.1,resolved_unique,Stephan_etal_1981_TableVIII,"Stephan, Frahm & Baron 1981 (Folia Primatol 35:1-29)",Stephan_etal_1981_TableVIII,1,Stephan et al 1981; Zilles and Rehkamper 1988,,,NA,direct_same_structure_unique,,,200,2019
Tarsius_syrichta,Tarsius sp.,Pons,Ventral_pons_Vol.mm3,Matano ventral pons,16.5,resolved_unique,Matano_etal_1985_b_Table1,Matano et al. 1985 (Folia Primatol 44:182-203),Matano_etal_1985_b_Table1,1,Matano et al 1985; Zilles and Rehkamper 1988,,,NA,direct_same_structure_unique,,,40,2019
Tarsius_syrichta,Tarsius sp.,Schizocortex,Schizo_cortex_Vol.mm3,crosswalk_exact,69,resolved_unique,Stephan_etal_1981_TableV,"Stephan, Frahm & Baron 1981 (Folia Primatol 35:1-29)",Stephan_etal_1981_TableV,1,Stephan et al 1981,,,NA,direct_same_structure_unique,,,144,2019
Tarsius_syrichta,Tarsius sp.,Septum,Septum_Vol.mm3,crosswalk_exact,23.3,resolved_unique,Stephan_etal_1981_TableV,"Stephan, Frahm & Baron 1981 (Folia Primatol 35:1-29)",Stephan_etal_1981_TableV,1,Stephan et al 1981; Zilles and Rehkamper 1988,,,NA,direct_same_structure_unique,,,144,2019
Tarsius_syrichta,Tarsius sp.,Striatum,Striatum_Vol.mm3,crosswalk_exact,133,resolved_unique,Stephan_etal_1981_TableV,"Stephan, Frahm & Baron 1981 (Folia Primatol 35:1-29)",Stephan_etal_1981_TableV,1,Stephan et al 1981; Zilles and Rehkamper 1988,,,NA,direct_same_structure_unique,,,144,2019
Tarsius_syrichta,Tarsius sp.,Subthalamus,Subthalamus_Vol.mm3,crosswalk_exact,17.1,resolved_unique,Stephan_etal_1981_TableVIII,"Stephan, Frahm & Baron 1981 (Folia Primatol 35:1-29)",Stephan_etal_1981_TableVIII,1,Stephan et al 1981,,,NA,direct_same_structure_unique,,,200,2019
Tarsius_syrichta,Tarsius sp.,Telencephalon,Telencephalon_Vol.mm3,crosswalk_exact,2258,resolved_unique,Stephan_etal_1981_TableII,"Stephan, Frahm & Baron 1981 (Folia Primatol 35:1-29)",Stephan_etal_1981_TableII,1,Stephan et al 1981; Zilles and Rehkamper 1988,,,NA,direct_same_structure_unique,,,162,2019
Tarsius_syrichta,Tarsius sp.,Thalamus,Thalamus_Vol.mm3,crosswalk_exact,175,resolved_unique,Stephan_etal_1981_TableVIII,"Stephan, Frahm & Baron 1981 (Folia Primatol 35:1-29)",Stephan_etal_1981_TableVIII,1,Stephan et al 1981,,,NA,direct_same_structure_unique,,,200,2019
Tarsius_syrichta,Tarsius sp.,Total_brain_net_volume,Total_brain_net_volume_Vol.mm3,crosswalk_exact,3393,resolved_unique,Stephan_etal_1981_TableII,"Stephan, Frahm & Baron 1981 (Folia Primatol 35:1-29)",Stephan_etal_1981_TableII,1,Stephan et al 1981,,,NA,direct_same_structure_unique,,,162,2019
Tarsius_syrichta,Tarsius sp.,Tractus_opticus,Tractus_opticus_Vol.mm3,crosswalk_exact,15.5,resolved_unique,Stephan_etal_1981_TableVIII,"Stephan, Frahm & Baron 1981 (Folia Primatol 35:1-29)",Stephan_etal_1981_TableVIII,1,Stephan et al 1981,,,NA,direct_same_structure_unique,,,200,2019
Tarsius_syrichta,Tarsius sp.,Ventricles,Ventricles_Vol.mm3,crosswalk_exact,24.1,resolved_unique,Stephan_etal_1981_TableII,"Stephan, Frahm & Baron 1981 (Folia Primatol 35:1-29)",Stephan_etal_1981_TableII,1,Stephan et al 1981,,,NA,direct_same_structure_unique,,,162,2019
Trachypithecus_francoisi,Trachypithecus francoisi,Agranular_volume_L,Agranular_insular_cortex_left_Vol.mm3,crosswalk_exact,160,resolved_unique,Bauernfeind_etal_2013_Table1,Bauernfeind et al. 2013 (J Hum Evol 64:263-279),Bauernfeind_etal_2013_Table1,1,Bauernfeind et al 2013,,,NA,direct_same_structure_unique,,,181,2019
Trachypithecus_francoisi,Trachypithecus francoisi,Body_mass,Body_Mass.g,crosswalk_exact,7700,resolved_unique,Bauernfeind_etal_2013_Table1,Bauernfeind et al. 2013 (J Hum Evol 64:263-279),Bauernfeind_etal_2013_Table1,1,Bauernfeind et al 2013,,,NA,direct_same_structure_unique,,,181,2019
Trachypithecus_francoisi,Trachypithecus francoisi,Body_weight,Body_Mass.g,crosswalk_exact,7700,resolved_unique,Bauernfeind_etal_2013_Table1,Bauernfeind et al. 2013 (J Hum Evol 64:263-279),Bauernfeind_etal_2013_Table1,1,Stephan et al 1981; Zilles and Rehkamper 1988; Bauernfeind et al 2013,,,NA,direct_same_structure_unique,,,181,2019
Trachypithecus_francoisi,Trachypithecus francoisi,Brain_mass,Brain_Mass.mg,crosswalk_exact,102100,resolved_unique,Bauernfeind_etal_2013_Table1,Bauernfeind et al. 2013 (J Hum Evol 64:263-279),Bauernfeind_etal_2013_Table1,1,Bauernfeind et al 2013,1000,,NA,direct_same_structure_unique,,,181,2019
Trachypithecus_francoisi,Trachypithecus francoisi,Brain_volume,NA,no_defensible_volume_key,98552,metadata_only,NA,NA,,0,Bauernfeind et al 2013,,,NA,metadata_only_no_volume_crosswalk,,,0,2019
Trachypithecus_francoisi,Trachypithecus francoisi,Brain_weight,Brain_Mass.mg,crosswalk_exact,102100,resolved_unique,Bauernfeind_etal_2013_Table1,Bauernfeind et al. 2013 (J Hum Evol 64:263-279),Bauernfeind_etal_2013_Table1,1,Stephan et al 1981; Zilles and Rehkamper 1988; Bauernfeind et al 2013,1000,,NA,direct_same_structure_unique,,,181,2019
Trachypithecus_francoisi,Trachypithecus francoisi,Dysgranular_volume_L,Dysgranular_insular_cortex_left_Vol.mm3,crosswalk_exact,217,resolved_unique,Bauernfeind_etal_2013_Table1,Bauernfeind et al. 2013 (J Hum Evol 64:263-279),Bauernfeind_etal_2013_Table1,1,Bauernfeind et al 2013,,,NA,direct_same_structure_unique,,,181,2019
Trachypithecus_francoisi,Trachypithecus francoisi,Granular_volume_L,Granular_insular_cortex_left_Vol.mm3,crosswalk_exact,249,resolved_unique,Bauernfeind_etal_2013_Table1,Bauernfeind et al. 2013 (J Hum Evol 64:263-279),Bauernfeind_etal_2013_Table1,1,Bauernfeind et al 2013,,,NA,direct_same_structure_unique,,,181,2019
Trachypithecus_francoisi,Trachypithecus francoisi,Total_insula_volume_L,Insula_left_Vol.mm3,crosswalk_exact,625,resolved_unique,Bauernfeind_etal_2013_Table1,Bauernfeind et al. 2013 (J Hum Evol 64:263-279),Bauernfeind_etal_2013_Table1,1,Bauernfeind et al 2013,,,NA,direct_same_structure_unique,,,181,2019
Varecia_variegata,Varecia variegata,ASG_Sousa,Area_striata_grey_matter_Vol.mm3,crosswalk_exact,1745,resolved_fallback_restricted,deSousa_etal_2010 [restricted: Visual_volumes.xlsx],de Sousa et al. 2010 (J Hum Evol 58:281-292),Frahm_etal_1984_Table1; deSousa_etal_2010_SupTable2; deSousa_etal_2010 [restricted: Visual_volumes.xlsx],1,de Sousa et al 2010,1000,,Evo-M1 value matches Frahm_etal_1984_Table1 (not the metadata source); attributed to metadata source; see source_hunt,restricted_documents_near_perfect,deSousa_etal_2010_SupTable2; Frahm_etal_1984_Table1; deSousa_etal_2010 [restricted: Visual_volumes.xlsx]; deSousa_etal_2010 [restricted: deSousa_2010.csv]; Stephan_etal_1981 [restricted: Stephan_1981.csv],deSousa_etal_2010 [restricted: Visual_volumes.xlsx] = 1.745 (0.00%; scale 1000; restricted_checks/deSousa_etal_2010/comparison/Visual_volumes.xlsx R35C5; 0 prior contributions),0,2019
Varecia_variegata,Varecia variegata,Agranular_volume_L,Agranular_insular_cortex_left_Vol.mm3,crosswalk_exact,12,resolved_unique,Bauernfeind_etal_2013_Table1,Bauernfeind et al. 2013 (J Hum Evol 64:263-279),Bauernfeind_etal_2013_Table1,1,Bauernfeind et al 2013,,,NA,direct_same_structure_unique,,,181,2019
Varecia_variegata,Varecia variegata,Body_mass,Body_Mass.g,crosswalk_exact,3550,resolved_unique,Bauernfeind_etal_2013_Table1,Bauernfeind et al. 2013 (J Hum Evol 64:263-279),Bauernfeind_etal_2013_Table1,6,Bauernfeind et al 2013,,,NA,direct_same_structure_unique,,,181,2019
Varecia_variegata,Varecia variegata,Body_weight,Body_Mass.g,crosswalk_exact,3000,resolved_multiple,Stephan_etal_1981_TableII,"Stephan, Frahm & Baron 1981 (Folia Primatol 35:1-29)",Matano__1986_TableI; Matano_etal_1985_a_Table1; Matano_etal_1985_b_Table1; Stephan_etal_1981_TableII; Stephan_etal_1988_TABLE1,6,Stephan et al 1981; Zilles and Rehkamper 1988; Bauernfeind et al 2013,,,NA,direct_same_structure_multiple,,,162,2019
Varecia_variegata,Varecia variegata,Body_weight_1985a,Body_Mass.g,crosswalk_exact,3000,resolved_multiple,Matano_etal_1985_a_Table1,Matano et al. 1985 (Folia Primatol 44:182-203),Matano__1986_TableI; Matano_etal_1985_a_Table1; Matano_etal_1985_b_Table1; Stephan_etal_1981_TableII; Stephan_etal_1988_TABLE1,6,NA,,,NA,direct_same_structure_multiple,,,220,2019
Varecia_variegata,Varecia variegata,Brain_mass,Brain_Mass.mg,crosswalk_exact,31500,resolved_multiple,Bauernfeind_etal_2013_Table1,Bauernfeind et al. 2013 (J Hum Evol 64:263-279),Bauernfeind_etal_2013_Table1; Stephan_etal_1981_TableII; Stephan_etal_1988_TABLE1,3,Bauernfeind et al 2013,1000,,NA,direct_same_structure_multiple,,,181,2019
Varecia_variegata,Varecia variegata,Brain_volume,NA,no_defensible_volume_key,30405,metadata_only,NA,NA,,0,Bauernfeind et al 2013,,,NA,metadata_only_no_volume_crosswalk,,,0,2019
Varecia_variegata,Varecia variegata,Brain_weight,Brain_Mass.mg,crosswalk_exact,31500,resolved_multiple,Stephan_etal_1981_TableII,"Stephan, Frahm & Baron 1981 (Folia Primatol 35:1-29)",Bauernfeind_etal_2013_Table1; Stephan_etal_1981_TableII; Stephan_etal_1988_TABLE1,3,Stephan et al 1981; Zilles and Rehkamper 1988; Bauernfeind et al 2013,1000,,NA,direct_same_structure_multiple,,,162,2019
Varecia_variegata,Varecia variegata,Brainvol,NA,no_defensible_volume_key,30405.41,metadata_only,NA,NA,,0,de Sousa et al 2010; Stephan et al 1981,,,NA,metadata_only_no_volume_crosswalk,,,0,2019
Varecia_variegata,Varecia variegata,Bulbus_olfactorius,Bulbus_olfactorius_Vol.mm3,crosswalk_exact,369,resolved_unique,Stephan_etal_1981_TableV,"Stephan, Frahm & Baron 1981 (Folia Primatol 35:1-29)",Stephan_etal_1981_TableV,1,Stephan et al 1981,,,NA,direct_same_structure_unique,,,144,2019
Varecia_variegata,Varecia variegata,Bulbus_olfactorius_accessorius,Bulbus_olfactorius_accessorius_Vol.mm3,crosswalk_exact,5.27,resolved_unique,Stephan_etal_1981_TableV,"Stephan, Frahm & Baron 1981 (Folia Primatol 35:1-29)",Stephan_etal_1981_TableV,1,Stephan et al 1981,,,NA,direct_same_structure_unique,,,144,2019
Varecia_variegata,Varecia variegata,Cerebellar_nuclei_total,Cerebellar_nuclei_total_Vol.mm3,crosswalk_exact,94.67,resolved_unique,Matano_etal_1985_a_Table1,Matano et al. 1985 (Folia Primatol 44:182-203),Matano_etal_1985_a_Table1,1,NA,,,NA,direct_same_structure_unique,,,220,2019
Varecia_variegata,Varecia variegata,Cerebellum,Cerebellum_Vol.mm3,crosswalk_exact,4286,resolved_unique,Stephan_etal_1981_TableII,"Stephan, Frahm & Baron 1981 (Folia Primatol 35:1-29)",Stephan_etal_1981_TableII,1,Stephan et al 1981; Zilles and Rehkamper 1988,,,NA,direct_same_structure_unique,,,162,2019
Varecia_variegata,Varecia variegata,Corpus.pineale,Corpus_pineal_Vol.mm3,crosswalk_exact,4.46,resolved_unique,Stephan_etal_1981_TableXV,"Stephan, Frahm & Baron 1981 (Folia Primatol 35:1-29)",Stephan_etal_1981_TableXV,1,Stephan et al 1981,,,NA,direct_same_structure_unique,,,88,2019
Varecia_variegata,Varecia variegata,Corpus.subcommissurale,Corpus_subcommissurale_Vol.mm3,crosswalk_exact,0.2,resolved_unique,Stephan_etal_1981_TableXV,"Stephan, Frahm & Baron 1981 (Folia Primatol 35:1-29)",Stephan_etal_1981_TableXV,1,Stephan et al 1981,,,NA,direct_same_structure_unique,,,88,2019
Varecia_variegata,Varecia variegata,Corpus.subfornicale,Corpus_subfornicale_Vol.mm3,crosswalk_exact,0.74,resolved_unique,Stephan_etal_1981_TableXV,"Stephan, Frahm & Baron 1981 (Folia Primatol 35:1-29)",Stephan_etal_1981_TableXV,1,Stephan et al 1981,,,NA,direct_same_structure_unique,,,88,2019
Varecia_variegata,Varecia variegata,Diencephalon,Diencephalon_Vol.mm3,crosswalk_exact,2529,resolved_unique,Stephan_etal_1981_TableII,"Stephan, Frahm & Baron 1981 (Folia Primatol 35:1-29)",Stephan_etal_1981_TableII,1,Stephan et al 1981; Zilles and Rehkamper 1988,,,NA,direct_same_structure_unique,,,162,2019
Varecia_variegata,Varecia variegata,Dysgranular_volume_L,Dysgranular_insular_cortex_left_Vol.mm3,crosswalk_exact,44,resolved_unique,Bauernfeind_etal_2013_Table1,Bauernfeind et al. 2013 (J Hum Evol 64:263-279),Bauernfeind_etal_2013_Table1,1,Bauernfeind et al 2013,,,NA,direct_same_structure_unique,,,181,2019
Varecia_variegata,Varecia variegata,Granular_volume_L,Granular_insular_cortex_left_Vol.mm3,crosswalk_exact,44,resolved_unique,Bauernfeind_etal_2013_Table1,Bauernfeind et al. 2013 (J Hum Evol 64:263-279),Bauernfeind_etal_2013_Table1,1,Bauernfeind et al 2013,,,NA,direct_same_structure_unique,,,181,2019
Varecia_variegata,Varecia variegata,Hippocampus,Hippocampus_Vol.mm3,crosswalk_exact,1404,resolved_unique,Stephan_etal_1981_TableV,"Stephan, Frahm & Baron 1981 (Folia Primatol 35:1-29)",Stephan_etal_1981_TableV,1,Stephan et al 1981; Zilles and Rehkamper 1988,,,NA,direct_same_structure_unique,,,144,2019
Varecia_variegata,Varecia variegata,Interpositus_cerebellar_nuclei,Interpositus_cerebellar_nuclei_Vol.mm3,crosswalk_exact,28.83,resolved_unique,Matano_etal_1985_a_Table1,Matano et al. 1985 (Folia Primatol 44:182-203),Matano_etal_1985_a_Table1,1,NA,,,NA,direct_same_structure_unique,,,220,2019
Varecia_variegata,Varecia variegata,LGN_Sousa,Corpus_geniculatum_laterale_Vol.mm3,crosswalk_exact,68.9,resolved_fallback_metadata,deSousa_etal_2010_SupTable2,de Sousa et al. 2010 (J Hum Evol 58:281-292),Stephan_etal_1981_TableIX; Stephan_etal_1984_Table1; deSousa_etal_2010_SupTable2,2,de Sousa et al 2010; de Sousa et al 2013,,,Evo-M1 value matches Stephan_etal_1981_TableIX; Stephan_etal_1984_Table1 (not the metadata source); attributed to metadata source; see source_hunt,metadata_tables_near_perfect,deSousa_etal_2010_SupTable2; Stephan_etal_1984_Table1; Stephan_etal_1981_TableIX; deSousa_etal_2010 [restricted: Visual_volumes.xlsx]; deSousa_etal_2010 [restricted: deSousa_2010.csv]; Stephan_etal_1981 [restricted: Stephan_1981.csv],deSousa_etal_2010_SupTable2 = 69 (Corpus_geniculatum_laterale_Vol.mm3; 0.14%; scale 1; 0 prior contributions),0,2019
Varecia_variegata,Varecia variegata,Lateral_cerebellar_nuclei,Lateral_cerebellar_nuclei_Vol.mm3,crosswalk_exact,37.45,resolved_unique,Matano_etal_1985_a_Table1,Matano et al. 1985 (Folia Primatol 44:182-203),Matano_etal_1985_a_Table1,1,NA,,,NA,direct_same_structure_unique,,,220,2019
Varecia_variegata,Varecia variegata,Lobus_piriformis,Lobus_piriformis_Vol.mm3,crosswalk_exact,985,resolved_unique,Stephan_etal_1981_TableV,"Stephan, Frahm & Baron 1981 (Folia Primatol 35:1-29)",Stephan_etal_1981_TableV,1,Stephan et al 1981; Zilles and Rehkamper 1988,,,NA,direct_same_structure_unique,,,144,2019
Varecia_variegata,Varecia variegata,Medial_cerebellar_nuclei,Medial_cerebellar_nuclei_Vol.mm3,crosswalk_exact,28.39,resolved_unique,Matano_etal_1985_a_Table1,Matano et al. 1985 (Folia Primatol 44:182-203),Matano_etal_1985_a_Table1,1,NA,,,NA,direct_same_structure_unique,,,220,2019
Varecia_variegata,Varecia variegata,Medulla_oblongata,Medulla_oblongata_Vol.mm3,crosswalk_exact,1420,resolved_unique,Stephan_etal_1981_TableII,"Stephan, Frahm & Baron 1981 (Folia Primatol 35:1-29)",Stephan_etal_1981_TableII,1,Stephan et al 1981; Zilles and Rehkamper 1988,,,NA,direct_same_structure_unique,,,162,2019
Varecia_variegata,Varecia variegata,Meninges_hypophysis_nerves_etc,NA,no_defensible_volume_key,393,metadata_only,NA,NA,,0,Stephan et al 1981,,,NA,metadata_only_no_volume_crosswalk,,,0,2019
Varecia_variegata,Varecia variegata,Mesencephalon,Mesencephalon_Vol.mm3,crosswalk_exact,1018,resolved_unique,Stephan_etal_1981_TableII,"Stephan, Frahm & Baron 1981 (Folia Primatol 35:1-29)",Stephan_etal_1981_TableII,1,Stephan et al 1981; Zilles and Rehkamper 1988,,,NA,direct_same_structure_unique,,,162,2019
Varecia_variegata,Varecia variegata,NeoWG,Neocortex_Vol.mm3,crosswalk_exact,15293,resolved_unique,Stephan_etal_1981_TableV,"Stephan, Frahm & Baron 1981 (Folia Primatol 35:1-29)",Stephan_etal_1981_TableV,1,Stephan et al 1981; Zilles and Rehkamper 1988,,,NA,direct_same_structure_unique,,,144,2019
Varecia_variegata,Varecia variegata,Nucleus.habenularis.medialis,Nucleus_habenularis_medialis_Vol.mm3,crosswalk_exact,5.35,resolved_unique,Stephan_etal_1981_TableXV,"Stephan, Frahm & Baron 1981 (Folia Primatol 35:1-29)",Stephan_etal_1981_TableXV,1,Stephan et al 1981,,,NA,direct_same_structure_unique,,,88,2019
Varecia_variegata,Varecia variegata,Nucleus.septalis.triangularis,Nucleus_septalis_triangularis_Vol.mm3,crosswalk_exact,3.51,resolved_unique,Stephan_etal_1981_TableXV,"Stephan, Frahm & Baron 1981 (Folia Primatol 35:1-29)",Stephan_etal_1981_TableXV,1,Stephan et al 1981,,,NA,direct_same_structure_unique,,,88,2019
Varecia_variegata,Varecia variegata,Pons,Ventral_pons_Vol.mm3,Matano ventral pons,168.8,resolved_unique,Matano_etal_1985_b_Table1,Matano et al. 1985 (Folia Primatol 44:182-203),Matano_etal_1985_b_Table1,1,Matano et al 1985; Zilles and Rehkamper 1988,,,NA,direct_same_structure_unique,,,40,2019
Varecia_variegata,Varecia variegata,Schizocortex,Schizo_cortex_Vol.mm3,crosswalk_exact,608,resolved_unique,Stephan_etal_1981_TableV,"Stephan, Frahm & Baron 1981 (Folia Primatol 35:1-29)",Stephan_etal_1981_TableV,1,Stephan et al 1981,,,NA,direct_same_structure_unique,,,144,2019
Varecia_variegata,Varecia variegata,Septum,Septum_Vol.mm3,crosswalk_exact,206,resolved_unique,Stephan_etal_1981_TableV,"Stephan, Frahm & Baron 1981 (Folia Primatol 35:1-29)",Stephan_etal_1981_TableV,1,Stephan et al 1981; Zilles and Rehkamper 1988,,,NA,direct_same_structure_unique,,,144,2019
Varecia_variegata,Varecia variegata,Striatum,Striatum_Vol.mm3,crosswalk_exact,1591,resolved_unique,Stephan_etal_1981_TableV,"Stephan, Frahm & Baron 1981 (Folia Primatol 35:1-29)",Stephan_etal_1981_TableV,1,Stephan et al 1981; Zilles and Rehkamper 1988,,,NA,direct_same_structure_unique,,,144,2019
Varecia_variegata,Varecia variegata,Telencephalon,Telencephalon_Vol.mm3,crosswalk_exact,20461,resolved_unique,Stephan_etal_1981_TableII,"Stephan, Frahm & Baron 1981 (Folia Primatol 35:1-29)",Stephan_etal_1981_TableII,1,Stephan et al 1981; Zilles and Rehkamper 1988,,,NA,direct_same_structure_unique,,,162,2019
Varecia_variegata,Varecia variegata,Total_brain_net_volume,Total_brain_net_volume_Vol.mm3,crosswalk_exact,29713,resolved_unique,Stephan_etal_1981_TableII,"Stephan, Frahm & Baron 1981 (Folia Primatol 35:1-29)",Stephan_etal_1981_TableII,2,Stephan et al 1981,,,NA,direct_same_structure_unique,,,162,2019
Varecia_variegata,Varecia variegata,Total_insula_volume_L,Insula_left_Vol.mm3,crosswalk_exact,100,resolved_unique,Bauernfeind_etal_2013_Table1,Bauernfeind et al. 2013 (J Hum Evol 64:263-279),Bauernfeind_etal_2013_Table1,1,Bauernfeind et al 2013,,,NA,direct_same_structure_unique,,,181,2019
Varecia_variegata,Varecia variegata,Ventricles,Ventricles_Vol.mm3,crosswalk_exact,299,resolved_unique,Stephan_etal_1981_TableII,"Stephan, Frahm & Baron 1981 (Folia Primatol 35:1-29)",Stephan_etal_1981_TableII,1,Stephan et al 1981,,,NA,direct_same_structure_unique,,,162,2019
