Species,Stephan_column,Stephan_value,candidate_reference,candidate_source,candidate_variable,candidate_value,candidate_year,search_tier,tier_rank,match_quality,pct_difference,scale,prior_contributions,candidate_file,candidate_sheet,candidate_cell,evidence_context,structure_context_match
Ateles_geoffroyi,LGN_Sousa,151,deSousa_etal_2010_SupTable2,deSousa_etal_2010_SupTable2,Corpus_geniculatum_laterale_Vol.mm3,151,2010,metadata_tables,1,near_perfect,0,1,0,/Users/crossmodal/Library/CloudStorage/OneDrive-AllenInstitute/Species/Evo-M1-Trait-Data/deSousa_etal_2010/deSousa_etal_2010_SupTable2.csv,,,Species=Ateles geoffroyi; Variable=Corpus_geniculatum_laterale_Vol.mm3; key_rule=crosswalk_exact,TRUE
Ateles_geoffroyi,LGN_Sousa,151,Stephan_etal_1984_Table1,Stephan_etal_1984_Table1,Corpus_geniculatum_laterale_Vol.mm3,151,1984,evom1_all_volume_tables,3,near_perfect,0,1,0,/Users/crossmodal/Library/CloudStorage/OneDrive-AllenInstitute/Species/Evo-M1-Trait-Data/__merging_volumes/volumes_unfiltered.csv,,,Species=Ateles geoffroyi; Variable=Corpus_geniculatum_laterale_Vol.mm3; key_rule=crosswalk_exact,TRUE
Ateles_geoffroyi,LGN_Sousa,151,Stephan_etal_1981_TableIX,Stephan_etal_1981_TableIX,Corpus_geniculatum_laterale_Vol.mm3,151,1981,evom1_all_volume_tables,3,near_perfect,0,1,0,/Users/crossmodal/Library/CloudStorage/OneDrive-AllenInstitute/Species/Evo-M1-Trait-Data/__merging_volumes/volumes_unfiltered.csv,,,Species=Ateles geoffroyi; Variable=Corpus_geniculatum_laterale_Vol.mm3; key_rule=crosswalk_exact,TRUE
Ateles_geoffroyi,ASG_Sousa,3753,deSousa_etal_2010_SupTable2,deSousa_etal_2010_SupTable2,Area_striata_grey_matter_Vol.mm3,3800,2010,metadata_tables,1,close_same_structure,1.236842105263158,1,0,/Users/crossmodal/Library/CloudStorage/OneDrive-AllenInstitute/Species/Evo-M1-Trait-Data/deSousa_etal_2010/deSousa_etal_2010_SupTable2.csv,,,Species=Ateles geoffroyi; Variable=Area_striata_grey_matter_Vol.mm3; key_rule=crosswalk_exact,TRUE
Ateles_geoffroyi,ASG_Sousa,3753,Smaers_etal_2017_TableS1part1,Smaers_etal_2017_TableS1part1,Area_striata_grey_matter_Vol.mm3,3753,2017,evom1_all_volume_tables,3,near_perfect,0,1,0,/Users/crossmodal/Library/CloudStorage/OneDrive-AllenInstitute/Species/Evo-M1-Trait-Data/Smaers_etal_2017/Smaers_etal_2017_TableS1part1.csv,,,Species=Ateles geoffroyi; Variable=Area_striata_grey_matter_Vol.mm3; key_rule=crosswalk_exact,TRUE
Ateles_geoffroyi,ASG_Sousa,3753,Frahm_etal_1984_Table1,Frahm_etal_1984_Table1,Area_striata_grey_matter_Vol.mm3,3753,1984,evom1_all_volume_tables,3,near_perfect,0,1,0,/Users/crossmodal/Library/CloudStorage/OneDrive-AllenInstitute/Species/Evo-M1-Trait-Data/__merging_volumes/volumes_unfiltered.csv,,,Species=Ateles geoffroyi; Variable=Area_striata_grey_matter_Vol.mm3; key_rule=crosswalk_exact,TRUE
Ateles_geoffroyi,Frontal.motor.Gray,3.12,Smaers_etal_2017_TableS1part1,Smaers_etal_2017_TableS1part1,FrontalMotor_grey_matter_Vol.mm3,3119,2017,metadata_tables,1,near_perfect,0.032051282051278523,0.001,0,/Users/crossmodal/Library/CloudStorage/OneDrive-AllenInstitute/Species/Evo-M1-Trait-Data/Smaers_etal_2017/Smaers_etal_2017_TableS1part1.csv,,,Species=Ateles geoffroyi; Variable=FrontalMotor_grey_matter_Vol.mm3; key_rule=crosswalk_exact,TRUE
Ateles_geoffroyi,Frontal.motor,1.59,Smaers_etal_2017_TableS1part1,Smaers_etal_2017_TableS1part1,FrontalMotor_white_matter_Vol.mm3,1586,2017,metadata_tables,1,near_perfect,0.2515723270440254,0.001,0,/Users/crossmodal/Library/CloudStorage/OneDrive-AllenInstitute/Species/Evo-M1-Trait-Data/Smaers_etal_2017/Smaers_etal_2017_TableS1part1.csv,,,Species=Ateles geoffroyi; Variable=FrontalMotor_white_matter_Vol.mm3; key_rule=crosswalk_exact,TRUE
Ateles_geoffroyi,Primary.visual.White.Smaers,0.99,Smaers_etal_2017_TableS1part1,Smaers_etal_2017_TableS1part1,Area_striata_white_matter_Vol.mm3,985,2017,metadata_tables,1,near_perfect,0.5050505050505055,0.001,0,/Users/crossmodal/Library/CloudStorage/OneDrive-AllenInstitute/Species/Evo-M1-Trait-Data/Smaers_etal_2017/Smaers_etal_2017_TableS1part1.csv,,,Species=Ateles geoffroyi; Variable=Area_striata_white_matter_Vol.mm3; key_rule=crosswalk_exact,TRUE
Ateles_geoffroyi,Primary.visual.White.Smaers,0.99,Frahm_etal_1984_Table1,Frahm_etal_1984_Table1,Area_striata_white_matter_Vol.mm3,985,1984,evom1_all_volume_tables,3,near_perfect,0.5050505050505055,0.001,0,/Users/crossmodal/Library/CloudStorage/OneDrive-AllenInstitute/Species/Evo-M1-Trait-Data/__merging_volumes/volumes_unfiltered.csv,,,Species=Ateles geoffroyi; Variable=Area_striata_white_matter_Vol.mm3; key_rule=crosswalk_exact,TRUE
Ateles_geoffroyi,Prefrontal.Gray,2.77,Smaers_etal_2017_TableS1part1,Smaers_etal_2017_TableS1part1,PrefrontalCortex_grey_matter_Vol.mm3,2773,2017,metadata_tables,1,near_perfect,0.10818608005770333,0.001,0,/Users/crossmodal/Library/CloudStorage/OneDrive-AllenInstitute/Species/Evo-M1-Trait-Data/Smaers_etal_2017/Smaers_etal_2017_TableS1part1.csv,,,Species=Ateles geoffroyi; Variable=PrefrontalCortex_grey_matter_Vol.mm3; key_rule=crosswalk_exact,TRUE
Ateles_geoffroyi,Prefrontal.Gray,2.77,Smaers_etal_2011_SupplementaryTable2,Smaers_etal_2011_SupplementaryTable2,PrefrontalCortex_grey_matter_Vol.mm3,2770,2011,evom1_all_volume_tables,3,near_perfect,0,0.001,0,/Users/crossmodal/Library/CloudStorage/OneDrive-AllenInstitute/Species/Evo-M1-Trait-Data/__merging_volumes/volumes_unfiltered.csv,,,Species=Ateles geoffroyi; Variable=PrefrontalCortex_grey_matter_Vol.mm3; key_rule=crosswalk_exact,TRUE
Ateles_geoffroyi,Prefrontal.White,0.29,Smaers_etal_2017_TableS1part1,Smaers_etal_2017_TableS1part1,PrefrontalCortex_white_matter_Vol.mm3,286,2017,metadata_tables,1,near_perfect,1.3793103448275683,0.001,0,/Users/crossmodal/Library/CloudStorage/OneDrive-AllenInstitute/Species/Evo-M1-Trait-Data/Smaers_etal_2017/Smaers_etal_2017_TableS1part1.csv,,,Species=Ateles geoffroyi; Variable=PrefrontalCortex_white_matter_Vol.mm3; key_rule=crosswalk_exact,TRUE
Ateles_geoffroyi,Prefrontal.White,0.29,Smaers_etal_2011_SupplementaryTable2,Smaers_etal_2011_SupplementaryTable2,PrefrontalCortex_white_matter_Vol.mm3,290,2011,evom1_all_volume_tables,3,near_perfect,0,0.001,0,/Users/crossmodal/Library/CloudStorage/OneDrive-AllenInstitute/Species/Evo-M1-Trait-Data/__merging_volumes/volumes_unfiltered.csv,,,Species=Ateles geoffroyi; Variable=PrefrontalCortex_white_matter_Vol.mm3; key_rule=crosswalk_exact,TRUE
Ateles_geoffroyi,Other.cortical.association.areas.Gray,32.93,Smaers_etal_2017_TableS1part1,Smaers_etal_2017_TableS1part1,AssociationCortex_grey_matter_Vol.mm3,32933,2017,metadata_tables,1,near_perfect,0.009109403941335784,0.001,0,/Users/crossmodal/Library/CloudStorage/OneDrive-AllenInstitute/Species/Evo-M1-Trait-Data/Smaers_etal_2017/Smaers_etal_2017_TableS1part1.csv,,,Species=Ateles geoffroyi; Variable=AssociationCortex_grey_matter_Vol.mm3; key_rule=crosswalk_exact,TRUE
Ateles_geoffroyi,Other.cortical.association.areas.White,10.33,Smaers_etal_2017_TableS1part1,Smaers_etal_2017_TableS1part1,AssociationCortex_white_matter_Vol.mm3,10332,2017,metadata_tables,1,near_perfect,0.019357336430513624,0.001,0,/Users/crossmodal/Library/CloudStorage/OneDrive-AllenInstitute/Species/Evo-M1-Trait-Data/Smaers_etal_2017/Smaers_etal_2017_TableS1part1.csv,,,Species=Ateles geoffroyi; Variable=AssociationCortex_white_matter_Vol.mm3; key_rule=crosswalk_exact,TRUE
Avahi_laniger,LGN_Sousa,27.6,deSousa_etal_2010_SupTable2,deSousa_etal_2010_SupTable2,Corpus_geniculatum_laterale_Vol.mm3,29,2010,metadata_tables,1,close_same_structure,4.827586206896547,1,0,/Users/crossmodal/Library/CloudStorage/OneDrive-AllenInstitute/Species/Evo-M1-Trait-Data/deSousa_etal_2010/deSousa_etal_2010_SupTable2.csv,,,Species=Avahi laniger; Variable=Corpus_geniculatum_laterale_Vol.mm3; key_rule=crosswalk_exact,TRUE
Avahi_laniger,LGN_Sousa,27.6,Stephan_etal_1984_Table1,Stephan_etal_1984_Table1,Corpus_geniculatum_laterale_Vol.mm3,27.6,1984,evom1_all_volume_tables,3,near_perfect,0,1,0,/Users/crossmodal/Library/CloudStorage/OneDrive-AllenInstitute/Species/Evo-M1-Trait-Data/__merging_volumes/volumes_unfiltered.csv,,,Species=Avahi laniger; Variable=Corpus_geniculatum_laterale_Vol.mm3; key_rule=crosswalk_exact,TRUE
Avahi_laniger,LGN_Sousa,27.6,Stephan_etal_1981_TableIX,Stephan_etal_1981_TableIX,Corpus_geniculatum_laterale_Vol.mm3,27.4,1981,evom1_all_volume_tables,3,near_perfect,0.7246376811594305,1,0,/Users/crossmodal/Library/CloudStorage/OneDrive-AllenInstitute/Species/Evo-M1-Trait-Data/__merging_volumes/volumes_unfiltered.csv,,,Species=Avahi laniger; Variable=Corpus_geniculatum_laterale_Vol.mm3; key_rule=crosswalk_exact,TRUE
Avahi_laniger,ASG_Sousa,475,deSousa_etal_2010_SupTable2,deSousa_etal_2010_SupTable2,Area_striata_grey_matter_Vol.mm3,500,2010,metadata_tables,1,close_same_structure,5,1,0,/Users/crossmodal/Library/CloudStorage/OneDrive-AllenInstitute/Species/Evo-M1-Trait-Data/deSousa_etal_2010/deSousa_etal_2010_SupTable2.csv,,,Species=Avahi laniger; Variable=Area_striata_grey_matter_Vol.mm3; key_rule=crosswalk_exact,TRUE
Avahi_laniger,ASG_Sousa,475,Frahm_etal_1984_Table1,Frahm_etal_1984_Table1,Area_striata_grey_matter_Vol.mm3,475,1984,evom1_all_volume_tables,3,near_perfect,0,1,0,/Users/crossmodal/Library/CloudStorage/OneDrive-AllenInstitute/Species/Evo-M1-Trait-Data/__merging_volumes/volumes_unfiltered.csv,,,Species=Avahi laniger; Variable=Area_striata_grey_matter_Vol.mm3; key_rule=crosswalk_exact,TRUE
Avahi_laniger,Brain_mass,9600,Stephan_etal_1970_Table2,Stephan_etal_1970_Table2,Brain_Mass.mg,9670,1970,evom1_all_volume_tables,3,near_perfect,0.7238883143743536,1,0,/Users/crossmodal/Library/CloudStorage/OneDrive-AllenInstitute/Species/Evo-M1-Trait-Data/__merging_volumes/volumes_unfiltered.csv,,,Species=Avahi laniger; Variable=Brain_Mass.mg; key_rule=crosswalk_exact,TRUE
Callithrix_pygmaea,LGN_Sousa,16.9,Frahm_etal_1998_Table1,Frahm_etal_1998_Table1,Corpus_geniculatum_laterale_Vol.mm3,16.9,1998,evom1_all_volume_tables,3,near_perfect,0,1,0,/Users/crossmodal/Library/CloudStorage/OneDrive-AllenInstitute/Species/Evo-M1-Trait-Data/__merging_volumes/volumes_unfiltered.csv,,,Species=Callithrix pygmaea; Variable=Corpus_geniculatum_laterale_Vol.mm3; key_rule=crosswalk_exact,TRUE
Callithrix_pygmaea,ASG_Sousa,363,Frahm_etal_1998_Table1,Frahm_etal_1998_Table1,Area_striata_grey_matter_Vol.mm3,363,1998,evom1_all_volume_tables,3,near_perfect,0,1,0,/Users/crossmodal/Library/CloudStorage/OneDrive-AllenInstitute/Species/Evo-M1-Trait-Data/__merging_volumes/volumes_unfiltered.csv,,,Species=Callithrix pygmaea; Variable=Area_striata_grey_matter_Vol.mm3; key_rule=crosswalk_exact,TRUE
Callithrix_pygmaea,ASG_Sousa,363,Frahm_etal_1984_Table1,Frahm_etal_1984_Table1,Area_striata_grey_matter_Vol.mm3,363,1984,evom1_all_volume_tables,3,near_perfect,0,1,0,/Users/crossmodal/Library/CloudStorage/OneDrive-AllenInstitute/Species/Evo-M1-Trait-Data/__merging_volumes/volumes_unfiltered.csv,,,Species=Callithrix pygmaea; Variable=Area_striata_grey_matter_Vol.mm3; key_rule=crosswalk_exact,TRUE
Callithrix_pygmaea,Brain_mass,4200,Frahm_etal_1998_Table1,Frahm_etal_1998_Table1,Brain_Mass.mg,4150,1998,evom1_all_volume_tables,3,close_same_structure,1.1904761904761905,1,0,/Users/crossmodal/Library/CloudStorage/OneDrive-AllenInstitute/Species/Evo-M1-Trait-Data/__merging_volumes/volumes_unfiltered.csv,,,Species=Callithrix pygmaea; Variable=Brain_Mass.mg; key_rule=crosswalk_exact,TRUE
Cebus_albifrons,LGN_Sousa,137,deSousa_etal_2010_SupTable2,deSousa_etal_2010_SupTable2,Corpus_geniculatum_laterale_Vol.mm3,137,2010,metadata_tables,1,near_perfect,0,1,0,/Users/crossmodal/Library/CloudStorage/OneDrive-AllenInstitute/Species/Evo-M1-Trait-Data/deSousa_etal_2010/deSousa_etal_2010_SupTable2.csv,,,Species=Cebus albifrons; Variable=Corpus_geniculatum_laterale_Vol.mm3; key_rule=crosswalk_exact,TRUE
Cebus_albifrons,LGN_Sousa,137,Frahm_etal_1998_Table1,Frahm_etal_1998_Table1,Corpus_geniculatum_laterale_Vol.mm3,137,1998,evom1_all_volume_tables,3,near_perfect,0,1,0,/Users/crossmodal/Library/CloudStorage/OneDrive-AllenInstitute/Species/Evo-M1-Trait-Data/__merging_volumes/volumes_unfiltered.csv,,,Species=Cebus albifrons; Variable=Corpus_geniculatum_laterale_Vol.mm3; key_rule=crosswalk_exact,TRUE
Cebus_albifrons,LGN_Sousa,137,Stephan_etal_1984_Table1,Stephan_etal_1984_Table1,Corpus_geniculatum_laterale_Vol.mm3,137,1984,evom1_all_volume_tables,3,near_perfect,0,1,0,/Users/crossmodal/Library/CloudStorage/OneDrive-AllenInstitute/Species/Evo-M1-Trait-Data/__merging_volumes/volumes_unfiltered.csv,,,Species=Cebus albifrons; Variable=Corpus_geniculatum_laterale_Vol.mm3; key_rule=crosswalk_exact,TRUE
Cebus_albifrons,LGN_Sousa,137,Stephan_etal_1981_TableIX,Stephan_etal_1981_TableIX,Corpus_geniculatum_laterale_Vol.mm3,137,1981,evom1_all_volume_tables,3,near_perfect,0,1,0,/Users/crossmodal/Library/CloudStorage/OneDrive-AllenInstitute/Species/Evo-M1-Trait-Data/__merging_volumes/volumes_unfiltered.csv,,,Species=Cebus albifrons; Variable=Corpus_geniculatum_laterale_Vol.mm3; key_rule=crosswalk_exact,TRUE
Cebus_albifrons,ASG_Sousa,3764,deSousa_etal_2010_SupTable2,deSousa_etal_2010_SupTable2,Area_striata_grey_matter_Vol.mm3,3800,2010,metadata_tables,1,near_perfect,0.9473684210526315,1,0,/Users/crossmodal/Library/CloudStorage/OneDrive-AllenInstitute/Species/Evo-M1-Trait-Data/deSousa_etal_2010/deSousa_etal_2010_SupTable2.csv,,,Species=Cebus albifrons; Variable=Area_striata_grey_matter_Vol.mm3; key_rule=crosswalk_exact,TRUE
Cebus_albifrons,ASG_Sousa,3764,Smaers_etal_2017_TableS1part1,Smaers_etal_2017_TableS1part1,Area_striata_grey_matter_Vol.mm3,3764,2017,evom1_all_volume_tables,3,near_perfect,0,1,0,/Users/crossmodal/Library/CloudStorage/OneDrive-AllenInstitute/Species/Evo-M1-Trait-Data/Smaers_etal_2017/Smaers_etal_2017_TableS1part1.csv,,,Species=Cebus albifrons; Variable=Area_striata_grey_matter_Vol.mm3; key_rule=crosswalk_exact,TRUE
Cebus_albifrons,ASG_Sousa,3764,Frahm_etal_1998_Table1,Frahm_etal_1998_Table1,Area_striata_grey_matter_Vol.mm3,3764,1998,evom1_all_volume_tables,3,near_perfect,0,1,0,/Users/crossmodal/Library/CloudStorage/OneDrive-AllenInstitute/Species/Evo-M1-Trait-Data/__merging_volumes/volumes_unfiltered.csv,,,Species=Cebus albifrons; Variable=Area_striata_grey_matter_Vol.mm3; key_rule=crosswalk_exact,TRUE
Cebus_albifrons,ASG_Sousa,3764,Frahm_etal_1984_Table1,Frahm_etal_1984_Table1,Area_striata_grey_matter_Vol.mm3,3764,1984,evom1_all_volume_tables,3,near_perfect,0,1,0,/Users/crossmodal/Library/CloudStorage/OneDrive-AllenInstitute/Species/Evo-M1-Trait-Data/__merging_volumes/volumes_unfiltered.csv,,,Species=Cebus albifrons; Variable=Area_striata_grey_matter_Vol.mm3; key_rule=crosswalk_exact,TRUE
Cebus_albifrons,Corpus.subcommissurale,0.43,Stephan_etal_1981_TableXVI,Stephan_etal_1981_TableXVI,Corpus_subcommissurale_Vol.mm3,0.425,1981,metadata_tables,1,close_same_structure,1.1627906976744196,1,103,/Users/crossmodal/Library/CloudStorage/OneDrive-AllenInstitute/Species/Evo-M1-Trait-Data/__merging_volumes/volumes_unfiltered.csv,,,Species=Cebus albifrons; Variable=Corpus_subcommissurale_Vol.mm3; key_rule=crosswalk_exact,TRUE
Cebus_albifrons,Frontal.motor.Gray,1.98,Smaers_etal_2017_TableS1part1,Smaers_etal_2017_TableS1part1,FrontalMotor_grey_matter_Vol.mm3,1977,2017,metadata_tables,1,near_perfect,0.15151515151514605,0.001,0,/Users/crossmodal/Library/CloudStorage/OneDrive-AllenInstitute/Species/Evo-M1-Trait-Data/Smaers_etal_2017/Smaers_etal_2017_TableS1part1.csv,,,Species=Cebus albifrons; Variable=FrontalMotor_grey_matter_Vol.mm3; key_rule=crosswalk_exact,TRUE
Cebus_albifrons,Frontal.motor,1.43,Smaers_etal_2017_TableS1part1,Smaers_etal_2017_TableS1part1,FrontalMotor_white_matter_Vol.mm3,1425,2017,metadata_tables,1,near_perfect,0.3496503496503422,0.001,0,/Users/crossmodal/Library/CloudStorage/OneDrive-AllenInstitute/Species/Evo-M1-Trait-Data/Smaers_etal_2017/Smaers_etal_2017_TableS1part1.csv,,,Species=Cebus albifrons; Variable=FrontalMotor_white_matter_Vol.mm3; key_rule=crosswalk_exact,TRUE
Cebus_albifrons,Primary.visual.White.Smaers,0.94,Smaers_etal_2017_TableS1part1,Smaers_etal_2017_TableS1part1,Area_striata_white_matter_Vol.mm3,939,2017,metadata_tables,1,near_perfect,0.10638297872339254,0.001,0,/Users/crossmodal/Library/CloudStorage/OneDrive-AllenInstitute/Species/Evo-M1-Trait-Data/Smaers_etal_2017/Smaers_etal_2017_TableS1part1.csv,,,Species=Cebus albifrons; Variable=Area_striata_white_matter_Vol.mm3; key_rule=crosswalk_exact,TRUE
Cebus_albifrons,Primary.visual.White.Smaers,0.94,Frahm_etal_1984_Table1,Frahm_etal_1984_Table1,Area_striata_white_matter_Vol.mm3,939,1984,evom1_all_volume_tables,3,near_perfect,0.10638297872339254,0.001,0,/Users/crossmodal/Library/CloudStorage/OneDrive-AllenInstitute/Species/Evo-M1-Trait-Data/__merging_volumes/volumes_unfiltered.csv,,,Species=Cebus albifrons; Variable=Area_striata_white_matter_Vol.mm3; key_rule=crosswalk_exact,TRUE
Cebus_albifrons,Prefrontal.Gray,1.43,Smaers_etal_2017_TableS1part1,Smaers_etal_2017_TableS1part1,PrefrontalCortex_grey_matter_Vol.mm3,1434,2017,metadata_tables,1,near_perfect,0.2789400278940031,0.001,0,/Users/crossmodal/Library/CloudStorage/OneDrive-AllenInstitute/Species/Evo-M1-Trait-Data/Smaers_etal_2017/Smaers_etal_2017_TableS1part1.csv,,,Species=Cebus albifrons; Variable=PrefrontalCortex_grey_matter_Vol.mm3; key_rule=crosswalk_exact,TRUE
Cebus_albifrons,Prefrontal.Gray,1.43,Smaers_etal_2011_SupplementaryTable2,Smaers_etal_2011_SupplementaryTable2,PrefrontalCortex_grey_matter_Vol.mm3,1430,2011,evom1_all_volume_tables,3,near_perfect,0,0.001,0,/Users/crossmodal/Library/CloudStorage/OneDrive-AllenInstitute/Species/Evo-M1-Trait-Data/__merging_volumes/volumes_unfiltered.csv,,,Species=Cebus albifrons; Variable=PrefrontalCortex_grey_matter_Vol.mm3; key_rule=crosswalk_exact,TRUE
Cebus_albifrons,Prefrontal.White,0.26,Smaers_etal_2017_TableS1part1,Smaers_etal_2017_TableS1part1,PrefrontalCortex_white_matter_Vol.mm3,257,2017,metadata_tables,1,near_perfect,1.1538461538461549,0.001,0,/Users/crossmodal/Library/CloudStorage/OneDrive-AllenInstitute/Species/Evo-M1-Trait-Data/Smaers_etal_2017/Smaers_etal_2017_TableS1part1.csv,,,Species=Cebus albifrons; Variable=PrefrontalCortex_white_matter_Vol.mm3; key_rule=crosswalk_exact,TRUE
Cebus_albifrons,Prefrontal.White,0.26,Smaers_etal_2011_SupplementaryTable2,Smaers_etal_2011_SupplementaryTable2,PrefrontalCortex_white_matter_Vol.mm3,250,2011,evom1_all_volume_tables,3,close_same_structure,3.8461538461538494,0.001,0,/Users/crossmodal/Library/CloudStorage/OneDrive-AllenInstitute/Species/Evo-M1-Trait-Data/__merging_volumes/volumes_unfiltered.csv,,,Species=Cebus albifrons; Variable=PrefrontalCortex_white_matter_Vol.mm3; key_rule=crosswalk_exact,TRUE
Cebus_albifrons,Other.cortical.association.areas.Gray,21.02,Smaers_etal_2017_TableS1part1,Smaers_etal_2017_TableS1part1,AssociationCortex_grey_matter_Vol.mm3,21024,2017,metadata_tables,1,near_perfect,0.019025875190265103,0.001,0,/Users/crossmodal/Library/CloudStorage/OneDrive-AllenInstitute/Species/Evo-M1-Trait-Data/Smaers_etal_2017/Smaers_etal_2017_TableS1part1.csv,,,Species=Cebus albifrons; Variable=AssociationCortex_grey_matter_Vol.mm3; key_rule=crosswalk_exact,TRUE
Cebus_albifrons,Other.cortical.association.areas.White,12.05,Smaers_etal_2017_TableS1part1,Smaers_etal_2017_TableS1part1,AssociationCortex_white_matter_Vol.mm3,12053,2017,metadata_tables,1,near_perfect,0.024890068862524796,0.001,0,/Users/crossmodal/Library/CloudStorage/OneDrive-AllenInstitute/Species/Evo-M1-Trait-Data/Smaers_etal_2017/Smaers_etal_2017_TableS1part1.csv,,,Species=Cebus albifrons; Variable=AssociationCortex_white_matter_Vol.mm3; key_rule=crosswalk_exact,TRUE
Cercopithecus_mitis,LGN_Sousa,150,deSousa_etal_2010_SupTable2,deSousa_etal_2010_SupTable2,Corpus_geniculatum_laterale_Vol.mm3,150,2010,metadata_tables,1,near_perfect,0,1,0,/Users/crossmodal/Library/CloudStorage/OneDrive-AllenInstitute/Species/Evo-M1-Trait-Data/deSousa_etal_2010/deSousa_etal_2010_SupTable2.csv,,,Species=Cercopithecus mitis; Variable=Corpus_geniculatum_laterale_Vol.mm3; key_rule=crosswalk_exact,TRUE
Cercopithecus_mitis,LGN_Sousa,150,Frahm_etal_1998_Table1,Frahm_etal_1998_Table1,Corpus_geniculatum_laterale_Vol.mm3,150,1998,evom1_all_volume_tables,3,near_perfect,0,1,0,/Users/crossmodal/Library/CloudStorage/OneDrive-AllenInstitute/Species/Evo-M1-Trait-Data/__merging_volumes/volumes_unfiltered.csv,,,Species=Cercopithecus mitis; Variable=Corpus_geniculatum_laterale_Vol.mm3; key_rule=crosswalk_exact,TRUE
Cercopithecus_mitis,LGN_Sousa,150,Stephan_etal_1984_Table1,Stephan_etal_1984_Table1,Corpus_geniculatum_laterale_Vol.mm3,150,1984,evom1_all_volume_tables,3,near_perfect,0,1,0,/Users/crossmodal/Library/CloudStorage/OneDrive-AllenInstitute/Species/Evo-M1-Trait-Data/__merging_volumes/volumes_unfiltered.csv,,,Species=Cercopithecus mitis; Variable=Corpus_geniculatum_laterale_Vol.mm3; key_rule=crosswalk_exact,TRUE
Cercopithecus_mitis,LGN_Sousa,150,Stephan_etal_1981_TableIX,Stephan_etal_1981_TableIX,Corpus_geniculatum_laterale_Vol.mm3,150,1981,evom1_all_volume_tables,3,near_perfect,0,1,0,/Users/crossmodal/Library/CloudStorage/OneDrive-AllenInstitute/Species/Evo-M1-Trait-Data/__merging_volumes/volumes_unfiltered.csv,,,Species=Cercopithecus mitis; Variable=Corpus_geniculatum_laterale_Vol.mm3; key_rule=crosswalk_exact,TRUE
Cercopithecus_mitis,ASG_Sousa,4232,deSousa_etal_2010_SupTable2,deSousa_etal_2010_SupTable2,Area_striata_grey_matter_Vol.mm3,4200,2010,metadata_tables,1,near_perfect,0.7561436672967864,1,0,/Users/crossmodal/Library/CloudStorage/OneDrive-AllenInstitute/Species/Evo-M1-Trait-Data/deSousa_etal_2010/deSousa_etal_2010_SupTable2.csv,,,Species=Cercopithecus mitis; Variable=Area_striata_grey_matter_Vol.mm3; key_rule=crosswalk_exact,TRUE
Cercopithecus_mitis,ASG_Sousa,4232,Smaers_etal_2017_TableS1part1,Smaers_etal_2017_TableS1part1,Area_striata_grey_matter_Vol.mm3,4232,2017,evom1_all_volume_tables,3,near_perfect,0,1,0,/Users/crossmodal/Library/CloudStorage/OneDrive-AllenInstitute/Species/Evo-M1-Trait-Data/Smaers_etal_2017/Smaers_etal_2017_TableS1part1.csv,,,Species=Cercopithecus mitis; Variable=Area_striata_grey_matter_Vol.mm3; key_rule=crosswalk_exact,TRUE
Cercopithecus_mitis,ASG_Sousa,4232,Frahm_etal_1998_Table1,Frahm_etal_1998_Table1,Area_striata_grey_matter_Vol.mm3,4232,1998,evom1_all_volume_tables,3,near_perfect,0,1,0,/Users/crossmodal/Library/CloudStorage/OneDrive-AllenInstitute/Species/Evo-M1-Trait-Data/__merging_volumes/volumes_unfiltered.csv,,,Species=Cercopithecus mitis; Variable=Area_striata_grey_matter_Vol.mm3; key_rule=crosswalk_exact,TRUE
Cercopithecus_mitis,ASG_Sousa,4232,Frahm_etal_1984_Table1,Frahm_etal_1984_Table1,Area_striata_grey_matter_Vol.mm3,4232,1984,evom1_all_volume_tables,3,near_perfect,0,1,0,/Users/crossmodal/Library/CloudStorage/OneDrive-AllenInstitute/Species/Evo-M1-Trait-Data/__merging_volumes/volumes_unfiltered.csv,,,Species=Cercopithecus mitis; Variable=Area_striata_grey_matter_Vol.mm3; key_rule=crosswalk_exact,TRUE
Cercopithecus_mitis,Frontal.motor.Gray,1.85,Smaers_etal_2017_TableS1part1,Smaers_etal_2017_TableS1part1,FrontalMotor_grey_matter_Vol.mm3,1852,2017,metadata_tables,1,near_perfect,0.1079913606911448,0.001,0,/Users/crossmodal/Library/CloudStorage/OneDrive-AllenInstitute/Species/Evo-M1-Trait-Data/Smaers_etal_2017/Smaers_etal_2017_TableS1part1.csv,,,Species=Cercopithecus mitis; Variable=FrontalMotor_grey_matter_Vol.mm3; key_rule=crosswalk_exact,TRUE
Cercopithecus_mitis,Frontal.motor,0.95,Smaers_etal_2017_TableS1part1,Smaers_etal_2017_TableS1part1,FrontalMotor_white_matter_Vol.mm3,946,2017,metadata_tables,1,near_perfect,0.4210526315789361,0.001,0,/Users/crossmodal/Library/CloudStorage/OneDrive-AllenInstitute/Species/Evo-M1-Trait-Data/Smaers_etal_2017/Smaers_etal_2017_TableS1part1.csv,,,Species=Cercopithecus mitis; Variable=FrontalMotor_white_matter_Vol.mm3; key_rule=crosswalk_exact,TRUE
Cercopithecus_mitis,Primary.visual.White.Smaers,1.04,Smaers_etal_2017_TableS1part1,Smaers_etal_2017_TableS1part1,Area_striata_white_matter_Vol.mm3,1042,2017,metadata_tables,1,near_perfect,0.19193857965451072,0.001,0,/Users/crossmodal/Library/CloudStorage/OneDrive-AllenInstitute/Species/Evo-M1-Trait-Data/Smaers_etal_2017/Smaers_etal_2017_TableS1part1.csv,,,Species=Cercopithecus mitis; Variable=Area_striata_white_matter_Vol.mm3; key_rule=crosswalk_exact,TRUE
Cercopithecus_mitis,Primary.visual.White.Smaers,1.04,Frahm_etal_1984_Table1,Frahm_etal_1984_Table1,Area_striata_white_matter_Vol.mm3,1042,1984,evom1_all_volume_tables,3,near_perfect,0.19193857965451072,0.001,0,/Users/crossmodal/Library/CloudStorage/OneDrive-AllenInstitute/Species/Evo-M1-Trait-Data/__merging_volumes/volumes_unfiltered.csv,,,Species=Cercopithecus mitis; Variable=Area_striata_white_matter_Vol.mm3; key_rule=crosswalk_exact,TRUE
Cercopithecus_mitis,Prefrontal.Gray,1.38,Smaers_etal_2017_TableS1part1,Smaers_etal_2017_TableS1part1,PrefrontalCortex_grey_matter_Vol.mm3,1380,2017,metadata_tables,1,near_perfect,1.6090188762683425e-14,0.001,0,/Users/crossmodal/Library/CloudStorage/OneDrive-AllenInstitute/Species/Evo-M1-Trait-Data/Smaers_etal_2017/Smaers_etal_2017_TableS1part1.csv,,,Species=Cercopithecus mitis; Variable=PrefrontalCortex_grey_matter_Vol.mm3; key_rule=crosswalk_exact,TRUE
Cercopithecus_mitis,Prefrontal.Gray,1.38,Smaers_etal_2011_SupplementaryTable2,Smaers_etal_2011_SupplementaryTable2,PrefrontalCortex_grey_matter_Vol.mm3,1380,2011,evom1_all_volume_tables,3,near_perfect,1.6090188762683425e-14,0.001,0,/Users/crossmodal/Library/CloudStorage/OneDrive-AllenInstitute/Species/Evo-M1-Trait-Data/__merging_volumes/volumes_unfiltered.csv,,,Species=Cercopithecus mitis; Variable=PrefrontalCortex_grey_matter_Vol.mm3; key_rule=crosswalk_exact,TRUE
Cercopithecus_mitis,Prefrontal.White,0.21,Smaers_etal_2017_TableS1part1,Smaers_etal_2017_TableS1part1,PrefrontalCortex_white_matter_Vol.mm3,205,2017,metadata_tables,1,near_perfect,2.38095238095237,0.001,0,/Users/crossmodal/Library/CloudStorage/OneDrive-AllenInstitute/Species/Evo-M1-Trait-Data/Smaers_etal_2017/Smaers_etal_2017_TableS1part1.csv,,,Species=Cercopithecus mitis; Variable=PrefrontalCortex_white_matter_Vol.mm3; key_rule=crosswalk_exact,TRUE
Cercopithecus_mitis,Prefrontal.White,0.21,Smaers_etal_2011_SupplementaryTable2,Smaers_etal_2011_SupplementaryTable2,PrefrontalCortex_white_matter_Vol.mm3,200,2011,evom1_all_volume_tables,3,close_same_structure,4.761904761904753,0.001,0,/Users/crossmodal/Library/CloudStorage/OneDrive-AllenInstitute/Species/Evo-M1-Trait-Data/__merging_volumes/volumes_unfiltered.csv,,,Species=Cercopithecus mitis; Variable=PrefrontalCortex_white_matter_Vol.mm3; key_rule=crosswalk_exact,TRUE
Cercopithecus_mitis,Other.cortical.association.areas.Gray,19.39,Smaers_etal_2017_TableS1part1,Smaers_etal_2017_TableS1part1,AssociationCortex_grey_matter_Vol.mm3,19385,2017,metadata_tables,1,near_perfect,0.025786487880345564,0.001,0,/Users/crossmodal/Library/CloudStorage/OneDrive-AllenInstitute/Species/Evo-M1-Trait-Data/Smaers_etal_2017/Smaers_etal_2017_TableS1part1.csv,,,Species=Cercopithecus mitis; Variable=AssociationCortex_grey_matter_Vol.mm3; key_rule=crosswalk_exact,TRUE
Cercopithecus_mitis,Other.cortical.association.areas.White,9.91,Smaers_etal_2017_TableS1part1,Smaers_etal_2017_TableS1part1,AssociationCortex_white_matter_Vol.mm3,9911,2017,metadata_tables,1,near_perfect,0.01008979921299007,0.001,0,/Users/crossmodal/Library/CloudStorage/OneDrive-AllenInstitute/Species/Evo-M1-Trait-Data/Smaers_etal_2017/Smaers_etal_2017_TableS1part1.csv,,,Species=Cercopithecus mitis; Variable=AssociationCortex_white_matter_Vol.mm3; key_rule=crosswalk_exact,TRUE
Galagoides_demidoff,LGN_Sousa,10.9,deSousa_etal_2010_SupTable2,deSousa_etal_2010_SupTable2,Corpus_geniculatum_laterale_Vol.mm3,11,2010,metadata_tables,1,near_perfect,0.9090909090909058,1,0,/Users/crossmodal/Library/CloudStorage/OneDrive-AllenInstitute/Species/Evo-M1-Trait-Data/deSousa_etal_2010/deSousa_etal_2010_SupTable2.csv,,,Species=Galagoides demidoff; Variable=Corpus_geniculatum_laterale_Vol.mm3; key_rule=crosswalk_exact,TRUE
Galagoides_demidoff,LGN_Sousa,10.9,Frahm_etal_1998_Table1,Frahm_etal_1998_Table1,Corpus_geniculatum_laterale_Vol.mm3,10.9,1998,evom1_all_volume_tables,3,near_perfect,0,1,0,/Users/crossmodal/Library/CloudStorage/OneDrive-AllenInstitute/Species/Evo-M1-Trait-Data/__merging_volumes/volumes_unfiltered.csv,,,Species=Galagoides demidoff; Variable=Corpus_geniculatum_laterale_Vol.mm3; key_rule=crosswalk_exact,TRUE
Galagoides_demidoff,LGN_Sousa,10.9,Stephan_etal_1984_Table1,Stephan_etal_1984_Table1,Corpus_geniculatum_laterale_Vol.mm3,10.9,1984,evom1_all_volume_tables,3,near_perfect,0,1,0,/Users/crossmodal/Library/CloudStorage/OneDrive-AllenInstitute/Species/Evo-M1-Trait-Data/__merging_volumes/volumes_unfiltered.csv,,,Species=Galagoides demidoff; Variable=Corpus_geniculatum_laterale_Vol.mm3; key_rule=crosswalk_exact,TRUE
Galagoides_demidoff,LGN_Sousa,10.9,Stephan_etal_1981_TableIX,Stephan_etal_1981_TableIX,Corpus_geniculatum_laterale_Vol.mm3,10.9,1981,evom1_all_volume_tables,3,near_perfect,0,1,0,/Users/crossmodal/Library/CloudStorage/OneDrive-AllenInstitute/Species/Evo-M1-Trait-Data/__merging_volumes/volumes_unfiltered.csv,,,Species=Galagoides demidoff; Variable=Corpus_geniculatum_laterale_Vol.mm3; key_rule=crosswalk_exact,TRUE
Galagoides_demidoff,ASG_Sousa,214,Frahm_etal_1998_Table1,Frahm_etal_1998_Table1,Area_striata_grey_matter_Vol.mm3,214,1998,evom1_all_volume_tables,3,near_perfect,0,1,0,/Users/crossmodal/Library/CloudStorage/OneDrive-AllenInstitute/Species/Evo-M1-Trait-Data/__merging_volumes/volumes_unfiltered.csv,,,Species=Galagoides demidoff; Variable=Area_striata_grey_matter_Vol.mm3; key_rule=crosswalk_exact,TRUE
Galagoides_demidoff,ASG_Sousa,214,Frahm_etal_1984_Table1,Frahm_etal_1984_Table1,Area_striata_grey_matter_Vol.mm3,214,1984,evom1_all_volume_tables,3,near_perfect,0,1,0,/Users/crossmodal/Library/CloudStorage/OneDrive-AllenInstitute/Species/Evo-M1-Trait-Data/__merging_volumes/volumes_unfiltered.csv,,,Species=Galagoides demidoff; Variable=Area_striata_grey_matter_Vol.mm3; key_rule=crosswalk_exact,TRUE
Gorilla_gorilla,LGN_Sousa,308.5,deSousa_etal_2013_Table1,deSousa_etal_2013_Table1,Corpus_geniculatum_laterale_Vol.mm3,300.1,2013,metadata_tables,1,close_same_structure,2.722852512155584,1,15,/Users/crossmodal/Library/CloudStorage/OneDrive-AllenInstitute/Species/Evo-M1-Trait-Data/__merging_volumes/volumes_unfiltered.csv,,,Species=Gorilla sp.; Variable=Corpus_geniculatum_laterale_Vol.mm3; key_rule=crosswalk_exact,TRUE
Gorilla_gorilla,LGN_Sousa,308.5,deSousa_etal_2010_SupTable2,deSousa_etal_2010_SupTable2,Corpus_geniculatum_laterale_Vol.mm3,309,2010,metadata_tables,1,near_perfect,0.16181229773462782,1,0,/Users/crossmodal/Library/CloudStorage/OneDrive-AllenInstitute/Species/Evo-M1-Trait-Data/deSousa_etal_2010/deSousa_etal_2010_SupTable2.csv,,,Species=Gorilla sp.; Variable=Corpus_geniculatum_laterale_Vol.mm3; key_rule=crosswalk_exact,TRUE
Gorilla_gorilla,ASG_Sousa,9129,deSousa_etal_2010_SupTable2,deSousa_etal_2010_SupTable2,Area_striata_grey_matter_Vol.mm3,9100,2010,metadata_tables,1,near_perfect,0.31766896702815206,1,0,/Users/crossmodal/Library/CloudStorage/OneDrive-AllenInstitute/Species/Evo-M1-Trait-Data/deSousa_etal_2010/deSousa_etal_2010_SupTable2.csv,,,Species=Gorilla sp.; Variable=Area_striata_grey_matter_Vol.mm3; key_rule=crosswalk_exact,TRUE
Gorilla_gorilla,Frontal.motor.Gray,14.85,Smaers_etal_2017_TableS1part1,Smaers_etal_2017_TableS1part1,FrontalMotor_grey_matter_Vol.mm3,14854,2017,metadata_tables,1,near_perfect,0.026928773394380878,0.001,0,/Users/crossmodal/Library/CloudStorage/OneDrive-AllenInstitute/Species/Evo-M1-Trait-Data/Smaers_etal_2017/Smaers_etal_2017_TableS1part1.csv,,,Species=Gorilla sp.; Variable=FrontalMotor_grey_matter_Vol.mm3; key_rule=crosswalk_exact,TRUE
Gorilla_gorilla,Frontal.motor,10.3,Smaers_etal_2017_TableS1part1,Smaers_etal_2017_TableS1part1,FrontalMotor_white_matter_Vol.mm3,10295,2017,metadata_tables,1,near_perfect,0.04854368932039593,0.001,0,/Users/crossmodal/Library/CloudStorage/OneDrive-AllenInstitute/Species/Evo-M1-Trait-Data/Smaers_etal_2017/Smaers_etal_2017_TableS1part1.csv,,,Species=Gorilla sp.; Variable=FrontalMotor_white_matter_Vol.mm3; key_rule=crosswalk_exact,TRUE
Gorilla_gorilla,Primary.visual.White.Smaers,3.12,Smaers_etal_2017_TableS1part1,Smaers_etal_2017_TableS1part1,Area_striata_white_matter_Vol.mm3,3123,2017,metadata_tables,1,near_perfect,0.09606147934678558,0.001,0,/Users/crossmodal/Library/CloudStorage/OneDrive-AllenInstitute/Species/Evo-M1-Trait-Data/Smaers_etal_2017/Smaers_etal_2017_TableS1part1.csv,,,Species=Gorilla sp.; Variable=Area_striata_white_matter_Vol.mm3; key_rule=crosswalk_exact,TRUE
Gorilla_gorilla,Primary.visual.White.Smaers,3.12,Frahm_etal_1984_Table1,Frahm_etal_1984_Table1,Area_striata_white_matter_Vol.mm3,3123,1984,evom1_all_volume_tables,3,near_perfect,0.09606147934678558,0.001,0,/Users/crossmodal/Library/CloudStorage/OneDrive-AllenInstitute/Species/Evo-M1-Trait-Data/__merging_volumes/volumes_unfiltered.csv,,,Species=Gorilla sp.; Variable=Area_striata_white_matter_Vol.mm3; key_rule=crosswalk_exact,TRUE
Gorilla_gorilla,Prefrontal.Gray,11.64,Smaers_etal_2017_TableS1part1,Smaers_etal_2017_TableS1part1,PrefrontalCortex_grey_matter_Vol.mm3,11642,2017,metadata_tables,1,near_perfect,0.017179178835242153,0.001,0,/Users/crossmodal/Library/CloudStorage/OneDrive-AllenInstitute/Species/Evo-M1-Trait-Data/Smaers_etal_2017/Smaers_etal_2017_TableS1part1.csv,,,Species=Gorilla sp.; Variable=PrefrontalCortex_grey_matter_Vol.mm3; key_rule=crosswalk_exact,TRUE
Gorilla_gorilla,Prefrontal.Gray,11.64,Smaers_etal_2011_SupplementaryTable2,Smaers_etal_2011_SupplementaryTable2,PrefrontalCortex_grey_matter_Vol.mm3,11640,2011,evom1_all_volume_tables,3,near_perfect,0,0.001,0,/Users/crossmodal/Library/CloudStorage/OneDrive-AllenInstitute/Species/Evo-M1-Trait-Data/__merging_volumes/volumes_unfiltered.csv,,,Species=Gorilla sp.; Variable=PrefrontalCortex_grey_matter_Vol.mm3; key_rule=crosswalk_exact,TRUE
Gorilla_gorilla,Prefrontal.White,2.61,Smaers_etal_2017_TableS1part1,Smaers_etal_2017_TableS1part1,PrefrontalCortex_white_matter_Vol.mm3,2608,2017,metadata_tables,1,near_perfect,0.07662835249041303,0.001,0,/Users/crossmodal/Library/CloudStorage/OneDrive-AllenInstitute/Species/Evo-M1-Trait-Data/Smaers_etal_2017/Smaers_etal_2017_TableS1part1.csv,,,Species=Gorilla sp.; Variable=PrefrontalCortex_white_matter_Vol.mm3; key_rule=crosswalk_exact,TRUE
Gorilla_gorilla,Prefrontal.White,2.61,Smaers_etal_2011_SupplementaryTable2,Smaers_etal_2011_SupplementaryTable2,PrefrontalCortex_white_matter_Vol.mm3,2610,2011,evom1_all_volume_tables,3,near_perfect,0,0.001,0,/Users/crossmodal/Library/CloudStorage/OneDrive-AllenInstitute/Species/Evo-M1-Trait-Data/__merging_volumes/volumes_unfiltered.csv,,,Species=Gorilla sp.; Variable=PrefrontalCortex_white_matter_Vol.mm3; key_rule=crosswalk_exact,TRUE
Gorilla_gorilla,Other.cortical.association.areas.Gray,125.54,Smaers_etal_2017_TableS1part1,Smaers_etal_2017_TableS1part1,AssociationCortex_grey_matter_Vol.mm3,125539,2017,metadata_tables,1,near_perfect,7.965588657039786e-4,0.001,0,/Users/crossmodal/Library/CloudStorage/OneDrive-AllenInstitute/Species/Evo-M1-Trait-Data/Smaers_etal_2017/Smaers_etal_2017_TableS1part1.csv,,,Species=Gorilla sp.; Variable=AssociationCortex_grey_matter_Vol.mm3; key_rule=crosswalk_exact,TRUE
Gorilla_gorilla,Other.cortical.association.areas.White,60.39,Smaers_etal_2017_TableS1part1,Smaers_etal_2017_TableS1part1,AssociationCortex_white_matter_Vol.mm3,60386,2017,metadata_tables,1,near_perfect,0.0066236131809865595,0.001,0,/Users/crossmodal/Library/CloudStorage/OneDrive-AllenInstitute/Species/Evo-M1-Trait-Data/Smaers_etal_2017/Smaers_etal_2017_TableS1part1.csv,,,Species=Gorilla sp.; Variable=AssociationCortex_white_matter_Vol.mm3; key_rule=crosswalk_exact,TRUE
Homo_sapiens,Total_insula_volume_L,6165,Bauernfeind_etal_2013_Table1,Bauernfeind_etal_2013_Table1,Insula_left_Vol.mm3,6479,2013,metadata_tables,1,close_same_structure,4.8464269177342185,1,181,/Users/crossmodal/Library/CloudStorage/OneDrive-AllenInstitute/Species/Evo-M1-Trait-Data/__merging_volumes/volumes_unfiltered.csv,,,Species=Homo sapiens; Variable=Insula_left_Vol.mm3; key_rule=crosswalk_exact,TRUE
Homo_sapiens,ASG_Sousa,15247.5,deSousa_etal_2010_SupTable2,deSousa_etal_2010_SupTable2,Area_striata_grey_matter_Vol.mm3,15200,2010,metadata_tables,1,near_perfect,0.3115264797507788,1,0,/Users/crossmodal/Library/CloudStorage/OneDrive-AllenInstitute/Species/Evo-M1-Trait-Data/deSousa_etal_2010/deSousa_etal_2010_SupTable2.csv,,,Species=Homo sapiens; Variable=Area_striata_grey_matter_Vol.mm3; key_rule=crosswalk_exact,TRUE
Homo_sapiens,ASG_Sousa,15247.5,Smaers_etal_2017_TableS1part1,Smaers_etal_2017_TableS1part1,Area_striata_grey_matter_Vol.mm3,14787,2017,evom1_all_volume_tables,3,close_same_structure,3.0201672405312348,1,0,/Users/crossmodal/Library/CloudStorage/OneDrive-AllenInstitute/Species/Evo-M1-Trait-Data/Smaers_etal_2017/Smaers_etal_2017_TableS1part1.csv,,,Species=Homo sapiens; Variable=Area_striata_grey_matter_Vol.mm3; key_rule=crosswalk_exact,TRUE
Homo_sapiens,ASG_Sousa,15247.5,Frahm_etal_1984_Table1,Frahm_etal_1984_Table1,Area_striata_grey_matter_Vol.mm3,14787,1984,evom1_all_volume_tables,3,close_same_structure,3.0201672405312348,1,0,/Users/crossmodal/Library/CloudStorage/OneDrive-AllenInstitute/Species/Evo-M1-Trait-Data/__merging_volumes/volumes_unfiltered.csv,,,Species=Homo sapiens; Variable=Area_striata_grey_matter_Vol.mm3; key_rule=crosswalk_exact,TRUE
Homo_sapiens,Frontal.motor.Gray,29.01,Smaers_etal_2017_TableS1part1,Smaers_etal_2017_TableS1part1,FrontalMotor_grey_matter_Vol.mm3,29013,2017,metadata_tables,1,near_perfect,0.010340192327577684,0.001,0,/Users/crossmodal/Library/CloudStorage/OneDrive-AllenInstitute/Species/Evo-M1-Trait-Data/Smaers_etal_2017/Smaers_etal_2017_TableS1part1.csv,,,Species=Homo sapiens; Variable=FrontalMotor_grey_matter_Vol.mm3; key_rule=crosswalk_exact,TRUE
Homo_sapiens,Frontal.motor,29.76,Smaers_etal_2017_TableS1part1,Smaers_etal_2017_TableS1part1,FrontalMotor_white_matter_Vol.mm3,29755,2017,metadata_tables,1,near_perfect,0.016801075268825797,0.001,0,/Users/crossmodal/Library/CloudStorage/OneDrive-AllenInstitute/Species/Evo-M1-Trait-Data/Smaers_etal_2017/Smaers_etal_2017_TableS1part1.csv,,,Species=Homo sapiens; Variable=FrontalMotor_white_matter_Vol.mm3; key_rule=crosswalk_exact,TRUE
Homo_sapiens,Primary.visual.White.Smaers,5.44,Smaers_etal_2017_TableS1part1,Smaers_etal_2017_TableS1part1,Area_striata_white_matter_Vol.mm3,5439,2017,metadata_tables,1,near_perfect,0.01838235294118261,0.001,0,/Users/crossmodal/Library/CloudStorage/OneDrive-AllenInstitute/Species/Evo-M1-Trait-Data/Smaers_etal_2017/Smaers_etal_2017_TableS1part1.csv,,,Species=Homo sapiens; Variable=Area_striata_white_matter_Vol.mm3; key_rule=crosswalk_exact,TRUE
Homo_sapiens,Primary.visual.White.Smaers,5.44,Frahm_etal_1984_Table1,Frahm_etal_1984_Table1,Area_striata_white_matter_Vol.mm3,5439,1984,evom1_all_volume_tables,3,near_perfect,0.01838235294118261,0.001,0,/Users/crossmodal/Library/CloudStorage/OneDrive-AllenInstitute/Species/Evo-M1-Trait-Data/__merging_volumes/volumes_unfiltered.csv,,,Species=Homo sapiens; Variable=Area_striata_white_matter_Vol.mm3; key_rule=crosswalk_exact,TRUE
Homo_sapiens,Prefrontal.Gray,46.32,Smaers_etal_2017_TableS1part1,Smaers_etal_2017_TableS1part1,PrefrontalCortex_grey_matter_Vol.mm3,46323,2017,metadata_tables,1,near_perfect,0.006476264490642043,0.001,0,/Users/crossmodal/Library/CloudStorage/OneDrive-AllenInstitute/Species/Evo-M1-Trait-Data/Smaers_etal_2017/Smaers_etal_2017_TableS1part1.csv,,,Species=Homo sapiens; Variable=PrefrontalCortex_grey_matter_Vol.mm3; key_rule=crosswalk_exact,TRUE
Homo_sapiens,Prefrontal.Gray,46.32,Smaers_etal_2011_SupplementaryTable2,Smaers_etal_2011_SupplementaryTable2,PrefrontalCortex_grey_matter_Vol.mm3,46323.75,2011,evom1_all_volume_tables,3,near_perfect,0.0080951995466768,0.001,0,/Users/crossmodal/Library/CloudStorage/OneDrive-AllenInstitute/Species/Evo-M1-Trait-Data/__merging_volumes/volumes_unfiltered.csv,,,Species=Homo sapiens; Variable=PrefrontalCortex_grey_matter_Vol.mm3; key_rule=crosswalk_exact,TRUE
Homo_sapiens,Prefrontal.White,28.14,Smaers_etal_2017_TableS1part1,Smaers_etal_2017_TableS1part1,PrefrontalCortex_white_matter_Vol.mm3,28135,2017,metadata_tables,1,near_perfect,0.01776830135038737,0.001,0,/Users/crossmodal/Library/CloudStorage/OneDrive-AllenInstitute/Species/Evo-M1-Trait-Data/Smaers_etal_2017/Smaers_etal_2017_TableS1part1.csv,,,Species=Homo sapiens; Variable=PrefrontalCortex_white_matter_Vol.mm3; key_rule=crosswalk_exact,TRUE
Homo_sapiens,Prefrontal.White,28.14,Smaers_etal_2011_SupplementaryTable2,Smaers_etal_2011_SupplementaryTable2,PrefrontalCortex_white_matter_Vol.mm3,28136.25,2011,evom1_all_volume_tables,3,near_perfect,0.013326226012793681,0.001,0,/Users/crossmodal/Library/CloudStorage/OneDrive-AllenInstitute/Species/Evo-M1-Trait-Data/__merging_volumes/volumes_unfiltered.csv,,,Species=Homo sapiens; Variable=PrefrontalCortex_white_matter_Vol.mm3; key_rule=crosswalk_exact,TRUE
Homo_sapiens,Other.cortical.association.areas.Gray,271.89,Smaers_etal_2017_TableS1part1,Smaers_etal_2017_TableS1part1,AssociationCortex_grey_matter_Vol.mm3,271891,2017,metadata_tables,1,near_perfect,3.677944470516481e-4,0.001,0,/Users/crossmodal/Library/CloudStorage/OneDrive-AllenInstitute/Species/Evo-M1-Trait-Data/Smaers_etal_2017/Smaers_etal_2017_TableS1part1.csv,,,Species=Homo sapiens; Variable=AssociationCortex_grey_matter_Vol.mm3; key_rule=crosswalk_exact,TRUE
Homo_sapiens,Other.cortical.association.areas.White,258.22,Smaers_etal_2017_TableS1part1,Smaers_etal_2017_TableS1part1,AssociationCortex_white_matter_Vol.mm3,258218.00000000003,2017,metadata_tables,1,near_perfect,7.745333436641428e-4,0.001,0,/Users/crossmodal/Library/CloudStorage/OneDrive-AllenInstitute/Species/Evo-M1-Trait-Data/Smaers_etal_2017/Smaers_etal_2017_TableS1part1.csv,,,Species=Homo sapiens; Variable=AssociationCortex_white_matter_Vol.mm3; key_rule=crosswalk_exact,TRUE
Hylobates_lar,ASG_Sousa,4086.7,deSousa_etal_2010_SupTable2,deSousa_etal_2010_SupTable2,Area_striata_grey_matter_Vol.mm3,4100,2010,metadata_tables,1,near_perfect,0.3243902439024435,1,0,/Users/crossmodal/Library/CloudStorage/OneDrive-AllenInstitute/Species/Evo-M1-Trait-Data/deSousa_etal_2010/deSousa_etal_2010_SupTable2.csv,,,Species=Hylobates lar; Variable=Area_striata_grey_matter_Vol.mm3; key_rule=crosswalk_exact,TRUE
Hylobates_lar,Frontal.motor.Gray,2.74,Smaers_etal_2017_TableS1part1,Smaers_etal_2017_TableS1part1,FrontalMotor_grey_matter_Vol.mm3,2744,2017,metadata_tables,1,near_perfect,0.1457725947521867,0.001,0,/Users/crossmodal/Library/CloudStorage/OneDrive-AllenInstitute/Species/Evo-M1-Trait-Data/Smaers_etal_2017/Smaers_etal_2017_TableS1part1.csv,,,Species=Hylobates lar; Variable=FrontalMotor_grey_matter_Vol.mm3; key_rule=crosswalk_exact,TRUE
Hylobates_lar,Frontal.motor,1.74,Smaers_etal_2017_TableS1part1,Smaers_etal_2017_TableS1part1,FrontalMotor_white_matter_Vol.mm3,1743,2017,metadata_tables,1,near_perfect,0.17211703958692562,0.001,0,/Users/crossmodal/Library/CloudStorage/OneDrive-AllenInstitute/Species/Evo-M1-Trait-Data/Smaers_etal_2017/Smaers_etal_2017_TableS1part1.csv,,,Species=Hylobates lar; Variable=FrontalMotor_white_matter_Vol.mm3; key_rule=crosswalk_exact,TRUE
Hylobates_lar,Primary.visual.White.Smaers,1.18,Smaers_etal_2017_TableS1part1,Smaers_etal_2017_TableS1part1,Area_striata_white_matter_Vol.mm3,1176,2017,metadata_tables,1,near_perfect,0.33898305084745795,0.001,0,/Users/crossmodal/Library/CloudStorage/OneDrive-AllenInstitute/Species/Evo-M1-Trait-Data/Smaers_etal_2017/Smaers_etal_2017_TableS1part1.csv,,,Species=Hylobates lar; Variable=Area_striata_white_matter_Vol.mm3; key_rule=crosswalk_exact,TRUE
Hylobates_lar,Primary.visual.White.Smaers,1.18,Frahm_etal_1984_Table1,Frahm_etal_1984_Table1,Area_striata_white_matter_Vol.mm3,1176,1984,evom1_all_volume_tables,3,near_perfect,0.33898305084745795,0.001,0,/Users/crossmodal/Library/CloudStorage/OneDrive-AllenInstitute/Species/Evo-M1-Trait-Data/__merging_volumes/volumes_unfiltered.csv,,,Species=Hylobates lar; Variable=Area_striata_white_matter_Vol.mm3; key_rule=crosswalk_exact,TRUE
Hylobates_lar,Prefrontal.Gray,2.59,Smaers_etal_2017_TableS1part1,Smaers_etal_2017_TableS1part1,PrefrontalCortex_grey_matter_Vol.mm3,2588,2017,metadata_tables,1,near_perfect,0.07722007722006873,0.001,0,/Users/crossmodal/Library/CloudStorage/OneDrive-AllenInstitute/Species/Evo-M1-Trait-Data/Smaers_etal_2017/Smaers_etal_2017_TableS1part1.csv,,,Species=Hylobates lar; Variable=PrefrontalCortex_grey_matter_Vol.mm3; key_rule=crosswalk_exact,TRUE
Hylobates_lar,Prefrontal.Gray,2.59,Smaers_etal_2011_SupplementaryTable2,Smaers_etal_2011_SupplementaryTable2,PrefrontalCortex_grey_matter_Vol.mm3,2580,2011,evom1_all_volume_tables,3,near_perfect,0.3861003861003779,0.001,0,/Users/crossmodal/Library/CloudStorage/OneDrive-AllenInstitute/Species/Evo-M1-Trait-Data/__merging_volumes/volumes_unfiltered.csv,,,Species=Hylobates lar; Variable=PrefrontalCortex_grey_matter_Vol.mm3; key_rule=crosswalk_exact,TRUE
Hylobates_lar,Prefrontal.White,0.51,Smaers_etal_2017_TableS1part1,Smaers_etal_2017_TableS1part1,PrefrontalCortex_white_matter_Vol.mm3,510,2017,metadata_tables,1,near_perfect,0,0.001,0,/Users/crossmodal/Library/CloudStorage/OneDrive-AllenInstitute/Species/Evo-M1-Trait-Data/Smaers_etal_2017/Smaers_etal_2017_TableS1part1.csv,,,Species=Hylobates lar; Variable=PrefrontalCortex_white_matter_Vol.mm3; key_rule=crosswalk_exact,TRUE
Hylobates_lar,Prefrontal.White,0.51,Smaers_etal_2011_SupplementaryTable2,Smaers_etal_2011_SupplementaryTable2,PrefrontalCortex_white_matter_Vol.mm3,510,2011,evom1_all_volume_tables,3,near_perfect,0,0.001,0,/Users/crossmodal/Library/CloudStorage/OneDrive-AllenInstitute/Species/Evo-M1-Trait-Data/__merging_volumes/volumes_unfiltered.csv,,,Species=Hylobates lar; Variable=PrefrontalCortex_white_matter_Vol.mm3; key_rule=crosswalk_exact,TRUE
Hylobates_lar,Other.cortical.association.areas.Gray,28.42,Smaers_etal_2017_TableS1part1,Smaers_etal_2017_TableS1part1,AssociationCortex_grey_matter_Vol.mm3,28424,2017,metadata_tables,1,near_perfect,0.01407261469180194,0.001,0,/Users/crossmodal/Library/CloudStorage/OneDrive-AllenInstitute/Species/Evo-M1-Trait-Data/Smaers_etal_2017/Smaers_etal_2017_TableS1part1.csv,,,Species=Hylobates lar; Variable=AssociationCortex_grey_matter_Vol.mm3; key_rule=crosswalk_exact,TRUE
Hylobates_lar,Other.cortical.association.areas.White,12.92,Smaers_etal_2017_TableS1part1,Smaers_etal_2017_TableS1part1,AssociationCortex_white_matter_Vol.mm3,12915,2017,metadata_tables,1,near_perfect,0.03869969040246908,0.001,0,/Users/crossmodal/Library/CloudStorage/OneDrive-AllenInstitute/Species/Evo-M1-Trait-Data/Smaers_etal_2017/Smaers_etal_2017_TableS1part1.csv,,,Species=Hylobates lar; Variable=AssociationCortex_white_matter_Vol.mm3; key_rule=crosswalk_exact,TRUE
Indri_indri,LGN_Sousa,94.5,deSousa_etal_2010_SupTable2,deSousa_etal_2010_SupTable2,Corpus_geniculatum_laterale_Vol.mm3,95,2010,metadata_tables,1,near_perfect,0.5263157894736842,1,0,/Users/crossmodal/Library/CloudStorage/OneDrive-AllenInstitute/Species/Evo-M1-Trait-Data/deSousa_etal_2010/deSousa_etal_2010_SupTable2.csv,,,Species=Indri indri; Variable=Corpus_geniculatum_laterale_Vol.mm3; key_rule=crosswalk_exact,TRUE
Indri_indri,LGN_Sousa,94.5,Frahm_etal_1998_Table1,Frahm_etal_1998_Table1,Corpus_geniculatum_laterale_Vol.mm3,94.5,1998,evom1_all_volume_tables,3,near_perfect,0,1,0,/Users/crossmodal/Library/CloudStorage/OneDrive-AllenInstitute/Species/Evo-M1-Trait-Data/__merging_volumes/volumes_unfiltered.csv,,,Species=Indri indri; Variable=Corpus_geniculatum_laterale_Vol.mm3; key_rule=crosswalk_exact,TRUE
Indri_indri,LGN_Sousa,94.5,Stephan_etal_1984_Table1,Stephan_etal_1984_Table1,Corpus_geniculatum_laterale_Vol.mm3,94.5,1984,evom1_all_volume_tables,3,near_perfect,0,1,0,/Users/crossmodal/Library/CloudStorage/OneDrive-AllenInstitute/Species/Evo-M1-Trait-Data/__merging_volumes/volumes_unfiltered.csv,,,Species=Indri indri; Variable=Corpus_geniculatum_laterale_Vol.mm3; key_rule=crosswalk_exact,TRUE
Indri_indri,ASG_Sousa,1648,deSousa_etal_2010_SupTable2,deSousa_etal_2010_SupTable2,Area_striata_grey_matter_Vol.mm3,1600,2010,metadata_tables,1,close_same_structure,2.912621359223301,1,0,/Users/crossmodal/Library/CloudStorage/OneDrive-AllenInstitute/Species/Evo-M1-Trait-Data/deSousa_etal_2010/deSousa_etal_2010_SupTable2.csv,,,Species=Indri indri; Variable=Area_striata_grey_matter_Vol.mm3; key_rule=crosswalk_exact,TRUE
Indri_indri,ASG_Sousa,1648,Frahm_etal_1998_Table1,Frahm_etal_1998_Table1,Area_striata_grey_matter_Vol.mm3,1648,1998,evom1_all_volume_tables,3,near_perfect,0,1,0,/Users/crossmodal/Library/CloudStorage/OneDrive-AllenInstitute/Species/Evo-M1-Trait-Data/__merging_volumes/volumes_unfiltered.csv,,,Species=Indri indri; Variable=Area_striata_grey_matter_Vol.mm3; key_rule=crosswalk_exact,TRUE
Indri_indri,ASG_Sousa,1648,Frahm_etal_1984_Table1,Frahm_etal_1984_Table1,Area_striata_grey_matter_Vol.mm3,1648,1984,evom1_all_volume_tables,3,near_perfect,0,1,0,/Users/crossmodal/Library/CloudStorage/OneDrive-AllenInstitute/Species/Evo-M1-Trait-Data/__merging_volumes/volumes_unfiltered.csv,,,Species=Indri indri; Variable=Area_striata_grey_matter_Vol.mm3; key_rule=crosswalk_exact,TRUE
Lophocebus_albigena,ASG_Sousa,5420,deSousa_etal_2010_SupTable2,deSousa_etal_2010_SupTable2,Area_striata_grey_matter_Vol.mm3,5400,2010,metadata_tables,1,near_perfect,0.36900369003690037,1,0,/Users/crossmodal/Library/CloudStorage/OneDrive-AllenInstitute/Species/Evo-M1-Trait-Data/deSousa_etal_2010/deSousa_etal_2010_SupTable2.csv,,,Species=Lophocebus albigena; Variable=Area_striata_grey_matter_Vol.mm3; key_rule=crosswalk_exact,TRUE
Lophocebus_albigena,ASG_Sousa,5420,Smaers_etal_2017_TableS1part1,Smaers_etal_2017_TableS1part1,Area_striata_grey_matter_Vol.mm3,5420,2017,evom1_all_volume_tables,3,near_perfect,0,1,0,/Users/crossmodal/Library/CloudStorage/OneDrive-AllenInstitute/Species/Evo-M1-Trait-Data/Smaers_etal_2017/Smaers_etal_2017_TableS1part1.csv,,,Species=Lophocebus albigena; Variable=Area_striata_grey_matter_Vol.mm3; key_rule=crosswalk_exact,TRUE
Lophocebus_albigena,ASG_Sousa,5420,Frahm_etal_1998_Table1,Frahm_etal_1998_Table1,Area_striata_grey_matter_Vol.mm3,5420,1998,evom1_all_volume_tables,3,near_perfect,0,1,0,/Users/crossmodal/Library/CloudStorage/OneDrive-AllenInstitute/Species/Evo-M1-Trait-Data/__merging_volumes/volumes_unfiltered.csv,,,Species=Lophocebus albigena; Variable=Area_striata_grey_matter_Vol.mm3; key_rule=crosswalk_exact,TRUE
Lophocebus_albigena,ASG_Sousa,5420,Frahm_etal_1984_Table1,Frahm_etal_1984_Table1,Area_striata_grey_matter_Vol.mm3,5420,1984,evom1_all_volume_tables,3,near_perfect,0,1,0,/Users/crossmodal/Library/CloudStorage/OneDrive-AllenInstitute/Species/Evo-M1-Trait-Data/__merging_volumes/volumes_unfiltered.csv,,,Species=Lophocebus albigena; Variable=Area_striata_grey_matter_Vol.mm3; key_rule=crosswalk_exact,TRUE
Lophocebus_albigena,Frontal.motor.Gray,3.93,Smaers_etal_2017_TableS1part1,Smaers_etal_2017_TableS1part1,FrontalMotor_grey_matter_Vol.mm3,3926,2017,metadata_tables,1,near_perfect,0.10178117048346065,0.001,0,/Users/crossmodal/Library/CloudStorage/OneDrive-AllenInstitute/Species/Evo-M1-Trait-Data/Smaers_etal_2017/Smaers_etal_2017_TableS1part1.csv,,,Species=Lophocebus albigena; Variable=FrontalMotor_grey_matter_Vol.mm3; key_rule=crosswalk_exact,TRUE
Lophocebus_albigena,Frontal.motor,3.06,Smaers_etal_2017_TableS1part1,Smaers_etal_2017_TableS1part1,FrontalMotor_white_matter_Vol.mm3,3063,2017,metadata_tables,1,near_perfect,0.09794319294809381,0.001,0,/Users/crossmodal/Library/CloudStorage/OneDrive-AllenInstitute/Species/Evo-M1-Trait-Data/Smaers_etal_2017/Smaers_etal_2017_TableS1part1.csv,,,Species=Lophocebus albigena; Variable=FrontalMotor_white_matter_Vol.mm3; key_rule=crosswalk_exact,TRUE
Lophocebus_albigena,Primary.visual.White.Smaers,1.41,Smaers_etal_2017_TableS1part1,Smaers_etal_2017_TableS1part1,Area_striata_white_matter_Vol.mm3,1411,2017,metadata_tables,1,near_perfect,0.07087172218285698,0.001,0,/Users/crossmodal/Library/CloudStorage/OneDrive-AllenInstitute/Species/Evo-M1-Trait-Data/Smaers_etal_2017/Smaers_etal_2017_TableS1part1.csv,,,Species=Lophocebus albigena; Variable=Area_striata_white_matter_Vol.mm3; key_rule=crosswalk_exact,TRUE
Lophocebus_albigena,Primary.visual.White.Smaers,1.41,Frahm_etal_1984_Table1,Frahm_etal_1984_Table1,Area_striata_white_matter_Vol.mm3,1411,1984,evom1_all_volume_tables,3,near_perfect,0.07087172218285698,0.001,0,/Users/crossmodal/Library/CloudStorage/OneDrive-AllenInstitute/Species/Evo-M1-Trait-Data/__merging_volumes/volumes_unfiltered.csv,,,Species=Lophocebus albigena; Variable=Area_striata_white_matter_Vol.mm3; key_rule=crosswalk_exact,TRUE
Lophocebus_albigena,Prefrontal.Gray,2.31,Smaers_etal_2017_TableS1part1,Smaers_etal_2017_TableS1part1,PrefrontalCortex_grey_matter_Vol.mm3,2311,2017,metadata_tables,1,near_perfect,0.043271311120722196,0.001,0,/Users/crossmodal/Library/CloudStorage/OneDrive-AllenInstitute/Species/Evo-M1-Trait-Data/Smaers_etal_2017/Smaers_etal_2017_TableS1part1.csv,,,Species=Lophocebus albigena; Variable=PrefrontalCortex_grey_matter_Vol.mm3; key_rule=crosswalk_exact,TRUE
Lophocebus_albigena,Prefrontal.Gray,2.31,Smaers_etal_2011_SupplementaryTable2,Smaers_etal_2011_SupplementaryTable2,PrefrontalCortex_grey_matter_Vol.mm3,2310,2011,evom1_all_volume_tables,3,near_perfect,0,0.001,0,/Users/crossmodal/Library/CloudStorage/OneDrive-AllenInstitute/Species/Evo-M1-Trait-Data/__merging_volumes/volumes_unfiltered.csv,,,Species=Lophocebus albigena; Variable=PrefrontalCortex_grey_matter_Vol.mm3; key_rule=crosswalk_exact,TRUE
Lophocebus_albigena,Prefrontal.White,0.42,Smaers_etal_2017_TableS1part1,Smaers_etal_2017_TableS1part1,PrefrontalCortex_white_matter_Vol.mm3,424,2017,metadata_tables,1,near_perfect,0.9433962264150952,0.001,0,/Users/crossmodal/Library/CloudStorage/OneDrive-AllenInstitute/Species/Evo-M1-Trait-Data/Smaers_etal_2017/Smaers_etal_2017_TableS1part1.csv,,,Species=Lophocebus albigena; Variable=PrefrontalCortex_white_matter_Vol.mm3; key_rule=crosswalk_exact,TRUE
Lophocebus_albigena,Prefrontal.White,0.42,Smaers_etal_2011_SupplementaryTable2,Smaers_etal_2011_SupplementaryTable2,PrefrontalCortex_white_matter_Vol.mm3,430,2011,evom1_all_volume_tables,3,close_same_structure,2.325581395348839,0.001,0,/Users/crossmodal/Library/CloudStorage/OneDrive-AllenInstitute/Species/Evo-M1-Trait-Data/__merging_volumes/volumes_unfiltered.csv,,,Species=Lophocebus albigena; Variable=PrefrontalCortex_white_matter_Vol.mm3; key_rule=crosswalk_exact,TRUE
Lophocebus_albigena,Other.cortical.association.areas.Gray,29.1,Smaers_etal_2017_TableS1part1,Smaers_etal_2017_TableS1part1,AssociationCortex_grey_matter_Vol.mm3,29102,2017,metadata_tables,1,near_perfect,0.006872379905157348,0.001,0,/Users/crossmodal/Library/CloudStorage/OneDrive-AllenInstitute/Species/Evo-M1-Trait-Data/Smaers_etal_2017/Smaers_etal_2017_TableS1part1.csv,,,Species=Lophocebus albigena; Variable=AssociationCortex_grey_matter_Vol.mm3; key_rule=crosswalk_exact,TRUE
Lophocebus_albigena,Other.cortical.association.areas.White,17.09,Smaers_etal_2017_TableS1part1,Smaers_etal_2017_TableS1part1,AssociationCortex_white_matter_Vol.mm3,17092,2017,metadata_tables,1,near_perfect,0.011701380762923541,0.001,0,/Users/crossmodal/Library/CloudStorage/OneDrive-AllenInstitute/Species/Evo-M1-Trait-Data/Smaers_etal_2017/Smaers_etal_2017_TableS1part1.csv,,,Species=Lophocebus albigena; Variable=AssociationCortex_white_matter_Vol.mm3; key_rule=crosswalk_exact,TRUE
Loris_tardigradus,LGN_Sousa,24.6,deSousa_etal_2010_SupTable2,deSousa_etal_2010_SupTable2,Corpus_geniculatum_laterale_Vol.mm3,25,2010,metadata_tables,1,close_same_structure,1.5999999999999943,1,0,/Users/crossmodal/Library/CloudStorage/OneDrive-AllenInstitute/Species/Evo-M1-Trait-Data/deSousa_etal_2010/deSousa_etal_2010_SupTable2.csv,,,Species=Loris tardigradus; Variable=Corpus_geniculatum_laterale_Vol.mm3; key_rule=crosswalk_exact,TRUE
Loris_tardigradus,LGN_Sousa,24.6,Frahm_etal_1998_Table1,Frahm_etal_1998_Table1,Corpus_geniculatum_laterale_Vol.mm3,24.6,1998,evom1_all_volume_tables,3,near_perfect,0,1,0,/Users/crossmodal/Library/CloudStorage/OneDrive-AllenInstitute/Species/Evo-M1-Trait-Data/__merging_volumes/volumes_unfiltered.csv,,,Species=Loris tardigradus; Variable=Corpus_geniculatum_laterale_Vol.mm3; key_rule=crosswalk_exact,TRUE
Loris_tardigradus,LGN_Sousa,24.6,Stephan_etal_1984_Table1,Stephan_etal_1984_Table1,Corpus_geniculatum_laterale_Vol.mm3,24.6,1984,evom1_all_volume_tables,3,near_perfect,0,1,0,/Users/crossmodal/Library/CloudStorage/OneDrive-AllenInstitute/Species/Evo-M1-Trait-Data/__merging_volumes/volumes_unfiltered.csv,,,Species=Loris tardigradus; Variable=Corpus_geniculatum_laterale_Vol.mm3; key_rule=crosswalk_exact,TRUE
Loris_tardigradus,LGN_Sousa,24.6,Stephan_etal_1981_TableIX,Stephan_etal_1981_TableIX,Corpus_geniculatum_laterale_Vol.mm3,24.6,1981,evom1_all_volume_tables,3,near_perfect,0,1,0,/Users/crossmodal/Library/CloudStorage/OneDrive-AllenInstitute/Species/Evo-M1-Trait-Data/__merging_volumes/volumes_unfiltered.csv,,,Species=Loris tardigradus; Variable=Corpus_geniculatum_laterale_Vol.mm3; key_rule=crosswalk_exact,TRUE
Loris_tardigradus,ASG_Sousa,529,Frahm_etal_1998_Table1,Frahm_etal_1998_Table1,Area_striata_grey_matter_Vol.mm3,529,1998,evom1_all_volume_tables,3,near_perfect,0,1,0,/Users/crossmodal/Library/CloudStorage/OneDrive-AllenInstitute/Species/Evo-M1-Trait-Data/__merging_volumes/volumes_unfiltered.csv,,,Species=Loris tardigradus; Variable=Area_striata_grey_matter_Vol.mm3; key_rule=crosswalk_exact,TRUE
Loris_tardigradus,ASG_Sousa,529,Frahm_etal_1984_Table1,Frahm_etal_1984_Table1,Area_striata_grey_matter_Vol.mm3,529,1984,evom1_all_volume_tables,3,near_perfect,0,1,0,/Users/crossmodal/Library/CloudStorage/OneDrive-AllenInstitute/Species/Evo-M1-Trait-Data/__merging_volumes/volumes_unfiltered.csv,,,Species=Loris tardigradus; Variable=Area_striata_grey_matter_Vol.mm3; key_rule=crosswalk_exact,TRUE
Pan_paniscus,LGN_Sousa,275.1,deSousa_etal_2013_Table1,deSousa_etal_2013_Table1,Corpus_geniculatum_laterale_Vol.mm3,282.3,2013,metadata_tables,1,close_same_structure,2.5504782146652456,1,15,/Users/crossmodal/Library/CloudStorage/OneDrive-AllenInstitute/Species/Evo-M1-Trait-Data/__merging_volumes/volumes_unfiltered.csv,,,Species=Pan paniscus; Variable=Corpus_geniculatum_laterale_Vol.mm3; key_rule=crosswalk_exact,TRUE
Pan_paniscus,LGN_Sousa,275.1,deSousa_etal_2010_SupTable2,deSousa_etal_2010_SupTable2,Corpus_geniculatum_laterale_Vol.mm3,275,2010,metadata_tables,1,near_perfect,0.036350418029815604,1,0,/Users/crossmodal/Library/CloudStorage/OneDrive-AllenInstitute/Species/Evo-M1-Trait-Data/deSousa_etal_2010/deSousa_etal_2010_SupTable2.csv,,,Species=Pan paniscus; Variable=Corpus_geniculatum_laterale_Vol.mm3; key_rule=crosswalk_exact,TRUE
Pan_paniscus,ASG_Sousa,11606.5,deSousa_etal_2010_SupTable2,deSousa_etal_2010_SupTable2,Area_striata_grey_matter_Vol.mm3,11600,2010,metadata_tables,1,near_perfect,0.05600310171024857,1,0,/Users/crossmodal/Library/CloudStorage/OneDrive-AllenInstitute/Species/Evo-M1-Trait-Data/deSousa_etal_2010/deSousa_etal_2010_SupTable2.csv,,,Species=Pan paniscus; Variable=Area_striata_grey_matter_Vol.mm3; key_rule=crosswalk_exact,TRUE
Pan_paniscus,Frontal.motor.Gray,8.36,Smaers_etal_2017_TableS1part1,Smaers_etal_2017_TableS1part1,FrontalMotor_grey_matter_Vol.mm3,8356,2017,metadata_tables,1,near_perfect,0.04784688995214784,0.001,0,/Users/crossmodal/Library/CloudStorage/OneDrive-AllenInstitute/Species/Evo-M1-Trait-Data/Smaers_etal_2017/Smaers_etal_2017_TableS1part1.csv,,,Species=Pan paniscus; Variable=FrontalMotor_grey_matter_Vol.mm3; key_rule=crosswalk_exact,TRUE
Pan_paniscus,Frontal.motor,5.24,Smaers_etal_2017_TableS1part1,Smaers_etal_2017_TableS1part1,FrontalMotor_white_matter_Vol.mm3,5243,2017,metadata_tables,1,near_perfect,0.05721914934198195,0.001,0,/Users/crossmodal/Library/CloudStorage/OneDrive-AllenInstitute/Species/Evo-M1-Trait-Data/Smaers_etal_2017/Smaers_etal_2017_TableS1part1.csv,,,Species=Pan paniscus; Variable=FrontalMotor_white_matter_Vol.mm3; key_rule=crosswalk_exact,TRUE
Pan_paniscus,Prefrontal.Gray,7.96,Smaers_etal_2017_TableS1part1,Smaers_etal_2017_TableS1part1,PrefrontalCortex_grey_matter_Vol.mm3,7956,2017,metadata_tables,1,near_perfect,0.0502512562814015,0.001,0,/Users/crossmodal/Library/CloudStorage/OneDrive-AllenInstitute/Species/Evo-M1-Trait-Data/Smaers_etal_2017/Smaers_etal_2017_TableS1part1.csv,,,Species=Pan paniscus; Variable=PrefrontalCortex_grey_matter_Vol.mm3; key_rule=crosswalk_exact,TRUE
Pan_paniscus,Prefrontal.Gray,7.96,Smaers_etal_2011_SupplementaryTable2,Smaers_etal_2011_SupplementaryTable2,PrefrontalCortex_grey_matter_Vol.mm3,7950,2011,evom1_all_volume_tables,3,near_perfect,0.1256281407035149,0.001,0,/Users/crossmodal/Library/CloudStorage/OneDrive-AllenInstitute/Species/Evo-M1-Trait-Data/__merging_volumes/volumes_unfiltered.csv,,,Species=Pan paniscus; Variable=PrefrontalCortex_grey_matter_Vol.mm3; key_rule=crosswalk_exact,TRUE
Pan_paniscus,Prefrontal.White,2.06,Smaers_etal_2017_TableS1part1,Smaers_etal_2017_TableS1part1,PrefrontalCortex_white_matter_Vol.mm3,2056,2017,metadata_tables,1,near_perfect,0.19417475728155356,0.001,0,/Users/crossmodal/Library/CloudStorage/OneDrive-AllenInstitute/Species/Evo-M1-Trait-Data/Smaers_etal_2017/Smaers_etal_2017_TableS1part1.csv,,,Species=Pan paniscus; Variable=PrefrontalCortex_white_matter_Vol.mm3; key_rule=crosswalk_exact,TRUE
Pan_paniscus,Prefrontal.White,2.06,Smaers_etal_2011_SupplementaryTable2,Smaers_etal_2011_SupplementaryTable2,PrefrontalCortex_white_matter_Vol.mm3,2050,2011,evom1_all_volume_tables,3,near_perfect,0.4854368932038947,0.001,0,/Users/crossmodal/Library/CloudStorage/OneDrive-AllenInstitute/Species/Evo-M1-Trait-Data/__merging_volumes/volumes_unfiltered.csv,,,Species=Pan paniscus; Variable=PrefrontalCortex_white_matter_Vol.mm3; key_rule=crosswalk_exact,TRUE
Pan_troglodytes,LGN_Sousa,250.7,deSousa_etal_2010_SupTable2,deSousa_etal_2010_SupTable2,Corpus_geniculatum_laterale_Vol.mm3,251,2010,metadata_tables,1,near_perfect,0.11952191235060214,1,0,/Users/crossmodal/Library/CloudStorage/OneDrive-AllenInstitute/Species/Evo-M1-Trait-Data/deSousa_etal_2010/deSousa_etal_2010_SupTable2.csv,,,Species=Pan troglodytes; Variable=Corpus_geniculatum_laterale_Vol.mm3; key_rule=crosswalk_exact,TRUE
Pan_troglodytes,ASG_Sousa,8268.3,deSousa_etal_2010_SupTable2,deSousa_etal_2010_SupTable2,Area_striata_grey_matter_Vol.mm3,8300,2010,metadata_tables,1,near_perfect,0.3819277108433823,1,0,/Users/crossmodal/Library/CloudStorage/OneDrive-AllenInstitute/Species/Evo-M1-Trait-Data/deSousa_etal_2010/deSousa_etal_2010_SupTable2.csv,,,Species=Pan troglodytes; Variable=Area_striata_grey_matter_Vol.mm3; key_rule=crosswalk_exact,TRUE
Pan_troglodytes,Frontal.motor.Gray,13.41,Smaers_etal_2017_TableS1part1,Smaers_etal_2017_TableS1part1,FrontalMotor_grey_matter_Vol.mm3,13407,2017,metadata_tables,1,near_perfect,0.022371364653244696,0.001,0,/Users/crossmodal/Library/CloudStorage/OneDrive-AllenInstitute/Species/Evo-M1-Trait-Data/Smaers_etal_2017/Smaers_etal_2017_TableS1part1.csv,,,Species=Pan troglodytes; Variable=FrontalMotor_grey_matter_Vol.mm3; key_rule=crosswalk_exact,TRUE
Pan_troglodytes,Frontal.motor,12.78,Smaers_etal_2017_TableS1part1,Smaers_etal_2017_TableS1part1,FrontalMotor_white_matter_Vol.mm3,12780,2017,metadata_tables,1,near_perfect,1.3899505785604462e-14,0.001,0,/Users/crossmodal/Library/CloudStorage/OneDrive-AllenInstitute/Species/Evo-M1-Trait-Data/Smaers_etal_2017/Smaers_etal_2017_TableS1part1.csv,,,Species=Pan troglodytes; Variable=FrontalMotor_white_matter_Vol.mm3; key_rule=crosswalk_exact,TRUE
Pan_troglodytes,Primary.visual.White.Smaers,4,Smaers_etal_2017_TableS1part1,Smaers_etal_2017_TableS1part1,Area_striata_white_matter_Vol.mm3,4003.9999999999995,2017,metadata_tables,1,near_perfect,0.09990009990008891,0.001,0,/Users/crossmodal/Library/CloudStorage/OneDrive-AllenInstitute/Species/Evo-M1-Trait-Data/Smaers_etal_2017/Smaers_etal_2017_TableS1part1.csv,,,Species=Pan troglodytes; Variable=Area_striata_white_matter_Vol.mm3; key_rule=crosswalk_exact,TRUE
Pan_troglodytes,Primary.visual.White.Smaers,4,Frahm_etal_1984_Table1,Frahm_etal_1984_Table1,Area_striata_white_matter_Vol.mm3,4004,1984,evom1_all_volume_tables,3,near_perfect,0.09990009990011108,0.001,0,/Users/crossmodal/Library/CloudStorage/OneDrive-AllenInstitute/Species/Evo-M1-Trait-Data/__merging_volumes/volumes_unfiltered.csv,,,Species=Pan troglodytes; Variable=Area_striata_white_matter_Vol.mm3; key_rule=crosswalk_exact,TRUE
Pan_troglodytes,Prefrontal.Gray,14.21,Smaers_etal_2017_TableS1part1,Smaers_etal_2017_TableS1part1,PrefrontalCortex_grey_matter_Vol.mm3,14209,2017,metadata_tables,1,near_perfect,0.007037297677700367,0.001,0,/Users/crossmodal/Library/CloudStorage/OneDrive-AllenInstitute/Species/Evo-M1-Trait-Data/Smaers_etal_2017/Smaers_etal_2017_TableS1part1.csv,,,Species=Pan troglodytes; Variable=PrefrontalCortex_grey_matter_Vol.mm3; key_rule=crosswalk_exact,TRUE
Pan_troglodytes,Prefrontal.Gray,14.21,Smaers_etal_2011_SupplementaryTable2,Smaers_etal_2011_SupplementaryTable2,PrefrontalCortex_grey_matter_Vol.mm3,14210,2011,evom1_all_volume_tables,3,near_perfect,0,0.001,0,/Users/crossmodal/Library/CloudStorage/OneDrive-AllenInstitute/Species/Evo-M1-Trait-Data/__merging_volumes/volumes_unfiltered.csv,,,Species=Pan troglodytes; Variable=PrefrontalCortex_grey_matter_Vol.mm3; key_rule=crosswalk_exact,TRUE
Pan_troglodytes,Prefrontal.White,4.61,Smaers_etal_2017_TableS1part1,Smaers_etal_2017_TableS1part1,PrefrontalCortex_white_matter_Vol.mm3,4607,2017,metadata_tables,1,near_perfect,0.06507592190889618,0.001,0,/Users/crossmodal/Library/CloudStorage/OneDrive-AllenInstitute/Species/Evo-M1-Trait-Data/Smaers_etal_2017/Smaers_etal_2017_TableS1part1.csv,,,Species=Pan troglodytes; Variable=PrefrontalCortex_white_matter_Vol.mm3; key_rule=crosswalk_exact,TRUE
Pan_troglodytes,Prefrontal.White,4.61,Smaers_etal_2011_SupplementaryTable2,Smaers_etal_2011_SupplementaryTable2,PrefrontalCortex_white_matter_Vol.mm3,4610,2011,evom1_all_volume_tables,3,near_perfect,0,0.001,0,/Users/crossmodal/Library/CloudStorage/OneDrive-AllenInstitute/Species/Evo-M1-Trait-Data/__merging_volumes/volumes_unfiltered.csv,,,Species=Pan troglodytes; Variable=PrefrontalCortex_white_matter_Vol.mm3; key_rule=crosswalk_exact,TRUE
Pan_troglodytes,Other.cortical.association.areas.Gray,112.75,Smaers_etal_2017_TableS1part1,Smaers_etal_2017_TableS1part1,AssociationCortex_grey_matter_Vol.mm3,112750,2017,metadata_tables,1,near_perfect,0,0.001,0,/Users/crossmodal/Library/CloudStorage/OneDrive-AllenInstitute/Species/Evo-M1-Trait-Data/Smaers_etal_2017/Smaers_etal_2017_TableS1part1.csv,,,Species=Pan troglodytes; Variable=AssociationCortex_grey_matter_Vol.mm3; key_rule=crosswalk_exact,TRUE
Pan_troglodytes,Other.cortical.association.areas.White,76.6,Smaers_etal_2017_TableS1part1,Smaers_etal_2017_TableS1part1,AssociationCortex_white_matter_Vol.mm3,76600,2017,metadata_tables,1,near_perfect,1.8552029654310708e-14,0.001,0,/Users/crossmodal/Library/CloudStorage/OneDrive-AllenInstitute/Species/Evo-M1-Trait-Data/Smaers_etal_2017/Smaers_etal_2017_TableS1part1.csv,,,Species=Pan troglodytes; Variable=AssociationCortex_white_matter_Vol.mm3; key_rule=crosswalk_exact,TRUE
Perodicticus_potto,LGN_Sousa,24.3,deSousa_etal_2010_SupTable2,deSousa_etal_2010_SupTable2,Corpus_geniculatum_laterale_Vol.mm3,24,2010,metadata_tables,1,close_same_structure,1.2345679012345707,1,0,/Users/crossmodal/Library/CloudStorage/OneDrive-AllenInstitute/Species/Evo-M1-Trait-Data/deSousa_etal_2010/deSousa_etal_2010_SupTable2.csv,,,Species=Perodicticus potto; Variable=Corpus_geniculatum_laterale_Vol.mm3; key_rule=crosswalk_exact,TRUE
Perodicticus_potto,LGN_Sousa,24.3,Stephan_etal_1984_Table1,Stephan_etal_1984_Table1,Corpus_geniculatum_laterale_Vol.mm3,24.3,1984,evom1_all_volume_tables,3,near_perfect,0,1,0,/Users/crossmodal/Library/CloudStorage/OneDrive-AllenInstitute/Species/Evo-M1-Trait-Data/__merging_volumes/volumes_unfiltered.csv,,,Species=Perodicticus potto; Variable=Corpus_geniculatum_laterale_Vol.mm3; key_rule=crosswalk_exact,TRUE
Perodicticus_potto,LGN_Sousa,24.3,Stephan_etal_1981_TableIX,Stephan_etal_1981_TableIX,Corpus_geniculatum_laterale_Vol.mm3,24.3,1981,evom1_all_volume_tables,3,near_perfect,0,1,0,/Users/crossmodal/Library/CloudStorage/OneDrive-AllenInstitute/Species/Evo-M1-Trait-Data/__merging_volumes/volumes_unfiltered.csv,,,Species=Perodicticus potto; Variable=Corpus_geniculatum_laterale_Vol.mm3; key_rule=crosswalk_exact,TRUE
Perodicticus_potto,ASG_Sousa,495,deSousa_etal_2010_SupTable2,deSousa_etal_2010_SupTable2,Area_striata_grey_matter_Vol.mm3,500,2010,metadata_tables,1,near_perfect,1,1,0,/Users/crossmodal/Library/CloudStorage/OneDrive-AllenInstitute/Species/Evo-M1-Trait-Data/deSousa_etal_2010/deSousa_etal_2010_SupTable2.csv,,,Species=Perodicticus potto; Variable=Area_striata_grey_matter_Vol.mm3; key_rule=crosswalk_exact,TRUE
Perodicticus_potto,ASG_Sousa,495,Frahm_etal_1984_Table1,Frahm_etal_1984_Table1,Area_striata_grey_matter_Vol.mm3,495,1984,evom1_all_volume_tables,3,near_perfect,0,1,0,/Users/crossmodal/Library/CloudStorage/OneDrive-AllenInstitute/Species/Evo-M1-Trait-Data/__merging_volumes/volumes_unfiltered.csv,,,Species=Perodicticus potto; Variable=Area_striata_grey_matter_Vol.mm3; key_rule=crosswalk_exact,TRUE
Piliocolobus_badius,ASG_Sousa,3053,Smaers_etal_2017_TableS1part1,Smaers_etal_2017_TableS1part1,Area_striata_grey_matter_Vol.mm3,3053,2017,evom1_all_volume_tables,3,near_perfect,0,1,0,/Users/crossmodal/Library/CloudStorage/OneDrive-AllenInstitute/Species/Evo-M1-Trait-Data/Smaers_etal_2017/Smaers_etal_2017_TableS1part1.csv,,,Species=Piliocolobus badius; Variable=Area_striata_grey_matter_Vol.mm3; key_rule=crosswalk_exact,TRUE
Piliocolobus_badius,ASG_Sousa,3053,Frahm_etal_1984_Table1,Frahm_etal_1984_Table1,Area_striata_grey_matter_Vol.mm3,3053,1984,evom1_all_volume_tables,3,near_perfect,0,1,0,/Users/crossmodal/Library/CloudStorage/OneDrive-AllenInstitute/Species/Evo-M1-Trait-Data/__merging_volumes/volumes_unfiltered.csv,,,Species=Piliocolobus badius; Variable=Area_striata_grey_matter_Vol.mm3; key_rule=crosswalk_exact,TRUE
Piliocolobus_badius,Corpus.subcommissurale,0.27,Stephan_etal_1981_TableXVI,Stephan_etal_1981_TableXVI,Corpus_subcommissurale_Vol.mm3,0.265,1981,metadata_tables,1,close_same_structure,1.8518518518518534,1,103,/Users/crossmodal/Library/CloudStorage/OneDrive-AllenInstitute/Species/Evo-M1-Trait-Data/__merging_volumes/volumes_unfiltered.csv,,,Species=Piliocolobus badius; Variable=Corpus_subcommissurale_Vol.mm3; key_rule=crosswalk_exact,TRUE
Piliocolobus_badius,Frontal.motor.Gray,2.26,Smaers_etal_2017_TableS1part1,Smaers_etal_2017_TableS1part1,FrontalMotor_grey_matter_Vol.mm3,2260,2017,metadata_tables,1,near_perfect,1.9649965037613387e-14,0.001,0,/Users/crossmodal/Library/CloudStorage/OneDrive-AllenInstitute/Species/Evo-M1-Trait-Data/Smaers_etal_2017/Smaers_etal_2017_TableS1part1.csv,,,Species=Piliocolobus badius; Variable=FrontalMotor_grey_matter_Vol.mm3; key_rule=crosswalk_exact,TRUE
Piliocolobus_badius,Frontal.motor,1.32,Smaers_etal_2017_TableS1part1,Smaers_etal_2017_TableS1part1,FrontalMotor_white_matter_Vol.mm3,1317,2017,metadata_tables,1,near_perfect,0.22727272727273587,0.001,0,/Users/crossmodal/Library/CloudStorage/OneDrive-AllenInstitute/Species/Evo-M1-Trait-Data/Smaers_etal_2017/Smaers_etal_2017_TableS1part1.csv,,,Species=Piliocolobus badius; Variable=FrontalMotor_white_matter_Vol.mm3; key_rule=crosswalk_exact,TRUE
Piliocolobus_badius,Primary.visual.White.Smaers,0.93,Smaers_etal_2017_TableS1part1,Smaers_etal_2017_TableS1part1,Area_striata_white_matter_Vol.mm3,926,2017,metadata_tables,1,near_perfect,0.43010752688172077,0.001,0,/Users/crossmodal/Library/CloudStorage/OneDrive-AllenInstitute/Species/Evo-M1-Trait-Data/Smaers_etal_2017/Smaers_etal_2017_TableS1part1.csv,,,Species=Piliocolobus badius; Variable=Area_striata_white_matter_Vol.mm3; key_rule=crosswalk_exact,TRUE
Piliocolobus_badius,Primary.visual.White.Smaers,0.93,Frahm_etal_1984_Table1,Frahm_etal_1984_Table1,Area_striata_white_matter_Vol.mm3,926,1984,evom1_all_volume_tables,3,near_perfect,0.43010752688172077,0.001,0,/Users/crossmodal/Library/CloudStorage/OneDrive-AllenInstitute/Species/Evo-M1-Trait-Data/__merging_volumes/volumes_unfiltered.csv,,,Species=Piliocolobus badius; Variable=Area_striata_white_matter_Vol.mm3; key_rule=crosswalk_exact,TRUE
Piliocolobus_badius,Prefrontal.Gray,1.59,Smaers_etal_2017_TableS1part1,Smaers_etal_2017_TableS1part1,PrefrontalCortex_grey_matter_Vol.mm3,1591,2017,metadata_tables,1,near_perfect,0.06285355122563732,0.001,0,/Users/crossmodal/Library/CloudStorage/OneDrive-AllenInstitute/Species/Evo-M1-Trait-Data/Smaers_etal_2017/Smaers_etal_2017_TableS1part1.csv,,,Species=Piliocolobus badius; Variable=PrefrontalCortex_grey_matter_Vol.mm3; key_rule=crosswalk_exact,TRUE
Piliocolobus_badius,Prefrontal.Gray,1.59,Smaers_etal_2011_SupplementaryTable2,Smaers_etal_2011_SupplementaryTable2,PrefrontalCortex_grey_matter_Vol.mm3,1590,2011,evom1_all_volume_tables,3,near_perfect,0,0.001,0,/Users/crossmodal/Library/CloudStorage/OneDrive-AllenInstitute/Species/Evo-M1-Trait-Data/__merging_volumes/volumes_unfiltered.csv,,,Species=Piliocolobus badius; Variable=PrefrontalCortex_grey_matter_Vol.mm3; key_rule=crosswalk_exact,TRUE
Piliocolobus_badius,Prefrontal.White,0.2,Smaers_etal_2017_TableS1part1,Smaers_etal_2017_TableS1part1,PrefrontalCortex_white_matter_Vol.mm3,201,2017,metadata_tables,1,near_perfect,0.4975124378109457,0.001,0,/Users/crossmodal/Library/CloudStorage/OneDrive-AllenInstitute/Species/Evo-M1-Trait-Data/Smaers_etal_2017/Smaers_etal_2017_TableS1part1.csv,,,Species=Piliocolobus badius; Variable=PrefrontalCortex_white_matter_Vol.mm3; key_rule=crosswalk_exact,TRUE
Piliocolobus_badius,Prefrontal.White,0.2,Smaers_etal_2011_SupplementaryTable2,Smaers_etal_2011_SupplementaryTable2,PrefrontalCortex_white_matter_Vol.mm3,200,2011,evom1_all_volume_tables,3,near_perfect,0,0.001,0,/Users/crossmodal/Library/CloudStorage/OneDrive-AllenInstitute/Species/Evo-M1-Trait-Data/__merging_volumes/volumes_unfiltered.csv,,,Species=Piliocolobus badius; Variable=PrefrontalCortex_white_matter_Vol.mm3; key_rule=crosswalk_exact,TRUE
Piliocolobus_badius,Other.cortical.association.areas.Gray,22.63,Smaers_etal_2017_TableS1part1,Smaers_etal_2017_TableS1part1,AssociationCortex_grey_matter_Vol.mm3,22629,2017,metadata_tables,1,near_perfect,0.004418912947404638,0.001,0,/Users/crossmodal/Library/CloudStorage/OneDrive-AllenInstitute/Species/Evo-M1-Trait-Data/Smaers_etal_2017/Smaers_etal_2017_TableS1part1.csv,,,Species=Piliocolobus badius; Variable=AssociationCortex_grey_matter_Vol.mm3; key_rule=crosswalk_exact,TRUE
Piliocolobus_badius,Other.cortical.association.areas.White,9.67,Smaers_etal_2017_TableS1part1,Smaers_etal_2017_TableS1part1,AssociationCortex_white_matter_Vol.mm3,9665,2017,metadata_tables,1,near_perfect,0.05170630816958641,0.001,0,/Users/crossmodal/Library/CloudStorage/OneDrive-AllenInstitute/Species/Evo-M1-Trait-Data/Smaers_etal_2017/Smaers_etal_2017_TableS1part1.csv,,,Species=Piliocolobus badius; Variable=AssociationCortex_white_matter_Vol.mm3; key_rule=crosswalk_exact,TRUE
Pithecia_pithecia,Frontal.motor.Gray,0.82,Smaers_etal_2017_TableS1part1,Smaers_etal_2017_TableS1part1,FrontalMotor_grey_matter_Vol.mm3,819,2017,metadata_tables,1,near_perfect,0.1219512195121817,0.001,0,/Users/crossmodal/Library/CloudStorage/OneDrive-AllenInstitute/Species/Evo-M1-Trait-Data/Smaers_etal_2017/Smaers_etal_2017_TableS1part1.csv,,,Species=Pithecia pithecia; Variable=FrontalMotor_grey_matter_Vol.mm3; key_rule=crosswalk_exact,TRUE
Pithecia_pithecia,Frontal.motor,0.5,Smaers_etal_2017_TableS1part1,Smaers_etal_2017_TableS1part1,FrontalMotor_white_matter_Vol.mm3,496,2017,metadata_tables,1,near_perfect,0.8000000000000007,0.001,0,/Users/crossmodal/Library/CloudStorage/OneDrive-AllenInstitute/Species/Evo-M1-Trait-Data/Smaers_etal_2017/Smaers_etal_2017_TableS1part1.csv,,,Species=Pithecia pithecia; Variable=FrontalMotor_white_matter_Vol.mm3; key_rule=crosswalk_exact,TRUE
Pithecia_pithecia,Primary.visual.White.Smaers,0.45,Smaers_etal_2017_TableS1part1,Smaers_etal_2017_TableS1part1,Area_striata_white_matter_Vol.mm3,451,2017,metadata_tables,1,near_perfect,0.22172949002217315,0.001,0,/Users/crossmodal/Library/CloudStorage/OneDrive-AllenInstitute/Species/Evo-M1-Trait-Data/Smaers_etal_2017/Smaers_etal_2017_TableS1part1.csv,,,Species=Pithecia pithecia; Variable=Area_striata_white_matter_Vol.mm3; key_rule=crosswalk_exact,TRUE
Pithecia_pithecia,Prefrontal.Gray,0.6,Smaers_etal_2017_TableS1part1,Smaers_etal_2017_TableS1part1,PrefrontalCortex_grey_matter_Vol.mm3,600,2017,metadata_tables,1,near_perfect,0,0.001,0,/Users/crossmodal/Library/CloudStorage/OneDrive-AllenInstitute/Species/Evo-M1-Trait-Data/Smaers_etal_2017/Smaers_etal_2017_TableS1part1.csv,,,Species=Pithecia pithecia; Variable=PrefrontalCortex_grey_matter_Vol.mm3; key_rule=crosswalk_exact,TRUE
Pithecia_pithecia,Prefrontal.White,0.08,Smaers_etal_2017_TableS1part1,Smaers_etal_2017_TableS1part1,PrefrontalCortex_white_matter_Vol.mm3,81,2017,metadata_tables,1,near_perfect,1.234567901234569,0.001,0,/Users/crossmodal/Library/CloudStorage/OneDrive-AllenInstitute/Species/Evo-M1-Trait-Data/Smaers_etal_2017/Smaers_etal_2017_TableS1part1.csv,,,Species=Pithecia pithecia; Variable=PrefrontalCortex_white_matter_Vol.mm3; key_rule=crosswalk_exact,TRUE
Pithecia_pithecia,Other.cortical.association.areas.Gray,9.24,Smaers_etal_2017_TableS1part1,Smaers_etal_2017_TableS1part1,AssociationCortex_grey_matter_Vol.mm3,9242,2017,metadata_tables,1,near_perfect,0.02164033758927362,0.001,0,/Users/crossmodal/Library/CloudStorage/OneDrive-AllenInstitute/Species/Evo-M1-Trait-Data/Smaers_etal_2017/Smaers_etal_2017_TableS1part1.csv,,,Species=Pithecia pithecia; Variable=AssociationCortex_grey_matter_Vol.mm3; key_rule=crosswalk_exact,TRUE
Pithecia_pithecia,Other.cortical.association.areas.White,4.2,Smaers_etal_2017_TableS1part1,Smaers_etal_2017_TableS1part1,AssociationCortex_white_matter_Vol.mm3,4200,2017,metadata_tables,1,near_perfect,0,0.001,0,/Users/crossmodal/Library/CloudStorage/OneDrive-AllenInstitute/Species/Evo-M1-Trait-Data/Smaers_etal_2017/Smaers_etal_2017_TableS1part1.csv,,,Species=Pithecia pithecia; Variable=AssociationCortex_white_matter_Vol.mm3; key_rule=crosswalk_exact,TRUE
Pongo_abelii,Brain_weight,345900,Bauernfeind_etal_2013_Table1,Bauernfeind_etal_2013_Table1,Brain_Mass.mg,353.2,2013,metadata_tables,1,close_same_structure,2.066817667044168,1000,181,/Users/crossmodal/Library/CloudStorage/OneDrive-AllenInstitute/Species/Evo-M1-Trait-Data/__merging_volumes/volumes_unfiltered.csv,,,Species=Pongo sp.; Variable=Brain_Mass.mg; key_rule=crosswalk_exact,TRUE
Pongo_abelii,Granular_volume_L,218.5,Bauernfeind_etal_2013_Table1,Bauernfeind_etal_2013_Table1,Granular_insular_cortex_left_Vol.mm3,208.75,2013,metadata_tables,1,close_same_structure,4.462242562929061,1,181,/Users/crossmodal/Library/CloudStorage/OneDrive-AllenInstitute/Species/Evo-M1-Trait-Data/__merging_volumes/volumes_unfiltered.csv,,,Species=Pongo sp.; Variable=Granular_insular_cortex_left_Vol.mm3; key_rule=crosswalk_exact,TRUE
Pongo_abelii,Brain_mass,345900,Bauernfeind_etal_2013_Table1,Bauernfeind_etal_2013_Table1,Brain_Mass.mg,353.2,2013,metadata_tables,1,close_same_structure,2.066817667044168,1000,181,/Users/crossmodal/Library/CloudStorage/OneDrive-AllenInstitute/Species/Evo-M1-Trait-Data/__merging_volumes/volumes_unfiltered.csv,,,Species=Pongo sp.; Variable=Brain_Mass.mg; key_rule=crosswalk_exact,TRUE
Pongo_pygmaeus,ASG_Sousa,8233.7,deSousa_etal_2010_SupTable2,deSousa_etal_2010_SupTable2,Area_striata_grey_matter_Vol.mm3,8200,2010,metadata_tables,1,near_perfect,0.40929351324435825,1,0,/Users/crossmodal/Library/CloudStorage/OneDrive-AllenInstitute/Species/Evo-M1-Trait-Data/deSousa_etal_2010/deSousa_etal_2010_SupTable2.csv,,,Species=Pongo sp.; Variable=Area_striata_grey_matter_Vol.mm3; key_rule=crosswalk_exact,TRUE
Pongo_pygmaeus,ASG_Sousa,8233.7,Zilles_Rehkämper_1988_Table12-2,Zilles_Rehkämper_1988_Table12-2,Area_striata_grey_matter_Vol.mm3,8400,1988,evom1_all_volume_tables,3,close_same_structure,1.9797619047618962,1,14,/Users/crossmodal/Library/CloudStorage/OneDrive-AllenInstitute/Species/Evo-M1-Trait-Data/__merging_volumes/volumes_unfiltered.csv,,,Species=Pongo sp.; Variable=Area_striata_grey_matter_Vol.mm3; key_rule=crosswalk_exact,TRUE
Pongo_pygmaeus,Brain_weight,336000,Bauernfeind_etal_2013_Table1,Bauernfeind_etal_2013_Table1,Brain_Mass.mg,353.2,2013,metadata_tables,1,close_same_structure,4.869762174405436,1000,181,/Users/crossmodal/Library/CloudStorage/OneDrive-AllenInstitute/Species/Evo-M1-Trait-Data/__merging_volumes/volumes_unfiltered.csv,,,Species=Pongo sp.; Variable=Brain_Mass.mg; key_rule=crosswalk_exact,TRUE
Pongo_pygmaeus,Granular_volume_L,199,Bauernfeind_etal_2013_Table1,Bauernfeind_etal_2013_Table1,Granular_insular_cortex_left_Vol.mm3,208.75,2013,metadata_tables,1,close_same_structure,4.6706586826347305,1,181,/Users/crossmodal/Library/CloudStorage/OneDrive-AllenInstitute/Species/Evo-M1-Trait-Data/__merging_volumes/volumes_unfiltered.csv,,,Species=Pongo sp.; Variable=Granular_insular_cortex_left_Vol.mm3; key_rule=crosswalk_exact,TRUE
Pongo_pygmaeus,Frontal.motor.Gray,6.35,Smaers_etal_2017_TableS1part1,Smaers_etal_2017_TableS1part1,FrontalMotor_grey_matter_Vol.mm3,6353,2017,metadata_tables,1,near_perfect,0.047221784983474166,0.001,0,/Users/crossmodal/Library/CloudStorage/OneDrive-AllenInstitute/Species/Evo-M1-Trait-Data/Smaers_etal_2017/Smaers_etal_2017_TableS1part1.csv,,,Species=Pongo sp.; Variable=FrontalMotor_grey_matter_Vol.mm3; key_rule=crosswalk_exact,TRUE
Pongo_pygmaeus,Frontal.motor,4.75,Smaers_etal_2017_TableS1part1,Smaers_etal_2017_TableS1part1,FrontalMotor_white_matter_Vol.mm3,4745,2017,metadata_tables,1,near_perfect,0.1052631578947346,0.001,0,/Users/crossmodal/Library/CloudStorage/OneDrive-AllenInstitute/Species/Evo-M1-Trait-Data/Smaers_etal_2017/Smaers_etal_2017_TableS1part1.csv,,,Species=Pongo sp.; Variable=FrontalMotor_white_matter_Vol.mm3; key_rule=crosswalk_exact,TRUE
Pongo_pygmaeus,Prefrontal.Gray,8.6,Smaers_etal_2017_TableS1part1,Smaers_etal_2017_TableS1part1,PrefrontalCortex_grey_matter_Vol.mm3,8596,2017,metadata_tables,1,near_perfect,0.04651162790697162,0.001,0,/Users/crossmodal/Library/CloudStorage/OneDrive-AllenInstitute/Species/Evo-M1-Trait-Data/Smaers_etal_2017/Smaers_etal_2017_TableS1part1.csv,,,Species=Pongo sp.; Variable=PrefrontalCortex_grey_matter_Vol.mm3; key_rule=crosswalk_exact,TRUE
Pongo_pygmaeus,Prefrontal.Gray,8.6,Smaers_etal_2011_SupplementaryTable2,Smaers_etal_2011_SupplementaryTable2,PrefrontalCortex_grey_matter_Vol.mm3,8600,2011,evom1_all_volume_tables,3,near_perfect,0,0.001,0,/Users/crossmodal/Library/CloudStorage/OneDrive-AllenInstitute/Species/Evo-M1-Trait-Data/__merging_volumes/volumes_unfiltered.csv,,,Species=Pongo sp.; Variable=PrefrontalCortex_grey_matter_Vol.mm3; key_rule=crosswalk_exact,TRUE
Pongo_pygmaeus,Prefrontal.White,2.52,Smaers_etal_2017_TableS1part1,Smaers_etal_2017_TableS1part1,PrefrontalCortex_white_matter_Vol.mm3,2520,2017,metadata_tables,1,near_perfect,0,0.001,0,/Users/crossmodal/Library/CloudStorage/OneDrive-AllenInstitute/Species/Evo-M1-Trait-Data/Smaers_etal_2017/Smaers_etal_2017_TableS1part1.csv,,,Species=Pongo sp.; Variable=PrefrontalCortex_white_matter_Vol.mm3; key_rule=crosswalk_exact,TRUE
Pongo_pygmaeus,Prefrontal.White,2.52,Smaers_etal_2011_SupplementaryTable2,Smaers_etal_2011_SupplementaryTable2,PrefrontalCortex_white_matter_Vol.mm3,2520,2011,evom1_all_volume_tables,3,near_perfect,0,0.001,0,/Users/crossmodal/Library/CloudStorage/OneDrive-AllenInstitute/Species/Evo-M1-Trait-Data/__merging_volumes/volumes_unfiltered.csv,,,Species=Pongo sp.; Variable=PrefrontalCortex_white_matter_Vol.mm3; key_rule=crosswalk_exact,TRUE
Pongo_pygmaeus,Other.cortical.association.areas.Gray,76.92,Smaers_etal_2017_TableS1part1,Smaers_etal_2017_TableS1part1,AssociationCortex_grey_matter_Vol.mm3,76924,2017,metadata_tables,1,near_perfect,0.005199937600755145,0.001,0,/Users/crossmodal/Library/CloudStorage/OneDrive-AllenInstitute/Species/Evo-M1-Trait-Data/Smaers_etal_2017/Smaers_etal_2017_TableS1part1.csv,,,Species=Pongo sp.; Variable=AssociationCortex_grey_matter_Vol.mm3; key_rule=crosswalk_exact,TRUE
Pongo_pygmaeus,Brain_mass,360500,Bauernfeind_etal_2013_Table1,Bauernfeind_etal_2013_Table1,Brain_Mass.mg,353.2,2013,metadata_tables,1,close_same_structure,2.0249653259361997,1000,181,/Users/crossmodal/Library/CloudStorage/OneDrive-AllenInstitute/Species/Evo-M1-Trait-Data/__merging_volumes/volumes_unfiltered.csv,,,Species=Pongo sp.; Variable=Brain_Mass.mg; key_rule=crosswalk_exact,TRUE
Saguinus_oedipus,LGN_Sousa,34.2,deSousa_etal_2010_SupTable2,deSousa_etal_2010_SupTable2,Corpus_geniculatum_laterale_Vol.mm3,34,2010,metadata_tables,1,near_perfect,0.5847953216374352,1,0,/Users/crossmodal/Library/CloudStorage/OneDrive-AllenInstitute/Species/Evo-M1-Trait-Data/deSousa_etal_2010/deSousa_etal_2010_SupTable2.csv,,,Species=Saguinus oedipus; Variable=Corpus_geniculatum_laterale_Vol.mm3; key_rule=crosswalk_exact,TRUE
Saguinus_oedipus,LGN_Sousa,34.2,Frahm_etal_1998_Table1,Frahm_etal_1998_Table1,Corpus_geniculatum_laterale_Vol.mm3,34.2,1998,evom1_all_volume_tables,3,near_perfect,0,1,0,/Users/crossmodal/Library/CloudStorage/OneDrive-AllenInstitute/Species/Evo-M1-Trait-Data/__merging_volumes/volumes_unfiltered.csv,,,Species=Saguinus oedipus; Variable=Corpus_geniculatum_laterale_Vol.mm3; key_rule=crosswalk_exact,TRUE
Saguinus_oedipus,LGN_Sousa,34.2,Stephan_etal_1984_Table1,Stephan_etal_1984_Table1,Corpus_geniculatum_laterale_Vol.mm3,34.2,1984,evom1_all_volume_tables,3,near_perfect,0,1,0,/Users/crossmodal/Library/CloudStorage/OneDrive-AllenInstitute/Species/Evo-M1-Trait-Data/__merging_volumes/volumes_unfiltered.csv,,,Species=Saguinus oedipus; Variable=Corpus_geniculatum_laterale_Vol.mm3; key_rule=crosswalk_exact,TRUE
Saguinus_oedipus,LGN_Sousa,34.2,Stephan_etal_1981_TableIX,Stephan_etal_1981_TableIX,Corpus_geniculatum_laterale_Vol.mm3,33,1981,evom1_all_volume_tables,3,close_same_structure,3.508771929824569,1,0,/Users/crossmodal/Library/CloudStorage/OneDrive-AllenInstitute/Species/Evo-M1-Trait-Data/__merging_volumes/volumes_unfiltered.csv,,,Species=Saguinus oedipus; Variable=Corpus_geniculatum_laterale_Vol.mm3; key_rule=crosswalk_exact,TRUE
Saguinus_oedipus,ASG_Sousa,807,deSousa_etal_2010_SupTable2,deSousa_etal_2010_SupTable2,Area_striata_grey_matter_Vol.mm3,800,2010,metadata_tables,1,near_perfect,0.8674101610904585,1,0,/Users/crossmodal/Library/CloudStorage/OneDrive-AllenInstitute/Species/Evo-M1-Trait-Data/deSousa_etal_2010/deSousa_etal_2010_SupTable2.csv,,,Species=Saguinus oedipus; Variable=Area_striata_grey_matter_Vol.mm3; key_rule=crosswalk_exact,TRUE
Saguinus_oedipus,ASG_Sousa,807,Frahm_etal_1998_Table1,Frahm_etal_1998_Table1,Area_striata_grey_matter_Vol.mm3,807,1998,evom1_all_volume_tables,3,near_perfect,0,1,0,/Users/crossmodal/Library/CloudStorage/OneDrive-AllenInstitute/Species/Evo-M1-Trait-Data/__merging_volumes/volumes_unfiltered.csv,,,Species=Saguinus oedipus; Variable=Area_striata_grey_matter_Vol.mm3; key_rule=crosswalk_exact,TRUE
Saguinus_oedipus,ASG_Sousa,807,Frahm_etal_1984_Table1,Frahm_etal_1984_Table1,Area_striata_grey_matter_Vol.mm3,807,1984,evom1_all_volume_tables,3,near_perfect,0,1,0,/Users/crossmodal/Library/CloudStorage/OneDrive-AllenInstitute/Species/Evo-M1-Trait-Data/__merging_volumes/volumes_unfiltered.csv,,,Species=Saguinus oedipus; Variable=Area_striata_grey_matter_Vol.mm3; key_rule=crosswalk_exact,TRUE
Symphalangus_syndactylus,ASG_Sousa,5468.9,deSousa_etal_2010_SupTable2,deSousa_etal_2010_SupTable2,Area_striata_grey_matter_Vol.mm3,5500,2010,metadata_tables,1,near_perfect,0.5654545454545521,1,0,/Users/crossmodal/Library/CloudStorage/OneDrive-AllenInstitute/Species/Evo-M1-Trait-Data/deSousa_etal_2010/deSousa_etal_2010_SupTable2.csv,,,Species=Symphalangus syndactylus; Variable=Area_striata_grey_matter_Vol.mm3; key_rule=crosswalk_exact,TRUE
Varecia_variegata,LGN_Sousa,68.9,deSousa_etal_2010_SupTable2,deSousa_etal_2010_SupTable2,Corpus_geniculatum_laterale_Vol.mm3,69,2010,metadata_tables,1,near_perfect,0.14492753623187582,1,0,/Users/crossmodal/Library/CloudStorage/OneDrive-AllenInstitute/Species/Evo-M1-Trait-Data/deSousa_etal_2010/deSousa_etal_2010_SupTable2.csv,,,Species=Varecia variegata; Variable=Corpus_geniculatum_laterale_Vol.mm3; key_rule=crosswalk_exact,TRUE
Varecia_variegata,LGN_Sousa,68.9,Stephan_etal_1984_Table1,Stephan_etal_1984_Table1,Corpus_geniculatum_laterale_Vol.mm3,68.9,1984,evom1_all_volume_tables,3,near_perfect,0,1,0,/Users/crossmodal/Library/CloudStorage/OneDrive-AllenInstitute/Species/Evo-M1-Trait-Data/__merging_volumes/volumes_unfiltered.csv,,,Species=Varecia variegata; Variable=Corpus_geniculatum_laterale_Vol.mm3; key_rule=crosswalk_exact,TRUE
Varecia_variegata,LGN_Sousa,68.9,Stephan_etal_1981_TableIX,Stephan_etal_1981_TableIX,Corpus_geniculatum_laterale_Vol.mm3,68.9,1981,evom1_all_volume_tables,3,near_perfect,0,1,0,/Users/crossmodal/Library/CloudStorage/OneDrive-AllenInstitute/Species/Evo-M1-Trait-Data/__merging_volumes/volumes_unfiltered.csv,,,Species=Varecia variegata; Variable=Corpus_geniculatum_laterale_Vol.mm3; key_rule=crosswalk_exact,TRUE
Varecia_variegata,ASG_Sousa,1745,deSousa_etal_2010_SupTable2,deSousa_etal_2010_SupTable2,Area_striata_grey_matter_Vol.mm3,1700,2010,metadata_tables,1,close_same_structure,2.5787965616045847,1,0,/Users/crossmodal/Library/CloudStorage/OneDrive-AllenInstitute/Species/Evo-M1-Trait-Data/deSousa_etal_2010/deSousa_etal_2010_SupTable2.csv,,,Species=Varecia variegata; Variable=Area_striata_grey_matter_Vol.mm3; key_rule=crosswalk_exact,TRUE
Varecia_variegata,ASG_Sousa,1745,Frahm_etal_1984_Table1,Frahm_etal_1984_Table1,Area_striata_grey_matter_Vol.mm3,1745,1984,evom1_all_volume_tables,3,near_perfect,0,1,0,/Users/crossmodal/Library/CloudStorage/OneDrive-AllenInstitute/Species/Evo-M1-Trait-Data/__merging_volumes/volumes_unfiltered.csv,,,Species=Varecia variegata; Variable=Area_striata_grey_matter_Vol.mm3; key_rule=crosswalk_exact,TRUE
Alouatta_seniculus,LGN_Sousa,87.4,deSousa_etal_2010_SupTable2,deSousa_etal_2010_SupTable2,Corpus_geniculatum_laterale_Vol.mm3,87,2010,metadata_tables,1,near_perfect,0.45766590389016665,1,0,/Users/crossmodal/Library/CloudStorage/OneDrive-AllenInstitute/Species/Evo-M1-Trait-Data/deSousa_etal_2010/deSousa_etal_2010_SupTable2.csv,,,Species=Alouatta seniculus; Variable=Corpus_geniculatum_laterale_Vol.mm3; key_rule=crosswalk_exact,TRUE
Alouatta_seniculus,LGN_Sousa,87.4,Frahm_etal_1998_Table1,Frahm_etal_1998_Table1,Corpus_geniculatum_laterale_Vol.mm3,87.4,1998,evom1_all_volume_tables,3,near_perfect,0,1,0,/Users/crossmodal/Library/CloudStorage/OneDrive-AllenInstitute/Species/Evo-M1-Trait-Data/__merging_volumes/volumes_unfiltered.csv,,,Species=Alouatta seniculus; Variable=Corpus_geniculatum_laterale_Vol.mm3; key_rule=crosswalk_exact,TRUE
Alouatta_seniculus,LGN_Sousa,87.4,Stephan_etal_1984_Table1,Stephan_etal_1984_Table1,Corpus_geniculatum_laterale_Vol.mm3,87.4,1984,evom1_all_volume_tables,3,near_perfect,0,1,0,/Users/crossmodal/Library/CloudStorage/OneDrive-AllenInstitute/Species/Evo-M1-Trait-Data/__merging_volumes/volumes_unfiltered.csv,,,Species=Alouatta seniculus; Variable=Corpus_geniculatum_laterale_Vol.mm3; key_rule=crosswalk_exact,TRUE
Alouatta_seniculus,LGN_Sousa,87.4,Stephan_etal_1981_TableIX,Stephan_etal_1981_TableIX,Corpus_geniculatum_laterale_Vol.mm3,85.7,1981,evom1_all_volume_tables,3,close_same_structure,1.9450800915331838,1,0,/Users/crossmodal/Library/CloudStorage/OneDrive-AllenInstitute/Species/Evo-M1-Trait-Data/__merging_volumes/volumes_unfiltered.csv,,,Species=Alouatta seniculus; Variable=Corpus_geniculatum_laterale_Vol.mm3; key_rule=crosswalk_exact,TRUE
Alouatta_seniculus,ASG_Sousa,1918,deSousa_etal_2010_SupTable2,deSousa_etal_2010_SupTable2,Area_striata_grey_matter_Vol.mm3,1900,2010,metadata_tables,1,near_perfect,0.9384775808133472,1,0,/Users/crossmodal/Library/CloudStorage/OneDrive-AllenInstitute/Species/Evo-M1-Trait-Data/deSousa_etal_2010/deSousa_etal_2010_SupTable2.csv,,,Species=Alouatta seniculus; Variable=Area_striata_grey_matter_Vol.mm3; key_rule=crosswalk_exact,TRUE
Alouatta_seniculus,ASG_Sousa,1918,Smaers_etal_2017_TableS1part1,Smaers_etal_2017_TableS1part1,Area_striata_grey_matter_Vol.mm3,1918,2017,evom1_all_volume_tables,3,near_perfect,0,1,0,/Users/crossmodal/Library/CloudStorage/OneDrive-AllenInstitute/Species/Evo-M1-Trait-Data/Smaers_etal_2017/Smaers_etal_2017_TableS1part1.csv,,,Species=Alouatta seniculus; Variable=Area_striata_grey_matter_Vol.mm3; key_rule=crosswalk_exact,TRUE
Alouatta_seniculus,ASG_Sousa,1918,Frahm_etal_1998_Table1,Frahm_etal_1998_Table1,Area_striata_grey_matter_Vol.mm3,1918,1998,evom1_all_volume_tables,3,near_perfect,0,1,0,/Users/crossmodal/Library/CloudStorage/OneDrive-AllenInstitute/Species/Evo-M1-Trait-Data/__merging_volumes/volumes_unfiltered.csv,,,Species=Alouatta seniculus; Variable=Area_striata_grey_matter_Vol.mm3; key_rule=crosswalk_exact,TRUE
Alouatta_seniculus,ASG_Sousa,1918,Frahm_etal_1984_Table1,Frahm_etal_1984_Table1,Area_striata_grey_matter_Vol.mm3,1918,1984,evom1_all_volume_tables,3,near_perfect,0,1,0,/Users/crossmodal/Library/CloudStorage/OneDrive-AllenInstitute/Species/Evo-M1-Trait-Data/__merging_volumes/volumes_unfiltered.csv,,,Species=Alouatta seniculus; Variable=Area_striata_grey_matter_Vol.mm3; key_rule=crosswalk_exact,TRUE
Alouatta_seniculus,Frontal.motor.Gray,1.08,Smaers_etal_2017_TableS1part1,Smaers_etal_2017_TableS1part1,FrontalMotor_grey_matter_Vol.mm3,1077,2017,metadata_tables,1,near_perfect,0.2777777777777883,0.001,0,/Users/crossmodal/Library/CloudStorage/OneDrive-AllenInstitute/Species/Evo-M1-Trait-Data/Smaers_etal_2017/Smaers_etal_2017_TableS1part1.csv,,,Species=Alouatta seniculus; Variable=FrontalMotor_grey_matter_Vol.mm3; key_rule=crosswalk_exact,TRUE
Alouatta_seniculus,Frontal.motor,0.87,Smaers_etal_2017_TableS1part1,Smaers_etal_2017_TableS1part1,FrontalMotor_white_matter_Vol.mm3,866,2017,metadata_tables,1,near_perfect,0.4597701149425292,0.001,0,/Users/crossmodal/Library/CloudStorage/OneDrive-AllenInstitute/Species/Evo-M1-Trait-Data/Smaers_etal_2017/Smaers_etal_2017_TableS1part1.csv,,,Species=Alouatta seniculus; Variable=FrontalMotor_white_matter_Vol.mm3; key_rule=crosswalk_exact,TRUE
Alouatta_seniculus,Primary.visual.White.Smaers,0.54,Smaers_etal_2017_TableS1part1,Smaers_etal_2017_TableS1part1,Area_striata_white_matter_Vol.mm3,543,2017,metadata_tables,1,near_perfect,0.5524861878453043,0.001,0,/Users/crossmodal/Library/CloudStorage/OneDrive-AllenInstitute/Species/Evo-M1-Trait-Data/Smaers_etal_2017/Smaers_etal_2017_TableS1part1.csv,,,Species=Alouatta seniculus; Variable=Area_striata_white_matter_Vol.mm3; key_rule=crosswalk_exact,TRUE
Alouatta_seniculus,Primary.visual.White.Smaers,0.54,Frahm_etal_1984_Table1,Frahm_etal_1984_Table1,Area_striata_white_matter_Vol.mm3,543,1984,evom1_all_volume_tables,3,near_perfect,0.5524861878453043,0.001,0,/Users/crossmodal/Library/CloudStorage/OneDrive-AllenInstitute/Species/Evo-M1-Trait-Data/__merging_volumes/volumes_unfiltered.csv,,,Species=Alouatta seniculus; Variable=Area_striata_white_matter_Vol.mm3; key_rule=crosswalk_exact,TRUE
Alouatta_seniculus,Prefrontal.Gray,1.02,Smaers_etal_2017_TableS1part1,Smaers_etal_2017_TableS1part1,PrefrontalCortex_grey_matter_Vol.mm3,1014.9999999999999,2017,metadata_tables,1,near_perfect,0.49019607843138385,0.001,0,/Users/crossmodal/Library/CloudStorage/OneDrive-AllenInstitute/Species/Evo-M1-Trait-Data/Smaers_etal_2017/Smaers_etal_2017_TableS1part1.csv,,,Species=Alouatta seniculus; Variable=PrefrontalCortex_grey_matter_Vol.mm3; key_rule=crosswalk_exact,TRUE
Alouatta_seniculus,Prefrontal.Gray,1.02,Smaers_etal_2011_SupplementaryTable2,Smaers_etal_2011_SupplementaryTable2,PrefrontalCortex_grey_matter_Vol.mm3,1010,2011,evom1_all_volume_tables,3,near_perfect,0.980392156862746,0.001,0,/Users/crossmodal/Library/CloudStorage/OneDrive-AllenInstitute/Species/Evo-M1-Trait-Data/__merging_volumes/volumes_unfiltered.csv,,,Species=Alouatta seniculus; Variable=PrefrontalCortex_grey_matter_Vol.mm3; key_rule=crosswalk_exact,TRUE
Alouatta_seniculus,Prefrontal.White,0.18,Smaers_etal_2017_TableS1part1,Smaers_etal_2017_TableS1part1,PrefrontalCortex_white_matter_Vol.mm3,177,2017,metadata_tables,1,near_perfect,1.6666666666666683,0.001,0,/Users/crossmodal/Library/CloudStorage/OneDrive-AllenInstitute/Species/Evo-M1-Trait-Data/Smaers_etal_2017/Smaers_etal_2017_TableS1part1.csv,,,Species=Alouatta seniculus; Variable=PrefrontalCortex_white_matter_Vol.mm3; key_rule=crosswalk_exact,TRUE
Alouatta_seniculus,Other.cortical.association.areas.Gray,12.39,Smaers_etal_2017_TableS1part1,Smaers_etal_2017_TableS1part1,AssociationCortex_grey_matter_Vol.mm3,12394,2017,metadata_tables,1,near_perfect,0.0322736808132932,0.001,0,/Users/crossmodal/Library/CloudStorage/OneDrive-AllenInstitute/Species/Evo-M1-Trait-Data/Smaers_etal_2017/Smaers_etal_2017_TableS1part1.csv,,,Species=Alouatta seniculus; Variable=AssociationCortex_grey_matter_Vol.mm3; key_rule=crosswalk_exact,TRUE
Alouatta_seniculus,Other.cortical.association.areas.White,4.21,Smaers_etal_2017_TableS1part1,Smaers_etal_2017_TableS1part1,AssociationCortex_white_matter_Vol.mm3,4212,2017,metadata_tables,1,near_perfect,0.04748338081670892,0.001,0,/Users/crossmodal/Library/CloudStorage/OneDrive-AllenInstitute/Species/Evo-M1-Trait-Data/Smaers_etal_2017/Smaers_etal_2017_TableS1part1.csv,,,Species=Alouatta seniculus; Variable=AssociationCortex_white_matter_Vol.mm3; key_rule=crosswalk_exact,TRUE
Aotus_trivirgatus,LGN_Sousa,32.9,deSousa_etal_2010_SupTable2,deSousa_etal_2010_SupTable2,Corpus_geniculatum_laterale_Vol.mm3,33,2010,metadata_tables,1,near_perfect,0.3030303030303073,1,0,/Users/crossmodal/Library/CloudStorage/OneDrive-AllenInstitute/Species/Evo-M1-Trait-Data/deSousa_etal_2010/deSousa_etal_2010_SupTable2.csv,,,Species=Aotus trivirgatus; Variable=Corpus_geniculatum_laterale_Vol.mm3; key_rule=crosswalk_exact,TRUE
Aotus_trivirgatus,LGN_Sousa,32.9,Frahm_etal_1998_Table1,Frahm_etal_1998_Table1,Corpus_geniculatum_laterale_Vol.mm3,32.9,1998,evom1_all_volume_tables,3,near_perfect,0,1,0,/Users/crossmodal/Library/CloudStorage/OneDrive-AllenInstitute/Species/Evo-M1-Trait-Data/__merging_volumes/volumes_unfiltered.csv,,,Species=Aotus trivirgatus; Variable=Corpus_geniculatum_laterale_Vol.mm3; key_rule=crosswalk_exact,TRUE
Aotus_trivirgatus,LGN_Sousa,32.9,Stephan_etal_1984_Table1,Stephan_etal_1984_Table1,Corpus_geniculatum_laterale_Vol.mm3,32.9,1984,evom1_all_volume_tables,3,near_perfect,0,1,0,/Users/crossmodal/Library/CloudStorage/OneDrive-AllenInstitute/Species/Evo-M1-Trait-Data/__merging_volumes/volumes_unfiltered.csv,,,Species=Aotus trivirgatus; Variable=Corpus_geniculatum_laterale_Vol.mm3; key_rule=crosswalk_exact,TRUE
Aotus_trivirgatus,ASG_Sousa,996,deSousa_etal_2010_SupTable2,deSousa_etal_2010_SupTable2,Area_striata_grey_matter_Vol.mm3,1000,2010,metadata_tables,1,near_perfect,0.4,1,0,/Users/crossmodal/Library/CloudStorage/OneDrive-AllenInstitute/Species/Evo-M1-Trait-Data/deSousa_etal_2010/deSousa_etal_2010_SupTable2.csv,,,Species=Aotus trivirgatus; Variable=Area_striata_grey_matter_Vol.mm3; key_rule=crosswalk_exact,TRUE
Aotus_trivirgatus,ASG_Sousa,996,Frahm_etal_1998_Table1,Frahm_etal_1998_Table1,Area_striata_grey_matter_Vol.mm3,996,1998,evom1_all_volume_tables,3,near_perfect,0,1,0,/Users/crossmodal/Library/CloudStorage/OneDrive-AllenInstitute/Species/Evo-M1-Trait-Data/__merging_volumes/volumes_unfiltered.csv,,,Species=Aotus trivirgatus; Variable=Area_striata_grey_matter_Vol.mm3; key_rule=crosswalk_exact,TRUE
Aotus_trivirgatus,ASG_Sousa,996,Frahm_etal_1984_Table1,Frahm_etal_1984_Table1,Area_striata_grey_matter_Vol.mm3,996,1984,evom1_all_volume_tables,3,near_perfect,0,1,0,/Users/crossmodal/Library/CloudStorage/OneDrive-AllenInstitute/Species/Evo-M1-Trait-Data/__merging_volumes/volumes_unfiltered.csv,,,Species=Aotus trivirgatus; Variable=Area_striata_grey_matter_Vol.mm3; key_rule=crosswalk_exact,TRUE
Avahi_occidentalis,LGN_Sousa,29.3,Stephan_etal_1984_Table1,Stephan_etal_1984_Table1,Corpus_geniculatum_laterale_Vol.mm3,29.3,1984,evom1_all_volume_tables,3,near_perfect,0,1,0,/Users/crossmodal/Library/CloudStorage/OneDrive-AllenInstitute/Species/Evo-M1-Trait-Data/__merging_volumes/volumes_unfiltered.csv,,,Species=Avahi occidentalis; Variable=Corpus_geniculatum_laterale_Vol.mm3; key_rule=crosswalk_exact,TRUE
Avahi_occidentalis,ASG_Sousa,450,Frahm_etal_1984_Table1,Frahm_etal_1984_Table1,Area_striata_grey_matter_Vol.mm3,450,1984,evom1_all_volume_tables,3,near_perfect,0,1,0,/Users/crossmodal/Library/CloudStorage/OneDrive-AllenInstitute/Species/Evo-M1-Trait-Data/__merging_volumes/volumes_unfiltered.csv,,,Species=Avahi occidentalis; Variable=Area_striata_grey_matter_Vol.mm3; key_rule=crosswalk_exact,TRUE
Callithrix_jacchus,LGN_Sousa,25.1,deSousa_etal_2010_SupTable2,deSousa_etal_2010_SupTable2,Corpus_geniculatum_laterale_Vol.mm3,25,2010,metadata_tables,1,near_perfect,0.3984063745019977,1,0,/Users/crossmodal/Library/CloudStorage/OneDrive-AllenInstitute/Species/Evo-M1-Trait-Data/deSousa_etal_2010/deSousa_etal_2010_SupTable2.csv,,,Species=Callithrix jacchus; Variable=Corpus_geniculatum_laterale_Vol.mm3; key_rule=crosswalk_exact,TRUE
Callithrix_jacchus,LGN_Sousa,25.1,Frahm_etal_1998_Table1,Frahm_etal_1998_Table1,Corpus_geniculatum_laterale_Vol.mm3,25.1,1998,evom1_all_volume_tables,3,near_perfect,0,1,0,/Users/crossmodal/Library/CloudStorage/OneDrive-AllenInstitute/Species/Evo-M1-Trait-Data/__merging_volumes/volumes_unfiltered.csv,,,Species=Callithrix jacchus; Variable=Corpus_geniculatum_laterale_Vol.mm3; key_rule=crosswalk_exact,TRUE
Callithrix_jacchus,LGN_Sousa,25.1,Stephan_etal_1984_Table1,Stephan_etal_1984_Table1,Corpus_geniculatum_laterale_Vol.mm3,25.1,1984,evom1_all_volume_tables,3,near_perfect,0,1,0,/Users/crossmodal/Library/CloudStorage/OneDrive-AllenInstitute/Species/Evo-M1-Trait-Data/__merging_volumes/volumes_unfiltered.csv,,,Species=Callithrix jacchus; Variable=Corpus_geniculatum_laterale_Vol.mm3; key_rule=crosswalk_exact,TRUE
Callithrix_jacchus,LGN_Sousa,25.1,Stephan_etal_1981_TableIX,Stephan_etal_1981_TableIX,Corpus_geniculatum_laterale_Vol.mm3,25.7,1981,evom1_all_volume_tables,3,close_same_structure,2.3346303501945442,1,0,/Users/crossmodal/Library/CloudStorage/OneDrive-AllenInstitute/Species/Evo-M1-Trait-Data/__merging_volumes/volumes_unfiltered.csv,,,Species=Callithrix jacchus; Variable=Corpus_geniculatum_laterale_Vol.mm3; key_rule=crosswalk_exact,TRUE
Callithrix_jacchus,ASG_Sousa,566,Frahm_etal_1998_Table1,Frahm_etal_1998_Table1,Area_striata_grey_matter_Vol.mm3,566,1998,evom1_all_volume_tables,3,near_perfect,0,1,0,/Users/crossmodal/Library/CloudStorage/OneDrive-AllenInstitute/Species/Evo-M1-Trait-Data/__merging_volumes/volumes_unfiltered.csv,,,Species=Callithrix jacchus; Variable=Area_striata_grey_matter_Vol.mm3; key_rule=crosswalk_exact,TRUE
Callithrix_jacchus,ASG_Sousa,566,Frahm_etal_1984_Table1,Frahm_etal_1984_Table1,Area_striata_grey_matter_Vol.mm3,566,1984,evom1_all_volume_tables,3,near_perfect,0,1,0,/Users/crossmodal/Library/CloudStorage/OneDrive-AllenInstitute/Species/Evo-M1-Trait-Data/__merging_volumes/volumes_unfiltered.csv,,,Species=Callithrix jacchus; Variable=Area_striata_grey_matter_Vol.mm3; key_rule=crosswalk_exact,TRUE
Cercopithecus_ascanius,ASG_Sousa,4272,deSousa_etal_2010_SupTable2,deSousa_etal_2010_SupTable2,Area_striata_grey_matter_Vol.mm3,4300,2010,metadata_tables,1,near_perfect,0.6511627906976745,1,0,/Users/crossmodal/Library/CloudStorage/OneDrive-AllenInstitute/Species/Evo-M1-Trait-Data/deSousa_etal_2010/deSousa_etal_2010_SupTable2.csv,,,Species=Cercopithecus ascanius; Variable=Area_striata_grey_matter_Vol.mm3; key_rule=crosswalk_exact,TRUE
Cercopithecus_ascanius,ASG_Sousa,4272,Smaers_etal_2017_TableS1part1,Smaers_etal_2017_TableS1part1,Area_striata_grey_matter_Vol.mm3,4272,2017,evom1_all_volume_tables,3,near_perfect,0,1,0,/Users/crossmodal/Library/CloudStorage/OneDrive-AllenInstitute/Species/Evo-M1-Trait-Data/Smaers_etal_2017/Smaers_etal_2017_TableS1part1.csv,,,Species=Cercopithecus ascanius; Variable=Area_striata_grey_matter_Vol.mm3; key_rule=crosswalk_exact,TRUE
Cercopithecus_ascanius,ASG_Sousa,4272,Frahm_etal_1998_Table1,Frahm_etal_1998_Table1,Area_striata_grey_matter_Vol.mm3,4272,1998,evom1_all_volume_tables,3,near_perfect,0,1,0,/Users/crossmodal/Library/CloudStorage/OneDrive-AllenInstitute/Species/Evo-M1-Trait-Data/__merging_volumes/volumes_unfiltered.csv,,,Species=Cercopithecus ascanius; Variable=Area_striata_grey_matter_Vol.mm3; key_rule=crosswalk_exact,TRUE
Cercopithecus_ascanius,ASG_Sousa,4272,Frahm_etal_1984_Table1,Frahm_etal_1984_Table1,Area_striata_grey_matter_Vol.mm3,4272,1984,evom1_all_volume_tables,3,near_perfect,0,1,0,/Users/crossmodal/Library/CloudStorage/OneDrive-AllenInstitute/Species/Evo-M1-Trait-Data/__merging_volumes/volumes_unfiltered.csv,,,Species=Cercopithecus ascanius; Variable=Area_striata_grey_matter_Vol.mm3; key_rule=crosswalk_exact,TRUE
Cercopithecus_ascanius,Frontal.motor.Gray,1.35,Smaers_etal_2017_TableS1part1,Smaers_etal_2017_TableS1part1,FrontalMotor_grey_matter_Vol.mm3,1351,2017,metadata_tables,1,near_perfect,0.07401924500369281,0.001,0,/Users/crossmodal/Library/CloudStorage/OneDrive-AllenInstitute/Species/Evo-M1-Trait-Data/Smaers_etal_2017/Smaers_etal_2017_TableS1part1.csv,,,Species=Cercopithecus ascanius; Variable=FrontalMotor_grey_matter_Vol.mm3; key_rule=crosswalk_exact,TRUE
Cercopithecus_ascanius,Frontal.motor,0.93,Smaers_etal_2017_TableS1part1,Smaers_etal_2017_TableS1part1,FrontalMotor_white_matter_Vol.mm3,930,2017,metadata_tables,1,near_perfect,0,0.001,0,/Users/crossmodal/Library/CloudStorage/OneDrive-AllenInstitute/Species/Evo-M1-Trait-Data/Smaers_etal_2017/Smaers_etal_2017_TableS1part1.csv,,,Species=Cercopithecus ascanius; Variable=FrontalMotor_white_matter_Vol.mm3; key_rule=crosswalk_exact,TRUE
Cercopithecus_ascanius,Primary.visual.White.Smaers,0.83,Smaers_etal_2017_TableS1part1,Smaers_etal_2017_TableS1part1,Area_striata_white_matter_Vol.mm3,834,2017,metadata_tables,1,near_perfect,0.4796163069544369,0.001,0,/Users/crossmodal/Library/CloudStorage/OneDrive-AllenInstitute/Species/Evo-M1-Trait-Data/Smaers_etal_2017/Smaers_etal_2017_TableS1part1.csv,,,Species=Cercopithecus ascanius; Variable=Area_striata_white_matter_Vol.mm3; key_rule=crosswalk_exact,TRUE
Cercopithecus_ascanius,Primary.visual.White.Smaers,0.83,Frahm_etal_1984_Table1,Frahm_etal_1984_Table1,Area_striata_white_matter_Vol.mm3,834,1984,evom1_all_volume_tables,3,near_perfect,0.4796163069544369,0.001,0,/Users/crossmodal/Library/CloudStorage/OneDrive-AllenInstitute/Species/Evo-M1-Trait-Data/__merging_volumes/volumes_unfiltered.csv,,,Species=Cercopithecus ascanius; Variable=Area_striata_white_matter_Vol.mm3; key_rule=crosswalk_exact,TRUE
Cercopithecus_ascanius,Prefrontal.Gray,1.15,Smaers_etal_2017_TableS1part1,Smaers_etal_2017_TableS1part1,PrefrontalCortex_grey_matter_Vol.mm3,1154,2017,metadata_tables,1,near_perfect,0.34662045060658614,0.001,0,/Users/crossmodal/Library/CloudStorage/OneDrive-AllenInstitute/Species/Evo-M1-Trait-Data/Smaers_etal_2017/Smaers_etal_2017_TableS1part1.csv,,,Species=Cercopithecus ascanius; Variable=PrefrontalCortex_grey_matter_Vol.mm3; key_rule=crosswalk_exact,TRUE
Cercopithecus_ascanius,Prefrontal.Gray,1.15,Smaers_etal_2011_SupplementaryTable2,Smaers_etal_2011_SupplementaryTable2,PrefrontalCortex_grey_matter_Vol.mm3,1150,2011,evom1_all_volume_tables,3,near_perfect,1.930822651522011e-14,0.001,0,/Users/crossmodal/Library/CloudStorage/OneDrive-AllenInstitute/Species/Evo-M1-Trait-Data/__merging_volumes/volumes_unfiltered.csv,,,Species=Cercopithecus ascanius; Variable=PrefrontalCortex_grey_matter_Vol.mm3; key_rule=crosswalk_exact,TRUE
Cercopithecus_ascanius,Prefrontal.White,0.16,Smaers_etal_2017_TableS1part1,Smaers_etal_2017_TableS1part1,PrefrontalCortex_white_matter_Vol.mm3,159,2017,metadata_tables,1,near_perfect,0.6250000000000006,0.001,0,/Users/crossmodal/Library/CloudStorage/OneDrive-AllenInstitute/Species/Evo-M1-Trait-Data/Smaers_etal_2017/Smaers_etal_2017_TableS1part1.csv,,,Species=Cercopithecus ascanius; Variable=PrefrontalCortex_white_matter_Vol.mm3; key_rule=crosswalk_exact,TRUE
Cercopithecus_ascanius,Prefrontal.White,0.16,Smaers_etal_2011_SupplementaryTable2,Smaers_etal_2011_SupplementaryTable2,PrefrontalCortex_white_matter_Vol.mm3,160,2011,evom1_all_volume_tables,3,near_perfect,0,0.001,0,/Users/crossmodal/Library/CloudStorage/OneDrive-AllenInstitute/Species/Evo-M1-Trait-Data/__merging_volumes/volumes_unfiltered.csv,,,Species=Cercopithecus ascanius; Variable=PrefrontalCortex_white_matter_Vol.mm3; key_rule=crosswalk_exact,TRUE
Cercopithecus_ascanius,Other.cortical.association.areas.Gray,16.06,Smaers_etal_2017_TableS1part1,Smaers_etal_2017_TableS1part1,AssociationCortex_grey_matter_Vol.mm3,16059.999999999998,2017,metadata_tables,1,near_perfect,0,0.001,0,/Users/crossmodal/Library/CloudStorage/OneDrive-AllenInstitute/Species/Evo-M1-Trait-Data/Smaers_etal_2017/Smaers_etal_2017_TableS1part1.csv,,,Species=Cercopithecus ascanius; Variable=AssociationCortex_grey_matter_Vol.mm3; key_rule=crosswalk_exact,TRUE
Cercopithecus_ascanius,Other.cortical.association.areas.White,8.3,Smaers_etal_2017_TableS1part1,Smaers_etal_2017_TableS1part1,AssociationCortex_white_matter_Vol.mm3,8297,2017,metadata_tables,1,near_perfect,0.03614457831325438,0.001,0,/Users/crossmodal/Library/CloudStorage/OneDrive-AllenInstitute/Species/Evo-M1-Trait-Data/Smaers_etal_2017/Smaers_etal_2017_TableS1part1.csv,,,Species=Cercopithecus ascanius; Variable=AssociationCortex_white_matter_Vol.mm3; key_rule=crosswalk_exact,TRUE
Cheirogaleus_major,LGN_Sousa,21.5,deSousa_etal_2010_SupTable2,deSousa_etal_2010_SupTable2,Corpus_geniculatum_laterale_Vol.mm3,22,2010,metadata_tables,1,close_same_structure,2.272727272727273,1,0,/Users/crossmodal/Library/CloudStorage/OneDrive-AllenInstitute/Species/Evo-M1-Trait-Data/deSousa_etal_2010/deSousa_etal_2010_SupTable2.csv,,,Species=Cheirogaleus major; Variable=Corpus_geniculatum_laterale_Vol.mm3; key_rule=crosswalk_exact,TRUE
Cheirogaleus_major,LGN_Sousa,21.5,Frahm_etal_1998_Table1,Frahm_etal_1998_Table1,Corpus_geniculatum_laterale_Vol.mm3,21.5,1998,evom1_all_volume_tables,3,near_perfect,0,1,0,/Users/crossmodal/Library/CloudStorage/OneDrive-AllenInstitute/Species/Evo-M1-Trait-Data/__merging_volumes/volumes_unfiltered.csv,,,Species=Cheirogaleus major; Variable=Corpus_geniculatum_laterale_Vol.mm3; key_rule=crosswalk_exact,TRUE
Cheirogaleus_major,LGN_Sousa,21.5,Stephan_etal_1984_Table1,Stephan_etal_1984_Table1,Corpus_geniculatum_laterale_Vol.mm3,21.5,1984,evom1_all_volume_tables,3,near_perfect,0,1,0,/Users/crossmodal/Library/CloudStorage/OneDrive-AllenInstitute/Species/Evo-M1-Trait-Data/__merging_volumes/volumes_unfiltered.csv,,,Species=Cheirogaleus major; Variable=Corpus_geniculatum_laterale_Vol.mm3; key_rule=crosswalk_exact,TRUE
Cheirogaleus_major,LGN_Sousa,21.5,Stephan_etal_1981_TableIX,Stephan_etal_1981_TableIX,Corpus_geniculatum_laterale_Vol.mm3,21.5,1981,evom1_all_volume_tables,3,near_perfect,0,1,0,/Users/crossmodal/Library/CloudStorage/OneDrive-AllenInstitute/Species/Evo-M1-Trait-Data/__merging_volumes/volumes_unfiltered.csv,,,Species=Cheirogaleus major; Variable=Corpus_geniculatum_laterale_Vol.mm3; key_rule=crosswalk_exact,TRUE
Cheirogaleus_major,ASG_Sousa,433,Frahm_etal_1998_Table1,Frahm_etal_1998_Table1,Area_striata_grey_matter_Vol.mm3,433,1998,evom1_all_volume_tables,3,near_perfect,0,1,0,/Users/crossmodal/Library/CloudStorage/OneDrive-AllenInstitute/Species/Evo-M1-Trait-Data/__merging_volumes/volumes_unfiltered.csv,,,Species=Cheirogaleus major; Variable=Area_striata_grey_matter_Vol.mm3; key_rule=crosswalk_exact,TRUE
Cheirogaleus_major,ASG_Sousa,433,Frahm_etal_1984_Table1,Frahm_etal_1984_Table1,Area_striata_grey_matter_Vol.mm3,433,1984,evom1_all_volume_tables,3,near_perfect,0,1,0,/Users/crossmodal/Library/CloudStorage/OneDrive-AllenInstitute/Species/Evo-M1-Trait-Data/__merging_volumes/volumes_unfiltered.csv,,,Species=Cheirogaleus major; Variable=Area_striata_grey_matter_Vol.mm3; key_rule=crosswalk_exact,TRUE
Cheirogaleus_medius,LGN_Sousa,10.8,deSousa_etal_2010_SupTable2,deSousa_etal_2010_SupTable2,Corpus_geniculatum_laterale_Vol.mm3,11,2010,metadata_tables,1,close_same_structure,1.8181818181818117,1,0,/Users/crossmodal/Library/CloudStorage/OneDrive-AllenInstitute/Species/Evo-M1-Trait-Data/deSousa_etal_2010/deSousa_etal_2010_SupTable2.csv,,,Species=Cheirogaleus medius; Variable=Corpus_geniculatum_laterale_Vol.mm3; key_rule=crosswalk_exact,TRUE
Cheirogaleus_medius,LGN_Sousa,10.8,Stephan_etal_1984_Table1,Stephan_etal_1984_Table1,Corpus_geniculatum_laterale_Vol.mm3,10.8,1984,evom1_all_volume_tables,3,near_perfect,0,1,0,/Users/crossmodal/Library/CloudStorage/OneDrive-AllenInstitute/Species/Evo-M1-Trait-Data/__merging_volumes/volumes_unfiltered.csv,,,Species=Cheirogaleus medius; Variable=Corpus_geniculatum_laterale_Vol.mm3; key_rule=crosswalk_exact,TRUE
Cheirogaleus_medius,LGN_Sousa,10.8,Stephan_etal_1981_TableIX,Stephan_etal_1981_TableIX,Corpus_geniculatum_laterale_Vol.mm3,10.8,1981,evom1_all_volume_tables,3,near_perfect,0,1,0,/Users/crossmodal/Library/CloudStorage/OneDrive-AllenInstitute/Species/Evo-M1-Trait-Data/__merging_volumes/volumes_unfiltered.csv,,,Species=Cheirogaleus medius; Variable=Corpus_geniculatum_laterale_Vol.mm3; key_rule=crosswalk_exact,TRUE
Cheirogaleus_medius,ASG_Sousa,199,deSousa_etal_2010_SupTable2,deSousa_etal_2010_SupTable2,Area_striata_grey_matter_Vol.mm3,200,2010,metadata_tables,1,near_perfect,0.5,1,0,/Users/crossmodal/Library/CloudStorage/OneDrive-AllenInstitute/Species/Evo-M1-Trait-Data/deSousa_etal_2010/deSousa_etal_2010_SupTable2.csv,,,Species=Cheirogaleus medius; Variable=Area_striata_grey_matter_Vol.mm3; key_rule=crosswalk_exact,TRUE
Cheirogaleus_medius,ASG_Sousa,199,Frahm_etal_1984_Table1,Frahm_etal_1984_Table1,Area_striata_grey_matter_Vol.mm3,199,1984,evom1_all_volume_tables,3,near_perfect,0,1,0,/Users/crossmodal/Library/CloudStorage/OneDrive-AllenInstitute/Species/Evo-M1-Trait-Data/__merging_volumes/volumes_unfiltered.csv,,,Species=Cheirogaleus medius; Variable=Area_striata_grey_matter_Vol.mm3; key_rule=crosswalk_exact,TRUE
Cheirogaleus_medius,Nucleus.septalis.triangularis,0.39,Stephan_etal_1981_TableXV,Stephan_etal_1981_TableXV,Nucleus_septalis_triangularis_Vol.mm3,0.385,1981,metadata_tables,1,close_same_structure,1.282051282051283,1,88,/Users/crossmodal/Library/CloudStorage/OneDrive-AllenInstitute/Species/Evo-M1-Trait-Data/__merging_volumes/volumes_unfiltered.csv,,,Species=Cheirogaleus medius; Variable=Nucleus_septalis_triangularis_Vol.mm3; key_rule=crosswalk_exact,TRUE
Daubentonia_madagascariensis,LGN_Sousa,58.5,deSousa_etal_2010_SupTable2,deSousa_etal_2010_SupTable2,Corpus_geniculatum_laterale_Vol.mm3,59,2010,metadata_tables,1,near_perfect,0.847457627118644,1,0,/Users/crossmodal/Library/CloudStorage/OneDrive-AllenInstitute/Species/Evo-M1-Trait-Data/deSousa_etal_2010/deSousa_etal_2010_SupTable2.csv,,,Species=Daubentonia madagascariensis; Variable=Corpus_geniculatum_laterale_Vol.mm3; key_rule=crosswalk_exact,TRUE
Daubentonia_madagascariensis,LGN_Sousa,58.5,Stephan_etal_1984_Table1,Stephan_etal_1984_Table1,Corpus_geniculatum_laterale_Vol.mm3,58.5,1984,evom1_all_volume_tables,3,near_perfect,0,1,0,/Users/crossmodal/Library/CloudStorage/OneDrive-AllenInstitute/Species/Evo-M1-Trait-Data/__merging_volumes/volumes_unfiltered.csv,,,Species=Daubentonia madagascariensis; Variable=Corpus_geniculatum_laterale_Vol.mm3; key_rule=crosswalk_exact,TRUE
Daubentonia_madagascariensis,LGN_Sousa,58.5,Stephan_etal_1981_TableIX,Stephan_etal_1981_TableIX,Corpus_geniculatum_laterale_Vol.mm3,58.5,1981,evom1_all_volume_tables,3,near_perfect,0,1,0,/Users/crossmodal/Library/CloudStorage/OneDrive-AllenInstitute/Species/Evo-M1-Trait-Data/__merging_volumes/volumes_unfiltered.csv,,,Species=Daubentonia madagascariensis; Variable=Corpus_geniculatum_laterale_Vol.mm3; key_rule=crosswalk_exact,TRUE
Daubentonia_madagascariensis,ASG_Sousa,1113,deSousa_etal_2010_SupTable2,deSousa_etal_2010_SupTable2,Area_striata_grey_matter_Vol.mm3,1100,2010,metadata_tables,1,close_same_structure,1.1680143755615453,1,0,/Users/crossmodal/Library/CloudStorage/OneDrive-AllenInstitute/Species/Evo-M1-Trait-Data/deSousa_etal_2010/deSousa_etal_2010_SupTable2.csv,,,Species=Daubentonia madagascariensis; Variable=Area_striata_grey_matter_Vol.mm3; key_rule=crosswalk_exact,TRUE
Daubentonia_madagascariensis,ASG_Sousa,1113,Frahm_etal_1984_Table1,Frahm_etal_1984_Table1,Area_striata_grey_matter_Vol.mm3,1113,1984,evom1_all_volume_tables,3,near_perfect,0,1,0,/Users/crossmodal/Library/CloudStorage/OneDrive-AllenInstitute/Species/Evo-M1-Trait-Data/__merging_volumes/volumes_unfiltered.csv,,,Species=Daubentonia madagascariensis; Variable=Area_striata_grey_matter_Vol.mm3; key_rule=crosswalk_exact,TRUE
Erythrocebus_patas,Frontal.motor.Gray,2.55,Smaers_etal_2017_TableS1part1,Smaers_etal_2017_TableS1part1,FrontalMotor_grey_matter_Vol.mm3,2552,2017,metadata_tables,1,near_perfect,0.07836990595612162,0.001,0,/Users/crossmodal/Library/CloudStorage/OneDrive-AllenInstitute/Species/Evo-M1-Trait-Data/Smaers_etal_2017/Smaers_etal_2017_TableS1part1.csv,,,Species=Erythrocebus patas; Variable=FrontalMotor_grey_matter_Vol.mm3; key_rule=crosswalk_exact,TRUE
Erythrocebus_patas,Frontal.motor,1.85,Smaers_etal_2017_TableS1part1,Smaers_etal_2017_TableS1part1,FrontalMotor_white_matter_Vol.mm3,1848,2017,metadata_tables,1,near_perfect,0.1081081081081082,0.001,0,/Users/crossmodal/Library/CloudStorage/OneDrive-AllenInstitute/Species/Evo-M1-Trait-Data/Smaers_etal_2017/Smaers_etal_2017_TableS1part1.csv,,,Species=Erythrocebus patas; Variable=FrontalMotor_white_matter_Vol.mm3; key_rule=crosswalk_exact,TRUE
Erythrocebus_patas,Prefrontal.Gray,1.56,Smaers_etal_2017_TableS1part1,Smaers_etal_2017_TableS1part1,PrefrontalCortex_grey_matter_Vol.mm3,1560,2017,metadata_tables,1,near_perfect,0,0.001,0,/Users/crossmodal/Library/CloudStorage/OneDrive-AllenInstitute/Species/Evo-M1-Trait-Data/Smaers_etal_2017/Smaers_etal_2017_TableS1part1.csv,,,Species=Erythrocebus patas; Variable=PrefrontalCortex_grey_matter_Vol.mm3; key_rule=crosswalk_exact,TRUE
Erythrocebus_patas,Prefrontal.Gray,1.56,Smaers_etal_2011_SupplementaryTable2,Smaers_etal_2011_SupplementaryTable2,PrefrontalCortex_grey_matter_Vol.mm3,1560,2011,evom1_all_volume_tables,3,near_perfect,0,0.001,0,/Users/crossmodal/Library/CloudStorage/OneDrive-AllenInstitute/Species/Evo-M1-Trait-Data/__merging_volumes/volumes_unfiltered.csv,,,Species=Erythrocebus patas; Variable=PrefrontalCortex_grey_matter_Vol.mm3; key_rule=crosswalk_exact,TRUE
Erythrocebus_patas,Prefrontal.White,0.27,Smaers_etal_2017_TableS1part1,Smaers_etal_2017_TableS1part1,PrefrontalCortex_white_matter_Vol.mm3,272,2017,metadata_tables,1,near_perfect,0.7352941176470594,0.001,0,/Users/crossmodal/Library/CloudStorage/OneDrive-AllenInstitute/Species/Evo-M1-Trait-Data/Smaers_etal_2017/Smaers_etal_2017_TableS1part1.csv,,,Species=Erythrocebus patas; Variable=PrefrontalCortex_white_matter_Vol.mm3; key_rule=crosswalk_exact,TRUE
Erythrocebus_patas,Prefrontal.White,0.27,Smaers_etal_2011_SupplementaryTable2,Smaers_etal_2011_SupplementaryTable2,PrefrontalCortex_white_matter_Vol.mm3,270,2011,evom1_all_volume_tables,3,near_perfect,0,0.001,0,/Users/crossmodal/Library/CloudStorage/OneDrive-AllenInstitute/Species/Evo-M1-Trait-Data/__merging_volumes/volumes_unfiltered.csv,,,Species=Erythrocebus patas; Variable=PrefrontalCortex_white_matter_Vol.mm3; key_rule=crosswalk_exact,TRUE
Eulemur_fulvus,LGN_Sousa,51.8,deSousa_etal_2010_SupTable2,deSousa_etal_2010_SupTable2,Corpus_geniculatum_laterale_Vol.mm3,52,2010,metadata_tables,1,near_perfect,0.3846153846153901,1,0,/Users/crossmodal/Library/CloudStorage/OneDrive-AllenInstitute/Species/Evo-M1-Trait-Data/deSousa_etal_2010/deSousa_etal_2010_SupTable2.csv,,,Species=Eulemur fulvus; Variable=Corpus_geniculatum_laterale_Vol.mm3; key_rule=crosswalk_exact,TRUE
Eulemur_fulvus,LGN_Sousa,51.8,Stephan_etal_1984_Table1,Stephan_etal_1984_Table1,Corpus_geniculatum_laterale_Vol.mm3,51.8,1984,evom1_all_volume_tables,3,near_perfect,0,1,0,/Users/crossmodal/Library/CloudStorage/OneDrive-AllenInstitute/Species/Evo-M1-Trait-Data/__merging_volumes/volumes_unfiltered.csv,,,Species=Eulemur fulvus; Variable=Corpus_geniculatum_laterale_Vol.mm3; key_rule=crosswalk_exact,TRUE
Eulemur_fulvus,LGN_Sousa,51.8,Stephan_etal_1981_TableIX,Stephan_etal_1981_TableIX,Corpus_geniculatum_laterale_Vol.mm3,51.6,1981,evom1_all_volume_tables,3,near_perfect,0.3861003861003779,1,0,/Users/crossmodal/Library/CloudStorage/OneDrive-AllenInstitute/Species/Evo-M1-Trait-Data/__merging_volumes/volumes_unfiltered.csv,,,Species=Eulemur fulvus; Variable=Corpus_geniculatum_laterale_Vol.mm3; key_rule=crosswalk_exact,TRUE
Eulemur_fulvus,ASG_Sousa,1253,deSousa_etal_2010_SupTable2,deSousa_etal_2010_SupTable2,Area_striata_grey_matter_Vol.mm3,1300,2010,metadata_tables,1,close_same_structure,3.6153846153846154,1,0,/Users/crossmodal/Library/CloudStorage/OneDrive-AllenInstitute/Species/Evo-M1-Trait-Data/deSousa_etal_2010/deSousa_etal_2010_SupTable2.csv,,,Species=Eulemur fulvus; Variable=Area_striata_grey_matter_Vol.mm3; key_rule=crosswalk_exact,TRUE
Eulemur_fulvus,ASG_Sousa,1253,Frahm_etal_1984_Table1,Frahm_etal_1984_Table1,Area_striata_grey_matter_Vol.mm3,1253,1984,evom1_all_volume_tables,3,near_perfect,0,1,0,/Users/crossmodal/Library/CloudStorage/OneDrive-AllenInstitute/Species/Evo-M1-Trait-Data/__merging_volumes/volumes_unfiltered.csv,,,Species=Eulemur fulvus; Variable=Area_striata_grey_matter_Vol.mm3; key_rule=crosswalk_exact,TRUE
Galago_senegalensis,LGN_Sousa,16,deSousa_etal_2010_SupTable2,deSousa_etal_2010_SupTable2,Corpus_geniculatum_laterale_Vol.mm3,16,2010,metadata_tables,1,near_perfect,0,1,0,/Users/crossmodal/Library/CloudStorage/OneDrive-AllenInstitute/Species/Evo-M1-Trait-Data/deSousa_etal_2010/deSousa_etal_2010_SupTable2.csv,,,Species=Galago senegalensis; Variable=Corpus_geniculatum_laterale_Vol.mm3; key_rule=crosswalk_exact,TRUE
Galago_senegalensis,LGN_Sousa,16,Frahm_etal_1998_Table1,Frahm_etal_1998_Table1,Corpus_geniculatum_laterale_Vol.mm3,16,1998,evom1_all_volume_tables,3,near_perfect,0,1,0,/Users/crossmodal/Library/CloudStorage/OneDrive-AllenInstitute/Species/Evo-M1-Trait-Data/__merging_volumes/volumes_unfiltered.csv,,,Species=Galago senegalensis; Variable=Corpus_geniculatum_laterale_Vol.mm3; key_rule=crosswalk_exact,TRUE
Galago_senegalensis,LGN_Sousa,16,Stephan_etal_1984_Table1,Stephan_etal_1984_Table1,Corpus_geniculatum_laterale_Vol.mm3,16,1984,evom1_all_volume_tables,3,near_perfect,0,1,0,/Users/crossmodal/Library/CloudStorage/OneDrive-AllenInstitute/Species/Evo-M1-Trait-Data/__merging_volumes/volumes_unfiltered.csv,,,Species=Galago senegalensis; Variable=Corpus_geniculatum_laterale_Vol.mm3; key_rule=crosswalk_exact,TRUE
Galago_senegalensis,LGN_Sousa,16,Stephan_etal_1981_TableIX,Stephan_etal_1981_TableIX,Corpus_geniculatum_laterale_Vol.mm3,16,1981,evom1_all_volume_tables,3,near_perfect,0,1,0,/Users/crossmodal/Library/CloudStorage/OneDrive-AllenInstitute/Species/Evo-M1-Trait-Data/__merging_volumes/volumes_unfiltered.csv,,,Species=Galago senegalensis; Variable=Corpus_geniculatum_laterale_Vol.mm3; key_rule=crosswalk_exact,TRUE
Galago_senegalensis,ASG_Sousa,301,deSousa_etal_2010_SupTable2,deSousa_etal_2010_SupTable2,Area_striata_grey_matter_Vol.mm3,300,2010,metadata_tables,1,near_perfect,0.33222591362126247,1,0,/Users/crossmodal/Library/CloudStorage/OneDrive-AllenInstitute/Species/Evo-M1-Trait-Data/deSousa_etal_2010/deSousa_etal_2010_SupTable2.csv,,,Species=Galago senegalensis; Variable=Area_striata_grey_matter_Vol.mm3; key_rule=crosswalk_exact,TRUE
Galago_senegalensis,ASG_Sousa,301,Frahm_etal_1998_Table1,Frahm_etal_1998_Table1,Area_striata_grey_matter_Vol.mm3,301,1998,evom1_all_volume_tables,3,near_perfect,0,1,0,/Users/crossmodal/Library/CloudStorage/OneDrive-AllenInstitute/Species/Evo-M1-Trait-Data/__merging_volumes/volumes_unfiltered.csv,,,Species=Galago senegalensis; Variable=Area_striata_grey_matter_Vol.mm3; key_rule=crosswalk_exact,TRUE
Galago_senegalensis,ASG_Sousa,301,Frahm_etal_1984_Table1,Frahm_etal_1984_Table1,Area_striata_grey_matter_Vol.mm3,301,1984,evom1_all_volume_tables,3,near_perfect,0,1,0,/Users/crossmodal/Library/CloudStorage/OneDrive-AllenInstitute/Species/Evo-M1-Trait-Data/__merging_volumes/volumes_unfiltered.csv,,,Species=Galago senegalensis; Variable=Area_striata_grey_matter_Vol.mm3; key_rule=crosswalk_exact,TRUE
Lagothrix_lagotricha,LGN_Sousa,164,Stephan_etal_1984_Table1,Stephan_etal_1984_Table1,Corpus_geniculatum_laterale_Vol.mm3,164,1984,evom1_all_volume_tables,3,near_perfect,0,1,0,/Users/crossmodal/Library/CloudStorage/OneDrive-AllenInstitute/Species/Evo-M1-Trait-Data/__merging_volumes/volumes_unfiltered.csv,,,Species=Lagothrix lagothricha; Variable=Corpus_geniculatum_laterale_Vol.mm3; key_rule=crosswalk_exact,TRUE
Lagothrix_lagotricha,ASG_Sousa,4856,Smaers_etal_2017_TableS1part1,Smaers_etal_2017_TableS1part1,Area_striata_grey_matter_Vol.mm3,4856,2017,evom1_all_volume_tables,3,near_perfect,0,1,0,/Users/crossmodal/Library/CloudStorage/OneDrive-AllenInstitute/Species/Evo-M1-Trait-Data/Smaers_etal_2017/Smaers_etal_2017_TableS1part1.csv,,,Species=Lagothrix lagothricha; Variable=Area_striata_grey_matter_Vol.mm3; key_rule=crosswalk_exact,TRUE
Lagothrix_lagotricha,ASG_Sousa,4856,Frahm_etal_1984_Table1,Frahm_etal_1984_Table1,Area_striata_grey_matter_Vol.mm3,4856,1984,evom1_all_volume_tables,3,near_perfect,0,1,0,/Users/crossmodal/Library/CloudStorage/OneDrive-AllenInstitute/Species/Evo-M1-Trait-Data/__merging_volumes/volumes_unfiltered.csv,,,Species=Lagothrix lagothricha; Variable=Area_striata_grey_matter_Vol.mm3; key_rule=crosswalk_exact,TRUE
Lagothrix_lagotricha,Frontal.motor.Gray,2.43,Smaers_etal_2017_TableS1part1,Smaers_etal_2017_TableS1part1,FrontalMotor_grey_matter_Vol.mm3,2434,2017,metadata_tables,1,near_perfect,0.1643385373870174,0.001,0,/Users/crossmodal/Library/CloudStorage/OneDrive-AllenInstitute/Species/Evo-M1-Trait-Data/Smaers_etal_2017/Smaers_etal_2017_TableS1part1.csv,,,Species=Lagothrix lagothricha; Variable=FrontalMotor_grey_matter_Vol.mm3; key_rule=crosswalk_exact,TRUE
Lagothrix_lagotricha,Frontal.motor,1.63,Smaers_etal_2017_TableS1part1,Smaers_etal_2017_TableS1part1,FrontalMotor_white_matter_Vol.mm3,1625,2017,metadata_tables,1,near_perfect,0.30674846625766217,0.001,0,/Users/crossmodal/Library/CloudStorage/OneDrive-AllenInstitute/Species/Evo-M1-Trait-Data/Smaers_etal_2017/Smaers_etal_2017_TableS1part1.csv,,,Species=Lagothrix lagothricha; Variable=FrontalMotor_white_matter_Vol.mm3; key_rule=crosswalk_exact,TRUE
Lagothrix_lagotricha,Primary.visual.White.Smaers,1.23,Smaers_etal_2017_TableS1part1,Smaers_etal_2017_TableS1part1,Area_striata_white_matter_Vol.mm3,1226,2017,metadata_tables,1,near_perfect,0.3252032520325206,0.001,0,/Users/crossmodal/Library/CloudStorage/OneDrive-AllenInstitute/Species/Evo-M1-Trait-Data/Smaers_etal_2017/Smaers_etal_2017_TableS1part1.csv,,,Species=Lagothrix lagothricha; Variable=Area_striata_white_matter_Vol.mm3; key_rule=crosswalk_exact,TRUE
Lagothrix_lagotricha,Primary.visual.White.Smaers,1.23,Frahm_etal_1984_Table1,Frahm_etal_1984_Table1,Area_striata_white_matter_Vol.mm3,1226,1984,evom1_all_volume_tables,3,near_perfect,0.3252032520325206,0.001,0,/Users/crossmodal/Library/CloudStorage/OneDrive-AllenInstitute/Species/Evo-M1-Trait-Data/__merging_volumes/volumes_unfiltered.csv,,,Species=Lagothrix lagothricha; Variable=Area_striata_white_matter_Vol.mm3; key_rule=crosswalk_exact,TRUE
Lagothrix_lagotricha,Prefrontal.Gray,1.89,Smaers_etal_2017_TableS1part1,Smaers_etal_2017_TableS1part1,PrefrontalCortex_grey_matter_Vol.mm3,1887,2017,metadata_tables,1,near_perfect,0.158730158730153,0.001,0,/Users/crossmodal/Library/CloudStorage/OneDrive-AllenInstitute/Species/Evo-M1-Trait-Data/Smaers_etal_2017/Smaers_etal_2017_TableS1part1.csv,,,Species=Lagothrix lagothricha; Variable=PrefrontalCortex_grey_matter_Vol.mm3; key_rule=crosswalk_exact,TRUE
Lagothrix_lagotricha,Prefrontal.Gray,1.89,Smaers_etal_2011_SupplementaryTable2,Smaers_etal_2011_SupplementaryTable2,PrefrontalCortex_grey_matter_Vol.mm3,1890,2011,evom1_all_volume_tables,3,near_perfect,1.17483917949752e-14,0.001,0,/Users/crossmodal/Library/CloudStorage/OneDrive-AllenInstitute/Species/Evo-M1-Trait-Data/__merging_volumes/volumes_unfiltered.csv,,,Species=Lagothrix lagothricha; Variable=PrefrontalCortex_grey_matter_Vol.mm3; key_rule=crosswalk_exact,TRUE
Lagothrix_lagotricha,Prefrontal.White,0.23,Smaers_etal_2017_TableS1part1,Smaers_etal_2017_TableS1part1,PrefrontalCortex_white_matter_Vol.mm3,226,2017,metadata_tables,1,near_perfect,1.7391304347826102,0.001,0,/Users/crossmodal/Library/CloudStorage/OneDrive-AllenInstitute/Species/Evo-M1-Trait-Data/Smaers_etal_2017/Smaers_etal_2017_TableS1part1.csv,,,Species=Lagothrix lagothricha; Variable=PrefrontalCortex_white_matter_Vol.mm3; key_rule=crosswalk_exact,TRUE
Lagothrix_lagotricha,Prefrontal.White,0.23,Smaers_etal_2011_SupplementaryTable2,Smaers_etal_2011_SupplementaryTable2,PrefrontalCortex_white_matter_Vol.mm3,230,2011,evom1_all_volume_tables,3,near_perfect,0,0.001,0,/Users/crossmodal/Library/CloudStorage/OneDrive-AllenInstitute/Species/Evo-M1-Trait-Data/__merging_volumes/volumes_unfiltered.csv,,,Species=Lagothrix lagothricha; Variable=PrefrontalCortex_white_matter_Vol.mm3; key_rule=crosswalk_exact,TRUE
Lagothrix_lagotricha,Other.cortical.association.areas.Gray,24.19,Smaers_etal_2017_TableS1part1,Smaers_etal_2017_TableS1part1,AssociationCortex_grey_matter_Vol.mm3,24188,2017,metadata_tables,1,near_perfect,0.008267879288972485,0.001,0,/Users/crossmodal/Library/CloudStorage/OneDrive-AllenInstitute/Species/Evo-M1-Trait-Data/Smaers_etal_2017/Smaers_etal_2017_TableS1part1.csv,,,Species=Lagothrix lagothricha; Variable=AssociationCortex_grey_matter_Vol.mm3; key_rule=crosswalk_exact,TRUE
Lagothrix_lagotricha,Other.cortical.association.areas.White,12.5,Smaers_etal_2017_TableS1part1,Smaers_etal_2017_TableS1part1,AssociationCortex_white_matter_Vol.mm3,12496,2017,metadata_tables,1,near_perfect,0.031999999999996476,0.001,0,/Users/crossmodal/Library/CloudStorage/OneDrive-AllenInstitute/Species/Evo-M1-Trait-Data/Smaers_etal_2017/Smaers_etal_2017_TableS1part1.csv,,,Species=Lagothrix lagothricha; Variable=AssociationCortex_white_matter_Vol.mm3; key_rule=crosswalk_exact,TRUE
Lepilemur_ruficaudatus,LGN_Sousa,15.6,deSousa_etal_2010_SupTable2,deSousa_etal_2010_SupTable2,Corpus_geniculatum_laterale_Vol.mm3,16,2010,metadata_tables,1,close_same_structure,2.500000000000002,1,0,/Users/crossmodal/Library/CloudStorage/OneDrive-AllenInstitute/Species/Evo-M1-Trait-Data/deSousa_etal_2010/deSousa_etal_2010_SupTable2.csv,,,Species=Lepilemur ruficaudatus; Variable=Corpus_geniculatum_laterale_Vol.mm3; key_rule=crosswalk_exact,TRUE
Lepilemur_ruficaudatus,LGN_Sousa,15.6,Stephan_etal_1984_Table1,Stephan_etal_1984_Table1,Corpus_geniculatum_laterale_Vol.mm3,15.6,1984,evom1_all_volume_tables,3,near_perfect,0,1,0,/Users/crossmodal/Library/CloudStorage/OneDrive-AllenInstitute/Species/Evo-M1-Trait-Data/__merging_volumes/volumes_unfiltered.csv,,,Species=Lepilemur ruficaudatus; Variable=Corpus_geniculatum_laterale_Vol.mm3; key_rule=crosswalk_exact,TRUE
Lepilemur_ruficaudatus,LGN_Sousa,15.6,Stephan_etal_1981_TableIX,Stephan_etal_1981_TableIX,Corpus_geniculatum_laterale_Vol.mm3,15.6,1981,evom1_all_volume_tables,3,near_perfect,0,1,0,/Users/crossmodal/Library/CloudStorage/OneDrive-AllenInstitute/Species/Evo-M1-Trait-Data/__merging_volumes/volumes_unfiltered.csv,,,Species=Lepilemur ruficaudatus; Variable=Corpus_geniculatum_laterale_Vol.mm3; key_rule=crosswalk_exact,TRUE
Lepilemur_ruficaudatus,ASG_Sousa,326,Frahm_etal_1984_Table1,Frahm_etal_1984_Table1,Area_striata_grey_matter_Vol.mm3,326,1984,evom1_all_volume_tables,3,near_perfect,0,1,0,/Users/crossmodal/Library/CloudStorage/OneDrive-AllenInstitute/Species/Evo-M1-Trait-Data/__merging_volumes/volumes_unfiltered.csv,,,Species=Lepilemur ruficaudatus; Variable=Area_striata_grey_matter_Vol.mm3; key_rule=crosswalk_exact,TRUE
Lepilemur_ruficaudatus,Nucleus.vestibularis.lateralis,2.3,Stephan_etal_1981_TableXIII,Stephan_etal_1981_TableXIII,Nucleus_vestibularis_lateralis_unilateral_Vol.mm3,2.38,1981,metadata_tables,1,close_same_structure,3.361344537815129,1,129,/Users/crossmodal/Library/CloudStorage/OneDrive-AllenInstitute/Species/Evo-M1-Trait-Data/__merging_volumes/volumes_unfiltered.csv,,,Species=Lepilemur ruficaudatus; Variable=Nucleus_vestibularis_lateralis_unilateral_Vol.mm3; key_rule=crosswalk_exact,TRUE
Lepilemur_ruficaudatus,Nucleus.vestibularis.lateralis,2.3,Matano__1986_TableI,Matano__1986_TableI,Nucleus_vestibularis_lateralis_unilateral_Vol.mm3,2.38,1986,evom1_all_volume_tables,3,close_same_structure,3.361344537815129,1,0,/Users/crossmodal/Library/CloudStorage/OneDrive-AllenInstitute/Species/Evo-M1-Trait-Data/__merging_volumes/volumes_unfiltered.csv,,,Species=Lepilemur ruficaudatus; Variable=Nucleus_vestibularis_lateralis_unilateral_Vol.mm3; key_rule=crosswalk_exact,TRUE
Macaca_fascicularis,ASG_Sousa,2713.3,deSousa_etal_2010_SupTable2,deSousa_etal_2010_SupTable2,Area_striata_grey_matter_Vol.mm3,2700,2010,metadata_tables,1,near_perfect,0.4901780120148963,1,0,/Users/crossmodal/Library/CloudStorage/OneDrive-AllenInstitute/Species/Evo-M1-Trait-Data/deSousa_etal_2010/deSousa_etal_2010_SupTable2.csv,,,Species=Macaca fascicularis; Variable=Area_striata_grey_matter_Vol.mm3; key_rule=crosswalk_exact,TRUE
Macaca_fascicularis,Brain_weight,57600,deSousa_etal_2013_Table1,deSousa_etal_2013_Table1,Brain_Mass.mg,57600,2013,evom1_all_volume_tables,3,near_perfect,0,1,15,/Users/crossmodal/Library/CloudStorage/OneDrive-AllenInstitute/Species/Evo-M1-Trait-Data/__merging_volumes/volumes_unfiltered.csv,,,Species=Macaca fascicularis; Variable=Brain_Mass.mg; key_rule=crosswalk_exact,TRUE
Macaca_mulatta,ASG_Sousa,5343,deSousa_etal_2010_SupTable2,deSousa_etal_2010_SupTable2,Area_striata_grey_matter_Vol.mm3,5300,2010,metadata_tables,1,near_perfect,0.8047913157402209,1,0,/Users/crossmodal/Library/CloudStorage/OneDrive-AllenInstitute/Species/Evo-M1-Trait-Data/deSousa_etal_2010/deSousa_etal_2010_SupTable2.csv,,,Species=Macaca mulatta; Variable=Area_striata_grey_matter_Vol.mm3; key_rule=crosswalk_exact,TRUE
Macaca_mulatta,ASG_Sousa,5343,Frahm_etal_1998_Table1,Frahm_etal_1998_Table1,Area_striata_grey_matter_Vol.mm3,5343,1998,evom1_all_volume_tables,3,near_perfect,0,1,0,/Users/crossmodal/Library/CloudStorage/OneDrive-AllenInstitute/Species/Evo-M1-Trait-Data/__merging_volumes/volumes_unfiltered.csv,,,Species=Macaca mulatta; Variable=Area_striata_grey_matter_Vol.mm3; key_rule=crosswalk_exact,TRUE
Macaca_mulatta,ASG_Sousa,5343,Frahm_etal_1984_Table1,Frahm_etal_1984_Table1,Area_striata_grey_matter_Vol.mm3,5343,1984,evom1_all_volume_tables,3,near_perfect,0,1,0,/Users/crossmodal/Library/CloudStorage/OneDrive-AllenInstitute/Species/Evo-M1-Trait-Data/__merging_volumes/volumes_unfiltered.csv,,,Species=Macaca mulatta; Variable=Area_striata_grey_matter_Vol.mm3; key_rule=crosswalk_exact,TRUE
Microcebus_murinus,LGN_Sousa,7.1,deSousa_etal_2010_SupTable2,deSousa_etal_2010_SupTable2,Corpus_geniculatum_laterale_Vol.mm3,7,2010,metadata_tables,1,close_same_structure,1.4084507042253471,1,0,/Users/crossmodal/Library/CloudStorage/OneDrive-AllenInstitute/Species/Evo-M1-Trait-Data/deSousa_etal_2010/deSousa_etal_2010_SupTable2.csv,,,Species=Microcebus murinus; Variable=Corpus_geniculatum_laterale_Vol.mm3; key_rule=crosswalk_exact,TRUE
Microcebus_murinus,LGN_Sousa,7.1,Frahm_etal_1998_Table1,Frahm_etal_1998_Table1,Corpus_geniculatum_laterale_Vol.mm3,7.1,1998,evom1_all_volume_tables,3,near_perfect,0,1,0,/Users/crossmodal/Library/CloudStorage/OneDrive-AllenInstitute/Species/Evo-M1-Trait-Data/__merging_volumes/volumes_unfiltered.csv,,,Species=Microcebus murinus; Variable=Corpus_geniculatum_laterale_Vol.mm3; key_rule=crosswalk_exact,TRUE
Microcebus_murinus,LGN_Sousa,7.1,Stephan_etal_1984_Table1,Stephan_etal_1984_Table1,Corpus_geniculatum_laterale_Vol.mm3,7.07,1984,evom1_all_volume_tables,3,near_perfect,0.42253521126759663,1,0,/Users/crossmodal/Library/CloudStorage/OneDrive-AllenInstitute/Species/Evo-M1-Trait-Data/__merging_volumes/volumes_unfiltered.csv,,,Species=Microcebus murinus; Variable=Corpus_geniculatum_laterale_Vol.mm3; key_rule=crosswalk_exact,TRUE
Microcebus_murinus,LGN_Sousa,7.1,Stephan_etal_1981_TableIX,Stephan_etal_1981_TableIX,Corpus_geniculatum_laterale_Vol.mm3,7.03,1981,evom1_all_volume_tables,3,near_perfect,0.9859154929577381,1,0,/Users/crossmodal/Library/CloudStorage/OneDrive-AllenInstitute/Species/Evo-M1-Trait-Data/__merging_volumes/volumes_unfiltered.csv,,,Species=Microcebus murinus; Variable=Corpus_geniculatum_laterale_Vol.mm3; key_rule=crosswalk_exact,TRUE
Microcebus_murinus,ASG_Sousa,136,Frahm_etal_1998_Table1,Frahm_etal_1998_Table1,Area_striata_grey_matter_Vol.mm3,136,1998,evom1_all_volume_tables,3,near_perfect,0,1,0,/Users/crossmodal/Library/CloudStorage/OneDrive-AllenInstitute/Species/Evo-M1-Trait-Data/__merging_volumes/volumes_unfiltered.csv,,,Species=Microcebus murinus; Variable=Area_striata_grey_matter_Vol.mm3; key_rule=crosswalk_exact,TRUE
Microcebus_murinus,ASG_Sousa,136,Frahm_etal_1984_Table1,Frahm_etal_1984_Table1,Area_striata_grey_matter_Vol.mm3,136,1984,evom1_all_volume_tables,3,near_perfect,0,1,0,/Users/crossmodal/Library/CloudStorage/OneDrive-AllenInstitute/Species/Evo-M1-Trait-Data/__merging_volumes/volumes_unfiltered.csv,,,Species=Microcebus murinus; Variable=Area_striata_grey_matter_Vol.mm3; key_rule=crosswalk_exact,TRUE
Miopithecus_talapoin,ASG_Sousa,2339,deSousa_etal_2010_SupTable2,deSousa_etal_2010_SupTable2,Area_striata_grey_matter_Vol.mm3,2300,2010,metadata_tables,1,close_same_structure,1.6673792218896966,1,0,/Users/crossmodal/Library/CloudStorage/OneDrive-AllenInstitute/Species/Evo-M1-Trait-Data/deSousa_etal_2010/deSousa_etal_2010_SupTable2.csv,,,Species=Miopithecus talapoin; Variable=Area_striata_grey_matter_Vol.mm3; key_rule=crosswalk_exact,TRUE
Miopithecus_talapoin,ASG_Sousa,2339,Smaers_etal_2017_TableS1part1,Smaers_etal_2017_TableS1part1,Area_striata_grey_matter_Vol.mm3,2339,2017,evom1_all_volume_tables,3,near_perfect,0,1,0,/Users/crossmodal/Library/CloudStorage/OneDrive-AllenInstitute/Species/Evo-M1-Trait-Data/Smaers_etal_2017/Smaers_etal_2017_TableS1part1.csv,,,Species=Miopithecus talapoin; Variable=Area_striata_grey_matter_Vol.mm3; key_rule=crosswalk_exact,TRUE
Miopithecus_talapoin,ASG_Sousa,2339,Frahm_etal_1998_Table1,Frahm_etal_1998_Table1,Area_striata_grey_matter_Vol.mm3,2339,1998,evom1_all_volume_tables,3,near_perfect,0,1,0,/Users/crossmodal/Library/CloudStorage/OneDrive-AllenInstitute/Species/Evo-M1-Trait-Data/__merging_volumes/volumes_unfiltered.csv,,,Species=Miopithecus talapoin; Variable=Area_striata_grey_matter_Vol.mm3; key_rule=crosswalk_exact,TRUE
Miopithecus_talapoin,ASG_Sousa,2339,Frahm_etal_1984_Table1,Frahm_etal_1984_Table1,Area_striata_grey_matter_Vol.mm3,2339,1984,evom1_all_volume_tables,3,near_perfect,0,1,0,/Users/crossmodal/Library/CloudStorage/OneDrive-AllenInstitute/Species/Evo-M1-Trait-Data/__merging_volumes/volumes_unfiltered.csv,,,Species=Miopithecus talapoin; Variable=Area_striata_grey_matter_Vol.mm3; key_rule=crosswalk_exact,TRUE
Miopithecus_talapoin,Frontal.motor.Gray,0.91,Smaers_etal_2017_TableS1part1,Smaers_etal_2017_TableS1part1,FrontalMotor_grey_matter_Vol.mm3,906,2017,metadata_tables,1,near_perfect,0.43956043956043994,0.001,0,/Users/crossmodal/Library/CloudStorage/OneDrive-AllenInstitute/Species/Evo-M1-Trait-Data/Smaers_etal_2017/Smaers_etal_2017_TableS1part1.csv,,,Species=Miopithecus talapoin; Variable=FrontalMotor_grey_matter_Vol.mm3; key_rule=crosswalk_exact,TRUE
Miopithecus_talapoin,Frontal.motor,0.55,Smaers_etal_2017_TableS1part1,Smaers_etal_2017_TableS1part1,FrontalMotor_white_matter_Vol.mm3,548,2017,metadata_tables,1,near_perfect,0.3636363636363639,0.001,0,/Users/crossmodal/Library/CloudStorage/OneDrive-AllenInstitute/Species/Evo-M1-Trait-Data/Smaers_etal_2017/Smaers_etal_2017_TableS1part1.csv,,,Species=Miopithecus talapoin; Variable=FrontalMotor_white_matter_Vol.mm3; key_rule=crosswalk_exact,TRUE
Miopithecus_talapoin,Primary.visual.White.Smaers,0.71,Smaers_etal_2017_TableS1part1,Smaers_etal_2017_TableS1part1,Area_striata_white_matter_Vol.mm3,709,2017,metadata_tables,1,near_perfect,0.14084507042253536,0.001,0,/Users/crossmodal/Library/CloudStorage/OneDrive-AllenInstitute/Species/Evo-M1-Trait-Data/Smaers_etal_2017/Smaers_etal_2017_TableS1part1.csv,,,Species=Miopithecus talapoin; Variable=Area_striata_white_matter_Vol.mm3; key_rule=crosswalk_exact,TRUE
Miopithecus_talapoin,Primary.visual.White.Smaers,0.71,Frahm_etal_1984_Table1,Frahm_etal_1984_Table1,Area_striata_white_matter_Vol.mm3,709,1984,evom1_all_volume_tables,3,near_perfect,0.14084507042253536,0.001,0,/Users/crossmodal/Library/CloudStorage/OneDrive-AllenInstitute/Species/Evo-M1-Trait-Data/__merging_volumes/volumes_unfiltered.csv,,,Species=Miopithecus talapoin; Variable=Area_striata_white_matter_Vol.mm3; key_rule=crosswalk_exact,TRUE
Miopithecus_talapoin,Prefrontal.Gray,1.02,Smaers_etal_2017_TableS1part1,Smaers_etal_2017_TableS1part1,PrefrontalCortex_grey_matter_Vol.mm3,1018,2017,metadata_tables,1,near_perfect,0.19607843137254918,0.001,0,/Users/crossmodal/Library/CloudStorage/OneDrive-AllenInstitute/Species/Evo-M1-Trait-Data/Smaers_etal_2017/Smaers_etal_2017_TableS1part1.csv,,,Species=Miopithecus talapoin; Variable=PrefrontalCortex_grey_matter_Vol.mm3; key_rule=crosswalk_exact,TRUE
Miopithecus_talapoin,Prefrontal.Gray,1.02,Smaers_etal_2011_SupplementaryTable2,Smaers_etal_2011_SupplementaryTable2,PrefrontalCortex_grey_matter_Vol.mm3,1010,2011,evom1_all_volume_tables,3,near_perfect,0.980392156862746,0.001,0,/Users/crossmodal/Library/CloudStorage/OneDrive-AllenInstitute/Species/Evo-M1-Trait-Data/__merging_volumes/volumes_unfiltered.csv,,,Species=Miopithecus talapoin; Variable=PrefrontalCortex_grey_matter_Vol.mm3; key_rule=crosswalk_exact,TRUE
Miopithecus_talapoin,Prefrontal.White,0.15,Smaers_etal_2017_TableS1part1,Smaers_etal_2017_TableS1part1,PrefrontalCortex_white_matter_Vol.mm3,152,2017,metadata_tables,1,near_perfect,1.3157894736842117,0.001,0,/Users/crossmodal/Library/CloudStorage/OneDrive-AllenInstitute/Species/Evo-M1-Trait-Data/Smaers_etal_2017/Smaers_etal_2017_TableS1part1.csv,,,Species=Miopithecus talapoin; Variable=PrefrontalCortex_white_matter_Vol.mm3; key_rule=crosswalk_exact,TRUE
Miopithecus_talapoin,Other.cortical.association.areas.Gray,12.22,Smaers_etal_2017_TableS1part1,Smaers_etal_2017_TableS1part1,AssociationCortex_grey_matter_Vol.mm3,12218,2017,metadata_tables,1,near_perfect,0.016366612111298428,0.001,0,/Users/crossmodal/Library/CloudStorage/OneDrive-AllenInstitute/Species/Evo-M1-Trait-Data/Smaers_etal_2017/Smaers_etal_2017_TableS1part1.csv,,,Species=Miopithecus talapoin; Variable=AssociationCortex_grey_matter_Vol.mm3; key_rule=crosswalk_exact,TRUE
Miopithecus_talapoin,Other.cortical.association.areas.White,4.64,Smaers_etal_2017_TableS1part1,Smaers_etal_2017_TableS1part1,AssociationCortex_white_matter_Vol.mm3,4642,2017,metadata_tables,1,near_perfect,0.04308487720811434,0.001,0,/Users/crossmodal/Library/CloudStorage/OneDrive-AllenInstitute/Species/Evo-M1-Trait-Data/Smaers_etal_2017/Smaers_etal_2017_TableS1part1.csv,,,Species=Miopithecus talapoin; Variable=AssociationCortex_white_matter_Vol.mm3; key_rule=crosswalk_exact,TRUE
Nasalis_larvatus,Frontal.motor.Gray,1.75,Smaers_etal_2017_TableS1part1,Smaers_etal_2017_TableS1part1,FrontalMotor_grey_matter_Vol.mm3,1749,2017,metadata_tables,1,near_perfect,0.05714285714285085,0.001,0,/Users/crossmodal/Library/CloudStorage/OneDrive-AllenInstitute/Species/Evo-M1-Trait-Data/Smaers_etal_2017/Smaers_etal_2017_TableS1part1.csv,,,Species=Nasalis larvatus; Variable=FrontalMotor_grey_matter_Vol.mm3; key_rule=crosswalk_exact,TRUE
Nasalis_larvatus,Frontal.motor,0.93,Smaers_etal_2017_TableS1part1,Smaers_etal_2017_TableS1part1,FrontalMotor_white_matter_Vol.mm3,933,2017,metadata_tables,1,near_perfect,0.3215434083601289,0.001,0,/Users/crossmodal/Library/CloudStorage/OneDrive-AllenInstitute/Species/Evo-M1-Trait-Data/Smaers_etal_2017/Smaers_etal_2017_TableS1part1.csv,,,Species=Nasalis larvatus; Variable=FrontalMotor_white_matter_Vol.mm3; key_rule=crosswalk_exact,TRUE
Nasalis_larvatus,Prefrontal.Gray,0.81,Smaers_etal_2017_TableS1part1,Smaers_etal_2017_TableS1part1,PrefrontalCortex_grey_matter_Vol.mm3,813,2017,metadata_tables,1,near_perfect,0.36900369003690064,0.001,0,/Users/crossmodal/Library/CloudStorage/OneDrive-AllenInstitute/Species/Evo-M1-Trait-Data/Smaers_etal_2017/Smaers_etal_2017_TableS1part1.csv,,,Species=Nasalis larvatus; Variable=PrefrontalCortex_grey_matter_Vol.mm3; key_rule=crosswalk_exact,TRUE
Nasalis_larvatus,Prefrontal.Gray,0.81,Smaers_etal_2011_SupplementaryTable2,Smaers_etal_2011_SupplementaryTable2,PrefrontalCortex_grey_matter_Vol.mm3,820,2011,evom1_all_volume_tables,3,close_same_structure,1.2195121951219523,0.001,0,/Users/crossmodal/Library/CloudStorage/OneDrive-AllenInstitute/Species/Evo-M1-Trait-Data/__merging_volumes/volumes_unfiltered.csv,,,Species=Nasalis larvatus; Variable=PrefrontalCortex_grey_matter_Vol.mm3; key_rule=crosswalk_exact,TRUE
Nasalis_larvatus,Prefrontal.White,0.07,Smaers_etal_2017_TableS1part1,Smaers_etal_2017_TableS1part1,PrefrontalCortex_white_matter_Vol.mm3,74,2017,metadata_tables,1,near_perfect,5.405405405405392,0.001,0,/Users/crossmodal/Library/CloudStorage/OneDrive-AllenInstitute/Species/Evo-M1-Trait-Data/Smaers_etal_2017/Smaers_etal_2017_TableS1part1.csv,,,Species=Nasalis larvatus; Variable=PrefrontalCortex_white_matter_Vol.mm3; key_rule=crosswalk_exact,TRUE
Nasalis_larvatus,Prefrontal.White,0.07,Smaers_etal_2011_SupplementaryTable2,Smaers_etal_2011_SupplementaryTable2,PrefrontalCortex_white_matter_Vol.mm3,70,2011,evom1_all_volume_tables,3,near_perfect,0,0.001,0,/Users/crossmodal/Library/CloudStorage/OneDrive-AllenInstitute/Species/Evo-M1-Trait-Data/__merging_volumes/volumes_unfiltered.csv,,,Species=Nasalis larvatus; Variable=PrefrontalCortex_white_matter_Vol.mm3; key_rule=crosswalk_exact,TRUE
Nycticebus_coucang,LGN_Sousa,35.9,deSousa_etal_2010_SupTable2,deSousa_etal_2010_SupTable2,Corpus_geniculatum_laterale_Vol.mm3,36,2010,metadata_tables,1,near_perfect,0.27777777777778173,1,0,/Users/crossmodal/Library/CloudStorage/OneDrive-AllenInstitute/Species/Evo-M1-Trait-Data/deSousa_etal_2010/deSousa_etal_2010_SupTable2.csv,,,Species=Nycticebus coucang; Variable=Corpus_geniculatum_laterale_Vol.mm3; key_rule=crosswalk_exact,TRUE
Nycticebus_coucang,LGN_Sousa,35.9,Stephan_etal_1984_Table1,Stephan_etal_1984_Table1,Corpus_geniculatum_laterale_Vol.mm3,35.9,1984,evom1_all_volume_tables,3,near_perfect,0,1,0,/Users/crossmodal/Library/CloudStorage/OneDrive-AllenInstitute/Species/Evo-M1-Trait-Data/__merging_volumes/volumes_unfiltered.csv,,,Species=Nycticebus coucang; Variable=Corpus_geniculatum_laterale_Vol.mm3; key_rule=crosswalk_exact,TRUE
Nycticebus_coucang,LGN_Sousa,35.9,Stephan_etal_1981_TableIX,Stephan_etal_1981_TableIX,Corpus_geniculatum_laterale_Vol.mm3,37.3,1981,evom1_all_volume_tables,3,close_same_structure,3.7533512064343126,1,0,/Users/crossmodal/Library/CloudStorage/OneDrive-AllenInstitute/Species/Evo-M1-Trait-Data/__merging_volumes/volumes_unfiltered.csv,,,Species=Nycticebus coucang; Variable=Corpus_geniculatum_laterale_Vol.mm3; key_rule=crosswalk_exact,TRUE
Nycticebus_coucang,ASG_Sousa,696,deSousa_etal_2010_SupTable2,deSousa_etal_2010_SupTable2,Area_striata_grey_matter_Vol.mm3,700,2010,metadata_tables,1,near_perfect,0.5714285714285714,1,0,/Users/crossmodal/Library/CloudStorage/OneDrive-AllenInstitute/Species/Evo-M1-Trait-Data/deSousa_etal_2010/deSousa_etal_2010_SupTable2.csv,,,Species=Nycticebus coucang; Variable=Area_striata_grey_matter_Vol.mm3; key_rule=crosswalk_exact,TRUE
Nycticebus_coucang,ASG_Sousa,696,Frahm_etal_1984_Table1,Frahm_etal_1984_Table1,Area_striata_grey_matter_Vol.mm3,696,1984,evom1_all_volume_tables,3,near_perfect,0,1,0,/Users/crossmodal/Library/CloudStorage/OneDrive-AllenInstitute/Species/Evo-M1-Trait-Data/__merging_volumes/volumes_unfiltered.csv,,,Species=Nycticebus coucang; Variable=Area_striata_grey_matter_Vol.mm3; key_rule=crosswalk_exact,TRUE
Nycticebus_coucang,Corpus.subfornicale,0.18,Stephan_etal_1981_TableXV,Stephan_etal_1981_TableXV,Corpus_subfornicale_Vol.mm3,0.175,1981,metadata_tables,1,close_same_structure,2.7777777777777803,1,88,/Users/crossmodal/Library/CloudStorage/OneDrive-AllenInstitute/Species/Evo-M1-Trait-Data/__merging_volumes/volumes_unfiltered.csv,,,Species=Nycticebus coucang; Variable=Corpus_subfornicale_Vol.mm3; key_rule=crosswalk_exact,TRUE
Otolemur_crassicaudatus,LGN_Sousa,23.2,deSousa_etal_2010_SupTable2,deSousa_etal_2010_SupTable2,Corpus_geniculatum_laterale_Vol.mm3,23,2010,metadata_tables,1,near_perfect,0.8620689655172383,1,0,/Users/crossmodal/Library/CloudStorage/OneDrive-AllenInstitute/Species/Evo-M1-Trait-Data/deSousa_etal_2010/deSousa_etal_2010_SupTable2.csv,,,Species=Otolemur crassicaudatus; Variable=Corpus_geniculatum_laterale_Vol.mm3; key_rule=crosswalk_exact,TRUE
Otolemur_crassicaudatus,LGN_Sousa,23.2,Frahm_etal_1998_Table1,Frahm_etal_1998_Table1,Corpus_geniculatum_laterale_Vol.mm3,23.2,1998,evom1_all_volume_tables,3,near_perfect,0,1,0,/Users/crossmodal/Library/CloudStorage/OneDrive-AllenInstitute/Species/Evo-M1-Trait-Data/__merging_volumes/volumes_unfiltered.csv,,,Species=Otolemur crassicaudatus; Variable=Corpus_geniculatum_laterale_Vol.mm3; key_rule=crosswalk_exact,TRUE
Otolemur_crassicaudatus,LGN_Sousa,23.2,Stephan_etal_1984_Table1,Stephan_etal_1984_Table1,Corpus_geniculatum_laterale_Vol.mm3,23.2,1984,evom1_all_volume_tables,3,near_perfect,0,1,0,/Users/crossmodal/Library/CloudStorage/OneDrive-AllenInstitute/Species/Evo-M1-Trait-Data/__merging_volumes/volumes_unfiltered.csv,,,Species=Otolemur crassicaudatus; Variable=Corpus_geniculatum_laterale_Vol.mm3; key_rule=crosswalk_exact,TRUE
Otolemur_crassicaudatus,LGN_Sousa,23.2,Stephan_etal_1981_TableIX,Stephan_etal_1981_TableIX,Corpus_geniculatum_laterale_Vol.mm3,22.1,1981,evom1_all_volume_tables,3,close_same_structure,4.7413793103448185,1,0,/Users/crossmodal/Library/CloudStorage/OneDrive-AllenInstitute/Species/Evo-M1-Trait-Data/__merging_volumes/volumes_unfiltered.csv,,,Species=Otolemur crassicaudatus; Variable=Corpus_geniculatum_laterale_Vol.mm3; key_rule=crosswalk_exact,TRUE
Otolemur_crassicaudatus,ASG_Sousa,479,deSousa_etal_2010_SupTable2,deSousa_etal_2010_SupTable2,Area_striata_grey_matter_Vol.mm3,500,2010,metadata_tables,1,close_same_structure,4.2,1,0,/Users/crossmodal/Library/CloudStorage/OneDrive-AllenInstitute/Species/Evo-M1-Trait-Data/deSousa_etal_2010/deSousa_etal_2010_SupTable2.csv,,,Species=Otolemur crassicaudatus; Variable=Area_striata_grey_matter_Vol.mm3; key_rule=crosswalk_exact,TRUE
Otolemur_crassicaudatus,ASG_Sousa,479,Frahm_etal_1998_Table1,Frahm_etal_1998_Table1,Area_striata_grey_matter_Vol.mm3,479,1998,evom1_all_volume_tables,3,near_perfect,0,1,0,/Users/crossmodal/Library/CloudStorage/OneDrive-AllenInstitute/Species/Evo-M1-Trait-Data/__merging_volumes/volumes_unfiltered.csv,,,Species=Otolemur crassicaudatus; Variable=Area_striata_grey_matter_Vol.mm3; key_rule=crosswalk_exact,TRUE
Otolemur_crassicaudatus,ASG_Sousa,479,Frahm_etal_1984_Table1,Frahm_etal_1984_Table1,Area_striata_grey_matter_Vol.mm3,479,1984,evom1_all_volume_tables,3,near_perfect,0,1,0,/Users/crossmodal/Library/CloudStorage/OneDrive-AllenInstitute/Species/Evo-M1-Trait-Data/__merging_volumes/volumes_unfiltered.csv,,,Species=Otolemur crassicaudatus; Variable=Area_striata_grey_matter_Vol.mm3; key_rule=crosswalk_exact,TRUE
Papio_anubis,ASG_Sousa,10001,deSousa_etal_2010_SupTable2,deSousa_etal_2010_SupTable2,Area_striata_grey_matter_Vol.mm3,10000,2010,metadata_tables,1,near_perfect,0.009999000099990002,1,0,/Users/crossmodal/Library/CloudStorage/OneDrive-AllenInstitute/Species/Evo-M1-Trait-Data/deSousa_etal_2010/deSousa_etal_2010_SupTable2.csv,,,Species=Papio anubis; Variable=Area_striata_grey_matter_Vol.mm3; key_rule=crosswalk_exact,TRUE
Papio_anubis,ASG_Sousa,10001,Smaers_etal_2017_TableS1part1,Smaers_etal_2017_TableS1part1,Area_striata_grey_matter_Vol.mm3,10001,2017,evom1_all_volume_tables,3,near_perfect,0,1,0,/Users/crossmodal/Library/CloudStorage/OneDrive-AllenInstitute/Species/Evo-M1-Trait-Data/Smaers_etal_2017/Smaers_etal_2017_TableS1part1.csv,,,Species=Papio anubis; Variable=Area_striata_grey_matter_Vol.mm3; key_rule=crosswalk_exact,TRUE
Papio_anubis,ASG_Sousa,10001,Frahm_etal_1998_Table1,Frahm_etal_1998_Table1,Area_striata_grey_matter_Vol.mm3,10001,1998,evom1_all_volume_tables,3,near_perfect,0,1,0,/Users/crossmodal/Library/CloudStorage/OneDrive-AllenInstitute/Species/Evo-M1-Trait-Data/__merging_volumes/volumes_unfiltered.csv,,,Species=Papio anubis; Variable=Area_striata_grey_matter_Vol.mm3; key_rule=crosswalk_exact,TRUE
Papio_anubis,ASG_Sousa,10001,Frahm_etal_1984_Table1,Frahm_etal_1984_Table1,Area_striata_grey_matter_Vol.mm3,10001,1984,evom1_all_volume_tables,3,near_perfect,0,1,0,/Users/crossmodal/Library/CloudStorage/OneDrive-AllenInstitute/Species/Evo-M1-Trait-Data/__merging_volumes/volumes_unfiltered.csv,,,Species=Papio anubis; Variable=Area_striata_grey_matter_Vol.mm3; key_rule=crosswalk_exact,TRUE
Papio_anubis,Frontal.motor.Gray,4.69,Smaers_etal_2017_TableS1part1,Smaers_etal_2017_TableS1part1,FrontalMotor_grey_matter_Vol.mm3,4686,2017,metadata_tables,1,near_perfect,0.08528784648188587,0.001,0,/Users/crossmodal/Library/CloudStorage/OneDrive-AllenInstitute/Species/Evo-M1-Trait-Data/Smaers_etal_2017/Smaers_etal_2017_TableS1part1.csv,,,Species=Papio anubis; Variable=FrontalMotor_grey_matter_Vol.mm3; key_rule=crosswalk_exact,TRUE
Papio_anubis,Frontal.motor,3.33,Smaers_etal_2017_TableS1part1,Smaers_etal_2017_TableS1part1,FrontalMotor_white_matter_Vol.mm3,3325,2017,metadata_tables,1,near_perfect,0.15015015015014693,0.001,0,/Users/crossmodal/Library/CloudStorage/OneDrive-AllenInstitute/Species/Evo-M1-Trait-Data/Smaers_etal_2017/Smaers_etal_2017_TableS1part1.csv,,,Species=Papio anubis; Variable=FrontalMotor_white_matter_Vol.mm3; key_rule=crosswalk_exact,TRUE
Papio_anubis,Primary.visual.White.Smaers,3.74,Smaers_etal_2017_TableS1part1,Smaers_etal_2017_TableS1part1,Area_striata_white_matter_Vol.mm3,3740,2017,metadata_tables,1,near_perfect,0,0.001,0,/Users/crossmodal/Library/CloudStorage/OneDrive-AllenInstitute/Species/Evo-M1-Trait-Data/Smaers_etal_2017/Smaers_etal_2017_TableS1part1.csv,,,Species=Papio anubis; Variable=Area_striata_white_matter_Vol.mm3; key_rule=crosswalk_exact,TRUE
Papio_anubis,Primary.visual.White.Smaers,3.74,Frahm_etal_1984_Table1,Frahm_etal_1984_Table1,Area_striata_white_matter_Vol.mm3,3740,1984,evom1_all_volume_tables,3,near_perfect,0,0.001,0,/Users/crossmodal/Library/CloudStorage/OneDrive-AllenInstitute/Species/Evo-M1-Trait-Data/__merging_volumes/volumes_unfiltered.csv,,,Species=Papio anubis; Variable=Area_striata_white_matter_Vol.mm3; key_rule=crosswalk_exact,TRUE
Papio_anubis,Prefrontal.Gray,3.92,Smaers_etal_2017_TableS1part1,Smaers_etal_2017_TableS1part1,PrefrontalCortex_grey_matter_Vol.mm3,3921,2017,metadata_tables,1,near_perfect,0.025503698036223765,0.001,0,/Users/crossmodal/Library/CloudStorage/OneDrive-AllenInstitute/Species/Evo-M1-Trait-Data/Smaers_etal_2017/Smaers_etal_2017_TableS1part1.csv,,,Species=Papio anubis; Variable=PrefrontalCortex_grey_matter_Vol.mm3; key_rule=crosswalk_exact,TRUE
Papio_anubis,Prefrontal.Gray,3.92,Smaers_etal_2011_SupplementaryTable2,Smaers_etal_2011_SupplementaryTable2,PrefrontalCortex_grey_matter_Vol.mm3,3920,2011,evom1_all_volume_tables,3,near_perfect,0,0.001,0,/Users/crossmodal/Library/CloudStorage/OneDrive-AllenInstitute/Species/Evo-M1-Trait-Data/__merging_volumes/volumes_unfiltered.csv,,,Species=Papio anubis; Variable=PrefrontalCortex_grey_matter_Vol.mm3; key_rule=crosswalk_exact,TRUE
Papio_anubis,Prefrontal.White,0.85,Smaers_etal_2017_TableS1part1,Smaers_etal_2017_TableS1part1,PrefrontalCortex_white_matter_Vol.mm3,845,2017,metadata_tables,1,near_perfect,0.5882352941176476,0.001,0,/Users/crossmodal/Library/CloudStorage/OneDrive-AllenInstitute/Species/Evo-M1-Trait-Data/Smaers_etal_2017/Smaers_etal_2017_TableS1part1.csv,,,Species=Papio anubis; Variable=PrefrontalCortex_white_matter_Vol.mm3; key_rule=crosswalk_exact,TRUE
Papio_anubis,Prefrontal.White,0.85,Smaers_etal_2011_SupplementaryTable2,Smaers_etal_2011_SupplementaryTable2,PrefrontalCortex_white_matter_Vol.mm3,850,2011,evom1_all_volume_tables,3,near_perfect,0,0.001,0,/Users/crossmodal/Library/CloudStorage/OneDrive-AllenInstitute/Species/Evo-M1-Trait-Data/__merging_volumes/volumes_unfiltered.csv,,,Species=Papio anubis; Variable=PrefrontalCortex_white_matter_Vol.mm3; key_rule=crosswalk_exact,TRUE
Papio_anubis,Other.cortical.association.areas.Gray,45.24,Smaers_etal_2017_TableS1part1,Smaers_etal_2017_TableS1part1,AssociationCortex_grey_matter_Vol.mm3,45240,2017,metadata_tables,1,near_perfect,0,0.001,0,/Users/crossmodal/Library/CloudStorage/OneDrive-AllenInstitute/Species/Evo-M1-Trait-Data/Smaers_etal_2017/Smaers_etal_2017_TableS1part1.csv,,,Species=Papio anubis; Variable=AssociationCortex_grey_matter_Vol.mm3; key_rule=crosswalk_exact,TRUE
Papio_anubis,Other.cortical.association.areas.White,33.84,Smaers_etal_2017_TableS1part1,Smaers_etal_2017_TableS1part1,AssociationCortex_white_matter_Vol.mm3,33835,2017,metadata_tables,1,near_perfect,0.014775413711591481,0.001,0,/Users/crossmodal/Library/CloudStorage/OneDrive-AllenInstitute/Species/Evo-M1-Trait-Data/Smaers_etal_2017/Smaers_etal_2017_TableS1part1.csv,,,Species=Papio anubis; Variable=AssociationCortex_white_matter_Vol.mm3; key_rule=crosswalk_exact,TRUE
Pithecia_monachus,LGN_Sousa,76.3,deSousa_etal_2010_SupTable2,deSousa_etal_2010_SupTable2,Corpus_geniculatum_laterale_Vol.mm3,76,2010,metadata_tables,1,near_perfect,0.3931847968545179,1,0,/Users/crossmodal/Library/CloudStorage/OneDrive-AllenInstitute/Species/Evo-M1-Trait-Data/deSousa_etal_2010/deSousa_etal_2010_SupTable2.csv,,,Species=Pithecia monachus; Variable=Corpus_geniculatum_laterale_Vol.mm3; key_rule=crosswalk_exact,TRUE
Pithecia_monachus,LGN_Sousa,76.3,Frahm_etal_1998_Table1,Frahm_etal_1998_Table1,Corpus_geniculatum_laterale_Vol.mm3,76.3,1998,evom1_all_volume_tables,3,near_perfect,0,1,0,/Users/crossmodal/Library/CloudStorage/OneDrive-AllenInstitute/Species/Evo-M1-Trait-Data/__merging_volumes/volumes_unfiltered.csv,,,Species=Pithecia monachus; Variable=Corpus_geniculatum_laterale_Vol.mm3; key_rule=crosswalk_exact,TRUE
Pithecia_monachus,LGN_Sousa,76.3,Stephan_etal_1984_Table1,Stephan_etal_1984_Table1,Corpus_geniculatum_laterale_Vol.mm3,76.3,1984,evom1_all_volume_tables,3,near_perfect,0,1,0,/Users/crossmodal/Library/CloudStorage/OneDrive-AllenInstitute/Species/Evo-M1-Trait-Data/__merging_volumes/volumes_unfiltered.csv,,,Species=Pithecia monachus; Variable=Corpus_geniculatum_laterale_Vol.mm3; key_rule=crosswalk_exact,TRUE
Pithecia_monachus,ASG_Sousa,1679,deSousa_etal_2010_SupTable2,deSousa_etal_2010_SupTable2,Area_striata_grey_matter_Vol.mm3,1700,2010,metadata_tables,1,close_same_structure,1.2352941176470589,1,0,/Users/crossmodal/Library/CloudStorage/OneDrive-AllenInstitute/Species/Evo-M1-Trait-Data/deSousa_etal_2010/deSousa_etal_2010_SupTable2.csv,,,Species=Pithecia monachus; Variable=Area_striata_grey_matter_Vol.mm3; key_rule=crosswalk_exact,TRUE
Pithecia_monachus,ASG_Sousa,1679,Frahm_etal_1998_Table1,Frahm_etal_1998_Table1,Area_striata_grey_matter_Vol.mm3,1679,1998,evom1_all_volume_tables,3,near_perfect,0,1,0,/Users/crossmodal/Library/CloudStorage/OneDrive-AllenInstitute/Species/Evo-M1-Trait-Data/__merging_volumes/volumes_unfiltered.csv,,,Species=Pithecia monachus; Variable=Area_striata_grey_matter_Vol.mm3; key_rule=crosswalk_exact,TRUE
Pithecia_monachus,ASG_Sousa,1679,Frahm_etal_1984_Table1,Frahm_etal_1984_Table1,Area_striata_grey_matter_Vol.mm3,1679,1984,evom1_all_volume_tables,3,near_perfect,0,1,0,/Users/crossmodal/Library/CloudStorage/OneDrive-AllenInstitute/Species/Evo-M1-Trait-Data/__merging_volumes/volumes_unfiltered.csv,,,Species=Pithecia monachus; Variable=Area_striata_grey_matter_Vol.mm3; key_rule=crosswalk_exact,TRUE
Plecturocebus_moloch,LGN_Sousa,54.2,deSousa_etal_2010_SupTable2,deSousa_etal_2010_SupTable2,Corpus_geniculatum_laterale_Vol.mm3,54,2010,metadata_tables,1,near_perfect,0.3690036900369056,1,0,/Users/crossmodal/Library/CloudStorage/OneDrive-AllenInstitute/Species/Evo-M1-Trait-Data/deSousa_etal_2010/deSousa_etal_2010_SupTable2.csv,,,Species=Callicebus moloch; Variable=Corpus_geniculatum_laterale_Vol.mm3; key_rule=crosswalk_exact,TRUE
Plecturocebus_moloch,LGN_Sousa,54.2,Frahm_etal_1998_Table1,Frahm_etal_1998_Table1,Corpus_geniculatum_laterale_Vol.mm3,54.2,1998,evom1_all_volume_tables,3,near_perfect,0,1,0,/Users/crossmodal/Library/CloudStorage/OneDrive-AllenInstitute/Species/Evo-M1-Trait-Data/__merging_volumes/volumes_unfiltered.csv,,,Species=Callicebus moloch; Variable=Corpus_geniculatum_laterale_Vol.mm3; key_rule=crosswalk_exact,TRUE
Plecturocebus_moloch,LGN_Sousa,54.2,Stephan_etal_1984_Table1,Stephan_etal_1984_Table1,Corpus_geniculatum_laterale_Vol.mm3,54.2,1984,evom1_all_volume_tables,3,near_perfect,0,1,0,/Users/crossmodal/Library/CloudStorage/OneDrive-AllenInstitute/Species/Evo-M1-Trait-Data/__merging_volumes/volumes_unfiltered.csv,,,Species=Callicebus moloch; Variable=Corpus_geniculatum_laterale_Vol.mm3; key_rule=crosswalk_exact,TRUE
Plecturocebus_moloch,LGN_Sousa,54.2,Stephan_etal_1981_TableIX,Stephan_etal_1981_TableIX,Corpus_geniculatum_laterale_Vol.mm3,53.2,1981,evom1_all_volume_tables,3,close_same_structure,1.8450184501845017,1,0,/Users/crossmodal/Library/CloudStorage/OneDrive-AllenInstitute/Species/Evo-M1-Trait-Data/__merging_volumes/volumes_unfiltered.csv,,,Species=Callicebus moloch; Variable=Corpus_geniculatum_laterale_Vol.mm3; key_rule=crosswalk_exact,TRUE
Plecturocebus_moloch,ASG_Sousa,1201,deSousa_etal_2010_SupTable2,deSousa_etal_2010_SupTable2,Area_striata_grey_matter_Vol.mm3,1200,2010,metadata_tables,1,near_perfect,0.08326394671107411,1,0,/Users/crossmodal/Library/CloudStorage/OneDrive-AllenInstitute/Species/Evo-M1-Trait-Data/deSousa_etal_2010/deSousa_etal_2010_SupTable2.csv,,,Species=Callicebus moloch; Variable=Area_striata_grey_matter_Vol.mm3; key_rule=crosswalk_exact,TRUE
Plecturocebus_moloch,ASG_Sousa,1201,Frahm_etal_1998_Table1,Frahm_etal_1998_Table1,Area_striata_grey_matter_Vol.mm3,1201,1998,evom1_all_volume_tables,3,near_perfect,0,1,0,/Users/crossmodal/Library/CloudStorage/OneDrive-AllenInstitute/Species/Evo-M1-Trait-Data/__merging_volumes/volumes_unfiltered.csv,,,Species=Callicebus moloch; Variable=Area_striata_grey_matter_Vol.mm3; key_rule=crosswalk_exact,TRUE
Plecturocebus_moloch,ASG_Sousa,1201,Frahm_etal_1984_Table1,Frahm_etal_1984_Table1,Area_striata_grey_matter_Vol.mm3,1201,1984,evom1_all_volume_tables,3,near_perfect,0,1,0,/Users/crossmodal/Library/CloudStorage/OneDrive-AllenInstitute/Species/Evo-M1-Trait-Data/__merging_volumes/volumes_unfiltered.csv,,,Species=Callicebus moloch; Variable=Area_striata_grey_matter_Vol.mm3; key_rule=crosswalk_exact,TRUE
Plecturocebus_moloch,Bulbus_olfactorius_accessorius,0.33,Stephan_etal_1981_TableVI,Stephan_etal_1981_TableVI,Bulbus_olfactorius_accessorius_Vol.mm3,0.325,1981,metadata_tables,1,close_same_structure,1.5151515151515165,1,215,/Users/crossmodal/Library/CloudStorage/OneDrive-AllenInstitute/Species/Evo-M1-Trait-Data/__merging_volumes/volumes_unfiltered.csv,,,Species=Callicebus moloch; Variable=Bulbus_olfactorius_accessorius_Vol.mm3; key_rule=crosswalk_exact,TRUE
Propithecus_verreauxi,LGN_Sousa,64.5,deSousa_etal_2010_SupTable2,deSousa_etal_2010_SupTable2,Corpus_geniculatum_laterale_Vol.mm3,65,2010,metadata_tables,1,near_perfect,0.7692307692307693,1,0,/Users/crossmodal/Library/CloudStorage/OneDrive-AllenInstitute/Species/Evo-M1-Trait-Data/deSousa_etal_2010/deSousa_etal_2010_SupTable2.csv,,,Species=Propithecus verreauxi; Variable=Corpus_geniculatum_laterale_Vol.mm3; key_rule=crosswalk_exact,TRUE
Propithecus_verreauxi,LGN_Sousa,64.5,Stephan_etal_1984_Table1,Stephan_etal_1984_Table1,Corpus_geniculatum_laterale_Vol.mm3,64.5,1984,evom1_all_volume_tables,3,near_perfect,0,1,0,/Users/crossmodal/Library/CloudStorage/OneDrive-AllenInstitute/Species/Evo-M1-Trait-Data/__merging_volumes/volumes_unfiltered.csv,,,Species=Propithecus verreauxi; Variable=Corpus_geniculatum_laterale_Vol.mm3; key_rule=crosswalk_exact,TRUE
Propithecus_verreauxi,ASG_Sousa,1106,deSousa_etal_2010_SupTable2,deSousa_etal_2010_SupTable2,Area_striata_grey_matter_Vol.mm3,1100,2010,metadata_tables,1,near_perfect,0.5424954792043399,1,0,/Users/crossmodal/Library/CloudStorage/OneDrive-AllenInstitute/Species/Evo-M1-Trait-Data/deSousa_etal_2010/deSousa_etal_2010_SupTable2.csv,,,Species=Propithecus verreauxi; Variable=Area_striata_grey_matter_Vol.mm3; key_rule=crosswalk_exact,TRUE
Propithecus_verreauxi,ASG_Sousa,1106,Frahm_etal_1984_Table1,Frahm_etal_1984_Table1,Area_striata_grey_matter_Vol.mm3,1106,1984,evom1_all_volume_tables,3,near_perfect,0,1,0,/Users/crossmodal/Library/CloudStorage/OneDrive-AllenInstitute/Species/Evo-M1-Trait-Data/__merging_volumes/volumes_unfiltered.csv,,,Species=Propithecus verreauxi; Variable=Area_striata_grey_matter_Vol.mm3; key_rule=crosswalk_exact,TRUE
Saguinus_midas,LGN_Sousa,36,deSousa_etal_2010_SupTable2,deSousa_etal_2010_SupTable2,Corpus_geniculatum_laterale_Vol.mm3,36,2010,metadata_tables,1,near_perfect,0,1,0,/Users/crossmodal/Library/CloudStorage/OneDrive-AllenInstitute/Species/Evo-M1-Trait-Data/deSousa_etal_2010/deSousa_etal_2010_SupTable2.csv,,,Species=Saguinus midas; Variable=Corpus_geniculatum_laterale_Vol.mm3; key_rule=crosswalk_exact,TRUE
Saguinus_midas,LGN_Sousa,36,Frahm_etal_1998_Table1,Frahm_etal_1998_Table1,Corpus_geniculatum_laterale_Vol.mm3,36,1998,evom1_all_volume_tables,3,near_perfect,0,1,0,/Users/crossmodal/Library/CloudStorage/OneDrive-AllenInstitute/Species/Evo-M1-Trait-Data/__merging_volumes/volumes_unfiltered.csv,,,Species=Saguinus midas; Variable=Corpus_geniculatum_laterale_Vol.mm3; key_rule=crosswalk_exact,TRUE
Saguinus_midas,LGN_Sousa,36,Stephan_etal_1981_TableIX,Stephan_etal_1981_TableIX,Corpus_geniculatum_laterale_Vol.mm3,36.8,1981,evom1_all_volume_tables,3,close_same_structure,2.173913043478253,1,0,/Users/crossmodal/Library/CloudStorage/OneDrive-AllenInstitute/Species/Evo-M1-Trait-Data/__merging_volumes/volumes_unfiltered.csv,,,Species=Saguinus midas; Variable=Corpus_geniculatum_laterale_Vol.mm3; key_rule=crosswalk_exact,TRUE
Saguinus_midas,ASG_Sousa,841,deSousa_etal_2010_SupTable2,deSousa_etal_2010_SupTable2,Area_striata_grey_matter_Vol.mm3,800,2010,metadata_tables,1,close_same_structure,4.875148632580261,1,0,/Users/crossmodal/Library/CloudStorage/OneDrive-AllenInstitute/Species/Evo-M1-Trait-Data/deSousa_etal_2010/deSousa_etal_2010_SupTable2.csv,,,Species=Saguinus midas; Variable=Area_striata_grey_matter_Vol.mm3; key_rule=crosswalk_exact,TRUE
Saguinus_midas,ASG_Sousa,841,Frahm_etal_1998_Table1,Frahm_etal_1998_Table1,Area_striata_grey_matter_Vol.mm3,841,1998,evom1_all_volume_tables,3,near_perfect,0,1,0,/Users/crossmodal/Library/CloudStorage/OneDrive-AllenInstitute/Species/Evo-M1-Trait-Data/__merging_volumes/volumes_unfiltered.csv,,,Species=Saguinus midas; Variable=Area_striata_grey_matter_Vol.mm3; key_rule=crosswalk_exact,TRUE
Saguinus_midas,ASG_Sousa,841,Frahm_etal_1984_Table1,Frahm_etal_1984_Table1,Area_striata_grey_matter_Vol.mm3,841,1984,evom1_all_volume_tables,3,near_perfect,0,1,0,/Users/crossmodal/Library/CloudStorage/OneDrive-AllenInstitute/Species/Evo-M1-Trait-Data/__merging_volumes/volumes_unfiltered.csv,,,Species=Saguinus midas; Variable=Area_striata_grey_matter_Vol.mm3; key_rule=crosswalk_exact,TRUE
Saimiri_sciureus,LGN_Sousa,62.9,deSousa_etal_2010_SupTable2,deSousa_etal_2010_SupTable2,Corpus_geniculatum_laterale_Vol.mm3,63,2010,metadata_tables,1,near_perfect,0.158730158730161,1,0,/Users/crossmodal/Library/CloudStorage/OneDrive-AllenInstitute/Species/Evo-M1-Trait-Data/deSousa_etal_2010/deSousa_etal_2010_SupTable2.csv,,,Species=Saimiri sciureus; Variable=Corpus_geniculatum_laterale_Vol.mm3; key_rule=crosswalk_exact,TRUE
Saimiri_sciureus,LGN_Sousa,62.9,Stephan_etal_1984_Table1,Stephan_etal_1984_Table1,Corpus_geniculatum_laterale_Vol.mm3,62.9,1984,evom1_all_volume_tables,3,near_perfect,0,1,0,/Users/crossmodal/Library/CloudStorage/OneDrive-AllenInstitute/Species/Evo-M1-Trait-Data/__merging_volumes/volumes_unfiltered.csv,,,Species=Saimiri sciureus; Variable=Corpus_geniculatum_laterale_Vol.mm3; key_rule=crosswalk_exact,TRUE
Saimiri_sciureus,LGN_Sousa,62.9,Stephan_etal_1981_TableIX,Stephan_etal_1981_TableIX,Corpus_geniculatum_laterale_Vol.mm3,62.9,1981,evom1_all_volume_tables,3,near_perfect,0,1,0,/Users/crossmodal/Library/CloudStorage/OneDrive-AllenInstitute/Species/Evo-M1-Trait-Data/__merging_volumes/volumes_unfiltered.csv,,,Species=Saimiri sciureus; Variable=Corpus_geniculatum_laterale_Vol.mm3; key_rule=crosswalk_exact,TRUE
Saimiri_sciureus,ASG_Sousa,1884,deSousa_etal_2010_SupTable2,deSousa_etal_2010_SupTable2,Area_striata_grey_matter_Vol.mm3,1900,2010,metadata_tables,1,near_perfect,0.8421052631578947,1,0,/Users/crossmodal/Library/CloudStorage/OneDrive-AllenInstitute/Species/Evo-M1-Trait-Data/deSousa_etal_2010/deSousa_etal_2010_SupTable2.csv,,,Species=Saimiri sciureus; Variable=Area_striata_grey_matter_Vol.mm3; key_rule=crosswalk_exact,TRUE
Saimiri_sciureus,ASG_Sousa,1884,Frahm_etal_1984_Table1,Frahm_etal_1984_Table1,Area_striata_grey_matter_Vol.mm3,1884,1984,evom1_all_volume_tables,3,near_perfect,0,1,0,/Users/crossmodal/Library/CloudStorage/OneDrive-AllenInstitute/Species/Evo-M1-Trait-Data/__merging_volumes/volumes_unfiltered.csv,,,Species=Saimiri sciureus; Variable=Area_striata_grey_matter_Vol.mm3; key_rule=crosswalk_exact,TRUE
Tarsius_syrichta,LGN_Sousa,20.8,deSousa_etal_2010_SupTable2,deSousa_etal_2010_SupTable2,Corpus_geniculatum_laterale_Vol.mm3,21,2010,metadata_tables,1,near_perfect,0.952380952380949,1,0,/Users/crossmodal/Library/CloudStorage/OneDrive-AllenInstitute/Species/Evo-M1-Trait-Data/deSousa_etal_2010/deSousa_etal_2010_SupTable2.csv,,,Species=Tarsius sp.; Variable=Corpus_geniculatum_laterale_Vol.mm3; key_rule=crosswalk_exact,TRUE
Tarsius_syrichta,LGN_Sousa,20.8,Frahm_etal_1998_Table1,Frahm_etal_1998_Table1,Corpus_geniculatum_laterale_Vol.mm3,20.8,1998,evom1_all_volume_tables,3,near_perfect,0,1,0,/Users/crossmodal/Library/CloudStorage/OneDrive-AllenInstitute/Species/Evo-M1-Trait-Data/__merging_volumes/volumes_unfiltered.csv,,,Species=Tarsius sp.; Variable=Corpus_geniculatum_laterale_Vol.mm3; key_rule=crosswalk_exact,TRUE
Tarsius_syrichta,LGN_Sousa,20.8,Stephan_etal_1984_Table1,Stephan_etal_1984_Table1,Corpus_geniculatum_laterale_Vol.mm3,20.8,1984,evom1_all_volume_tables,3,near_perfect,0,1,0,/Users/crossmodal/Library/CloudStorage/OneDrive-AllenInstitute/Species/Evo-M1-Trait-Data/__merging_volumes/volumes_unfiltered.csv,,,Species=Tarsius sp.; Variable=Corpus_geniculatum_laterale_Vol.mm3; key_rule=crosswalk_exact,TRUE
Tarsius_syrichta,LGN_Sousa,20.8,Stephan_etal_1981_TableIX,Stephan_etal_1981_TableIX,Corpus_geniculatum_laterale_Vol.mm3,20.8,1981,evom1_all_volume_tables,3,near_perfect,0,1,0,/Users/crossmodal/Library/CloudStorage/OneDrive-AllenInstitute/Species/Evo-M1-Trait-Data/__merging_volumes/volumes_unfiltered.csv,,,Species=Tarsius sp.; Variable=Corpus_geniculatum_laterale_Vol.mm3; key_rule=crosswalk_exact,TRUE
Tarsius_syrichta,ASG_Sousa,349,Frahm_etal_1998_Table1,Frahm_etal_1998_Table1,Area_striata_grey_matter_Vol.mm3,349,1998,evom1_all_volume_tables,3,near_perfect,0,1,0,/Users/crossmodal/Library/CloudStorage/OneDrive-AllenInstitute/Species/Evo-M1-Trait-Data/__merging_volumes/volumes_unfiltered.csv,,,Species=Tarsius sp.; Variable=Area_striata_grey_matter_Vol.mm3; key_rule=crosswalk_exact,TRUE
Tarsius_syrichta,ASG_Sousa,349,Frahm_etal_1984_Table1,Frahm_etal_1984_Table1,Area_striata_grey_matter_Vol.mm3,349,1984,evom1_all_volume_tables,3,near_perfect,0,1,0,/Users/crossmodal/Library/CloudStorage/OneDrive-AllenInstitute/Species/Evo-M1-Trait-Data/__merging_volumes/volumes_unfiltered.csv,,,Species=Tarsius sp.; Variable=Area_striata_grey_matter_Vol.mm3; key_rule=crosswalk_exact,TRUE
Ateles_geoffroyi,LGN_Sousa,151,deSousa_etal_2010 [restricted: Visual_volumes.xlsx],deSousa_etal_2010,NA,151,2010,restricted_documents,5,near_perfect,0,1,0,restricted_checks/deSousa_etal_2010/comparison/Visual_volumes.xlsx,Sheet1,R28C10,species_match_strength=2; structure_context_match=TRUE,TRUE
Ateles_geoffroyi,LGN_Sousa,151,deSousa_etal_2010 [restricted: Visual_volumes.xlsx],deSousa_etal_2010,NA,0.151,2010,restricted_documents,5,near_perfect,0,1000,0,restricted_checks/deSousa_etal_2010/comparison/Visual_volumes.xlsx,Sheet1,R28C6,species_match_strength=2; structure_context_match=TRUE,TRUE
Ateles_geoffroyi,LGN_Sousa,151,deSousa_etal_2010 [restricted: Visual_volumes.xlsx],deSousa_etal_2010,NA,151,2010,restricted_documents,5,near_perfect,0,1,0,restricted_checks/deSousa_etal_2010/comparison/Visual_volumes.xlsx,Sheet2,R28C6,species_match_strength=2; structure_context_match=TRUE,TRUE
Ateles_geoffroyi,LGN_Sousa,151,deSousa_etal_2010 [restricted: deSousa_2010.csv],deSousa_etal_2010,NA,151,2010,restricted_documents,5,near_perfect,0,1,0,restricted_checks/deSousa_etal_2010/comparison/deSousa_2010.csv,,R8C6,species_match_strength=2; structure_context_match=TRUE,TRUE
Ateles_geoffroyi,LGN_Sousa,151,Stephan_etal_1981 [restricted: Stephan_1981.csv],Stephan_etal_1981,NA,151,1981,restricted_documents,6,near_perfect,0,1,1384,restricted_checks/Stephan_etal_1981/comparison/Stephan_1981.csv,,R8C40,species_match_strength=2; structure_context_match=TRUE,TRUE
Ateles_geoffroyi,ASG_Sousa,3753,deSousa_etal_2010 [restricted: Visual_volumes.xlsx],deSousa_etal_2010,NA,3.753,2010,restricted_documents,5,near_perfect,0,1000,0,restricted_checks/deSousa_etal_2010/comparison/Visual_volumes.xlsx,Sheet1,R28C5,species_match_strength=2; structure_context_match=TRUE,TRUE
Ateles_geoffroyi,ASG_Sousa,3753,deSousa_etal_2010 [restricted: Visual_volumes.xlsx],deSousa_etal_2010,NA,3753,2010,restricted_documents,5,near_perfect,0,1,0,restricted_checks/deSousa_etal_2010/comparison/Visual_volumes.xlsx,Sheet1,R28C9,species_match_strength=2; structure_context_match=TRUE,TRUE
Ateles_geoffroyi,ASG_Sousa,3753,deSousa_etal_2010 [restricted: Visual_volumes.xlsx],deSousa_etal_2010,NA,3753,2010,restricted_documents,5,near_perfect,0,1,0,restricted_checks/deSousa_etal_2010/comparison/Visual_volumes.xlsx,Sheet2,R28C5,species_match_strength=2; structure_context_match=TRUE,TRUE
Ateles_geoffroyi,ASG_Sousa,3753,deSousa_etal_2010 [restricted: deSousa_2010.csv],deSousa_etal_2010,NA,3753,2010,restricted_documents,5,near_perfect,0,1,0,restricted_checks/deSousa_etal_2010/comparison/deSousa_2010.csv,,R8C2,species_match_strength=2; structure_context_match=TRUE,TRUE
Ateles_geoffroyi,ASG_Sousa,3753,deSousa_etal_2010 [restricted: deSousa_2010.csv],deSousa_etal_2010,NA,3753,2010,restricted_documents,5,near_perfect,0,1,0,restricted_checks/deSousa_etal_2010/comparison/deSousa_2010.csv,,R8C5,species_match_strength=2; structure_context_match=TRUE,TRUE
Ateles_geoffroyi,ASG_Sousa,3753,Stephan_etal_1981 [restricted: Stephan_1981.csv],Stephan_etal_1981,NA,3753,1981,restricted_documents,6,near_perfect,0,1,1384,restricted_checks/Stephan_etal_1981/comparison/Stephan_1981.csv,,R8C4,species_match_strength=2; structure_context_match=TRUE,TRUE
Ateles_geoffroyi,Frontal.motor.Gray,3.12,Smaers_etal_2017 [restricted: Smaers.csv],Smaers_etal_2017,NA,3.119,2017,restricted_documents,5,near_perfect,0.032051282051278523,1,0,restricted_checks/Smaers_etal_2017/comparison/Smaers.csv,,R7C4,species_match_strength=2; structure_context_match=TRUE,TRUE
Ateles_geoffroyi,Primary.visual.White.Smaers,0.99,Smaers_etal_2017 [restricted: Smaers.csv],Smaers_etal_2017,NA,0.985,2017,restricted_documents,5,near_perfect,0.5050505050505055,1,0,restricted_checks/Smaers_etal_2017/comparison/Smaers.csv,,R7C5,species_match_strength=2; structure_context_match=TRUE,TRUE
Ateles_geoffroyi,Prefrontal.Gray,2.77,Smaers_etal_2017 [restricted: Smaers.csv],Smaers_etal_2017,NA,2.773,2017,restricted_documents,5,near_perfect,0.10818608005770333,1,0,restricted_checks/Smaers_etal_2017/comparison/Smaers.csv,,R7C2,species_match_strength=2; structure_context_match=TRUE,TRUE
Ateles_geoffroyi,Prefrontal.White,0.29,Smaers_etal_2017 [restricted: Smaers.csv],Smaers_etal_2017,NA,0.286,2017,restricted_documents,5,near_perfect,1.3793103448275876,1,0,restricted_checks/Smaers_etal_2017/comparison/Smaers.csv,,R7C6,species_match_strength=2; structure_context_match=TRUE,TRUE
Ateles_geoffroyi,Other.cortical.association.areas.Gray,32.93,Smaers_etal_2017 [restricted: Smaers.csv],Smaers_etal_2017,NA,32.933,2017,restricted_documents,5,near_perfect,0.009109403941335784,1,0,restricted_checks/Smaers_etal_2017/comparison/Smaers.csv,,R7C3,species_match_strength=2; structure_context_match=TRUE,TRUE
Ateles_geoffroyi,Other.cortical.association.areas.White,10.33,Smaers_etal_2017 [restricted: Smaers.csv],Smaers_etal_2017,NA,10.332,2017,restricted_documents,5,near_perfect,0.019357336430513624,1,0,restricted_checks/Smaers_etal_2017/comparison/Smaers.csv,,R7C7,species_match_strength=2; structure_context_match=TRUE,TRUE
Avahi_laniger,LGN_Sousa,27.6,deSousa_etal_2010 [restricted: deSousa_2010.csv],deSousa_etal_2010,NA,28.7,2010,restricted_documents,5,close_metadata_source,3.8327526132404106,1,0,restricted_checks/deSousa_etal_2010/comparison/deSousa_2010.csv,,R9C6,species_match_strength=2; structure_context_match=TRUE,TRUE
Avahi_laniger,LGN_Sousa,27.6,deSousa_etal_2010 [restricted: Visual_volumes.xlsx],deSousa_etal_2010,NA,28.733333333333334,2010,restricted_documents,5,close_metadata_source,3.944315545243618,1,0,restricted_checks/deSousa_etal_2010/comparison/Visual_volumes.xlsx,Sheet1,R37C10,species_match_strength=2; structure_context_match=TRUE,TRUE
Avahi_laniger,LGN_Sousa,27.6,deSousa_etal_2010 [restricted: Visual_volumes.xlsx],deSousa_etal_2010,NA,0.028733333333333333,2010,restricted_documents,5,close_metadata_source,3.944315545243618,1000,0,restricted_checks/deSousa_etal_2010/comparison/Visual_volumes.xlsx,Sheet1,R37C6,species_match_strength=2; structure_context_match=TRUE,TRUE
Avahi_laniger,LGN_Sousa,27.6,deSousa_etal_2010 [restricted: Visual_volumes.xlsx],deSousa_etal_2010,NA,28.733333333333334,2010,restricted_documents,5,close_metadata_source,3.944315545243618,1,0,restricted_checks/deSousa_etal_2010/comparison/Visual_volumes.xlsx,Sheet2,R37C6,species_match_strength=2; structure_context_match=TRUE,TRUE
Avahi_laniger,LGN_Sousa,27.6,Stephan_etal_1981 [restricted: Stephan_1981.csv],Stephan_etal_1981,NA,27.4,1981,restricted_documents,6,near_perfect,0.7246376811594305,1,1384,restricted_checks/Stephan_etal_1981/comparison/Stephan_1981.csv,,R9C40,species_match_strength=2; structure_context_match=TRUE,TRUE
Avahi_laniger,Pallidum,74.5,Stephan_etal_1981 [restricted: Stephan_1981.csv],Stephan_etal_1981,NA,74.5,1981,restricted_documents,5,near_perfect,0,1,1384,restricted_checks/Stephan_etal_1981/comparison/Stephan_1981.csv,,R10C34,species_match_strength=2; structure_context_match=TRUE,TRUE
Avahi_laniger,Total_insula_volume_L,38,Bauernfeind_etal_2013 [restricted: Bauernfeind_2013.csv],Bauernfeind_etal_2013,NA,38,2013,restricted_documents,5,near_perfect,0,1,181,restricted_checks/Bauernfeind_etal_2013/comparison/Bauernfeind_2013.csv,,R10C13,species_match_strength=2; structure_context_match=TRUE,TRUE
Avahi_laniger,Total_insula_volume_L,38,Matano_etal_1985_a [restricted: Matano_1985a.csv],Matano_etal_1985_a,NA,37.89,1985,restricted_documents,6,near_perfect,0.28947368421052483,1,220,restricted_checks/Matano_etal_1985_a/comparison/Matano_1985a.csv,,R9C7,species_match_strength=2; structure_context_match=TRUE,TRUE
Avahi_laniger,Nucleus_subthalamicus,5.94,Stephan_etal_1981 [restricted: Stephan_1981.csv],Stephan_etal_1981,NA,5.94,1981,restricted_documents,5,near_perfect,0,1,1384,restricted_checks/Stephan_etal_1981/comparison/Stephan_1981.csv,,R10C35,species_match_strength=2; structure_context_match=TRUE,TRUE
Avahi_laniger,Capsula_interna,105,Stephan_etal_1981 [restricted: Stephan_1981.csv],Stephan_etal_1981,NA,105,1981,restricted_documents,5,near_perfect,0,1,1384,restricted_checks/Stephan_etal_1981/comparison/Stephan_1981.csv,,R10C36,species_match_strength=2; structure_context_match=TRUE,TRUE
Avahi_laniger,ASG_Sousa,475,deSousa_etal_2010 [restricted: deSousa_2010.csv],deSousa_etal_2010,NA,475,2010,restricted_documents,5,near_perfect,0,1,0,restricted_checks/deSousa_etal_2010/comparison/deSousa_2010.csv,,R9C2,species_match_strength=2; structure_context_match=TRUE,TRUE
Avahi_laniger,ASG_Sousa,475,deSousa_etal_2010 [restricted: Visual_volumes.xlsx],deSousa_etal_2010,NA,0.45833333333333326,2010,restricted_documents,5,close_metadata_source,3.508771929824577,1000,0,restricted_checks/deSousa_etal_2010/comparison/Visual_volumes.xlsx,Sheet1,R37C5,species_match_strength=2; structure_context_match=TRUE,TRUE
Avahi_laniger,ASG_Sousa,475,deSousa_etal_2010 [restricted: Visual_volumes.xlsx],deSousa_etal_2010,NA,458.33333333333326,2010,restricted_documents,5,close_metadata_source,3.508771929824577,1,0,restricted_checks/deSousa_etal_2010/comparison/Visual_volumes.xlsx,Sheet1,R37C9,species_match_strength=2; structure_context_match=TRUE,TRUE
Avahi_laniger,ASG_Sousa,475,deSousa_etal_2010 [restricted: Visual_volumes.xlsx],deSousa_etal_2010,NA,458.33333333333326,2010,restricted_documents,5,close_metadata_source,3.508771929824577,1,0,restricted_checks/deSousa_etal_2010/comparison/Visual_volumes.xlsx,Sheet2,R37C5,species_match_strength=2; structure_context_match=TRUE,TRUE
Avahi_laniger,ASG_Sousa,475,deSousa_etal_2010 [restricted: deSousa_2010.csv],deSousa_etal_2010,NA,458.3,2010,restricted_documents,5,close_metadata_source,3.515789473684208,1,0,restricted_checks/deSousa_etal_2010/comparison/deSousa_2010.csv,,R9C5,species_match_strength=2; structure_context_match=TRUE,TRUE
Avahi_laniger,ASG_Sousa,475,Stephan_etal_1981 [restricted: Stephan_1981.csv],Stephan_etal_1981,NA,475,1981,restricted_documents,6,near_perfect,0,1,1384,restricted_checks/Stephan_etal_1981/comparison/Stephan_1981.csv,,R9C4,species_match_strength=2; structure_context_match=TRUE,TRUE
Avahi_laniger,Epithalamus,6.52,Stephan_etal_1981 [restricted: Stephan_1981.csv],Stephan_etal_1981,NA,6.52,1981,restricted_documents,5,near_perfect,0,1,1384,restricted_checks/Stephan_etal_1981/comparison/Stephan_1981.csv,,R10C30,species_match_strength=2; structure_context_match=TRUE,TRUE
Avahi_laniger,Thalamus,489,Stephan_etal_1981 [restricted: Stephan_1981.csv],Stephan_etal_1981,NA,489,1981,restricted_documents,5,near_perfect,0,1,1384,restricted_checks/Stephan_etal_1981/comparison/Stephan_1981.csv,,R10C31,species_match_strength=2; structure_context_match=TRUE,TRUE
Avahi_laniger,Hypothalamus,137,Stephan_etal_1981 [restricted: Stephan_1981.csv],Stephan_etal_1981,NA,137,1981,restricted_documents,5,near_perfect,0,1,1384,restricted_checks/Stephan_etal_1981/comparison/Stephan_1981.csv,,R10C32,species_match_strength=2; structure_context_match=TRUE,TRUE
Avahi_laniger,Subthalamus,80.5,Stephan_etal_1981 [restricted: Stephan_1981.csv],Stephan_etal_1981,NA,80.5,1981,restricted_documents,5,near_perfect,0,1,1384,restricted_checks/Stephan_etal_1981/comparison/Stephan_1981.csv,,R10C33,species_match_strength=2; structure_context_match=TRUE,TRUE
Avahi_laniger,Tractus_opticus,38.3,Stephan_etal_1981 [restricted: Stephan_1981.csv],Stephan_etal_1981,NA,38.3,1981,restricted_documents,5,near_perfect,0,1,1384,restricted_checks/Stephan_etal_1981/comparison/Stephan_1981.csv,,R10C37,species_match_strength=2; structure_context_match=TRUE,TRUE
Avahi_laniger,Granular_volume_L,13,Bauernfeind_etal_2013 [restricted: Bauernfeind_2013.csv],Bauernfeind_etal_2013,NA,13,2013,restricted_documents,5,near_perfect,0,1,181,restricted_checks/Bauernfeind_etal_2013/comparison/Bauernfeind_2013.csv,,R10C12,species_match_strength=2; structure_context_match=TRUE,TRUE
Avahi_laniger,Dysgranular_volume_L,18,Bauernfeind_etal_2013 [restricted: Bauernfeind_2013.csv],Bauernfeind_etal_2013,NA,18,2013,restricted_documents,5,near_perfect,0,1,181,restricted_checks/Bauernfeind_etal_2013/comparison/Bauernfeind_2013.csv,,R10C10,species_match_strength=2; structure_context_match=TRUE,TRUE
Avahi_laniger,Agranular_volume_L,7,Bauernfeind_etal_2013 [restricted: Bauernfeind_2013.csv],Bauernfeind_etal_2013,NA,7,2013,restricted_documents,5,near_perfect,0,1,181,restricted_checks/Bauernfeind_etal_2013/comparison/Bauernfeind_2013.csv,,R10C9,species_match_strength=2; structure_context_match=TRUE,TRUE
Avahi_laniger,Body_mass,1030,Bauernfeind_etal_2013 [restricted: Bauernfeind_2013.csv],Bauernfeind_etal_2013,NA,1030,2013,restricted_documents,5,near_perfect,0,1,181,restricted_checks/Bauernfeind_etal_2013/comparison/Bauernfeind_2013.csv,,R10C6,species_match_strength=2; structure_context_match=TRUE,TRUE
Avahi_laniger,Brain_mass,9600,Bauernfeind_etal_2013 [restricted: Bauernfeind_2013.csv],Bauernfeind_etal_2013,NA,9600,2013,restricted_documents,5,near_perfect,0,1,181,restricted_checks/Bauernfeind_etal_2013/comparison/Bauernfeind_2013.csv,,R10C7,species_match_strength=2; structure_context_match=TRUE,TRUE
Avahi_laniger,Brain_mass,9600,Stephan_etal_1981 [restricted: Stephan_1981.csv],Stephan_etal_1981,NA,9670,1981,restricted_documents,6,near_perfect,0.7238883143743536,1,1384,restricted_checks/Stephan_etal_1981/comparison/Stephan_1981.csv,,R10C12,species_match_strength=2; structure_context_match=TRUE,TRUE
Callithrix_pygmaea,LGN_Sousa,16.9,deSousa_etal_2010 [restricted: Visual_volumes.xlsx],deSousa_etal_2010,NA,16.9,2010,restricted_documents,5,near_perfect,0,1,0,restricted_checks/deSousa_etal_2010/comparison/Visual_volumes.xlsx,Sheet1,R19C10,species_match_strength=2; structure_context_match=TRUE,TRUE
Callithrix_pygmaea,LGN_Sousa,16.9,deSousa_etal_2010 [restricted: Visual_volumes.xlsx],deSousa_etal_2010,NA,0.0169,2010,restricted_documents,5,near_perfect,0,1000,0,restricted_checks/deSousa_etal_2010/comparison/Visual_volumes.xlsx,Sheet1,R19C6,species_match_strength=2; structure_context_match=TRUE,TRUE
Callithrix_pygmaea,LGN_Sousa,16.9,deSousa_etal_2010 [restricted: Visual_volumes.xlsx],deSousa_etal_2010,NA,16.9,2010,restricted_documents,5,near_perfect,0,1,0,restricted_checks/deSousa_etal_2010/comparison/Visual_volumes.xlsx,Sheet2,R19C6,species_match_strength=2; structure_context_match=TRUE,TRUE
Callithrix_pygmaea,LGN_Sousa,16.9,deSousa_etal_2010 [restricted: deSousa_2010.csv],deSousa_etal_2010,NA,16.9,2010,restricted_documents,5,near_perfect,0,1,0,restricted_checks/deSousa_etal_2010/comparison/deSousa_2010.csv,,R15C6,species_match_strength=2; structure_context_match=TRUE,TRUE
Callithrix_pygmaea,Total_insula_volume_L,11,Bauernfeind_etal_2013 [restricted: Bauernfeind_2013.csv],Bauernfeind_etal_2013,NA,11,2013,restricted_documents,5,near_perfect,0,1,181,restricted_checks/Bauernfeind_etal_2013/comparison/Bauernfeind_2013.csv,,R15C13,species_match_strength=2; structure_context_match=TRUE,TRUE
Callithrix_pygmaea,Total_insula_volume_L,11,Matano_etal_1985_a [restricted: Matano_1985a.csv],Matano_etal_1985_a,NA,11.48,1985,restricted_documents,6,near_perfect,4.181184668989551,1,220,restricted_checks/Matano_etal_1985_a/comparison/Matano_1985a.csv,,R15C7,species_match_strength=2; structure_context_match=TRUE,TRUE
Callithrix_pygmaea,ASG_Sousa,363,deSousa_etal_2010 [restricted: Visual_volumes.xlsx],deSousa_etal_2010,NA,0.363,2010,restricted_documents,5,near_perfect,0,1000,0,restricted_checks/deSousa_etal_2010/comparison/Visual_volumes.xlsx,Sheet1,R19C5,species_match_strength=2; structure_context_match=TRUE,TRUE
Callithrix_pygmaea,ASG_Sousa,363,deSousa_etal_2010 [restricted: Visual_volumes.xlsx],deSousa_etal_2010,NA,363,2010,restricted_documents,5,near_perfect,0,1,0,restricted_checks/deSousa_etal_2010/comparison/Visual_volumes.xlsx,Sheet1,R19C9,species_match_strength=2; structure_context_match=TRUE,TRUE
Callithrix_pygmaea,ASG_Sousa,363,deSousa_etal_2010 [restricted: Visual_volumes.xlsx],deSousa_etal_2010,NA,363,2010,restricted_documents,5,near_perfect,0,1,0,restricted_checks/deSousa_etal_2010/comparison/Visual_volumes.xlsx,Sheet2,R19C5,species_match_strength=2; structure_context_match=TRUE,TRUE
Callithrix_pygmaea,ASG_Sousa,363,deSousa_etal_2010 [restricted: deSousa_2010.csv],deSousa_etal_2010,NA,363,2010,restricted_documents,5,near_perfect,0,1,0,restricted_checks/deSousa_etal_2010/comparison/deSousa_2010.csv,,R15C2,species_match_strength=2; structure_context_match=TRUE,TRUE
Callithrix_pygmaea,ASG_Sousa,363,deSousa_etal_2010 [restricted: deSousa_2010.csv],deSousa_etal_2010,NA,363,2010,restricted_documents,5,near_perfect,0,1,0,restricted_checks/deSousa_etal_2010/comparison/deSousa_2010.csv,,R15C5,species_match_strength=2; structure_context_match=TRUE,TRUE
Callithrix_pygmaea,ASG_Sousa,363,Stephan_etal_1981 [restricted: Stephan_1981.csv],Stephan_etal_1981,NA,363,1981,restricted_documents,6,near_perfect,0,1,1384,restricted_checks/Stephan_etal_1981/comparison/Stephan_1981.csv,,R15C4,species_match_strength=2; structure_context_match=TRUE,TRUE
Callithrix_pygmaea,Granular_volume_L,3,Bauernfeind_etal_2013 [restricted: Bauernfeind_2013.csv],Bauernfeind_etal_2013,NA,3,2013,restricted_documents,5,near_perfect,0,1,181,restricted_checks/Bauernfeind_etal_2013/comparison/Bauernfeind_2013.csv,,R15C12,species_match_strength=2; structure_context_match=TRUE,TRUE
Callithrix_pygmaea,Dysgranular_volume_L,7,Bauernfeind_etal_2013 [restricted: Bauernfeind_2013.csv],Bauernfeind_etal_2013,NA,7,2013,restricted_documents,5,near_perfect,0,1,181,restricted_checks/Bauernfeind_etal_2013/comparison/Bauernfeind_2013.csv,,R15C10,species_match_strength=2; structure_context_match=TRUE,TRUE
Callithrix_pygmaea,Agranular_volume_L,1,Bauernfeind_etal_2013 [restricted: Bauernfeind_2013.csv],Bauernfeind_etal_2013,NA,1,2013,restricted_documents,5,near_perfect,0,1,181,restricted_checks/Bauernfeind_etal_2013/comparison/Bauernfeind_2013.csv,,R15C9,species_match_strength=2; structure_context_match=TRUE,TRUE
Callithrix_pygmaea,Body_mass,110,Bauernfeind_etal_2013 [restricted: Bauernfeind_2013.csv],Bauernfeind_etal_2013,NA,110,2013,restricted_documents,5,near_perfect,0,1,181,restricted_checks/Bauernfeind_etal_2013/comparison/Bauernfeind_2013.csv,,R15C6,species_match_strength=2; structure_context_match=TRUE,TRUE
Callithrix_pygmaea,Brain_mass,4200,Bauernfeind_etal_2013 [restricted: Bauernfeind_2013.csv],Bauernfeind_etal_2013,NA,4200,2013,restricted_documents,5,near_perfect,0,1,181,restricted_checks/Bauernfeind_etal_2013/comparison/Bauernfeind_2013.csv,,R15C7,species_match_strength=2; structure_context_match=TRUE,TRUE
Callithrix_pygmaea,Brain_mass,4200,Bauernfeind_etal_2013 [restricted: insulaAmy.xls],Bauernfeind_etal_2013,NA,4.15,2013,restricted_documents,5,close_metadata_source,1.1904761904761905,1000,181,restricted_checks/Bauernfeind_etal_2013/comparison/insulaAmy.xls,Sheet1,R35C2,species_match_strength=2; structure_context_match=TRUE,TRUE
Cebus_albifrons,LGN_Sousa,137,deSousa_etal_2010 [restricted: Visual_volumes.xlsx],deSousa_etal_2010,NA,137,2010,restricted_documents,5,near_perfect,0,1,0,restricted_checks/deSousa_etal_2010/comparison/Visual_volumes.xlsx,Sheet1,R22C10,species_match_strength=2; structure_context_match=TRUE,TRUE
Cebus_albifrons,LGN_Sousa,137,deSousa_etal_2010 [restricted: Visual_volumes.xlsx],deSousa_etal_2010,NA,0.137,2010,restricted_documents,5,near_perfect,0,1000,0,restricted_checks/deSousa_etal_2010/comparison/Visual_volumes.xlsx,Sheet1,R22C6,species_match_strength=2; structure_context_match=TRUE,TRUE
Cebus_albifrons,LGN_Sousa,137,deSousa_etal_2010 [restricted: Visual_volumes.xlsx],deSousa_etal_2010,NA,137,2010,restricted_documents,5,near_perfect,0,1,0,restricted_checks/deSousa_etal_2010/comparison/Visual_volumes.xlsx,Sheet2,R22C6,species_match_strength=2; structure_context_match=TRUE,TRUE
Cebus_albifrons,LGN_Sousa,137,deSousa_etal_2010 [restricted: deSousa_2010.csv],deSousa_etal_2010,NA,137,2010,restricted_documents,5,near_perfect,0,1,0,restricted_checks/deSousa_etal_2010/comparison/deSousa_2010.csv,,R16C6,species_match_strength=2; structure_context_match=TRUE,TRUE
Cebus_albifrons,LGN_Sousa,137,Stephan_etal_1981 [restricted: Stephan_1981.csv],Stephan_etal_1981,NA,137,1981,restricted_documents,6,near_perfect,0,1,1384,restricted_checks/Stephan_etal_1981/comparison/Stephan_1981.csv,,R16C40,species_match_strength=2; structure_context_match=TRUE,TRUE
Cebus_albifrons,ASG_Sousa,3764,deSousa_etal_2010 [restricted: Visual_volumes.xlsx],deSousa_etal_2010,NA,3.764,2010,restricted_documents,5,near_perfect,0,1000,0,restricted_checks/deSousa_etal_2010/comparison/Visual_volumes.xlsx,Sheet1,R22C5,species_match_strength=2; structure_context_match=TRUE,TRUE
Cebus_albifrons,ASG_Sousa,3764,deSousa_etal_2010 [restricted: Visual_volumes.xlsx],deSousa_etal_2010,NA,3764,2010,restricted_documents,5,near_perfect,0,1,0,restricted_checks/deSousa_etal_2010/comparison/Visual_volumes.xlsx,Sheet1,R22C9,species_match_strength=2; structure_context_match=TRUE,TRUE
Cebus_albifrons,ASG_Sousa,3764,deSousa_etal_2010 [restricted: Visual_volumes.xlsx],deSousa_etal_2010,NA,3764,2010,restricted_documents,5,near_perfect,0,1,0,restricted_checks/deSousa_etal_2010/comparison/Visual_volumes.xlsx,Sheet2,R22C5,species_match_strength=2; structure_context_match=TRUE,TRUE
Cebus_albifrons,ASG_Sousa,3764,deSousa_etal_2010 [restricted: deSousa_2010.csv],deSousa_etal_2010,NA,3764,2010,restricted_documents,5,near_perfect,0,1,0,restricted_checks/deSousa_etal_2010/comparison/deSousa_2010.csv,,R16C2,species_match_strength=2; structure_context_match=TRUE,TRUE
Cebus_albifrons,ASG_Sousa,3764,deSousa_etal_2010 [restricted: deSousa_2010.csv],deSousa_etal_2010,NA,3764,2010,restricted_documents,5,near_perfect,0,1,0,restricted_checks/deSousa_etal_2010/comparison/deSousa_2010.csv,,R16C5,species_match_strength=2; structure_context_match=TRUE,TRUE
Cebus_albifrons,ASG_Sousa,3764,Stephan_etal_1981 [restricted: Stephan_1981.csv],Stephan_etal_1981,NA,3764,1981,restricted_documents,6,near_perfect,0,1,1384,restricted_checks/Stephan_etal_1981/comparison/Stephan_1981.csv,,R16C4,species_match_strength=2; structure_context_match=TRUE,TRUE
Cebus_albifrons,Corpus.subcommissurale,0.43,Stephan_etal_1981 [restricted: Stephan_1981.csv],Stephan_etal_1981,NA,0.425,1981,restricted_documents,5,close_metadata_source,1.1627906976744196,1,1384,restricted_checks/Stephan_etal_1981/comparison/Stephan_1981.csv,,R16C59,species_match_strength=2; structure_context_match=TRUE,TRUE
Cebus_albifrons,Frontal.motor.Gray,1.98,Smaers_etal_2017 [restricted: Smaers.csv],Smaers_etal_2017,NA,1.977,2017,restricted_documents,5,near_perfect,0.15151515151514605,1,0,restricted_checks/Smaers_etal_2017/comparison/Smaers.csv,,R9C4,species_match_strength=2; structure_context_match=TRUE,TRUE
Cebus_albifrons,Primary.visual.White.Smaers,0.94,Smaers_etal_2017 [restricted: Smaers.csv],Smaers_etal_2017,NA,0.939,2017,restricted_documents,5,near_perfect,0.10638297872340435,1,0,restricted_checks/Smaers_etal_2017/comparison/Smaers.csv,,R9C5,species_match_strength=2; structure_context_match=TRUE,TRUE
Cebus_albifrons,Prefrontal.Gray,1.43,Smaers_etal_2017 [restricted: Smaers.csv],Smaers_etal_2017,NA,1.434,2017,restricted_documents,5,near_perfect,0.2789400278940031,1,0,restricted_checks/Smaers_etal_2017/comparison/Smaers.csv,,R9C2,species_match_strength=2; structure_context_match=TRUE,TRUE
Cebus_albifrons,Prefrontal.White,0.26,Smaers_etal_2017 [restricted: Smaers.csv],Smaers_etal_2017,NA,0.257,2017,restricted_documents,5,near_perfect,1.1538461538461549,1,0,restricted_checks/Smaers_etal_2017/comparison/Smaers.csv,,R9C6,species_match_strength=2; structure_context_match=TRUE,TRUE
Cebus_albifrons,Prefrontal.White,0.26,Smaers_etal_2017 [restricted: Smaers.csv],Smaers_etal_2017,NA,0.272,2017,restricted_documents,5,close_metadata_source,4.411764705882357,1,0,restricted_checks/Smaers_etal_2017/comparison/Smaers.csv,,R4C6,species_match_strength=1; structure_context_match=TRUE,TRUE
Cebus_albifrons,Other.cortical.association.areas.Gray,21.02,Smaers_etal_2017 [restricted: Smaers.csv],Smaers_etal_2017,NA,21.024,2017,restricted_documents,5,near_perfect,0.019025875190265103,1,0,restricted_checks/Smaers_etal_2017/comparison/Smaers.csv,,R9C3,species_match_strength=2; structure_context_match=TRUE,TRUE
Cebus_albifrons,Other.cortical.association.areas.White,12.05,Smaers_etal_2017 [restricted: Smaers.csv],Smaers_etal_2017,NA,12.053,2017,restricted_documents,5,near_perfect,0.024890068862524796,1,0,restricted_checks/Smaers_etal_2017/comparison/Smaers.csv,,R9C7,species_match_strength=2; structure_context_match=TRUE,TRUE
Cercopithecus_mitis,LGN_Sousa,150,deSousa_etal_2013 [restricted: compare_LGN_vs_Stephan.csv],deSousa_etal_2013,NA,150,2013,restricted_documents,5,near_perfect,0,1,15,restricted_checks/deSousa_etal_2013/comparison/compare_LGN_vs_Stephan.csv,,R8C3,species_match_strength=2; structure_context_match=TRUE,TRUE
Cercopithecus_mitis,LGN_Sousa,150,deSousa_etal_2013 [restricted: compare_LGN_vs_Stephan.csv],deSousa_etal_2013,NA,150,2013,restricted_documents,5,near_perfect,0,1,15,restricted_checks/deSousa_etal_2013/comparison/compare_LGN_vs_Stephan.csv,,R7C2,species_match_strength=1; structure_context_match=TRUE,TRUE
Cercopithecus_mitis,LGN_Sousa,150,deSousa_etal_2013 [restricted: compare_LGN_vs_Stephan.csv],deSousa_etal_2013,NA,147,2013,restricted_documents,5,close_metadata_source,2,1,15,restricted_checks/deSousa_etal_2013/comparison/compare_LGN_vs_Stephan.csv,,R7C3,species_match_strength=1; structure_context_match=TRUE,TRUE
Cercopithecus_mitis,LGN_Sousa,150,deSousa_etal_2013 [restricted: deSousa_2013.csv],deSousa_etal_2013,NA,147,2013,restricted_documents,5,close_metadata_source,2,1,15,restricted_checks/deSousa_etal_2013/comparison/deSousa_2013.csv,,R18C4,species_match_strength=1; structure_context_match=TRUE,TRUE
Cercopithecus_mitis,LGN_Sousa,150,deSousa_etal_2010 [restricted: deSousa_2010.csv],deSousa_etal_2010,NA,150,2010,restricted_documents,5,near_perfect,0,1,0,restricted_checks/deSousa_etal_2010/comparison/deSousa_2010.csv,,R19C6,species_match_strength=2; structure_context_match=TRUE,TRUE
Cercopithecus_mitis,LGN_Sousa,150,deSousa_etal_2010 [restricted: Visual_volumes.xlsx],deSousa_etal_2010,NA,150,2010,restricted_documents,5,near_perfect,0,1,0,restricted_checks/deSousa_etal_2010/comparison/Visual_volumes.xlsx,Sheet1,R15C10,species_match_strength=1; structure_context_match=TRUE,TRUE
Cercopithecus_mitis,LGN_Sousa,150,deSousa_etal_2010 [restricted: Visual_volumes.xlsx],deSousa_etal_2010,NA,0.15,2010,restricted_documents,5,near_perfect,0,1000,0,restricted_checks/deSousa_etal_2010/comparison/Visual_volumes.xlsx,Sheet1,R15C6,species_match_strength=1; structure_context_match=TRUE,TRUE
Cercopithecus_mitis,LGN_Sousa,150,deSousa_etal_2010 [restricted: Visual_volumes.xlsx],deSousa_etal_2010,NA,150,2010,restricted_documents,5,near_perfect,0,1,0,restricted_checks/deSousa_etal_2010/comparison/Visual_volumes.xlsx,Sheet2,R15C6,species_match_strength=1; structure_context_match=TRUE,TRUE
Cercopithecus_mitis,LGN_Sousa,150,deSousa_etal_2010 [restricted: Visual_volumes.xlsx],deSousa_etal_2010,NA,147,2010,restricted_documents,5,close_metadata_source,2,1,0,restricted_checks/deSousa_etal_2010/comparison/Visual_volumes.xlsx,Sheet1,R14C10,species_match_strength=1; structure_context_match=TRUE,TRUE
Cercopithecus_mitis,LGN_Sousa,150,deSousa_etal_2010 [restricted: Visual_volumes.xlsx],deSousa_etal_2010,NA,0.147,2010,restricted_documents,5,close_metadata_source,2,1000,0,restricted_checks/deSousa_etal_2010/comparison/Visual_volumes.xlsx,Sheet1,R14C6,species_match_strength=1; structure_context_match=TRUE,TRUE
Cercopithecus_mitis,LGN_Sousa,150,deSousa_etal_2010 [restricted: Visual_volumes.xlsx],deSousa_etal_2010,NA,147,2010,restricted_documents,5,close_metadata_source,2,1,0,restricted_checks/deSousa_etal_2010/comparison/Visual_volumes.xlsx,Sheet2,R14C6,species_match_strength=1; structure_context_match=TRUE,TRUE
Cercopithecus_mitis,LGN_Sousa,150,deSousa_etal_2010 [restricted: deSousa_2010.csv],deSousa_etal_2010,NA,147,2010,restricted_documents,5,close_metadata_source,2,1,0,restricted_checks/deSousa_etal_2010/comparison/deSousa_2010.csv,,R18C6,species_match_strength=1; structure_context_match=TRUE,TRUE
Cercopithecus_mitis,LGN_Sousa,150,Stephan_etal_1981 [restricted: Stephan_1981.csv],Stephan_etal_1981,NA,150,1981,restricted_documents,6,near_perfect,0,1,1384,restricted_checks/Stephan_etal_1981/comparison/Stephan_1981.csv,,R19C40,species_match_strength=2; structure_context_match=TRUE,TRUE
Cercopithecus_mitis,ASG_Sousa,4232,deSousa_etal_2010 [restricted: deSousa_2010.csv],deSousa_etal_2010,NA,4232,2010,restricted_documents,5,near_perfect,0,1,0,restricted_checks/deSousa_etal_2010/comparison/deSousa_2010.csv,,R19C2,species_match_strength=2; structure_context_match=TRUE,TRUE
Cercopithecus_mitis,ASG_Sousa,4232,deSousa_etal_2010 [restricted: deSousa_2010.csv],deSousa_etal_2010,NA,4232,2010,restricted_documents,5,near_perfect,0,1,0,restricted_checks/deSousa_etal_2010/comparison/deSousa_2010.csv,,R19C5,species_match_strength=2; structure_context_match=TRUE,TRUE
Cercopithecus_mitis,ASG_Sousa,4232,deSousa_etal_2010 [restricted: Visual_volumes.xlsx],deSousa_etal_2010,NA,4.232,2010,restricted_documents,5,near_perfect,0,1000,0,restricted_checks/deSousa_etal_2010/comparison/Visual_volumes.xlsx,Sheet1,R15C5,species_match_strength=1; structure_context_match=TRUE,TRUE
Cercopithecus_mitis,ASG_Sousa,4232,deSousa_etal_2010 [restricted: Visual_volumes.xlsx],deSousa_etal_2010,NA,4232,2010,restricted_documents,5,near_perfect,0,1,0,restricted_checks/deSousa_etal_2010/comparison/Visual_volumes.xlsx,Sheet1,R15C9,species_match_strength=1; structure_context_match=TRUE,TRUE
Cercopithecus_mitis,ASG_Sousa,4232,deSousa_etal_2010 [restricted: Visual_volumes.xlsx],deSousa_etal_2010,NA,4232,2010,restricted_documents,5,near_perfect,0,1,0,restricted_checks/deSousa_etal_2010/comparison/Visual_volumes.xlsx,Sheet2,R15C5,species_match_strength=1; structure_context_match=TRUE,TRUE
Cercopithecus_mitis,ASG_Sousa,4232,deSousa_etal_2010 [restricted: Visual_volumes.xlsx],deSousa_etal_2010,NA,4.272,2010,restricted_documents,5,near_perfect,0.9363295880149812,1000,0,restricted_checks/deSousa_etal_2010/comparison/Visual_volumes.xlsx,Sheet1,R14C5,species_match_strength=1; structure_context_match=TRUE,TRUE
Cercopithecus_mitis,ASG_Sousa,4232,deSousa_etal_2010 [restricted: Visual_volumes.xlsx],deSousa_etal_2010,NA,4272,2010,restricted_documents,5,near_perfect,0.9363295880149812,1,0,restricted_checks/deSousa_etal_2010/comparison/Visual_volumes.xlsx,Sheet1,R14C9,species_match_strength=1; structure_context_match=TRUE,TRUE
Cercopithecus_mitis,ASG_Sousa,4232,deSousa_etal_2010 [restricted: Visual_volumes.xlsx],deSousa_etal_2010,NA,4272,2010,restricted_documents,5,near_perfect,0.9363295880149812,1,0,restricted_checks/deSousa_etal_2010/comparison/Visual_volumes.xlsx,Sheet2,R14C5,species_match_strength=1; structure_context_match=TRUE,TRUE
Cercopithecus_mitis,ASG_Sousa,4232,deSousa_etal_2010 [restricted: deSousa_2010.csv],deSousa_etal_2010,NA,4272,2010,restricted_documents,5,near_perfect,0.9363295880149812,1,0,restricted_checks/deSousa_etal_2010/comparison/deSousa_2010.csv,,R18C2,species_match_strength=1; structure_context_match=TRUE,TRUE
Cercopithecus_mitis,ASG_Sousa,4232,deSousa_etal_2010 [restricted: deSousa_2010.csv],deSousa_etal_2010,NA,4272,2010,restricted_documents,5,near_perfect,0.9363295880149812,1,0,restricted_checks/deSousa_etal_2010/comparison/deSousa_2010.csv,,R18C5,species_match_strength=1; structure_context_match=TRUE,TRUE
Cercopithecus_mitis,ASG_Sousa,4232,Stephan_etal_1981 [restricted: Stephan_1981.csv],Stephan_etal_1981,NA,4232,1981,restricted_documents,6,near_perfect,0,1,1384,restricted_checks/Stephan_etal_1981/comparison/Stephan_1981.csv,,R19C4,species_match_strength=2; structure_context_match=TRUE,TRUE
Cercopithecus_mitis,ASG_Sousa,4232,Stephan_etal_1981 [restricted: Stephan_1981.csv],Stephan_etal_1981,NA,4272,1981,restricted_documents,6,near_perfect,0.9363295880149812,1,1384,restricted_checks/Stephan_etal_1981/comparison/Stephan_1981.csv,,R18C4,species_match_strength=1; structure_context_match=TRUE,TRUE
Cercopithecus_mitis,Frontal.motor.Gray,1.85,Smaers_etal_2017 [restricted: Smaers.csv],Smaers_etal_2017,NA,1.852,2017,restricted_documents,5,near_perfect,0.1079913606911448,1,0,restricted_checks/Smaers_etal_2017/comparison/Smaers.csv,,R3C4,species_match_strength=2; structure_context_match=TRUE,TRUE
Cercopithecus_mitis,Primary.visual.White.Smaers,1.04,Smaers_etal_2017 [restricted: Smaers.csv],Smaers_etal_2017,NA,1.042,2017,restricted_documents,5,near_perfect,0.19193857965451072,1,0,restricted_checks/Smaers_etal_2017/comparison/Smaers.csv,,R3C5,species_match_strength=2; structure_context_match=TRUE,TRUE
Cercopithecus_mitis,Prefrontal.Gray,1.38,Smaers_etal_2017 [restricted: Smaers.csv],Smaers_etal_2017,NA,1.38,2017,restricted_documents,5,near_perfect,0,1,0,restricted_checks/Smaers_etal_2017/comparison/Smaers.csv,,R3C2,species_match_strength=2; structure_context_match=TRUE,TRUE
Cercopithecus_mitis,Prefrontal.White,0.21,Smaers_etal_2017 [restricted: Smaers.csv],Smaers_etal_2017,NA,0.205,2017,restricted_documents,5,close_metadata_source,2.380952380952383,1,0,restricted_checks/Smaers_etal_2017/comparison/Smaers.csv,,R3C6,species_match_strength=2; structure_context_match=TRUE,TRUE
Cercopithecus_mitis,Other.cortical.association.areas.Gray,19.39,Smaers_etal_2017 [restricted: Smaers.csv],Smaers_etal_2017,NA,19.385,2017,restricted_documents,5,near_perfect,0.025786487880345564,1,0,restricted_checks/Smaers_etal_2017/comparison/Smaers.csv,,R3C3,species_match_strength=2; structure_context_match=TRUE,TRUE
Cercopithecus_mitis,Other.cortical.association.areas.White,9.91,Smaers_etal_2017 [restricted: Smaers.csv],Smaers_etal_2017,NA,9.911,2017,restricted_documents,5,near_perfect,0.01008979921299007,1,0,restricted_checks/Smaers_etal_2017/comparison/Smaers.csv,,R3C7,species_match_strength=2; structure_context_match=TRUE,TRUE
Galagoides_demidoff,LGN_Sousa,10.9,deSousa_etal_2010 [restricted: Visual_volumes.xlsx],deSousa_etal_2010,NA,10.9,2010,restricted_documents,5,near_perfect,0,1,0,restricted_checks/deSousa_etal_2010/comparison/Visual_volumes.xlsx,Sheet1,R46C10,species_match_strength=2; structure_context_match=TRUE,TRUE
Galagoides_demidoff,LGN_Sousa,10.9,deSousa_etal_2010 [restricted: Visual_volumes.xlsx],deSousa_etal_2010,NA,0.0109,2010,restricted_documents,5,near_perfect,0,1000,0,restricted_checks/deSousa_etal_2010/comparison/Visual_volumes.xlsx,Sheet1,R46C6,species_match_strength=2; structure_context_match=TRUE,TRUE
Galagoides_demidoff,LGN_Sousa,10.9,deSousa_etal_2010 [restricted: Visual_volumes.xlsx],deSousa_etal_2010,NA,10.9,2010,restricted_documents,5,near_perfect,0,1,0,restricted_checks/deSousa_etal_2010/comparison/Visual_volumes.xlsx,Sheet2,R46C6,species_match_strength=2; structure_context_match=TRUE,TRUE
Galagoides_demidoff,LGN_Sousa,10.9,deSousa_etal_2010 [restricted: deSousa_2010.csv],deSousa_etal_2010,NA,10.9,2010,restricted_documents,5,near_perfect,0,1,0,restricted_checks/deSousa_etal_2010/comparison/deSousa_2010.csv,,R38C6,species_match_strength=2; structure_context_match=TRUE,TRUE
Galagoides_demidoff,LGN_Sousa,10.9,Stephan_etal_1981 [restricted: Stephan_1981.csv],Stephan_etal_1981,NA,10.9,1981,restricted_documents,6,near_perfect,0,1,1384,restricted_checks/Stephan_etal_1981/comparison/Stephan_1981.csv,,R38C40,species_match_strength=2; structure_context_match=TRUE,TRUE
Galagoides_demidoff,ASG_Sousa,214,deSousa_etal_2010 [restricted: Visual_volumes.xlsx],deSousa_etal_2010,NA,0.214,2010,restricted_documents,5,near_perfect,0,1000,0,restricted_checks/deSousa_etal_2010/comparison/Visual_volumes.xlsx,Sheet1,R46C5,species_match_strength=2; structure_context_match=TRUE,TRUE
Galagoides_demidoff,ASG_Sousa,214,deSousa_etal_2010 [restricted: Visual_volumes.xlsx],deSousa_etal_2010,NA,214,2010,restricted_documents,5,near_perfect,0,1,0,restricted_checks/deSousa_etal_2010/comparison/Visual_volumes.xlsx,Sheet1,R46C9,species_match_strength=2; structure_context_match=TRUE,TRUE
Galagoides_demidoff,ASG_Sousa,214,deSousa_etal_2010 [restricted: Visual_volumes.xlsx],deSousa_etal_2010,NA,214,2010,restricted_documents,5,near_perfect,0,1,0,restricted_checks/deSousa_etal_2010/comparison/Visual_volumes.xlsx,Sheet2,R46C5,species_match_strength=2; structure_context_match=TRUE,TRUE
Galagoides_demidoff,ASG_Sousa,214,deSousa_etal_2010 [restricted: deSousa_2010.csv],deSousa_etal_2010,NA,214,2010,restricted_documents,5,near_perfect,0,1,0,restricted_checks/deSousa_etal_2010/comparison/deSousa_2010.csv,,R38C2,species_match_strength=2; structure_context_match=TRUE,TRUE
Galagoides_demidoff,ASG_Sousa,214,deSousa_etal_2010 [restricted: deSousa_2010.csv],deSousa_etal_2010,NA,214,2010,restricted_documents,5,near_perfect,0,1,0,restricted_checks/deSousa_etal_2010/comparison/deSousa_2010.csv,,R38C5,species_match_strength=2; structure_context_match=TRUE,TRUE
Galagoides_demidoff,ASG_Sousa,214,Stephan_etal_1981 [restricted: Stephan_1981.csv],Stephan_etal_1981,NA,214,1981,restricted_documents,6,near_perfect,0,1,1384,restricted_checks/Stephan_etal_1981/comparison/Stephan_1981.csv,,R38C4,species_match_strength=2; structure_context_match=TRUE,TRUE
Gorilla_gorilla,LGN_Sousa,308.5,deSousa_etal_2013 [restricted: deSousa_2013.csv],deSousa_etal_2013,NA,300.1,2013,restricted_documents,5,close_metadata_source,2.722852512155584,1,15,restricted_checks/deSousa_etal_2013/comparison/deSousa_2013.csv,,R40C4,species_match_strength=2; structure_context_match=TRUE,TRUE
Gorilla_gorilla,LGN_Sousa,308.5,deSousa_etal_2010 [restricted: deSousa_2010.csv],deSousa_etal_2010,NA,308.5,2010,restricted_documents,5,near_perfect,0,1,0,restricted_checks/deSousa_etal_2010/comparison/deSousa_2010.csv,,R40C6,species_match_strength=2; structure_context_match=TRUE,TRUE
Gorilla_gorilla,LGN_Sousa,308.5,deSousa_etal_2010 [restricted: Visual_volumes.xlsx],deSousa_etal_2010,NA,308.52476846310395,2010,restricted_documents,5,near_perfect,0.008028030691777453,1,0,restricted_checks/deSousa_etal_2010/comparison/Visual_volumes.xlsx,Sheet1,R6C10,species_match_strength=2; structure_context_match=TRUE,TRUE
Gorilla_gorilla,LGN_Sousa,308.5,deSousa_etal_2010 [restricted: Visual_volumes.xlsx],deSousa_etal_2010,NA,0.30852476846310395,2010,restricted_documents,5,near_perfect,0.008028030691777453,1000,0,restricted_checks/deSousa_etal_2010/comparison/Visual_volumes.xlsx,Sheet1,R6C6,species_match_strength=2; structure_context_match=TRUE,TRUE
Gorilla_gorilla,LGN_Sousa,308.5,deSousa_etal_2010 [restricted: Visual_volumes.xlsx],deSousa_etal_2010,NA,308.52476846310395,2010,restricted_documents,5,near_perfect,0.008028030691777453,1,0,restricted_checks/deSousa_etal_2010/comparison/Visual_volumes.xlsx,Sheet2,R6C6,species_match_strength=2; structure_context_match=TRUE,TRUE
Gorilla_gorilla,ASG_Sousa,9129,deSousa_etal_2010 [restricted: deSousa_2010.csv],deSousa_etal_2010,NA,9129,2010,restricted_documents,5,near_perfect,0,1,0,restricted_checks/deSousa_etal_2010/comparison/deSousa_2010.csv,,R40C2,species_match_strength=2; structure_context_match=TRUE,TRUE
Gorilla_gorilla,ASG_Sousa,9129,deSousa_etal_2010 [restricted: deSousa_2010.csv],deSousa_etal_2010,NA,9129,2010,restricted_documents,5,near_perfect,0,1,0,restricted_checks/deSousa_etal_2010/comparison/deSousa_2010.csv,,R40C5,species_match_strength=2; structure_context_match=TRUE,TRUE
Gorilla_gorilla,ASG_Sousa,9129,deSousa_etal_2010 [restricted: Visual_volumes.xlsx],deSousa_etal_2010,NA,9.12902131733286,2010,restricted_documents,5,near_perfect,2.335116998869355e-4,1000,0,restricted_checks/deSousa_etal_2010/comparison/Visual_volumes.xlsx,Sheet1,R6C5,species_match_strength=2; structure_context_match=TRUE,TRUE
Gorilla_gorilla,ASG_Sousa,9129,deSousa_etal_2010 [restricted: Visual_volumes.xlsx],deSousa_etal_2010,NA,9129.021317332861,2010,restricted_documents,5,near_perfect,2.335116998869355e-4,1,0,restricted_checks/deSousa_etal_2010/comparison/Visual_volumes.xlsx,Sheet1,R6C9,species_match_strength=2; structure_context_match=TRUE,TRUE
Gorilla_gorilla,ASG_Sousa,9129,deSousa_etal_2010 [restricted: Visual_volumes.xlsx],deSousa_etal_2010,NA,9129.021317332861,2010,restricted_documents,5,near_perfect,2.335116998869355e-4,1,0,restricted_checks/deSousa_etal_2010/comparison/Visual_volumes.xlsx,Sheet2,R6C5,species_match_strength=2; structure_context_match=TRUE,TRUE
Gorilla_gorilla,ASG_Sousa,9129,Stephan_etal_1981 [restricted: Stephan_1981.csv],Stephan_etal_1981,NA,9129,1981,restricted_documents,6,near_perfect,0,1,1384,restricted_checks/Stephan_etal_1981/comparison/Stephan_1981.csv,,R40C4,species_match_strength=2; structure_context_match=TRUE,TRUE
Gorilla_gorilla,Frontal.motor.Gray,14.85,Smaers_etal_2017 [restricted: Smaers.csv],Smaers_etal_2017,NA,14.854,2017,restricted_documents,5,near_perfect,0.026928773394368923,1,0,restricted_checks/Smaers_etal_2017/comparison/Smaers.csv,,R10C4,species_match_strength=2; structure_context_match=TRUE,TRUE
Gorilla_gorilla,Primary.visual.White.Smaers,3.12,Smaers_etal_2017 [restricted: Smaers.csv],Smaers_etal_2017,NA,3.123,2017,restricted_documents,5,near_perfect,0.09606147934678558,1,0,restricted_checks/Smaers_etal_2017/comparison/Smaers.csv,,R10C5,species_match_strength=2; structure_context_match=TRUE,TRUE
Gorilla_gorilla,Prefrontal.Gray,11.64,Smaers_etal_2017 [restricted: Smaers.csv],Smaers_etal_2017,NA,11.642,2017,restricted_documents,5,near_perfect,0.017179178835242153,1,0,restricted_checks/Smaers_etal_2017/comparison/Smaers.csv,,R10C2,species_match_strength=2; structure_context_match=TRUE,TRUE
Gorilla_gorilla,Prefrontal.White,2.61,Smaers_etal_2017 [restricted: Smaers.csv],Smaers_etal_2017,NA,2.608,2017,restricted_documents,5,near_perfect,0.07662835249041303,1,0,restricted_checks/Smaers_etal_2017/comparison/Smaers.csv,,R10C6,species_match_strength=2; structure_context_match=TRUE,TRUE
Gorilla_gorilla,Other.cortical.association.areas.Gray,125.54,Smaers_etal_2017 [restricted: Smaers.csv],Smaers_etal_2017,NA,125.539,2017,restricted_documents,5,near_perfect,7.965588657039786e-4,1,0,restricted_checks/Smaers_etal_2017/comparison/Smaers.csv,,R10C3,species_match_strength=2; structure_context_match=TRUE,TRUE
Gorilla_gorilla,Other.cortical.association.areas.White,60.39,Smaers_etal_2017 [restricted: Smaers.csv],Smaers_etal_2017,NA,60.386,2017,restricted_documents,5,near_perfect,0.0066236131809865595,1,0,restricted_checks/Smaers_etal_2017/comparison/Smaers.csv,,R10C7,species_match_strength=2; structure_context_match=TRUE,TRUE
Homo_sapiens,Total_insula_volume_L,6165,Bauernfeind_etal_2013 [restricted: Bauernfeind_2013.csv],Bauernfeind_etal_2013,NA,6479,2013,restricted_documents,5,close_metadata_source,4.8464269177342185,1,181,restricted_checks/Bauernfeind_etal_2013/comparison/Bauernfeind_2013.csv,,R43C13,species_match_strength=2; structure_context_match=TRUE,TRUE
Homo_sapiens,ASG_Sousa,15247.5,deSousa_etal_2010 [restricted: deSousa_2010.csv],deSousa_etal_2010,NA,15247.5,2010,restricted_documents,5,near_perfect,0,1,0,restricted_checks/deSousa_etal_2010/comparison/deSousa_2010.csv,,R43C2,species_match_strength=2; structure_context_match=TRUE,TRUE
Homo_sapiens,ASG_Sousa,15247.5,deSousa_etal_2010 [restricted: deSousa_2010.csv],deSousa_etal_2010,NA,15247.5,2010,restricted_documents,5,near_perfect,0,1,0,restricted_checks/deSousa_etal_2010/comparison/deSousa_2010.csv,,R43C5,species_match_strength=2; structure_context_match=TRUE,TRUE
Homo_sapiens,ASG_Sousa,15247.5,deSousa_etal_2010 [restricted: Visual_volumes.xlsx],deSousa_etal_2010,NA,15247.501158301158,2010,restricted_documents,5,near_perfect,7.596662208834736e-6,1,0,restricted_checks/deSousa_etal_2010/comparison/Visual_volumes.xlsx,Sheet1,R3C9,species_match_strength=2; structure_context_match=TRUE,TRUE
Homo_sapiens,ASG_Sousa,15247.5,deSousa_etal_2010 [restricted: Visual_volumes.xlsx],deSousa_etal_2010,NA,15247.501158301158,2010,restricted_documents,5,near_perfect,7.596662208834736e-6,1,0,restricted_checks/deSousa_etal_2010/comparison/Visual_volumes.xlsx,Sheet2,R3C5,species_match_strength=2; structure_context_match=TRUE,TRUE
Homo_sapiens,ASG_Sousa,15247.5,deSousa_etal_2010 [restricted: Visual_volumes.xlsx],deSousa_etal_2010,NA,15.24750115830116,2010,restricted_documents,5,near_perfect,7.59666222076449e-6,1000,0,restricted_checks/deSousa_etal_2010/comparison/Visual_volumes.xlsx,Sheet1,R3C5,species_match_strength=2; structure_context_match=TRUE,TRUE
Homo_sapiens,ASG_Sousa,15247.5,Stephan_etal_1981 [restricted: Stephan_1981.csv],Stephan_etal_1981,NA,15247.5,1981,restricted_documents,6,near_perfect,0,1,1384,restricted_checks/Stephan_etal_1981/comparison/Stephan_1981.csv,,R43C4,species_match_strength=2; structure_context_match=TRUE,TRUE
Homo_sapiens,Frontal.motor.Gray,29.01,Smaers_etal_2017 [restricted: Smaers.csv],Smaers_etal_2017,NA,29.013,2017,restricted_documents,5,near_perfect,0.010340192327577684,1,0,restricted_checks/Smaers_etal_2017/comparison/Smaers.csv,,R11C4,species_match_strength=2; structure_context_match=TRUE,TRUE
Homo_sapiens,Primary.visual.White.Smaers,5.44,Smaers_etal_2017 [restricted: Smaers.csv],Smaers_etal_2017,NA,5.439,2017,restricted_documents,5,near_perfect,0.01838235294118261,1,0,restricted_checks/Smaers_etal_2017/comparison/Smaers.csv,,R11C5,species_match_strength=2; structure_context_match=TRUE,TRUE
Homo_sapiens,Prefrontal.Gray,46.32,Smaers_etal_2017 [restricted: Smaers.csv],Smaers_etal_2017,NA,46.323,2017,restricted_documents,5,near_perfect,0.006476264490642043,1,0,restricted_checks/Smaers_etal_2017/comparison/Smaers.csv,,R11C2,species_match_strength=2; structure_context_match=TRUE,TRUE
Homo_sapiens,Prefrontal.White,28.14,Smaers_etal_2017 [restricted: Smaers.csv],Smaers_etal_2017,NA,28.135,2017,restricted_documents,5,near_perfect,0.01776830135038737,1,0,restricted_checks/Smaers_etal_2017/comparison/Smaers.csv,,R11C6,species_match_strength=2; structure_context_match=TRUE,TRUE
Homo_sapiens,Other.cortical.association.areas.Gray,271.89,Smaers_etal_2017 [restricted: Smaers.csv],Smaers_etal_2017,NA,271.891,2017,restricted_documents,5,near_perfect,3.677944470516481e-4,1,0,restricted_checks/Smaers_etal_2017/comparison/Smaers.csv,,R11C3,species_match_strength=2; structure_context_match=TRUE,TRUE
Homo_sapiens,Other.cortical.association.areas.White,258.22,Smaers_etal_2017 [restricted: Smaers.csv],Smaers_etal_2017,NA,258.218,2017,restricted_documents,5,near_perfect,7.745333436641428e-4,1,0,restricted_checks/Smaers_etal_2017/comparison/Smaers.csv,,R11C7,species_match_strength=2; structure_context_match=TRUE,TRUE
Hylobates_lar,ASG_Sousa,4086.7,deSousa_etal_2010 [restricted: deSousa_2010.csv],deSousa_etal_2010,NA,4086.7,2010,restricted_documents,5,near_perfect,0,1,0,restricted_checks/deSousa_etal_2010/comparison/deSousa_2010.csv,,R44C2,species_match_strength=2; structure_context_match=TRUE,TRUE
Hylobates_lar,ASG_Sousa,4086.7,deSousa_etal_2010 [restricted: deSousa_2010.csv],deSousa_etal_2010,NA,4086.7,2010,restricted_documents,5,near_perfect,0,1,0,restricted_checks/deSousa_etal_2010/comparison/deSousa_2010.csv,,R44C5,species_match_strength=2; structure_context_match=TRUE,TRUE
Hylobates_lar,ASG_Sousa,4086.7,deSousa_etal_2010 [restricted: Visual_volumes.xlsx],deSousa_etal_2010,NA,4.086661308023755,2010,restricted_documents,5,near_perfect,9.467779931126804e-4,1000,0,restricted_checks/deSousa_etal_2010/comparison/Visual_volumes.xlsx,Sheet1,R8C5,species_match_strength=2; structure_context_match=TRUE,TRUE
Hylobates_lar,ASG_Sousa,4086.7,deSousa_etal_2010 [restricted: Visual_volumes.xlsx],deSousa_etal_2010,NA,4086.6613080237553,2010,restricted_documents,5,near_perfect,9.467779931126804e-4,1,0,restricted_checks/deSousa_etal_2010/comparison/Visual_volumes.xlsx,Sheet1,R8C9,species_match_strength=2; structure_context_match=TRUE,TRUE
Hylobates_lar,ASG_Sousa,4086.7,deSousa_etal_2010 [restricted: Visual_volumes.xlsx],deSousa_etal_2010,NA,4086.6613080237553,2010,restricted_documents,5,near_perfect,9.467779931126804e-4,1,0,restricted_checks/deSousa_etal_2010/comparison/Visual_volumes.xlsx,Sheet2,R8C5,species_match_strength=2; structure_context_match=TRUE,TRUE
Hylobates_lar,ASG_Sousa,4086.7,Stephan_etal_1981 [restricted: Stephan_1981.csv],Stephan_etal_1981,NA,4086.7,1981,restricted_documents,6,near_perfect,0,1,1384,restricted_checks/Stephan_etal_1981/comparison/Stephan_1981.csv,,R44C4,species_match_strength=2; structure_context_match=TRUE,TRUE
Hylobates_lar,Frontal.motor.Gray,2.74,Smaers_etal_2017 [restricted: Smaers.csv],Smaers_etal_2017,NA,2.744,2017,restricted_documents,5,near_perfect,0.1457725947521867,1,0,restricted_checks/Smaers_etal_2017/comparison/Smaers.csv,,R12C4,species_match_strength=2; structure_context_match=TRUE,TRUE
Hylobates_lar,Primary.visual.White.Smaers,1.18,Smaers_etal_2017 [restricted: Smaers.csv],Smaers_etal_2017,NA,1.176,2017,restricted_documents,5,near_perfect,0.33898305084745795,1,0,restricted_checks/Smaers_etal_2017/comparison/Smaers.csv,,R12C5,species_match_strength=2; structure_context_match=TRUE,TRUE
Hylobates_lar,Prefrontal.Gray,2.59,Smaers_etal_2017 [restricted: Smaers.csv],Smaers_etal_2017,NA,2.588,2017,restricted_documents,5,near_perfect,0.07722007722006873,1,0,restricted_checks/Smaers_etal_2017/comparison/Smaers.csv,,R12C2,species_match_strength=2; structure_context_match=TRUE,TRUE
Hylobates_lar,Prefrontal.White,0.51,Smaers_etal_2017 [restricted: Smaers.csv],Smaers_etal_2017,NA,0.51,2017,restricted_documents,5,near_perfect,0,1,0,restricted_checks/Smaers_etal_2017/comparison/Smaers.csv,,R12C6,species_match_strength=2; structure_context_match=TRUE,TRUE
Hylobates_lar,Other.cortical.association.areas.Gray,28.42,Smaers_etal_2017 [restricted: Smaers.csv],Smaers_etal_2017,NA,28.424,2017,restricted_documents,5,near_perfect,0.01407261469180194,1,0,restricted_checks/Smaers_etal_2017/comparison/Smaers.csv,,R12C3,species_match_strength=2; structure_context_match=TRUE,TRUE
Hylobates_lar,Other.cortical.association.areas.White,12.92,Smaers_etal_2017 [restricted: Smaers.csv],Smaers_etal_2017,NA,12.915,2017,restricted_documents,5,near_perfect,0.03869969040248283,1,0,restricted_checks/Smaers_etal_2017/comparison/Smaers.csv,,R12C7,species_match_strength=2; structure_context_match=TRUE,TRUE
Indri_indri,LGN_Sousa,94.5,deSousa_etal_2010 [restricted: Visual_volumes.xlsx],deSousa_etal_2010,NA,94.5,2010,restricted_documents,5,near_perfect,0,1,0,restricted_checks/deSousa_etal_2010/comparison/Visual_volumes.xlsx,Sheet1,R39C10,species_match_strength=2; structure_context_match=TRUE,TRUE
Indri_indri,LGN_Sousa,94.5,deSousa_etal_2010 [restricted: Visual_volumes.xlsx],deSousa_etal_2010,NA,0.0945,2010,restricted_documents,5,near_perfect,0,1000,0,restricted_checks/deSousa_etal_2010/comparison/Visual_volumes.xlsx,Sheet1,R39C6,species_match_strength=2; structure_context_match=TRUE,TRUE
Indri_indri,LGN_Sousa,94.5,deSousa_etal_2010 [restricted: Visual_volumes.xlsx],deSousa_etal_2010,NA,94.5,2010,restricted_documents,5,near_perfect,0,1,0,restricted_checks/deSousa_etal_2010/comparison/Visual_volumes.xlsx,Sheet2,R39C6,species_match_strength=2; structure_context_match=TRUE,TRUE
Indri_indri,LGN_Sousa,94.5,deSousa_etal_2010 [restricted: deSousa_2010.csv],deSousa_etal_2010,NA,94.5,2010,restricted_documents,5,near_perfect,0,1,0,restricted_checks/deSousa_etal_2010/comparison/deSousa_2010.csv,,R47C6,species_match_strength=2; structure_context_match=TRUE,TRUE
Indri_indri,ASG_Sousa,1648,deSousa_etal_2010 [restricted: Visual_volumes.xlsx],deSousa_etal_2010,NA,1.648,2010,restricted_documents,5,near_perfect,0,1000,0,restricted_checks/deSousa_etal_2010/comparison/Visual_volumes.xlsx,Sheet1,R39C5,species_match_strength=2; structure_context_match=TRUE,TRUE
Indri_indri,ASG_Sousa,1648,deSousa_etal_2010 [restricted: Visual_volumes.xlsx],deSousa_etal_2010,NA,1648,2010,restricted_documents,5,near_perfect,0,1,0,restricted_checks/deSousa_etal_2010/comparison/Visual_volumes.xlsx,Sheet1,R39C9,species_match_strength=2; structure_context_match=TRUE,TRUE
Indri_indri,ASG_Sousa,1648,deSousa_etal_2010 [restricted: Visual_volumes.xlsx],deSousa_etal_2010,NA,1648,2010,restricted_documents,5,near_perfect,0,1,0,restricted_checks/deSousa_etal_2010/comparison/Visual_volumes.xlsx,Sheet2,R39C5,species_match_strength=2; structure_context_match=TRUE,TRUE
Indri_indri,ASG_Sousa,1648,deSousa_etal_2010 [restricted: deSousa_2010.csv],deSousa_etal_2010,NA,1648,2010,restricted_documents,5,near_perfect,0,1,0,restricted_checks/deSousa_etal_2010/comparison/deSousa_2010.csv,,R47C2,species_match_strength=2; structure_context_match=TRUE,TRUE
Indri_indri,ASG_Sousa,1648,deSousa_etal_2010 [restricted: deSousa_2010.csv],deSousa_etal_2010,NA,1648,2010,restricted_documents,5,near_perfect,0,1,0,restricted_checks/deSousa_etal_2010/comparison/deSousa_2010.csv,,R47C5,species_match_strength=2; structure_context_match=TRUE,TRUE
Indri_indri,ASG_Sousa,1648,Stephan_etal_1981 [restricted: Stephan_1981.csv],Stephan_etal_1981,NA,1648,1981,restricted_documents,6,near_perfect,0,1,1384,restricted_checks/Stephan_etal_1981/comparison/Stephan_1981.csv,,R47C4,species_match_strength=2; structure_context_match=TRUE,TRUE
Lophocebus_albigena,ASG_Sousa,5420,deSousa_etal_2010 [restricted: Visual_volumes.xlsx],deSousa_etal_2010,NA,5.42,2010,restricted_documents,5,near_perfect,0,1000,0,restricted_checks/deSousa_etal_2010/comparison/Visual_volumes.xlsx,Sheet1,R12C5,species_match_strength=2; structure_context_match=TRUE,TRUE
Lophocebus_albigena,ASG_Sousa,5420,deSousa_etal_2010 [restricted: Visual_volumes.xlsx],deSousa_etal_2010,NA,5420,2010,restricted_documents,5,near_perfect,0,1,0,restricted_checks/deSousa_etal_2010/comparison/Visual_volumes.xlsx,Sheet1,R12C9,species_match_strength=2; structure_context_match=TRUE,TRUE
Lophocebus_albigena,ASG_Sousa,5420,deSousa_etal_2010 [restricted: Visual_volumes.xlsx],deSousa_etal_2010,NA,5420,2010,restricted_documents,5,near_perfect,0,1,0,restricted_checks/deSousa_etal_2010/comparison/Visual_volumes.xlsx,Sheet2,R12C5,species_match_strength=2; structure_context_match=TRUE,TRUE
Lophocebus_albigena,ASG_Sousa,5420,deSousa_etal_2010 [restricted: deSousa_2010.csv],deSousa_etal_2010,NA,5420,2010,restricted_documents,5,near_perfect,0,1,0,restricted_checks/deSousa_etal_2010/comparison/deSousa_2010.csv,,R51C2,species_match_strength=2; structure_context_match=TRUE,TRUE
Lophocebus_albigena,ASG_Sousa,5420,deSousa_etal_2010 [restricted: deSousa_2010.csv],deSousa_etal_2010,NA,5420,2010,restricted_documents,5,near_perfect,0,1,0,restricted_checks/deSousa_etal_2010/comparison/deSousa_2010.csv,,R51C5,species_match_strength=2; structure_context_match=TRUE,TRUE
Lophocebus_albigena,ASG_Sousa,5420,Stephan_etal_1981 [restricted: Stephan_1981.csv],Stephan_etal_1981,NA,5420,1981,restricted_documents,6,near_perfect,0,1,1384,restricted_checks/Stephan_etal_1981/comparison/Stephan_1981.csv,,R51C4,species_match_strength=2; structure_context_match=TRUE,TRUE
Lophocebus_albigena,Frontal.motor.Gray,3.93,Smaers_etal_2017 [restricted: Smaers.csv],Smaers_etal_2017,NA,3.926,2017,restricted_documents,5,near_perfect,0.10178117048346065,1,0,restricted_checks/Smaers_etal_2017/comparison/Smaers.csv,,R17C4,species_match_strength=2; structure_context_match=TRUE,TRUE
Lophocebus_albigena,Primary.visual.White.Smaers,1.41,Smaers_etal_2017 [restricted: Smaers.csv],Smaers_etal_2017,NA,1.411,2017,restricted_documents,5,near_perfect,0.07087172218285698,1,0,restricted_checks/Smaers_etal_2017/comparison/Smaers.csv,,R17C5,species_match_strength=2; structure_context_match=TRUE,TRUE
Lophocebus_albigena,Prefrontal.Gray,2.31,Smaers_etal_2017 [restricted: Smaers.csv],Smaers_etal_2017,NA,2.311,2017,restricted_documents,5,near_perfect,0.043271311120722196,1,0,restricted_checks/Smaers_etal_2017/comparison/Smaers.csv,,R17C2,species_match_strength=2; structure_context_match=TRUE,TRUE
Lophocebus_albigena,Prefrontal.White,0.42,Smaers_etal_2017 [restricted: Smaers.csv],Smaers_etal_2017,NA,0.424,2017,restricted_documents,5,near_perfect,0.9433962264150952,1,0,restricted_checks/Smaers_etal_2017/comparison/Smaers.csv,,R17C6,species_match_strength=2; structure_context_match=TRUE,TRUE
Lophocebus_albigena,Other.cortical.association.areas.Gray,29.1,Smaers_etal_2017 [restricted: Smaers.csv],Smaers_etal_2017,NA,29.102,2017,restricted_documents,5,near_perfect,0.006872379905157348,1,0,restricted_checks/Smaers_etal_2017/comparison/Smaers.csv,,R17C3,species_match_strength=2; structure_context_match=TRUE,TRUE
Lophocebus_albigena,Other.cortical.association.areas.White,17.09,Smaers_etal_2017 [restricted: Smaers.csv],Smaers_etal_2017,NA,17.092,2017,restricted_documents,5,near_perfect,0.011701380762923541,1,0,restricted_checks/Smaers_etal_2017/comparison/Smaers.csv,,R17C7,species_match_strength=2; structure_context_match=TRUE,TRUE
Loris_tardigradus,LGN_Sousa,24.6,deSousa_etal_2010 [restricted: deSousa_2010.csv],deSousa_etal_2010,NA,24.6,2010,restricted_documents,5,near_perfect,0,1,0,restricted_checks/deSousa_etal_2010/comparison/deSousa_2010.csv,,R52C6,species_match_strength=2; structure_context_match=TRUE,TRUE
Loris_tardigradus,LGN_Sousa,24.6,deSousa_etal_2010 [restricted: Visual_volumes.xlsx],deSousa_etal_2010,NA,24.6,2010,restricted_documents,5,near_perfect,0,1,0,restricted_checks/deSousa_etal_2010/comparison/Visual_volumes.xlsx,Sheet1,R41C10,species_match_strength=1; structure_context_match=TRUE,TRUE
Loris_tardigradus,LGN_Sousa,24.6,deSousa_etal_2010 [restricted: Visual_volumes.xlsx],deSousa_etal_2010,NA,0.0246,2010,restricted_documents,5,near_perfect,0,1000,0,restricted_checks/deSousa_etal_2010/comparison/Visual_volumes.xlsx,Sheet1,R41C6,species_match_strength=1; structure_context_match=TRUE,TRUE
Loris_tardigradus,LGN_Sousa,24.6,deSousa_etal_2010 [restricted: Visual_volumes.xlsx],deSousa_etal_2010,NA,24.6,2010,restricted_documents,5,near_perfect,0,1,0,restricted_checks/deSousa_etal_2010/comparison/Visual_volumes.xlsx,Sheet2,R41C6,species_match_strength=1; structure_context_match=TRUE,TRUE
Loris_tardigradus,LGN_Sousa,24.6,Stephan_etal_1981 [restricted: Stephan_1981.csv],Stephan_etal_1981,NA,24.6,1981,restricted_documents,6,near_perfect,0,1,1384,restricted_checks/Stephan_etal_1981/comparison/Stephan_1981.csv,,R52C40,species_match_strength=2; structure_context_match=TRUE,TRUE
Loris_tardigradus,ASG_Sousa,529,deSousa_etal_2010 [restricted: deSousa_2010.csv],deSousa_etal_2010,NA,529,2010,restricted_documents,5,near_perfect,0,1,0,restricted_checks/deSousa_etal_2010/comparison/deSousa_2010.csv,,R52C2,species_match_strength=2; structure_context_match=TRUE,TRUE
Loris_tardigradus,ASG_Sousa,529,deSousa_etal_2010 [restricted: deSousa_2010.csv],deSousa_etal_2010,NA,529,2010,restricted_documents,5,near_perfect,0,1,0,restricted_checks/deSousa_etal_2010/comparison/deSousa_2010.csv,,R52C5,species_match_strength=2; structure_context_match=TRUE,TRUE
Loris_tardigradus,ASG_Sousa,529,deSousa_etal_2010 [restricted: Visual_volumes.xlsx],deSousa_etal_2010,NA,0.529,2010,restricted_documents,5,near_perfect,0,1000,0,restricted_checks/deSousa_etal_2010/comparison/Visual_volumes.xlsx,Sheet1,R41C5,species_match_strength=1; structure_context_match=TRUE,TRUE
Loris_tardigradus,ASG_Sousa,529,deSousa_etal_2010 [restricted: Visual_volumes.xlsx],deSousa_etal_2010,NA,529,2010,restricted_documents,5,near_perfect,0,1,0,restricted_checks/deSousa_etal_2010/comparison/Visual_volumes.xlsx,Sheet1,R41C9,species_match_strength=1; structure_context_match=TRUE,TRUE
Loris_tardigradus,ASG_Sousa,529,deSousa_etal_2010 [restricted: Visual_volumes.xlsx],deSousa_etal_2010,NA,529,2010,restricted_documents,5,near_perfect,0,1,0,restricted_checks/deSousa_etal_2010/comparison/Visual_volumes.xlsx,Sheet2,R41C5,species_match_strength=1; structure_context_match=TRUE,TRUE
Loris_tardigradus,ASG_Sousa,529,Stephan_etal_1981 [restricted: Stephan_1981.csv],Stephan_etal_1981,NA,529,1981,restricted_documents,6,near_perfect,0,1,1384,restricted_checks/Stephan_etal_1981/comparison/Stephan_1981.csv,,R52C4,species_match_strength=2; structure_context_match=TRUE,TRUE
Pan_paniscus,LGN_Sousa,275.1,deSousa_etal_2013 [restricted: compare_LGN_vs_Stephan.csv],deSousa_etal_2013,NA,275.1,2013,restricted_documents,5,near_perfect,0,1,15,restricted_checks/deSousa_etal_2013/comparison/compare_LGN_vs_Stephan.csv,,R4C3,species_match_strength=2; structure_context_match=TRUE,TRUE
Pan_paniscus,LGN_Sousa,275.1,deSousa_etal_2013 [restricted: compare_LGN_vs_Stephan.csv],deSousa_etal_2013,NA,280,2013,restricted_documents,5,close_metadata_source,1.7499999999999918,1,15,restricted_checks/deSousa_etal_2013/comparison/compare_LGN_vs_Stephan.csv,,R4C2,species_match_strength=2; structure_context_match=TRUE,TRUE
Pan_paniscus,LGN_Sousa,275.1,deSousa_etal_2013 [restricted: deSousa_2013.csv],deSousa_etal_2013,NA,282.3,2013,restricted_documents,5,close_metadata_source,2.5504782146652456,1,15,restricted_checks/deSousa_etal_2013/comparison/deSousa_2013.csv,,R71C4,species_match_strength=2; structure_context_match=TRUE,TRUE
Pan_paniscus,LGN_Sousa,275.1,deSousa_etal_2010 [restricted: deSousa_2010.csv],deSousa_etal_2010,NA,275.1,2010,restricted_documents,5,near_perfect,0,1,0,restricted_checks/deSousa_etal_2010/comparison/deSousa_2010.csv,,R71C6,species_match_strength=2; structure_context_match=TRUE,TRUE
Pan_paniscus,LGN_Sousa,275.1,deSousa_etal_2010 [restricted: Visual_volumes.xlsx],deSousa_etal_2010,NA,275.1401190583784,2010,restricted_documents,5,near_perfect,0.014581318971463262,1,0,restricted_checks/deSousa_etal_2010/comparison/Visual_volumes.xlsx,Sheet1,R5C10,species_match_strength=2; structure_context_match=TRUE,TRUE
Pan_paniscus,LGN_Sousa,275.1,deSousa_etal_2010 [restricted: Visual_volumes.xlsx],deSousa_etal_2010,NA,0.2751401190583784,2010,restricted_documents,5,near_perfect,0.014581318971463262,1000,0,restricted_checks/deSousa_etal_2010/comparison/Visual_volumes.xlsx,Sheet1,R5C6,species_match_strength=2; structure_context_match=TRUE,TRUE
Pan_paniscus,LGN_Sousa,275.1,deSousa_etal_2010 [restricted: Visual_volumes.xlsx],deSousa_etal_2010,NA,275.1401190583784,2010,restricted_documents,5,near_perfect,0.014581318971463262,1,0,restricted_checks/deSousa_etal_2010/comparison/Visual_volumes.xlsx,Sheet2,R5C6,species_match_strength=2; structure_context_match=TRUE,TRUE
Pan_paniscus,ASG_Sousa,11606.5,deSousa_etal_2010 [restricted: deSousa_2010.csv],deSousa_etal_2010,NA,11606.5,2010,restricted_documents,5,near_perfect,0,1,0,restricted_checks/deSousa_etal_2010/comparison/deSousa_2010.csv,,R71C2,species_match_strength=2; structure_context_match=TRUE,TRUE
Pan_paniscus,ASG_Sousa,11606.5,deSousa_etal_2010 [restricted: deSousa_2010.csv],deSousa_etal_2010,NA,11606.5,2010,restricted_documents,5,near_perfect,0,1,0,restricted_checks/deSousa_etal_2010/comparison/deSousa_2010.csv,,R71C5,species_match_strength=2; structure_context_match=TRUE,TRUE
Pan_paniscus,ASG_Sousa,11606.5,deSousa_etal_2010 [restricted: Visual_volumes.xlsx],deSousa_etal_2010,NA,11.606464341140198,2010,restricted_documents,5,near_perfect,3.072318080594887e-4,1000,0,restricted_checks/deSousa_etal_2010/comparison/Visual_volumes.xlsx,Sheet1,R5C5,species_match_strength=2; structure_context_match=TRUE,TRUE
Pan_paniscus,ASG_Sousa,11606.5,deSousa_etal_2010 [restricted: Visual_volumes.xlsx],deSousa_etal_2010,NA,11606.464341140198,2010,restricted_documents,5,near_perfect,3.072318080594887e-4,1,0,restricted_checks/deSousa_etal_2010/comparison/Visual_volumes.xlsx,Sheet1,R5C9,species_match_strength=2; structure_context_match=TRUE,TRUE
Pan_paniscus,ASG_Sousa,11606.5,deSousa_etal_2010 [restricted: Visual_volumes.xlsx],deSousa_etal_2010,NA,11606.464341140198,2010,restricted_documents,5,near_perfect,3.072318080594887e-4,1,0,restricted_checks/deSousa_etal_2010/comparison/Visual_volumes.xlsx,Sheet2,R5C5,species_match_strength=2; structure_context_match=TRUE,TRUE
Pan_paniscus,ASG_Sousa,11606.5,Stephan_etal_1981 [restricted: Stephan_1981.csv],Stephan_etal_1981,NA,11606.5,1981,restricted_documents,6,near_perfect,0,1,1384,restricted_checks/Stephan_etal_1981/comparison/Stephan_1981.csv,,R71C4,species_match_strength=2; structure_context_match=TRUE,TRUE
Pan_paniscus,Frontal.motor.Gray,8.36,Smaers_etal_2017 [restricted: Smaers.csv],Smaers_etal_2017,NA,8.356,2017,restricted_documents,5,near_perfect,0.04784688995214784,1,0,restricted_checks/Smaers_etal_2017/comparison/Smaers.csv,,R13C4,species_match_strength=2; structure_context_match=TRUE,TRUE
Pan_paniscus,Prefrontal.Gray,7.96,Smaers_etal_2017 [restricted: Smaers.csv],Smaers_etal_2017,NA,7.956,2017,restricted_documents,5,near_perfect,0.0502512562814015,1,0,restricted_checks/Smaers_etal_2017/comparison/Smaers.csv,,R13C2,species_match_strength=2; structure_context_match=TRUE,TRUE
Pan_paniscus,Prefrontal.White,2.06,Smaers_etal_2017 [restricted: Smaers.csv],Smaers_etal_2017,NA,2.056,2017,restricted_documents,5,near_perfect,0.19417475728155356,1,0,restricted_checks/Smaers_etal_2017/comparison/Smaers.csv,,R13C6,species_match_strength=2; structure_context_match=TRUE,TRUE
Pan_troglodytes,LGN_Sousa,250.7,deSousa_etal_2013 [restricted: compare_LGN_vs_Stephan.csv],deSousa_etal_2013,NA,250.7,2013,restricted_documents,5,near_perfect,0,1,15,restricted_checks/deSousa_etal_2013/comparison/compare_LGN_vs_Stephan.csv,,R3C3,species_match_strength=2; structure_context_match=TRUE,TRUE
Pan_troglodytes,LGN_Sousa,250.7,deSousa_etal_2010 [restricted: deSousa_2010.csv],deSousa_etal_2010,NA,250.7,2010,restricted_documents,5,near_perfect,0,1,0,restricted_checks/deSousa_etal_2010/comparison/deSousa_2010.csv,,R72C6,species_match_strength=2; structure_context_match=TRUE,TRUE
Pan_troglodytes,LGN_Sousa,250.7,deSousa_etal_2010 [restricted: Visual_volumes.xlsx],deSousa_etal_2010,NA,250.73850270002572,2010,restricted_documents,5,near_perfect,0.015355719050374238,1,0,restricted_checks/deSousa_etal_2010/comparison/Visual_volumes.xlsx,Sheet1,R4C10,species_match_strength=2; structure_context_match=TRUE,TRUE
Pan_troglodytes,LGN_Sousa,250.7,deSousa_etal_2010 [restricted: Visual_volumes.xlsx],deSousa_etal_2010,NA,0.25073850270002573,2010,restricted_documents,5,near_perfect,0.015355719050374238,1000,0,restricted_checks/deSousa_etal_2010/comparison/Visual_volumes.xlsx,Sheet1,R4C6,species_match_strength=2; structure_context_match=TRUE,TRUE
Pan_troglodytes,LGN_Sousa,250.7,deSousa_etal_2010 [restricted: Visual_volumes.xlsx],deSousa_etal_2010,NA,250.73850270002572,2010,restricted_documents,5,near_perfect,0.015355719050374238,1,0,restricted_checks/deSousa_etal_2010/comparison/Visual_volumes.xlsx,Sheet2,R4C6,species_match_strength=2; structure_context_match=TRUE,TRUE
Pan_troglodytes,ASG_Sousa,8268.3,deSousa_etal_2010 [restricted: deSousa_2010.csv],deSousa_etal_2010,NA,8268.3,2010,restricted_documents,5,near_perfect,0,1,0,restricted_checks/deSousa_etal_2010/comparison/deSousa_2010.csv,,R72C2,species_match_strength=2; structure_context_match=TRUE,TRUE
Pan_troglodytes,ASG_Sousa,8268.3,deSousa_etal_2010 [restricted: deSousa_2010.csv],deSousa_etal_2010,NA,8268.3,2010,restricted_documents,5,near_perfect,0,1,0,restricted_checks/deSousa_etal_2010/comparison/deSousa_2010.csv,,R72C5,species_match_strength=2; structure_context_match=TRUE,TRUE
Pan_troglodytes,ASG_Sousa,8268.3,deSousa_etal_2010 [restricted: Visual_volumes.xlsx],deSousa_etal_2010,NA,8.26830320913063,2010,restricted_documents,5,near_perfect,3.8812444947649736e-5,1000,0,restricted_checks/deSousa_etal_2010/comparison/Visual_volumes.xlsx,Sheet1,R4C5,species_match_strength=2; structure_context_match=TRUE,TRUE
Pan_troglodytes,ASG_Sousa,8268.3,deSousa_etal_2010 [restricted: Visual_volumes.xlsx],deSousa_etal_2010,NA,8268.30320913063,2010,restricted_documents,5,near_perfect,3.8812444947649736e-5,1,0,restricted_checks/deSousa_etal_2010/comparison/Visual_volumes.xlsx,Sheet1,R4C9,species_match_strength=2; structure_context_match=TRUE,TRUE
Pan_troglodytes,ASG_Sousa,8268.3,deSousa_etal_2010 [restricted: Visual_volumes.xlsx],deSousa_etal_2010,NA,8268.30320913063,2010,restricted_documents,5,near_perfect,3.8812444947649736e-5,1,0,restricted_checks/deSousa_etal_2010/comparison/Visual_volumes.xlsx,Sheet2,R4C5,species_match_strength=2; structure_context_match=TRUE,TRUE
Pan_troglodytes,ASG_Sousa,8268.3,Stephan_etal_1981 [restricted: Stephan_1981.csv],Stephan_etal_1981,NA,8268.3,1981,restricted_documents,6,near_perfect,0,1,1384,restricted_checks/Stephan_etal_1981/comparison/Stephan_1981.csv,,R72C4,species_match_strength=2; structure_context_match=TRUE,TRUE
Pan_troglodytes,Frontal.motor.Gray,13.41,Smaers_etal_2017 [restricted: Smaers.csv],Smaers_etal_2017,NA,13.407,2017,restricted_documents,5,near_perfect,0.022371364653244696,1,0,restricted_checks/Smaers_etal_2017/comparison/Smaers.csv,,R14C4,species_match_strength=2; structure_context_match=TRUE,TRUE
Pan_troglodytes,Primary.visual.White.Smaers,4,Smaers_etal_2017 [restricted: Smaers.csv],Smaers_etal_2017,NA,4.004,2017,restricted_documents,5,near_perfect,0.09990009990008891,1,0,restricted_checks/Smaers_etal_2017/comparison/Smaers.csv,,R14C5,species_match_strength=2; structure_context_match=TRUE,TRUE
Pan_troglodytes,Prefrontal.Gray,14.21,Smaers_etal_2017 [restricted: Smaers.csv],Smaers_etal_2017,NA,14.209,2017,restricted_documents,5,near_perfect,0.007037297677700367,1,0,restricted_checks/Smaers_etal_2017/comparison/Smaers.csv,,R14C2,species_match_strength=2; structure_context_match=TRUE,TRUE
Pan_troglodytes,Prefrontal.White,4.61,Smaers_etal_2017 [restricted: Smaers.csv],Smaers_etal_2017,NA,4.607,2017,restricted_documents,5,near_perfect,0.06507592190889618,1,0,restricted_checks/Smaers_etal_2017/comparison/Smaers.csv,,R14C6,species_match_strength=2; structure_context_match=TRUE,TRUE
Pan_troglodytes,Other.cortical.association.areas.Gray,112.75,Smaers_etal_2017 [restricted: Smaers.csv],Smaers_etal_2017,NA,112.75,2017,restricted_documents,5,near_perfect,0,1,0,restricted_checks/Smaers_etal_2017/comparison/Smaers.csv,,R14C3,species_match_strength=2; structure_context_match=TRUE,TRUE
Pan_troglodytes,Other.cortical.association.areas.White,76.6,Smaers_etal_2017 [restricted: Smaers.csv],Smaers_etal_2017,NA,76.6,2017,restricted_documents,5,near_perfect,0,1,0,restricted_checks/Smaers_etal_2017/comparison/Smaers.csv,,R14C7,species_match_strength=2; structure_context_match=TRUE,TRUE
Perodicticus_potto,LGN_Sousa,24.3,deSousa_etal_2010 [restricted: Visual_volumes.xlsx],deSousa_etal_2010,NA,24.3,2010,restricted_documents,5,near_perfect,0,1,0,restricted_checks/deSousa_etal_2010/comparison/Visual_volumes.xlsx,Sheet1,R43C10,species_match_strength=2; structure_context_match=TRUE,TRUE
Perodicticus_potto,LGN_Sousa,24.3,deSousa_etal_2010 [restricted: Visual_volumes.xlsx],deSousa_etal_2010,NA,24.3,2010,restricted_documents,5,near_perfect,0,1,0,restricted_checks/deSousa_etal_2010/comparison/Visual_volumes.xlsx,Sheet2,R43C6,species_match_strength=2; structure_context_match=TRUE,TRUE
Perodicticus_potto,LGN_Sousa,24.3,deSousa_etal_2010 [restricted: deSousa_2010.csv],deSousa_etal_2010,NA,24.3,2010,restricted_documents,5,near_perfect,0,1,0,restricted_checks/deSousa_etal_2010/comparison/deSousa_2010.csv,,R74C6,species_match_strength=2; structure_context_match=TRUE,TRUE
Perodicticus_potto,LGN_Sousa,24.3,deSousa_etal_2010 [restricted: Visual_volumes.xlsx],deSousa_etal_2010,NA,0.0243,2010,restricted_documents,5,near_perfect,1.4620220900413584e-14,1000,0,restricted_checks/deSousa_etal_2010/comparison/Visual_volumes.xlsx,Sheet1,R43C6,species_match_strength=2; structure_context_match=TRUE,TRUE
Perodicticus_potto,LGN_Sousa,24.3,Stephan_etal_1981 [restricted: Stephan_1981.csv],Stephan_etal_1981,NA,24.3,1981,restricted_documents,6,near_perfect,0,1,1384,restricted_checks/Stephan_etal_1981/comparison/Stephan_1981.csv,,R74C40,species_match_strength=2; structure_context_match=TRUE,TRUE
Perodicticus_potto,ASG_Sousa,495,deSousa_etal_2010 [restricted: Visual_volumes.xlsx],deSousa_etal_2010,NA,0.495,2010,restricted_documents,5,near_perfect,0,1000,0,restricted_checks/deSousa_etal_2010/comparison/Visual_volumes.xlsx,Sheet1,R43C5,species_match_strength=2; structure_context_match=TRUE,TRUE
Perodicticus_potto,ASG_Sousa,495,deSousa_etal_2010 [restricted: Visual_volumes.xlsx],deSousa_etal_2010,NA,495,2010,restricted_documents,5,near_perfect,0,1,0,restricted_checks/deSousa_etal_2010/comparison/Visual_volumes.xlsx,Sheet1,R43C9,species_match_strength=2; structure_context_match=TRUE,TRUE
Perodicticus_potto,ASG_Sousa,495,deSousa_etal_2010 [restricted: Visual_volumes.xlsx],deSousa_etal_2010,NA,495,2010,restricted_documents,5,near_perfect,0,1,0,restricted_checks/deSousa_etal_2010/comparison/Visual_volumes.xlsx,Sheet2,R43C5,species_match_strength=2; structure_context_match=TRUE,TRUE
Perodicticus_potto,ASG_Sousa,495,deSousa_etal_2010 [restricted: deSousa_2010.csv],deSousa_etal_2010,NA,495,2010,restricted_documents,5,near_perfect,0,1,0,restricted_checks/deSousa_etal_2010/comparison/deSousa_2010.csv,,R74C2,species_match_strength=2; structure_context_match=TRUE,TRUE
Perodicticus_potto,ASG_Sousa,495,deSousa_etal_2010 [restricted: deSousa_2010.csv],deSousa_etal_2010,NA,495,2010,restricted_documents,5,near_perfect,0,1,0,restricted_checks/deSousa_etal_2010/comparison/deSousa_2010.csv,,R74C5,species_match_strength=2; structure_context_match=TRUE,TRUE
Perodicticus_potto,ASG_Sousa,495,Stephan_etal_1981 [restricted: Stephan_1981.csv],Stephan_etal_1981,NA,495,1981,restricted_documents,6,near_perfect,0,1,1384,restricted_checks/Stephan_etal_1981/comparison/Stephan_1981.csv,,R74C4,species_match_strength=2; structure_context_match=TRUE,TRUE
Piliocolobus_badius,ASG_Sousa,3053,deSousa_etal_2010 [restricted: Visual_volumes.xlsx],deSousa_etal_2010,NA,3.053,2010,restricted_documents,5,near_perfect,0,1000,0,restricted_checks/deSousa_etal_2010/comparison/Visual_volumes.xlsx,Sheet1,R17C5,species_match_strength=2; structure_context_match=TRUE,TRUE
Piliocolobus_badius,ASG_Sousa,3053,deSousa_etal_2010 [restricted: Visual_volumes.xlsx],deSousa_etal_2010,NA,3053,2010,restricted_documents,5,near_perfect,0,1,0,restricted_checks/deSousa_etal_2010/comparison/Visual_volumes.xlsx,Sheet1,R17C9,species_match_strength=2; structure_context_match=TRUE,TRUE
Piliocolobus_badius,ASG_Sousa,3053,deSousa_etal_2010 [restricted: Visual_volumes.xlsx],deSousa_etal_2010,NA,3053,2010,restricted_documents,5,near_perfect,0,1,0,restricted_checks/deSousa_etal_2010/comparison/Visual_volumes.xlsx,Sheet2,R17C5,species_match_strength=2; structure_context_match=TRUE,TRUE
Piliocolobus_badius,ASG_Sousa,3053,deSousa_etal_2010 [restricted: deSousa_2010.csv],deSousa_etal_2010,NA,3053,2010,restricted_documents,5,near_perfect,0,1,0,restricted_checks/deSousa_etal_2010/comparison/deSousa_2010.csv,,R75C2,species_match_strength=2; structure_context_match=TRUE,TRUE
Piliocolobus_badius,ASG_Sousa,3053,deSousa_etal_2010 [restricted: deSousa_2010.csv],deSousa_etal_2010,NA,3053,2010,restricted_documents,5,near_perfect,0,1,0,restricted_checks/deSousa_etal_2010/comparison/deSousa_2010.csv,,R75C5,species_match_strength=2; structure_context_match=TRUE,TRUE
Piliocolobus_badius,ASG_Sousa,3053,Stephan_etal_1981 [restricted: Stephan_1981.csv],Stephan_etal_1981,NA,3053,1981,restricted_documents,6,near_perfect,0,1,1384,restricted_checks/Stephan_etal_1981/comparison/Stephan_1981.csv,,R75C4,species_match_strength=2; structure_context_match=TRUE,TRUE
Piliocolobus_badius,Corpus.subcommissurale,0.27,Stephan_etal_1981 [restricted: Stephan_1981.csv],Stephan_etal_1981,NA,0.265,1981,restricted_documents,5,close_metadata_source,1.8518518518518534,1,1384,restricted_checks/Stephan_etal_1981/comparison/Stephan_1981.csv,,R75C59,species_match_strength=2; structure_context_match=TRUE,TRUE
Piliocolobus_badius,Frontal.motor.Gray,2.26,Smaers_etal_2017 [restricted: Smaers.csv],Smaers_etal_2017,NA,2.26,2017,restricted_documents,5,near_perfect,0,1,0,restricted_checks/Smaers_etal_2017/comparison/Smaers.csv,,R20C4,species_match_strength=2; structure_context_match=TRUE,TRUE
Piliocolobus_badius,Primary.visual.White.Smaers,0.93,Smaers_etal_2017 [restricted: Smaers.csv],Smaers_etal_2017,NA,0.926,2017,restricted_documents,5,near_perfect,0.43010752688172077,1,0,restricted_checks/Smaers_etal_2017/comparison/Smaers.csv,,R20C5,species_match_strength=2; structure_context_match=TRUE,TRUE
Piliocolobus_badius,Prefrontal.Gray,1.59,Smaers_etal_2017 [restricted: Smaers.csv],Smaers_etal_2017,NA,1.591,2017,restricted_documents,5,near_perfect,0.06285355122563732,1,0,restricted_checks/Smaers_etal_2017/comparison/Smaers.csv,,R20C2,species_match_strength=2; structure_context_match=TRUE,TRUE
Piliocolobus_badius,Prefrontal.White,0.2,Smaers_etal_2017 [restricted: Smaers.csv],Smaers_etal_2017,NA,0.201,2017,restricted_documents,5,near_perfect,0.4975124378109457,1,0,restricted_checks/Smaers_etal_2017/comparison/Smaers.csv,,R20C6,species_match_strength=2; structure_context_match=TRUE,TRUE
Piliocolobus_badius,Other.cortical.association.areas.Gray,22.63,Smaers_etal_2017 [restricted: Smaers.csv],Smaers_etal_2017,NA,22.629,2017,restricted_documents,5,near_perfect,0.004418912947404638,1,0,restricted_checks/Smaers_etal_2017/comparison/Smaers.csv,,R20C3,species_match_strength=2; structure_context_match=TRUE,TRUE
Piliocolobus_badius,Other.cortical.association.areas.White,9.67,Smaers_etal_2017 [restricted: Smaers.csv],Smaers_etal_2017,NA,9.665,2017,restricted_documents,5,near_perfect,0.051706308169604774,1,0,restricted_checks/Smaers_etal_2017/comparison/Smaers.csv,,R20C7,species_match_strength=2; structure_context_match=TRUE,TRUE
Pithecia_pithecia,Frontal.motor.Gray,0.82,Smaers_etal_2017 [restricted: Smaers.csv],Smaers_etal_2017,NA,0.819,2017,restricted_documents,5,near_perfect,0.12195121951219524,1,0,restricted_checks/Smaers_etal_2017/comparison/Smaers.csv,,R16C4,species_match_strength=2; structure_context_match=TRUE,TRUE
Pithecia_pithecia,Primary.visual.White.Smaers,0.45,Smaers_etal_2017 [restricted: Smaers.csv],Smaers_etal_2017,NA,0.451,2017,restricted_documents,5,near_perfect,0.22172949002217315,1,0,restricted_checks/Smaers_etal_2017/comparison/Smaers.csv,,R16C5,species_match_strength=2; structure_context_match=TRUE,TRUE
Pithecia_pithecia,Prefrontal.Gray,0.6,Smaers_etal_2017 [restricted: Smaers.csv],Smaers_etal_2017,NA,0.6,2017,restricted_documents,5,near_perfect,0,1,0,restricted_checks/Smaers_etal_2017/comparison/Smaers.csv,,R16C2,species_match_strength=2; structure_context_match=TRUE,TRUE
Pithecia_pithecia,Prefrontal.White,0.08,Smaers_etal_2017 [restricted: Smaers.csv],Smaers_etal_2017,NA,0.081,2017,restricted_documents,5,near_perfect,1.234567901234569,1,0,restricted_checks/Smaers_etal_2017/comparison/Smaers.csv,,R16C6,species_match_strength=2; structure_context_match=TRUE,TRUE
Pithecia_pithecia,Other.cortical.association.areas.Gray,9.24,Smaers_etal_2017 [restricted: Smaers.csv],Smaers_etal_2017,NA,9.242,2017,restricted_documents,5,near_perfect,0.02164033758927362,1,0,restricted_checks/Smaers_etal_2017/comparison/Smaers.csv,,R16C3,species_match_strength=2; structure_context_match=TRUE,TRUE
Pithecia_pithecia,Other.cortical.association.areas.White,4.2,Smaers_etal_2017 [restricted: Smaers.csv],Smaers_etal_2017,NA,4.2,2017,restricted_documents,5,near_perfect,0,1,0,restricted_checks/Smaers_etal_2017/comparison/Smaers.csv,,R16C7,species_match_strength=2; structure_context_match=TRUE,TRUE
Pongo_abelii,Total_insula_volume_L,1158,Bauernfeind_etal_2013 [restricted: insulaAmy.xls],Bauernfeind_etal_2013,NA,1.2043346012061402,2013,restricted_documents,5,close_metadata_source,3.847319603682906,1000,181,restricted_checks/Bauernfeind_etal_2013/comparison/insulaAmy.xls,Sheet1,R21C4,species_match_strength=1; structure_context_match=TRUE,TRUE
Pongo_abelii,Total_insula_volume_L,1158,Bauernfeind_etal_2013 [restricted: insulaAmy.xls],Bauernfeind_etal_2013,NA,1.1122252398550347,2013,restricted_documents,5,close_metadata_source,3.9529153838484703,1000,181,restricted_checks/Bauernfeind_etal_2013/comparison/insulaAmy.xls,Sheet1,R23C4,species_match_strength=1; structure_context_match=TRUE,TRUE
Pongo_abelii,Brain_weight,345900,Bauernfeind_etal_2013 [restricted: Bauernfeind_2013.csv],Bauernfeind_etal_2013,NA,353200,2013,restricted_documents,5,close_metadata_source,2.066817667044168,1,181,restricted_checks/Bauernfeind_etal_2013/comparison/Bauernfeind_2013.csv,,R78C7,species_match_strength=2; structure_context_match=TRUE,TRUE
Pongo_abelii,Brain_weight,345900,Bauernfeind_etal_2013 [restricted: insulaAmy.xls],Bauernfeind_etal_2013,NA,358,2013,restricted_documents,5,close_metadata_source,3.3798882681564244,1000,181,restricted_checks/Bauernfeind_etal_2013/comparison/insulaAmy.xls,Sheet1,R21C2,species_match_strength=1; structure_context_match=TRUE,TRUE
Pongo_abelii,Brain_weight,345900,Bauernfeind_etal_2013 [restricted: insulaAmy.xls],Bauernfeind_etal_2013,NA,333.8,2013,restricted_documents,5,close_metadata_source,3.498120844174617,1000,181,restricted_checks/Bauernfeind_etal_2013/comparison/insulaAmy.xls,Sheet1,R23C2,species_match_strength=1; structure_context_match=TRUE,TRUE
Pongo_abelii,Granular_volume_L,218.5,Bauernfeind_etal_2013 [restricted: Bauernfeind_2013.csv],Bauernfeind_etal_2013,NA,208.75,2013,restricted_documents,5,close_metadata_source,4.462242562929061,1,181,restricted_checks/Bauernfeind_etal_2013/comparison/Bauernfeind_2013.csv,,R78C12,species_match_strength=2; structure_context_match=TRUE,TRUE
Pongo_abelii,Brain_mass,345900,Bauernfeind_etal_2013 [restricted: Bauernfeind_2013.csv],Bauernfeind_etal_2013,NA,353200,2013,restricted_documents,5,close_metadata_source,2.066817667044168,1,181,restricted_checks/Bauernfeind_etal_2013/comparison/Bauernfeind_2013.csv,,R78C7,species_match_strength=2; structure_context_match=TRUE,TRUE
Pongo_abelii,Brain_mass,345900,Bauernfeind_etal_2013 [restricted: insulaAmy.xls],Bauernfeind_etal_2013,NA,358,2013,restricted_documents,5,close_metadata_source,3.3798882681564244,1000,181,restricted_checks/Bauernfeind_etal_2013/comparison/insulaAmy.xls,Sheet1,R21C2,species_match_strength=1; structure_context_match=TRUE,TRUE
Pongo_abelii,Brain_mass,345900,Bauernfeind_etal_2013 [restricted: insulaAmy.xls],Bauernfeind_etal_2013,NA,333.8,2013,restricted_documents,5,close_metadata_source,3.498120844174617,1000,181,restricted_checks/Bauernfeind_etal_2013/comparison/insulaAmy.xls,Sheet1,R23C2,species_match_strength=1; structure_context_match=TRUE,TRUE
Pongo_pygmaeus,ASG_Sousa,8233.7,deSousa_etal_2010 [restricted: deSousa_2010.csv],deSousa_etal_2010,NA,8233.7,2010,restricted_documents,5,near_perfect,0,1,0,restricted_checks/deSousa_etal_2010/comparison/deSousa_2010.csv,,R78C2,species_match_strength=2; structure_context_match=TRUE,TRUE
Pongo_pygmaeus,ASG_Sousa,8233.7,deSousa_etal_2010 [restricted: deSousa_2010.csv],deSousa_etal_2010,NA,8233.7,2010,restricted_documents,5,near_perfect,0,1,0,restricted_checks/deSousa_etal_2010/comparison/deSousa_2010.csv,,R78C5,species_match_strength=2; structure_context_match=TRUE,TRUE
Pongo_pygmaeus,ASG_Sousa,8233.7,deSousa_etal_2010 [restricted: Visual_volumes.xlsx],deSousa_etal_2010,NA,8.23371068590795,2010,restricted_documents,5,near_perfect,1.2978240741606833e-4,1000,0,restricted_checks/deSousa_etal_2010/comparison/Visual_volumes.xlsx,Sheet1,R7C5,species_match_strength=2; structure_context_match=TRUE,TRUE
Pongo_pygmaeus,ASG_Sousa,8233.7,deSousa_etal_2010 [restricted: Visual_volumes.xlsx],deSousa_etal_2010,NA,8233.710685907949,2010,restricted_documents,5,near_perfect,1.2978240741606833e-4,1,0,restricted_checks/deSousa_etal_2010/comparison/Visual_volumes.xlsx,Sheet1,R7C9,species_match_strength=2; structure_context_match=TRUE,TRUE
Pongo_pygmaeus,ASG_Sousa,8233.7,deSousa_etal_2010 [restricted: Visual_volumes.xlsx],deSousa_etal_2010,NA,8233.710685907949,2010,restricted_documents,5,near_perfect,1.2978240741606833e-4,1,0,restricted_checks/deSousa_etal_2010/comparison/Visual_volumes.xlsx,Sheet2,R7C5,species_match_strength=2; structure_context_match=TRUE,TRUE
Pongo_pygmaeus,NeoG_Frahm,138300,Frahm_etal_1982 [restricted: Frahm_1982.csv],Frahm_etal_1982,NA,138300,1982,restricted_documents,5,near_perfect,0,1,46,restricted_checks/Frahm_etal_1982/comparison/Frahm_1982.csv,,R78C4,species_match_strength=2; structure_context_match=TRUE,TRUE
Pongo_pygmaeus,Brain_weight,336000,Bauernfeind_etal_2013 [restricted: insulaAmy.xls],Bauernfeind_etal_2013,NA,333.8,2013,restricted_documents,5,near_perfect,0.6547619047619048,1000,181,restricted_checks/Bauernfeind_etal_2013/comparison/insulaAmy.xls,Sheet1,R23C2,species_match_strength=2; structure_context_match=TRUE,TRUE
Pongo_pygmaeus,Brain_weight,336000,Bauernfeind_etal_2013 [restricted: Bauernfeind_2013.csv],Bauernfeind_etal_2013,NA,353200,2013,restricted_documents,5,close_metadata_source,4.869762174405436,1,181,restricted_checks/Bauernfeind_etal_2013/comparison/Bauernfeind_2013.csv,,R78C7,species_match_strength=2; structure_context_match=TRUE,TRUE
Pongo_pygmaeus,Granular_volume_L,199,Bauernfeind_etal_2013 [restricted: Bauernfeind_2013.csv],Bauernfeind_etal_2013,NA,208.75,2013,restricted_documents,5,close_metadata_source,4.6706586826347305,1,181,restricted_checks/Bauernfeind_etal_2013/comparison/Bauernfeind_2013.csv,,R78C12,species_match_strength=2; structure_context_match=TRUE,TRUE
Pongo_pygmaeus,Frontal.motor.Gray,6.35,Smaers_etal_2017 [restricted: Smaers.csv],Smaers_etal_2017,NA,6.353,2017,restricted_documents,5,near_perfect,0.047221784983474166,1,0,restricted_checks/Smaers_etal_2017/comparison/Smaers.csv,,R15C4,species_match_strength=2; structure_context_match=TRUE,TRUE
Pongo_pygmaeus,Prefrontal.Gray,8.6,Smaers_etal_2017 [restricted: Smaers.csv],Smaers_etal_2017,NA,8.596,2017,restricted_documents,5,near_perfect,0.04651162790697162,1,0,restricted_checks/Smaers_etal_2017/comparison/Smaers.csv,,R15C2,species_match_strength=2; structure_context_match=TRUE,TRUE
Pongo_pygmaeus,Prefrontal.White,2.52,Smaers_etal_2017 [restricted: Smaers.csv],Smaers_etal_2017,NA,2.52,2017,restricted_documents,5,near_perfect,0,1,0,restricted_checks/Smaers_etal_2017/comparison/Smaers.csv,,R15C6,species_match_strength=2; structure_context_match=TRUE,TRUE
Pongo_pygmaeus,Other.cortical.association.areas.Gray,76.92,Smaers_etal_2017 [restricted: Smaers.csv],Smaers_etal_2017,NA,76.924,2017,restricted_documents,5,near_perfect,0.005199937600755145,1,0,restricted_checks/Smaers_etal_2017/comparison/Smaers.csv,,R15C3,species_match_strength=2; structure_context_match=TRUE,TRUE
Pongo_pygmaeus,Brain_mass,360500,Bauernfeind_etal_2013 [restricted: Bauernfeind_2013.csv],Bauernfeind_etal_2013,NA,353200,2013,restricted_documents,5,close_metadata_source,2.0249653259361997,1,181,restricted_checks/Bauernfeind_etal_2013/comparison/Bauernfeind_2013.csv,,R78C7,species_match_strength=2; structure_context_match=TRUE,TRUE
Pongo_pygmaeus,Brain_mass,360500,Bauernfeind_etal_2013 [restricted: insulaAmy.xls],Bauernfeind_etal_2013,NA,376,2013,restricted_documents,5,close_metadata_source,4.122340425531915,1000,181,restricted_checks/Bauernfeind_etal_2013/comparison/insulaAmy.xls,Sheet1,R16C2,species_match_strength=2; structure_context_match=TRUE,TRUE
Pongo_pygmaeus,Brain_mass,360500,Bauernfeind_etal_2013 [restricted: insulaAmy.xls],Bauernfeind_etal_2013,NA,358,2013,restricted_documents,5,near_perfect,0.6934812760055479,1000,181,restricted_checks/Bauernfeind_etal_2013/comparison/insulaAmy.xls,Sheet1,R21C2,species_match_strength=1; structure_context_match=TRUE,TRUE
Saguinus_oedipus,LGN_Sousa,34.2,deSousa_etal_2010 [restricted: deSousa_2010.csv],deSousa_etal_2010,NA,34.2,2010,restricted_documents,5,near_perfect,0,1,0,restricted_checks/deSousa_etal_2010/comparison/deSousa_2010.csv,,R87C6,species_match_strength=2; structure_context_match=TRUE,TRUE
Saguinus_oedipus,LGN_Sousa,34.2,deSousa_etal_2010 [restricted: deSousa_2010.csv],deSousa_etal_2010,NA,36,2010,restricted_documents,5,close_metadata_source,4.999999999999992,1,0,restricted_checks/deSousa_etal_2010/comparison/deSousa_2010.csv,,R86C6,species_match_strength=1; structure_context_match=TRUE,TRUE
Saguinus_oedipus,ASG_Sousa,807,deSousa_etal_2010 [restricted: deSousa_2010.csv],deSousa_etal_2010,NA,807,2010,restricted_documents,5,near_perfect,0,1,0,restricted_checks/deSousa_etal_2010/comparison/deSousa_2010.csv,,R87C2,species_match_strength=2; structure_context_match=TRUE,TRUE
Saguinus_oedipus,ASG_Sousa,807,deSousa_etal_2010 [restricted: deSousa_2010.csv],deSousa_etal_2010,NA,807,2010,restricted_documents,5,near_perfect,0,1,0,restricted_checks/deSousa_etal_2010/comparison/deSousa_2010.csv,,R87C5,species_match_strength=2; structure_context_match=TRUE,TRUE
Saguinus_oedipus,ASG_Sousa,807,deSousa_etal_2010 [restricted: deSousa_2010.csv],deSousa_etal_2010,NA,841,2010,restricted_documents,5,close_metadata_source,4.042806183115339,1,0,restricted_checks/deSousa_etal_2010/comparison/deSousa_2010.csv,,R86C2,species_match_strength=1; structure_context_match=TRUE,TRUE
Saguinus_oedipus,ASG_Sousa,807,deSousa_etal_2010 [restricted: deSousa_2010.csv],deSousa_etal_2010,NA,841,2010,restricted_documents,5,close_metadata_source,4.042806183115339,1,0,restricted_checks/deSousa_etal_2010/comparison/deSousa_2010.csv,,R86C5,species_match_strength=1; structure_context_match=TRUE,TRUE
Saguinus_oedipus,ASG_Sousa,807,Stephan_etal_1981 [restricted: Stephan_1981.csv],Stephan_etal_1981,NA,807,1981,restricted_documents,6,near_perfect,0,1,1384,restricted_checks/Stephan_etal_1981/comparison/Stephan_1981.csv,,R87C4,species_match_strength=2; structure_context_match=TRUE,TRUE
Symphalangus_syndactylus,ASG_Sousa,5468.9,deSousa_etal_2010 [restricted: deSousa_2010.csv],deSousa_etal_2010,NA,5468.9,2010,restricted_documents,5,near_perfect,0,1,0,restricted_checks/deSousa_etal_2010/comparison/deSousa_2010.csv,,R101C2,species_match_strength=2; structure_context_match=TRUE,TRUE
Symphalangus_syndactylus,ASG_Sousa,5468.9,deSousa_etal_2010 [restricted: deSousa_2010.csv],deSousa_etal_2010,NA,5468.9,2010,restricted_documents,5,near_perfect,0,1,0,restricted_checks/deSousa_etal_2010/comparison/deSousa_2010.csv,,R101C5,species_match_strength=2; structure_context_match=TRUE,TRUE
Symphalangus_syndactylus,ASG_Sousa,5468.9,deSousa_etal_2010 [restricted: Visual_volumes.xlsx],deSousa_etal_2010,NA,5.468918274753933,2010,restricted_documents,5,near_perfect,3.3415664697879736e-4,1000,0,restricted_checks/deSousa_etal_2010/comparison/Visual_volumes.xlsx,Sheet1,R9C5,species_match_strength=2; structure_context_match=TRUE,TRUE
Symphalangus_syndactylus,ASG_Sousa,5468.9,deSousa_etal_2010 [restricted: Visual_volumes.xlsx],deSousa_etal_2010,NA,5468.918274753933,2010,restricted_documents,5,near_perfect,3.3415664697879736e-4,1,0,restricted_checks/deSousa_etal_2010/comparison/Visual_volumes.xlsx,Sheet1,R9C9,species_match_strength=2; structure_context_match=TRUE,TRUE
Symphalangus_syndactylus,ASG_Sousa,5468.9,deSousa_etal_2010 [restricted: Visual_volumes.xlsx],deSousa_etal_2010,NA,5468.918274753933,2010,restricted_documents,5,near_perfect,3.3415664697879736e-4,1,0,restricted_checks/deSousa_etal_2010/comparison/Visual_volumes.xlsx,Sheet2,R9C5,species_match_strength=2; structure_context_match=TRUE,TRUE
Symphalangus_syndactylus,ASG_Sousa,5468.9,Stephan_etal_1981 [restricted: Stephan_1981.csv],Stephan_etal_1981,NA,5468.9,1981,restricted_documents,6,near_perfect,0,1,1384,restricted_checks/Stephan_etal_1981/comparison/Stephan_1981.csv,,R101C4,species_match_strength=2; structure_context_match=TRUE,TRUE
Varecia_variegata,LGN_Sousa,68.9,deSousa_etal_2010 [restricted: Visual_volumes.xlsx],deSousa_etal_2010,NA,68.9,2010,restricted_documents,5,near_perfect,0,1,0,restricted_checks/deSousa_etal_2010/comparison/Visual_volumes.xlsx,Sheet1,R35C10,species_match_strength=2; structure_context_match=TRUE,TRUE
Varecia_variegata,LGN_Sousa,68.9,deSousa_etal_2010 [restricted: Visual_volumes.xlsx],deSousa_etal_2010,NA,0.0689,2010,restricted_documents,5,near_perfect,0,1000,0,restricted_checks/deSousa_etal_2010/comparison/Visual_volumes.xlsx,Sheet1,R35C6,species_match_strength=2; structure_context_match=TRUE,TRUE
Varecia_variegata,LGN_Sousa,68.9,deSousa_etal_2010 [restricted: Visual_volumes.xlsx],deSousa_etal_2010,NA,68.9,2010,restricted_documents,5,near_perfect,0,1,0,restricted_checks/deSousa_etal_2010/comparison/Visual_volumes.xlsx,Sheet2,R35C6,species_match_strength=2; structure_context_match=TRUE,TRUE
Varecia_variegata,LGN_Sousa,68.9,deSousa_etal_2010 [restricted: deSousa_2010.csv],deSousa_etal_2010,NA,68.9,2010,restricted_documents,5,near_perfect,0,1,0,restricted_checks/deSousa_etal_2010/comparison/deSousa_2010.csv,,R109C6,species_match_strength=2; structure_context_match=TRUE,TRUE
Varecia_variegata,LGN_Sousa,68.9,Stephan_etal_1981 [restricted: Stephan_1981.csv],Stephan_etal_1981,NA,68.9,1981,restricted_documents,6,near_perfect,0,1,1384,restricted_checks/Stephan_etal_1981/comparison/Stephan_1981.csv,,R109C40,species_match_strength=2; structure_context_match=TRUE,TRUE
Varecia_variegata,ASG_Sousa,1745,deSousa_etal_2010 [restricted: Visual_volumes.xlsx],deSousa_etal_2010,NA,1.745,2010,restricted_documents,5,near_perfect,0,1000,0,restricted_checks/deSousa_etal_2010/comparison/Visual_volumes.xlsx,Sheet1,R35C5,species_match_strength=2; structure_context_match=TRUE,TRUE
Varecia_variegata,ASG_Sousa,1745,deSousa_etal_2010 [restricted: Visual_volumes.xlsx],deSousa_etal_2010,NA,1745,2010,restricted_documents,5,near_perfect,0,1,0,restricted_checks/deSousa_etal_2010/comparison/Visual_volumes.xlsx,Sheet1,R35C9,species_match_strength=2; structure_context_match=TRUE,TRUE
Varecia_variegata,ASG_Sousa,1745,deSousa_etal_2010 [restricted: Visual_volumes.xlsx],deSousa_etal_2010,NA,1745,2010,restricted_documents,5,near_perfect,0,1,0,restricted_checks/deSousa_etal_2010/comparison/Visual_volumes.xlsx,Sheet2,R35C5,species_match_strength=2; structure_context_match=TRUE,TRUE
Varecia_variegata,ASG_Sousa,1745,deSousa_etal_2010 [restricted: deSousa_2010.csv],deSousa_etal_2010,NA,1745,2010,restricted_documents,5,near_perfect,0,1,0,restricted_checks/deSousa_etal_2010/comparison/deSousa_2010.csv,,R109C2,species_match_strength=2; structure_context_match=TRUE,TRUE
Varecia_variegata,ASG_Sousa,1745,deSousa_etal_2010 [restricted: deSousa_2010.csv],deSousa_etal_2010,NA,1745,2010,restricted_documents,5,near_perfect,0,1,0,restricted_checks/deSousa_etal_2010/comparison/deSousa_2010.csv,,R109C5,species_match_strength=2; structure_context_match=TRUE,TRUE
Varecia_variegata,ASG_Sousa,1745,Stephan_etal_1981 [restricted: Stephan_1981.csv],Stephan_etal_1981,NA,1745,1981,restricted_documents,6,near_perfect,0,1,1384,restricted_checks/Stephan_etal_1981/comparison/Stephan_1981.csv,,R109C4,species_match_strength=2; structure_context_match=TRUE,TRUE
Alouatta_seniculus,LGN_Sousa,87.4,deSousa_etal_2010 [restricted: Visual_volumes.xlsx],deSousa_etal_2010,NA,87.4,2010,restricted_documents,5,near_perfect,0,1,0,restricted_checks/deSousa_etal_2010/comparison/Visual_volumes.xlsx,Sheet1,R27C10,species_match_strength=2; structure_context_match=TRUE,TRUE
Alouatta_seniculus,LGN_Sousa,87.4,deSousa_etal_2010 [restricted: Visual_volumes.xlsx],deSousa_etal_2010,NA,0.0874,2010,restricted_documents,5,near_perfect,0,1000,0,restricted_checks/deSousa_etal_2010/comparison/Visual_volumes.xlsx,Sheet1,R27C6,species_match_strength=2; structure_context_match=TRUE,TRUE
Alouatta_seniculus,LGN_Sousa,87.4,deSousa_etal_2010 [restricted: Visual_volumes.xlsx],deSousa_etal_2010,NA,87.4,2010,restricted_documents,5,near_perfect,0,1,0,restricted_checks/deSousa_etal_2010/comparison/Visual_volumes.xlsx,Sheet2,R27C6,species_match_strength=2; structure_context_match=TRUE,TRUE
Alouatta_seniculus,LGN_Sousa,87.4,deSousa_etal_2010 [restricted: deSousa_2010.csv],deSousa_etal_2010,NA,87.4,2010,restricted_documents,5,near_perfect,0,1,0,restricted_checks/deSousa_etal_2010/comparison/deSousa_2010.csv,,R5C6,species_match_strength=2; structure_context_match=TRUE,TRUE
Alouatta_seniculus,ASG_Sousa,1918,deSousa_etal_2010 [restricted: Visual_volumes.xlsx],deSousa_etal_2010,NA,1.918,2010,restricted_documents,5,near_perfect,0,1000,0,restricted_checks/deSousa_etal_2010/comparison/Visual_volumes.xlsx,Sheet1,R27C5,species_match_strength=2; structure_context_match=TRUE,TRUE
Alouatta_seniculus,ASG_Sousa,1918,deSousa_etal_2010 [restricted: Visual_volumes.xlsx],deSousa_etal_2010,NA,1918,2010,restricted_documents,5,near_perfect,0,1,0,restricted_checks/deSousa_etal_2010/comparison/Visual_volumes.xlsx,Sheet1,R27C9,species_match_strength=2; structure_context_match=TRUE,TRUE
Alouatta_seniculus,ASG_Sousa,1918,deSousa_etal_2010 [restricted: Visual_volumes.xlsx],deSousa_etal_2010,NA,1918,2010,restricted_documents,5,near_perfect,0,1,0,restricted_checks/deSousa_etal_2010/comparison/Visual_volumes.xlsx,Sheet2,R27C5,species_match_strength=2; structure_context_match=TRUE,TRUE
Alouatta_seniculus,ASG_Sousa,1918,deSousa_etal_2010 [restricted: deSousa_2010.csv],deSousa_etal_2010,NA,1918,2010,restricted_documents,5,near_perfect,0,1,0,restricted_checks/deSousa_etal_2010/comparison/deSousa_2010.csv,,R5C2,species_match_strength=2; structure_context_match=TRUE,TRUE
Alouatta_seniculus,ASG_Sousa,1918,deSousa_etal_2010 [restricted: deSousa_2010.csv],deSousa_etal_2010,NA,1918,2010,restricted_documents,5,near_perfect,0,1,0,restricted_checks/deSousa_etal_2010/comparison/deSousa_2010.csv,,R5C5,species_match_strength=2; structure_context_match=TRUE,TRUE
Alouatta_seniculus,ASG_Sousa,1918,Stephan_etal_1981 [restricted: Stephan_1981.csv],Stephan_etal_1981,NA,1918,1981,restricted_documents,6,near_perfect,0,1,1384,restricted_checks/Stephan_etal_1981/comparison/Stephan_1981.csv,,R5C4,species_match_strength=2; structure_context_match=TRUE,TRUE
Alouatta_seniculus,Frontal.motor.Gray,1.08,Smaers_etal_2017 [restricted: Smaers.csv],Smaers_etal_2017,NA,1.077,2017,restricted_documents,5,near_perfect,0.2777777777777883,1,0,restricted_checks/Smaers_etal_2017/comparison/Smaers.csv,,R6C4,species_match_strength=2; structure_context_match=TRUE,TRUE
Alouatta_seniculus,Primary.visual.White.Smaers,0.54,Smaers_etal_2017 [restricted: Smaers.csv],Smaers_etal_2017,NA,0.543,2017,restricted_documents,5,near_perfect,0.5524861878453043,1,0,restricted_checks/Smaers_etal_2017/comparison/Smaers.csv,,R6C5,species_match_strength=2; structure_context_match=TRUE,TRUE
Alouatta_seniculus,Prefrontal.Gray,1.02,Smaers_etal_2017 [restricted: Smaers.csv],Smaers_etal_2017,NA,1.015,2017,restricted_documents,5,near_perfect,0.49019607843138385,1,0,restricted_checks/Smaers_etal_2017/comparison/Smaers.csv,,R6C2,species_match_strength=2; structure_context_match=TRUE,TRUE
Alouatta_seniculus,Prefrontal.White,0.18,Smaers_etal_2017 [restricted: Smaers.csv],Smaers_etal_2017,NA,0.177,2017,restricted_documents,5,near_perfect,1.6666666666666683,1,0,restricted_checks/Smaers_etal_2017/comparison/Smaers.csv,,R6C6,species_match_strength=2; structure_context_match=TRUE,TRUE
Alouatta_seniculus,Other.cortical.association.areas.Gray,12.39,Smaers_etal_2017 [restricted: Smaers.csv],Smaers_etal_2017,NA,12.394,2017,restricted_documents,5,near_perfect,0.0322736808132932,1,0,restricted_checks/Smaers_etal_2017/comparison/Smaers.csv,,R6C3,species_match_strength=2; structure_context_match=TRUE,TRUE
Alouatta_seniculus,Other.cortical.association.areas.White,4.21,Smaers_etal_2017 [restricted: Smaers.csv],Smaers_etal_2017,NA,4.212,2017,restricted_documents,5,near_perfect,0.04748338081670892,1,0,restricted_checks/Smaers_etal_2017/comparison/Smaers.csv,,R6C7,species_match_strength=2; structure_context_match=TRUE,TRUE
Aotus_trivirgatus,LGN_Sousa,32.9,deSousa_etal_2010 [restricted: Visual_volumes.xlsx],deSousa_etal_2010,NA,32.9,2010,restricted_documents,5,near_perfect,0,1,0,restricted_checks/deSousa_etal_2010/comparison/Visual_volumes.xlsx,Sheet1,R23C10,species_match_strength=2; structure_context_match=TRUE,TRUE
Aotus_trivirgatus,LGN_Sousa,32.9,deSousa_etal_2010 [restricted: Visual_volumes.xlsx],deSousa_etal_2010,NA,0.0329,2010,restricted_documents,5,near_perfect,0,1000,0,restricted_checks/deSousa_etal_2010/comparison/Visual_volumes.xlsx,Sheet1,R23C6,species_match_strength=2; structure_context_match=TRUE,TRUE
Aotus_trivirgatus,LGN_Sousa,32.9,deSousa_etal_2010 [restricted: Visual_volumes.xlsx],deSousa_etal_2010,NA,32.9,2010,restricted_documents,5,near_perfect,0,1,0,restricted_checks/deSousa_etal_2010/comparison/Visual_volumes.xlsx,Sheet2,R23C6,species_match_strength=2; structure_context_match=TRUE,TRUE
Aotus_trivirgatus,LGN_Sousa,32.9,deSousa_etal_2010 [restricted: deSousa_2010.csv],deSousa_etal_2010,NA,32.9,2010,restricted_documents,5,near_perfect,0,1,0,restricted_checks/deSousa_etal_2010/comparison/deSousa_2010.csv,,R6C6,species_match_strength=2; structure_context_match=TRUE,TRUE
Aotus_trivirgatus,ASG_Sousa,996,deSousa_etal_2010 [restricted: Visual_volumes.xlsx],deSousa_etal_2010,NA,0.996,2010,restricted_documents,5,near_perfect,0,1000,0,restricted_checks/deSousa_etal_2010/comparison/Visual_volumes.xlsx,Sheet1,R23C5,species_match_strength=2; structure_context_match=TRUE,TRUE
Aotus_trivirgatus,ASG_Sousa,996,deSousa_etal_2010 [restricted: Visual_volumes.xlsx],deSousa_etal_2010,NA,996,2010,restricted_documents,5,near_perfect,0,1,0,restricted_checks/deSousa_etal_2010/comparison/Visual_volumes.xlsx,Sheet1,R23C9,species_match_strength=2; structure_context_match=TRUE,TRUE
Aotus_trivirgatus,ASG_Sousa,996,deSousa_etal_2010 [restricted: Visual_volumes.xlsx],deSousa_etal_2010,NA,996,2010,restricted_documents,5,near_perfect,0,1,0,restricted_checks/deSousa_etal_2010/comparison/Visual_volumes.xlsx,Sheet2,R23C5,species_match_strength=2; structure_context_match=TRUE,TRUE
Aotus_trivirgatus,ASG_Sousa,996,deSousa_etal_2010 [restricted: deSousa_2010.csv],deSousa_etal_2010,NA,996,2010,restricted_documents,5,near_perfect,0,1,0,restricted_checks/deSousa_etal_2010/comparison/deSousa_2010.csv,,R6C2,species_match_strength=2; structure_context_match=TRUE,TRUE
Aotus_trivirgatus,ASG_Sousa,996,deSousa_etal_2010 [restricted: deSousa_2010.csv],deSousa_etal_2010,NA,996,2010,restricted_documents,5,near_perfect,0,1,0,restricted_checks/deSousa_etal_2010/comparison/deSousa_2010.csv,,R6C5,species_match_strength=2; structure_context_match=TRUE,TRUE
Aotus_trivirgatus,ASG_Sousa,996,Stephan_etal_1981 [restricted: Stephan_1981.csv],Stephan_etal_1981,NA,996,1981,restricted_documents,6,near_perfect,0,1,1384,restricted_checks/Stephan_etal_1981/comparison/Stephan_1981.csv,,R6C4,species_match_strength=2; structure_context_match=TRUE,TRUE
Avahi_occidentalis,LGN_Sousa,29.3,deSousa_etal_2010 [restricted: Visual_volumes.xlsx],deSousa_etal_2010,NA,28.733333333333334,2010,restricted_documents,5,close_metadata_source,1.9340159271899877,1,0,restricted_checks/deSousa_etal_2010/comparison/Visual_volumes.xlsx,Sheet1,R37C10,species_match_strength=1; structure_context_match=TRUE,TRUE
Avahi_occidentalis,LGN_Sousa,29.3,deSousa_etal_2010 [restricted: Visual_volumes.xlsx],deSousa_etal_2010,NA,0.028733333333333333,2010,restricted_documents,5,close_metadata_source,1.9340159271899877,1000,0,restricted_checks/deSousa_etal_2010/comparison/Visual_volumes.xlsx,Sheet1,R37C6,species_match_strength=1; structure_context_match=TRUE,TRUE
Avahi_occidentalis,LGN_Sousa,29.3,deSousa_etal_2010 [restricted: Visual_volumes.xlsx],deSousa_etal_2010,NA,28.733333333333334,2010,restricted_documents,5,close_metadata_source,1.9340159271899877,1,0,restricted_checks/deSousa_etal_2010/comparison/Visual_volumes.xlsx,Sheet2,R37C6,species_match_strength=1; structure_context_match=TRUE,TRUE
Avahi_occidentalis,LGN_Sousa,29.3,deSousa_etal_2010 [restricted: deSousa_2010.csv],deSousa_etal_2010,NA,28.7,2010,restricted_documents,5,close_metadata_source,2.047781569965875,1,0,restricted_checks/deSousa_etal_2010/comparison/deSousa_2010.csv,,R9C6,species_match_strength=1; structure_context_match=TRUE,TRUE
Avahi_occidentalis,ASG_Sousa,450,deSousa_etal_2010 [restricted: deSousa_2010.csv],deSousa_etal_2010,NA,450,2010,restricted_documents,5,near_perfect,0,1,0,restricted_checks/deSousa_etal_2010/comparison/deSousa_2010.csv,,R10C2,species_match_strength=2; structure_context_match=TRUE,TRUE
Avahi_occidentalis,ASG_Sousa,450,deSousa_etal_2010 [restricted: deSousa_2010.csv],deSousa_etal_2010,NA,458.3,2010,restricted_documents,5,close_metadata_source,1.811040802967491,1,0,restricted_checks/deSousa_etal_2010/comparison/deSousa_2010.csv,,R9C5,species_match_strength=1; structure_context_match=TRUE,TRUE
Avahi_occidentalis,ASG_Sousa,450,deSousa_etal_2010 [restricted: Visual_volumes.xlsx],deSousa_etal_2010,NA,0.45833333333333326,2010,restricted_documents,5,close_metadata_source,1.818181818181802,1000,0,restricted_checks/deSousa_etal_2010/comparison/Visual_volumes.xlsx,Sheet1,R37C5,species_match_strength=1; structure_context_match=TRUE,TRUE
Avahi_occidentalis,ASG_Sousa,450,deSousa_etal_2010 [restricted: Visual_volumes.xlsx],deSousa_etal_2010,NA,458.33333333333326,2010,restricted_documents,5,close_metadata_source,1.818181818181802,1,0,restricted_checks/deSousa_etal_2010/comparison/Visual_volumes.xlsx,Sheet1,R37C9,species_match_strength=1; structure_context_match=TRUE,TRUE
Avahi_occidentalis,ASG_Sousa,450,deSousa_etal_2010 [restricted: Visual_volumes.xlsx],deSousa_etal_2010,NA,458.33333333333326,2010,restricted_documents,5,close_metadata_source,1.818181818181802,1,0,restricted_checks/deSousa_etal_2010/comparison/Visual_volumes.xlsx,Sheet2,R37C5,species_match_strength=1; structure_context_match=TRUE,TRUE
Avahi_occidentalis,ASG_Sousa,450,Stephan_etal_1981 [restricted: Stephan_1981.csv],Stephan_etal_1981,NA,450,1981,restricted_documents,6,near_perfect,0,1,1384,restricted_checks/Stephan_etal_1981/comparison/Stephan_1981.csv,,R10C4,species_match_strength=2; structure_context_match=TRUE,TRUE
Callithrix_jacchus,LGN_Sousa,25.1,deSousa_etal_2010 [restricted: Visual_volumes.xlsx],deSousa_etal_2010,NA,25.1,2010,restricted_documents,5,near_perfect,0,1,0,restricted_checks/deSousa_etal_2010/comparison/Visual_volumes.xlsx,Sheet1,R18C10,species_match_strength=2; structure_context_match=TRUE,TRUE
Callithrix_jacchus,LGN_Sousa,25.1,deSousa_etal_2010 [restricted: Visual_volumes.xlsx],deSousa_etal_2010,NA,0.0251,2010,restricted_documents,5,near_perfect,0,1000,0,restricted_checks/deSousa_etal_2010/comparison/Visual_volumes.xlsx,Sheet1,R18C6,species_match_strength=2; structure_context_match=TRUE,TRUE
Callithrix_jacchus,LGN_Sousa,25.1,deSousa_etal_2010 [restricted: Visual_volumes.xlsx],deSousa_etal_2010,NA,25.1,2010,restricted_documents,5,near_perfect,0,1,0,restricted_checks/deSousa_etal_2010/comparison/Visual_volumes.xlsx,Sheet2,R18C6,species_match_strength=2; structure_context_match=TRUE,TRUE
Callithrix_jacchus,LGN_Sousa,25.1,deSousa_etal_2010 [restricted: deSousa_2010.csv],deSousa_etal_2010,NA,25.1,2010,restricted_documents,5,near_perfect,0,1,0,restricted_checks/deSousa_etal_2010/comparison/deSousa_2010.csv,,R14C6,species_match_strength=2; structure_context_match=TRUE,TRUE
Callithrix_jacchus,ASG_Sousa,566,deSousa_etal_2010 [restricted: Visual_volumes.xlsx],deSousa_etal_2010,NA,0.566,2010,restricted_documents,5,near_perfect,0,1000,0,restricted_checks/deSousa_etal_2010/comparison/Visual_volumes.xlsx,Sheet1,R18C5,species_match_strength=2; structure_context_match=TRUE,TRUE
Callithrix_jacchus,ASG_Sousa,566,deSousa_etal_2010 [restricted: Visual_volumes.xlsx],deSousa_etal_2010,NA,566,2010,restricted_documents,5,near_perfect,0,1,0,restricted_checks/deSousa_etal_2010/comparison/Visual_volumes.xlsx,Sheet1,R18C9,species_match_strength=2; structure_context_match=TRUE,TRUE
Callithrix_jacchus,ASG_Sousa,566,deSousa_etal_2010 [restricted: Visual_volumes.xlsx],deSousa_etal_2010,NA,566,2010,restricted_documents,5,near_perfect,0,1,0,restricted_checks/deSousa_etal_2010/comparison/Visual_volumes.xlsx,Sheet2,R18C5,species_match_strength=2; structure_context_match=TRUE,TRUE
Callithrix_jacchus,ASG_Sousa,566,deSousa_etal_2010 [restricted: deSousa_2010.csv],deSousa_etal_2010,NA,566,2010,restricted_documents,5,near_perfect,0,1,0,restricted_checks/deSousa_etal_2010/comparison/deSousa_2010.csv,,R14C2,species_match_strength=2; structure_context_match=TRUE,TRUE
Callithrix_jacchus,ASG_Sousa,566,deSousa_etal_2010 [restricted: deSousa_2010.csv],deSousa_etal_2010,NA,566,2010,restricted_documents,5,near_perfect,0,1,0,restricted_checks/deSousa_etal_2010/comparison/deSousa_2010.csv,,R14C5,species_match_strength=2; structure_context_match=TRUE,TRUE
Callithrix_jacchus,ASG_Sousa,566,Stephan_etal_1981 [restricted: Stephan_1981.csv],Stephan_etal_1981,NA,566,1981,restricted_documents,6,near_perfect,0,1,1384,restricted_checks/Stephan_etal_1981/comparison/Stephan_1981.csv,,R14C4,species_match_strength=2; structure_context_match=TRUE,TRUE
Cercopithecus_ascanius,ASG_Sousa,4272,deSousa_etal_2010 [restricted: Visual_volumes.xlsx],deSousa_etal_2010,NA,4.272,2010,restricted_documents,5,near_perfect,0,1000,0,restricted_checks/deSousa_etal_2010/comparison/Visual_volumes.xlsx,Sheet1,R14C5,species_match_strength=2; structure_context_match=TRUE,TRUE
Cercopithecus_ascanius,ASG_Sousa,4272,deSousa_etal_2010 [restricted: Visual_volumes.xlsx],deSousa_etal_2010,NA,4272,2010,restricted_documents,5,near_perfect,0,1,0,restricted_checks/deSousa_etal_2010/comparison/Visual_volumes.xlsx,Sheet1,R14C9,species_match_strength=2; structure_context_match=TRUE,TRUE
Cercopithecus_ascanius,ASG_Sousa,4272,deSousa_etal_2010 [restricted: Visual_volumes.xlsx],deSousa_etal_2010,NA,4272,2010,restricted_documents,5,near_perfect,0,1,0,restricted_checks/deSousa_etal_2010/comparison/Visual_volumes.xlsx,Sheet2,R14C5,species_match_strength=2; structure_context_match=TRUE,TRUE
Cercopithecus_ascanius,ASG_Sousa,4272,deSousa_etal_2010 [restricted: deSousa_2010.csv],deSousa_etal_2010,NA,4272,2010,restricted_documents,5,near_perfect,0,1,0,restricted_checks/deSousa_etal_2010/comparison/deSousa_2010.csv,,R18C2,species_match_strength=2; structure_context_match=TRUE,TRUE
Cercopithecus_ascanius,ASG_Sousa,4272,deSousa_etal_2010 [restricted: deSousa_2010.csv],deSousa_etal_2010,NA,4272,2010,restricted_documents,5,near_perfect,0,1,0,restricted_checks/deSousa_etal_2010/comparison/deSousa_2010.csv,,R18C5,species_match_strength=2; structure_context_match=TRUE,TRUE
Cercopithecus_ascanius,ASG_Sousa,4272,deSousa_etal_2010 [restricted: Visual_volumes.xlsx],deSousa_etal_2010,NA,4.232,2010,restricted_documents,5,near_perfect,0.9363295880149812,1000,0,restricted_checks/deSousa_etal_2010/comparison/Visual_volumes.xlsx,Sheet1,R15C5,species_match_strength=1; structure_context_match=TRUE,TRUE
Cercopithecus_ascanius,ASG_Sousa,4272,deSousa_etal_2010 [restricted: Visual_volumes.xlsx],deSousa_etal_2010,NA,4232,2010,restricted_documents,5,near_perfect,0.9363295880149812,1,0,restricted_checks/deSousa_etal_2010/comparison/Visual_volumes.xlsx,Sheet1,R15C9,species_match_strength=1; structure_context_match=TRUE,TRUE
Cercopithecus_ascanius,ASG_Sousa,4272,deSousa_etal_2010 [restricted: Visual_volumes.xlsx],deSousa_etal_2010,NA,4232,2010,restricted_documents,5,near_perfect,0.9363295880149812,1,0,restricted_checks/deSousa_etal_2010/comparison/Visual_volumes.xlsx,Sheet2,R15C5,species_match_strength=1; structure_context_match=TRUE,TRUE
Cercopithecus_ascanius,ASG_Sousa,4272,deSousa_etal_2010 [restricted: deSousa_2010.csv],deSousa_etal_2010,NA,4232,2010,restricted_documents,5,near_perfect,0.9363295880149812,1,0,restricted_checks/deSousa_etal_2010/comparison/deSousa_2010.csv,,R19C2,species_match_strength=1; structure_context_match=TRUE,TRUE
Cercopithecus_ascanius,ASG_Sousa,4272,deSousa_etal_2010 [restricted: deSousa_2010.csv],deSousa_etal_2010,NA,4232,2010,restricted_documents,5,near_perfect,0.9363295880149812,1,0,restricted_checks/deSousa_etal_2010/comparison/deSousa_2010.csv,,R19C5,species_match_strength=1; structure_context_match=TRUE,TRUE
Cercopithecus_ascanius,ASG_Sousa,4272,Stephan_etal_1981 [restricted: Stephan_1981.csv],Stephan_etal_1981,NA,4272,1981,restricted_documents,6,near_perfect,0,1,1384,restricted_checks/Stephan_etal_1981/comparison/Stephan_1981.csv,,R18C4,species_match_strength=2; structure_context_match=TRUE,TRUE
Cercopithecus_ascanius,ASG_Sousa,4272,Stephan_etal_1981 [restricted: Stephan_1981.csv],Stephan_etal_1981,NA,4232,1981,restricted_documents,6,near_perfect,0.9363295880149812,1,1384,restricted_checks/Stephan_etal_1981/comparison/Stephan_1981.csv,,R19C4,species_match_strength=1; structure_context_match=TRUE,TRUE
Cercopithecus_ascanius,Frontal.motor.Gray,1.35,Smaers_etal_2017 [restricted: Smaers.csv],Smaers_etal_2017,NA,1.351,2017,restricted_documents,5,near_perfect,0.07401924500369281,1,0,restricted_checks/Smaers_etal_2017/comparison/Smaers.csv,,R2C4,species_match_strength=2; structure_context_match=TRUE,TRUE
Cercopithecus_ascanius,Primary.visual.White.Smaers,0.83,Smaers_etal_2017 [restricted: Smaers.csv],Smaers_etal_2017,NA,0.834,2017,restricted_documents,5,near_perfect,0.4796163069544369,1,0,restricted_checks/Smaers_etal_2017/comparison/Smaers.csv,,R2C5,species_match_strength=2; structure_context_match=TRUE,TRUE
Cercopithecus_ascanius,Prefrontal.Gray,1.15,Smaers_etal_2017 [restricted: Smaers.csv],Smaers_etal_2017,NA,1.154,2017,restricted_documents,5,near_perfect,0.34662045060658614,1,0,restricted_checks/Smaers_etal_2017/comparison/Smaers.csv,,R2C2,species_match_strength=2; structure_context_match=TRUE,TRUE
Cercopithecus_ascanius,Prefrontal.White,0.16,Smaers_etal_2017 [restricted: Smaers.csv],Smaers_etal_2017,NA,0.159,2017,restricted_documents,5,near_perfect,0.6250000000000006,1,0,restricted_checks/Smaers_etal_2017/comparison/Smaers.csv,,R2C6,species_match_strength=2; structure_context_match=TRUE,TRUE
Cercopithecus_ascanius,Other.cortical.association.areas.Gray,16.06,Smaers_etal_2017 [restricted: Smaers.csv],Smaers_etal_2017,NA,16.06,2017,restricted_documents,5,near_perfect,0,1,0,restricted_checks/Smaers_etal_2017/comparison/Smaers.csv,,R2C3,species_match_strength=2; structure_context_match=TRUE,TRUE
Cercopithecus_ascanius,Other.cortical.association.areas.White,8.3,Smaers_etal_2017 [restricted: Smaers.csv],Smaers_etal_2017,NA,8.297,2017,restricted_documents,5,near_perfect,0.03614457831325438,1,0,restricted_checks/Smaers_etal_2017/comparison/Smaers.csv,,R2C7,species_match_strength=2; structure_context_match=TRUE,TRUE
Cheirogaleus_major,LGN_Sousa,21.5,deSousa_etal_2010 [restricted: Visual_volumes.xlsx],deSousa_etal_2010,NA,21.5,2010,restricted_documents,5,near_perfect,0,1,0,restricted_checks/deSousa_etal_2010/comparison/Visual_volumes.xlsx,Sheet1,R32C10,species_match_strength=2; structure_context_match=TRUE,TRUE
Cheirogaleus_major,LGN_Sousa,21.5,deSousa_etal_2010 [restricted: Visual_volumes.xlsx],deSousa_etal_2010,NA,0.0215,2010,restricted_documents,5,near_perfect,0,1000,0,restricted_checks/deSousa_etal_2010/comparison/Visual_volumes.xlsx,Sheet1,R32C6,species_match_strength=2; structure_context_match=TRUE,TRUE
Cheirogaleus_major,LGN_Sousa,21.5,deSousa_etal_2010 [restricted: Visual_volumes.xlsx],deSousa_etal_2010,NA,21.5,2010,restricted_documents,5,near_perfect,0,1,0,restricted_checks/deSousa_etal_2010/comparison/Visual_volumes.xlsx,Sheet2,R32C6,species_match_strength=2; structure_context_match=TRUE,TRUE
Cheirogaleus_major,LGN_Sousa,21.5,deSousa_etal_2010 [restricted: deSousa_2010.csv],deSousa_etal_2010,NA,21.5,2010,restricted_documents,5,near_perfect,0,1,0,restricted_checks/deSousa_etal_2010/comparison/deSousa_2010.csv,,R20C6,species_match_strength=2; structure_context_match=TRUE,TRUE
Cheirogaleus_major,LGN_Sousa,21.5,Stephan_etal_1981 [restricted: Stephan_1981.csv],Stephan_etal_1981,NA,21.5,1981,restricted_documents,6,near_perfect,0,1,1384,restricted_checks/Stephan_etal_1981/comparison/Stephan_1981.csv,,R20C40,species_match_strength=2; structure_context_match=TRUE,TRUE
Cheirogaleus_major,ASG_Sousa,433,deSousa_etal_2010 [restricted: Visual_volumes.xlsx],deSousa_etal_2010,NA,0.433,2010,restricted_documents,5,near_perfect,0,1000,0,restricted_checks/deSousa_etal_2010/comparison/Visual_volumes.xlsx,Sheet1,R32C5,species_match_strength=2; structure_context_match=TRUE,TRUE
Cheirogaleus_major,ASG_Sousa,433,deSousa_etal_2010 [restricted: Visual_volumes.xlsx],deSousa_etal_2010,NA,433,2010,restricted_documents,5,near_perfect,0,1,0,restricted_checks/deSousa_etal_2010/comparison/Visual_volumes.xlsx,Sheet1,R32C9,species_match_strength=2; structure_context_match=TRUE,TRUE
Cheirogaleus_major,ASG_Sousa,433,deSousa_etal_2010 [restricted: Visual_volumes.xlsx],deSousa_etal_2010,NA,433,2010,restricted_documents,5,near_perfect,0,1,0,restricted_checks/deSousa_etal_2010/comparison/Visual_volumes.xlsx,Sheet2,R32C5,species_match_strength=2; structure_context_match=TRUE,TRUE
Cheirogaleus_major,ASG_Sousa,433,deSousa_etal_2010 [restricted: deSousa_2010.csv],deSousa_etal_2010,NA,433,2010,restricted_documents,5,near_perfect,0,1,0,restricted_checks/deSousa_etal_2010/comparison/deSousa_2010.csv,,R20C2,species_match_strength=2; structure_context_match=TRUE,TRUE
Cheirogaleus_major,ASG_Sousa,433,deSousa_etal_2010 [restricted: deSousa_2010.csv],deSousa_etal_2010,NA,433,2010,restricted_documents,5,near_perfect,0,1,0,restricted_checks/deSousa_etal_2010/comparison/deSousa_2010.csv,,R20C5,species_match_strength=2; structure_context_match=TRUE,TRUE
Cheirogaleus_major,ASG_Sousa,433,Stephan_etal_1981 [restricted: Stephan_1981.csv],Stephan_etal_1981,NA,433,1981,restricted_documents,6,near_perfect,0,1,1384,restricted_checks/Stephan_etal_1981/comparison/Stephan_1981.csv,,R20C4,species_match_strength=2; structure_context_match=TRUE,TRUE
Cheirogaleus_medius,LGN_Sousa,10.8,deSousa_etal_2010 [restricted: Visual_volumes.xlsx],deSousa_etal_2010,NA,10.8,2010,restricted_documents,5,near_perfect,0,1,0,restricted_checks/deSousa_etal_2010/comparison/Visual_volumes.xlsx,Sheet1,R33C10,species_match_strength=2; structure_context_match=TRUE,TRUE
Cheirogaleus_medius,LGN_Sousa,10.8,deSousa_etal_2010 [restricted: Visual_volumes.xlsx],deSousa_etal_2010,NA,0.0108,2010,restricted_documents,5,near_perfect,0,1000,0,restricted_checks/deSousa_etal_2010/comparison/Visual_volumes.xlsx,Sheet1,R33C6,species_match_strength=2; structure_context_match=TRUE,TRUE
Cheirogaleus_medius,LGN_Sousa,10.8,deSousa_etal_2010 [restricted: Visual_volumes.xlsx],deSousa_etal_2010,NA,10.8,2010,restricted_documents,5,near_perfect,0,1,0,restricted_checks/deSousa_etal_2010/comparison/Visual_volumes.xlsx,Sheet2,R33C6,species_match_strength=2; structure_context_match=TRUE,TRUE
Cheirogaleus_medius,LGN_Sousa,10.8,deSousa_etal_2010 [restricted: deSousa_2010.csv],deSousa_etal_2010,NA,10.8,2010,restricted_documents,5,near_perfect,0,1,0,restricted_checks/deSousa_etal_2010/comparison/deSousa_2010.csv,,R21C6,species_match_strength=2; structure_context_match=TRUE,TRUE
Cheirogaleus_medius,LGN_Sousa,10.8,Stephan_etal_1981 [restricted: Stephan_1981.csv],Stephan_etal_1981,NA,10.8,1981,restricted_documents,6,near_perfect,0,1,1384,restricted_checks/Stephan_etal_1981/comparison/Stephan_1981.csv,,R21C40,species_match_strength=2; structure_context_match=TRUE,TRUE
Cheirogaleus_medius,ASG_Sousa,199,deSousa_etal_2010 [restricted: Visual_volumes.xlsx],deSousa_etal_2010,NA,0.199,2010,restricted_documents,5,near_perfect,0,1000,0,restricted_checks/deSousa_etal_2010/comparison/Visual_volumes.xlsx,Sheet1,R33C5,species_match_strength=2; structure_context_match=TRUE,TRUE
Cheirogaleus_medius,ASG_Sousa,199,deSousa_etal_2010 [restricted: Visual_volumes.xlsx],deSousa_etal_2010,NA,199,2010,restricted_documents,5,near_perfect,0,1,0,restricted_checks/deSousa_etal_2010/comparison/Visual_volumes.xlsx,Sheet1,R33C9,species_match_strength=2; structure_context_match=TRUE,TRUE
Cheirogaleus_medius,ASG_Sousa,199,deSousa_etal_2010 [restricted: Visual_volumes.xlsx],deSousa_etal_2010,NA,199,2010,restricted_documents,5,near_perfect,0,1,0,restricted_checks/deSousa_etal_2010/comparison/Visual_volumes.xlsx,Sheet2,R33C5,species_match_strength=2; structure_context_match=TRUE,TRUE
Cheirogaleus_medius,ASG_Sousa,199,deSousa_etal_2010 [restricted: deSousa_2010.csv],deSousa_etal_2010,NA,199,2010,restricted_documents,5,near_perfect,0,1,0,restricted_checks/deSousa_etal_2010/comparison/deSousa_2010.csv,,R21C2,species_match_strength=2; structure_context_match=TRUE,TRUE
Cheirogaleus_medius,ASG_Sousa,199,deSousa_etal_2010 [restricted: deSousa_2010.csv],deSousa_etal_2010,NA,199,2010,restricted_documents,5,near_perfect,0,1,0,restricted_checks/deSousa_etal_2010/comparison/deSousa_2010.csv,,R21C5,species_match_strength=2; structure_context_match=TRUE,TRUE
Cheirogaleus_medius,ASG_Sousa,199,Stephan_etal_1981 [restricted: Stephan_1981.csv],Stephan_etal_1981,NA,199,1981,restricted_documents,6,near_perfect,0,1,1384,restricted_checks/Stephan_etal_1981/comparison/Stephan_1981.csv,,R21C4,species_match_strength=2; structure_context_match=TRUE,TRUE
Cheirogaleus_medius,Nucleus.septalis.triangularis,0.39,Stephan_etal_1981 [restricted: Stephan_1981.csv],Stephan_etal_1981,NA,0.385,1981,restricted_documents,5,close_metadata_source,1.282051282051283,1,1384,restricted_checks/Stephan_etal_1981/comparison/Stephan_1981.csv,,R21C55,species_match_strength=2; structure_context_match=TRUE,TRUE
Daubentonia_madagascariensis,LGN_Sousa,58.5,deSousa_etal_2010 [restricted: Visual_volumes.xlsx],deSousa_etal_2010,NA,58.5,2010,restricted_documents,5,near_perfect,0,1,0,restricted_checks/deSousa_etal_2010/comparison/Visual_volumes.xlsx,Sheet1,R40C10,species_match_strength=2; structure_context_match=TRUE,TRUE
Daubentonia_madagascariensis,LGN_Sousa,58.5,deSousa_etal_2010 [restricted: Visual_volumes.xlsx],deSousa_etal_2010,NA,0.0585,2010,restricted_documents,5,near_perfect,0,1000,0,restricted_checks/deSousa_etal_2010/comparison/Visual_volumes.xlsx,Sheet1,R40C6,species_match_strength=2; structure_context_match=TRUE,TRUE
Daubentonia_madagascariensis,LGN_Sousa,58.5,deSousa_etal_2010 [restricted: Visual_volumes.xlsx],deSousa_etal_2010,NA,58.5,2010,restricted_documents,5,near_perfect,0,1,0,restricted_checks/deSousa_etal_2010/comparison/Visual_volumes.xlsx,Sheet2,R40C6,species_match_strength=2; structure_context_match=TRUE,TRUE
Daubentonia_madagascariensis,LGN_Sousa,58.5,deSousa_etal_2010 [restricted: deSousa_2010.csv],deSousa_etal_2010,NA,58.5,2010,restricted_documents,5,near_perfect,0,1,0,restricted_checks/deSousa_etal_2010/comparison/deSousa_2010.csv,,R29C6,species_match_strength=2; structure_context_match=TRUE,TRUE
Daubentonia_madagascariensis,LGN_Sousa,58.5,Stephan_etal_1981 [restricted: Stephan_1981.csv],Stephan_etal_1981,NA,58.5,1981,restricted_documents,6,near_perfect,0,1,1384,restricted_checks/Stephan_etal_1981/comparison/Stephan_1981.csv,,R29C40,species_match_strength=2; structure_context_match=TRUE,TRUE
Daubentonia_madagascariensis,ASG_Sousa,1113,deSousa_etal_2010 [restricted: Visual_volumes.xlsx],deSousa_etal_2010,NA,1.113,2010,restricted_documents,5,near_perfect,0,1000,0,restricted_checks/deSousa_etal_2010/comparison/Visual_volumes.xlsx,Sheet1,R40C5,species_match_strength=2; structure_context_match=TRUE,TRUE
Daubentonia_madagascariensis,ASG_Sousa,1113,deSousa_etal_2010 [restricted: Visual_volumes.xlsx],deSousa_etal_2010,NA,1113,2010,restricted_documents,5,near_perfect,0,1,0,restricted_checks/deSousa_etal_2010/comparison/Visual_volumes.xlsx,Sheet1,R40C9,species_match_strength=2; structure_context_match=TRUE,TRUE
Daubentonia_madagascariensis,ASG_Sousa,1113,deSousa_etal_2010 [restricted: Visual_volumes.xlsx],deSousa_etal_2010,NA,1113,2010,restricted_documents,5,near_perfect,0,1,0,restricted_checks/deSousa_etal_2010/comparison/Visual_volumes.xlsx,Sheet2,R40C5,species_match_strength=2; structure_context_match=TRUE,TRUE
Daubentonia_madagascariensis,ASG_Sousa,1113,deSousa_etal_2010 [restricted: deSousa_2010.csv],deSousa_etal_2010,NA,1113,2010,restricted_documents,5,near_perfect,0,1,0,restricted_checks/deSousa_etal_2010/comparison/deSousa_2010.csv,,R29C2,species_match_strength=2; structure_context_match=TRUE,TRUE
Daubentonia_madagascariensis,ASG_Sousa,1113,deSousa_etal_2010 [restricted: deSousa_2010.csv],deSousa_etal_2010,NA,1113,2010,restricted_documents,5,near_perfect,0,1,0,restricted_checks/deSousa_etal_2010/comparison/deSousa_2010.csv,,R29C5,species_match_strength=2; structure_context_match=TRUE,TRUE
Daubentonia_madagascariensis,ASG_Sousa,1113,Stephan_etal_1981 [restricted: Stephan_1981.csv],Stephan_etal_1981,NA,1113,1981,restricted_documents,6,near_perfect,0,1,1384,restricted_checks/Stephan_etal_1981/comparison/Stephan_1981.csv,,R29C4,species_match_strength=2; structure_context_match=TRUE,TRUE
Erythrocebus_patas,Frontal.motor.Gray,2.55,Smaers_etal_2017 [restricted: Smaers.csv],Smaers_etal_2017,NA,2.552,2017,restricted_documents,5,near_perfect,0.07836990595612162,1,0,restricted_checks/Smaers_etal_2017/comparison/Smaers.csv,,R4C4,species_match_strength=2; structure_context_match=TRUE,TRUE
Erythrocebus_patas,Prefrontal.Gray,1.56,Smaers_etal_2017 [restricted: Smaers.csv],Smaers_etal_2017,NA,1.56,2017,restricted_documents,5,near_perfect,0,1,0,restricted_checks/Smaers_etal_2017/comparison/Smaers.csv,,R4C2,species_match_strength=2; structure_context_match=TRUE,TRUE
Erythrocebus_patas,Prefrontal.White,0.27,Smaers_etal_2017 [restricted: Smaers.csv],Smaers_etal_2017,NA,0.272,2017,restricted_documents,5,near_perfect,0.7352941176470594,1,0,restricted_checks/Smaers_etal_2017/comparison/Smaers.csv,,R4C6,species_match_strength=2; structure_context_match=TRUE,TRUE
Eulemur_fulvus,LGN_Sousa,51.8,deSousa_etal_2010 [restricted: Visual_volumes.xlsx],deSousa_etal_2010,NA,51.8,2010,restricted_documents,5,near_perfect,0,1,0,restricted_checks/deSousa_etal_2010/comparison/Visual_volumes.xlsx,Sheet1,R34C10,species_match_strength=2; structure_context_match=TRUE,TRUE
Eulemur_fulvus,LGN_Sousa,51.8,deSousa_etal_2010 [restricted: Visual_volumes.xlsx],deSousa_etal_2010,NA,0.0518,2010,restricted_documents,5,near_perfect,0,1000,0,restricted_checks/deSousa_etal_2010/comparison/Visual_volumes.xlsx,Sheet1,R34C6,species_match_strength=2; structure_context_match=TRUE,TRUE
Eulemur_fulvus,LGN_Sousa,51.8,deSousa_etal_2010 [restricted: Visual_volumes.xlsx],deSousa_etal_2010,NA,51.8,2010,restricted_documents,5,near_perfect,0,1,0,restricted_checks/deSousa_etal_2010/comparison/Visual_volumes.xlsx,Sheet2,R34C6,species_match_strength=2; structure_context_match=TRUE,TRUE
Eulemur_fulvus,LGN_Sousa,51.8,deSousa_etal_2010 [restricted: deSousa_2010.csv],deSousa_etal_2010,NA,51.8,2010,restricted_documents,5,near_perfect,0,1,0,restricted_checks/deSousa_etal_2010/comparison/deSousa_2010.csv,,R36C6,species_match_strength=2; structure_context_match=TRUE,TRUE
Eulemur_fulvus,LGN_Sousa,51.8,Stephan_etal_1981 [restricted: Stephan_1981.csv],Stephan_etal_1981,NA,51.6,1981,restricted_documents,6,near_perfect,0.3861003861003779,1,1384,restricted_checks/Stephan_etal_1981/comparison/Stephan_1981.csv,,R36C40,species_match_strength=2; structure_context_match=TRUE,TRUE
Eulemur_fulvus,ASG_Sousa,1253,deSousa_etal_2010 [restricted: Visual_volumes.xlsx],deSousa_etal_2010,NA,1.253,2010,restricted_documents,5,near_perfect,0,1000,0,restricted_checks/deSousa_etal_2010/comparison/Visual_volumes.xlsx,Sheet1,R34C5,species_match_strength=2; structure_context_match=TRUE,TRUE
Eulemur_fulvus,ASG_Sousa,1253,deSousa_etal_2010 [restricted: Visual_volumes.xlsx],deSousa_etal_2010,NA,1253,2010,restricted_documents,5,near_perfect,0,1,0,restricted_checks/deSousa_etal_2010/comparison/Visual_volumes.xlsx,Sheet1,R34C9,species_match_strength=2; structure_context_match=TRUE,TRUE
Eulemur_fulvus,ASG_Sousa,1253,deSousa_etal_2010 [restricted: Visual_volumes.xlsx],deSousa_etal_2010,NA,1253,2010,restricted_documents,5,near_perfect,0,1,0,restricted_checks/deSousa_etal_2010/comparison/Visual_volumes.xlsx,Sheet2,R34C5,species_match_strength=2; structure_context_match=TRUE,TRUE
Eulemur_fulvus,ASG_Sousa,1253,deSousa_etal_2010 [restricted: deSousa_2010.csv],deSousa_etal_2010,NA,1253,2010,restricted_documents,5,near_perfect,0,1,0,restricted_checks/deSousa_etal_2010/comparison/deSousa_2010.csv,,R36C2,species_match_strength=2; structure_context_match=TRUE,TRUE
Eulemur_fulvus,ASG_Sousa,1253,deSousa_etal_2010 [restricted: deSousa_2010.csv],deSousa_etal_2010,NA,1253,2010,restricted_documents,5,near_perfect,0,1,0,restricted_checks/deSousa_etal_2010/comparison/deSousa_2010.csv,,R36C5,species_match_strength=2; structure_context_match=TRUE,TRUE
Eulemur_fulvus,ASG_Sousa,1253,Stephan_etal_1981 [restricted: Stephan_1981.csv],Stephan_etal_1981,NA,1253,1981,restricted_documents,6,near_perfect,0,1,1384,restricted_checks/Stephan_etal_1981/comparison/Stephan_1981.csv,,R36C4,species_match_strength=2; structure_context_match=TRUE,TRUE
Galago_senegalensis,LGN_Sousa,16,deSousa_etal_2010 [restricted: Visual_volumes.xlsx],deSousa_etal_2010,NA,16,2010,restricted_documents,5,near_perfect,0,1,0,restricted_checks/deSousa_etal_2010/comparison/Visual_volumes.xlsx,Sheet1,R44C10,species_match_strength=2; structure_context_match=TRUE,TRUE
Galago_senegalensis,LGN_Sousa,16,deSousa_etal_2010 [restricted: Visual_volumes.xlsx],deSousa_etal_2010,NA,0.016,2010,restricted_documents,5,near_perfect,0,1000,0,restricted_checks/deSousa_etal_2010/comparison/Visual_volumes.xlsx,Sheet1,R44C6,species_match_strength=2; structure_context_match=TRUE,TRUE
Galago_senegalensis,LGN_Sousa,16,deSousa_etal_2010 [restricted: Visual_volumes.xlsx],deSousa_etal_2010,NA,16,2010,restricted_documents,5,near_perfect,0,1,0,restricted_checks/deSousa_etal_2010/comparison/Visual_volumes.xlsx,Sheet2,R44C6,species_match_strength=2; structure_context_match=TRUE,TRUE
Galago_senegalensis,LGN_Sousa,16,deSousa_etal_2010 [restricted: deSousa_2010.csv],deSousa_etal_2010,NA,16,2010,restricted_documents,5,near_perfect,0,1,0,restricted_checks/deSousa_etal_2010/comparison/deSousa_2010.csv,,R37C6,species_match_strength=2; structure_context_match=TRUE,TRUE
Galago_senegalensis,LGN_Sousa,16,Stephan_etal_1981 [restricted: Stephan_1981.csv],Stephan_etal_1981,NA,16,1981,restricted_documents,6,near_perfect,0,1,1384,restricted_checks/Stephan_etal_1981/comparison/Stephan_1981.csv,,R37C40,species_match_strength=2; structure_context_match=TRUE,TRUE
Galago_senegalensis,ASG_Sousa,301,deSousa_etal_2010 [restricted: Visual_volumes.xlsx],deSousa_etal_2010,NA,0.301,2010,restricted_documents,5,near_perfect,0,1000,0,restricted_checks/deSousa_etal_2010/comparison/Visual_volumes.xlsx,Sheet1,R44C5,species_match_strength=2; structure_context_match=TRUE,TRUE
Galago_senegalensis,ASG_Sousa,301,deSousa_etal_2010 [restricted: Visual_volumes.xlsx],deSousa_etal_2010,NA,301,2010,restricted_documents,5,near_perfect,0,1,0,restricted_checks/deSousa_etal_2010/comparison/Visual_volumes.xlsx,Sheet1,R44C9,species_match_strength=2; structure_context_match=TRUE,TRUE
Galago_senegalensis,ASG_Sousa,301,deSousa_etal_2010 [restricted: Visual_volumes.xlsx],deSousa_etal_2010,NA,301,2010,restricted_documents,5,near_perfect,0,1,0,restricted_checks/deSousa_etal_2010/comparison/Visual_volumes.xlsx,Sheet2,R44C5,species_match_strength=2; structure_context_match=TRUE,TRUE
Galago_senegalensis,ASG_Sousa,301,deSousa_etal_2010 [restricted: deSousa_2010.csv],deSousa_etal_2010,NA,301,2010,restricted_documents,5,near_perfect,0,1,0,restricted_checks/deSousa_etal_2010/comparison/deSousa_2010.csv,,R37C2,species_match_strength=2; structure_context_match=TRUE,TRUE
Galago_senegalensis,ASG_Sousa,301,deSousa_etal_2010 [restricted: deSousa_2010.csv],deSousa_etal_2010,NA,301,2010,restricted_documents,5,near_perfect,0,1,0,restricted_checks/deSousa_etal_2010/comparison/deSousa_2010.csv,,R37C5,species_match_strength=2; structure_context_match=TRUE,TRUE
Galago_senegalensis,ASG_Sousa,301,Stephan_etal_1981 [restricted: Stephan_1981.csv],Stephan_etal_1981,NA,301,1981,restricted_documents,6,near_perfect,0,1,1384,restricted_checks/Stephan_etal_1981/comparison/Stephan_1981.csv,,R37C4,species_match_strength=2; structure_context_match=TRUE,TRUE
Lagothrix_lagotricha,LGN_Sousa,164,deSousa_etal_2010 [restricted: deSousa_2010.csv],deSousa_etal_2010,NA,164,2010,restricted_documents,5,near_perfect,0,1,0,restricted_checks/deSousa_etal_2010/comparison/deSousa_2010.csv,,R48C6,species_match_strength=2; structure_context_match=TRUE,TRUE
Lagothrix_lagotricha,ASG_Sousa,4856,deSousa_etal_2010 [restricted: deSousa_2010.csv],deSousa_etal_2010,NA,4856,2010,restricted_documents,5,near_perfect,0,1,0,restricted_checks/deSousa_etal_2010/comparison/deSousa_2010.csv,,R48C2,species_match_strength=2; structure_context_match=TRUE,TRUE
Lagothrix_lagotricha,ASG_Sousa,4856,deSousa_etal_2010 [restricted: deSousa_2010.csv],deSousa_etal_2010,NA,4856,2010,restricted_documents,5,near_perfect,0,1,0,restricted_checks/deSousa_etal_2010/comparison/deSousa_2010.csv,,R48C5,species_match_strength=2; structure_context_match=TRUE,TRUE
Lagothrix_lagotricha,ASG_Sousa,4856,Stephan_etal_1981 [restricted: Stephan_1981.csv],Stephan_etal_1981,NA,4856,1981,restricted_documents,6,near_perfect,0,1,1384,restricted_checks/Stephan_etal_1981/comparison/Stephan_1981.csv,,R48C4,species_match_strength=2; structure_context_match=TRUE,TRUE
Lagothrix_lagotricha,Frontal.motor.Gray,2.43,Smaers_etal_2017 [restricted: Smaers.csv],Smaers_etal_2017,NA,2.434,2017,restricted_documents,5,near_perfect,0.1643385373870174,1,0,restricted_checks/Smaers_etal_2017/comparison/Smaers.csv,,R8C4,species_match_strength=2; structure_context_match=TRUE,TRUE
Lagothrix_lagotricha,Primary.visual.White.Smaers,1.23,Smaers_etal_2017 [restricted: Smaers.csv],Smaers_etal_2017,NA,1.226,2017,restricted_documents,5,near_perfect,0.3252032520325206,1,0,restricted_checks/Smaers_etal_2017/comparison/Smaers.csv,,R8C5,species_match_strength=2; structure_context_match=TRUE,TRUE
Lagothrix_lagotricha,Prefrontal.Gray,1.89,Smaers_etal_2017 [restricted: Smaers.csv],Smaers_etal_2017,NA,1.887,2017,restricted_documents,5,near_perfect,0.158730158730153,1,0,restricted_checks/Smaers_etal_2017/comparison/Smaers.csv,,R8C2,species_match_strength=2; structure_context_match=TRUE,TRUE
Lagothrix_lagotricha,Prefrontal.White,0.23,Smaers_etal_2017 [restricted: Smaers.csv],Smaers_etal_2017,NA,0.226,2017,restricted_documents,5,near_perfect,1.7391304347826102,1,0,restricted_checks/Smaers_etal_2017/comparison/Smaers.csv,,R8C6,species_match_strength=2; structure_context_match=TRUE,TRUE
Lagothrix_lagotricha,Other.cortical.association.areas.Gray,24.19,Smaers_etal_2017 [restricted: Smaers.csv],Smaers_etal_2017,NA,24.188,2017,restricted_documents,5,near_perfect,0.008267879288972485,1,0,restricted_checks/Smaers_etal_2017/comparison/Smaers.csv,,R8C3,species_match_strength=2; structure_context_match=TRUE,TRUE
Lagothrix_lagotricha,Other.cortical.association.areas.White,12.5,Smaers_etal_2017 [restricted: Smaers.csv],Smaers_etal_2017,NA,12.496,2017,restricted_documents,5,near_perfect,0.031999999999996476,1,0,restricted_checks/Smaers_etal_2017/comparison/Smaers.csv,,R8C7,species_match_strength=2; structure_context_match=TRUE,TRUE
Lepilemur_ruficaudatus,LGN_Sousa,15.6,deSousa_etal_2010 [restricted: Visual_volumes.xlsx],deSousa_etal_2010,NA,15.6,2010,restricted_documents,5,near_perfect,0,1,0,restricted_checks/deSousa_etal_2010/comparison/Visual_volumes.xlsx,Sheet1,R36C10,species_match_strength=2; structure_context_match=TRUE,TRUE
Lepilemur_ruficaudatus,LGN_Sousa,15.6,deSousa_etal_2010 [restricted: Visual_volumes.xlsx],deSousa_etal_2010,NA,0.0156,2010,restricted_documents,5,near_perfect,0,1000,0,restricted_checks/deSousa_etal_2010/comparison/Visual_volumes.xlsx,Sheet1,R36C6,species_match_strength=2; structure_context_match=TRUE,TRUE
Lepilemur_ruficaudatus,LGN_Sousa,15.6,deSousa_etal_2010 [restricted: Visual_volumes.xlsx],deSousa_etal_2010,NA,15.6,2010,restricted_documents,5,near_perfect,0,1,0,restricted_checks/deSousa_etal_2010/comparison/Visual_volumes.xlsx,Sheet2,R36C6,species_match_strength=2; structure_context_match=TRUE,TRUE
Lepilemur_ruficaudatus,LGN_Sousa,15.6,deSousa_etal_2010 [restricted: deSousa_2010.csv],deSousa_etal_2010,NA,15.6,2010,restricted_documents,5,near_perfect,0,1,0,restricted_checks/deSousa_etal_2010/comparison/deSousa_2010.csv,,R50C6,species_match_strength=2; structure_context_match=TRUE,TRUE
Lepilemur_ruficaudatus,LGN_Sousa,15.6,Stephan_etal_1981 [restricted: Stephan_1981.csv],Stephan_etal_1981,NA,15.6,1981,restricted_documents,6,near_perfect,0,1,1384,restricted_checks/Stephan_etal_1981/comparison/Stephan_1981.csv,,R50C40,species_match_strength=2; structure_context_match=TRUE,TRUE
Lepilemur_ruficaudatus,ASG_Sousa,326,deSousa_etal_2010 [restricted: Visual_volumes.xlsx],deSousa_etal_2010,NA,0.326,2010,restricted_documents,5,near_perfect,0,1000,0,restricted_checks/deSousa_etal_2010/comparison/Visual_volumes.xlsx,Sheet1,R36C5,species_match_strength=2; structure_context_match=TRUE,TRUE
Lepilemur_ruficaudatus,ASG_Sousa,326,deSousa_etal_2010 [restricted: Visual_volumes.xlsx],deSousa_etal_2010,NA,326,2010,restricted_documents,5,near_perfect,0,1,0,restricted_checks/deSousa_etal_2010/comparison/Visual_volumes.xlsx,Sheet1,R36C9,species_match_strength=2; structure_context_match=TRUE,TRUE
Lepilemur_ruficaudatus,ASG_Sousa,326,deSousa_etal_2010 [restricted: Visual_volumes.xlsx],deSousa_etal_2010,NA,326,2010,restricted_documents,5,near_perfect,0,1,0,restricted_checks/deSousa_etal_2010/comparison/Visual_volumes.xlsx,Sheet2,R36C5,species_match_strength=2; structure_context_match=TRUE,TRUE
Lepilemur_ruficaudatus,ASG_Sousa,326,deSousa_etal_2010 [restricted: deSousa_2010.csv],deSousa_etal_2010,NA,326,2010,restricted_documents,5,near_perfect,0,1,0,restricted_checks/deSousa_etal_2010/comparison/deSousa_2010.csv,,R50C2,species_match_strength=2; structure_context_match=TRUE,TRUE
Lepilemur_ruficaudatus,ASG_Sousa,326,deSousa_etal_2010 [restricted: deSousa_2010.csv],deSousa_etal_2010,NA,326,2010,restricted_documents,5,near_perfect,0,1,0,restricted_checks/deSousa_etal_2010/comparison/deSousa_2010.csv,,R50C5,species_match_strength=2; structure_context_match=TRUE,TRUE
Lepilemur_ruficaudatus,ASG_Sousa,326,Stephan_etal_1981 [restricted: Stephan_1981.csv],Stephan_etal_1981,NA,326,1981,restricted_documents,6,near_perfect,0,1,1384,restricted_checks/Stephan_etal_1981/comparison/Stephan_1981.csv,,R50C4,species_match_strength=2; structure_context_match=TRUE,TRUE
Lepilemur_ruficaudatus,Nucleus.vestibularis.lateralis,2.3,Stephan_etal_1981 [restricted: Stephan_1981.csv],Stephan_etal_1981,NA,2.38,1981,restricted_documents,5,close_metadata_source,3.361344537815129,1,1384,restricted_checks/Stephan_etal_1981/comparison/Stephan_1981.csv,,R50C51,species_match_strength=2; structure_context_match=TRUE,TRUE
Macaca_fascicularis,ASG_Sousa,2713.3,deSousa_etal_2010 [restricted: deSousa_2010.csv],deSousa_etal_2010,NA,2713.3,2010,restricted_documents,5,near_perfect,0,1,0,restricted_checks/deSousa_etal_2010/comparison/deSousa_2010.csv,,R53C2,species_match_strength=2; structure_context_match=TRUE,TRUE
Macaca_fascicularis,ASG_Sousa,2713.3,deSousa_etal_2010 [restricted: deSousa_2010.csv],deSousa_etal_2010,NA,2713.3,2010,restricted_documents,5,near_perfect,0,1,0,restricted_checks/deSousa_etal_2010/comparison/deSousa_2010.csv,,R53C5,species_match_strength=2; structure_context_match=TRUE,TRUE
Macaca_fascicularis,ASG_Sousa,2713.3,deSousa_etal_2010 [restricted: Visual_volumes.xlsx],deSousa_etal_2010,NA,2.7133462286847085,2010,restricted_documents,5,near_perfect,0.00170375178145433,1000,0,restricted_checks/deSousa_etal_2010/comparison/Visual_volumes.xlsx,Sheet1,R10C5,species_match_strength=2; structure_context_match=TRUE,TRUE
Macaca_fascicularis,ASG_Sousa,2713.3,deSousa_etal_2010 [restricted: Visual_volumes.xlsx],deSousa_etal_2010,NA,2713.3462286847084,2010,restricted_documents,5,near_perfect,0.00170375178145433,1,0,restricted_checks/deSousa_etal_2010/comparison/Visual_volumes.xlsx,Sheet1,R10C9,species_match_strength=2; structure_context_match=TRUE,TRUE
Macaca_fascicularis,ASG_Sousa,2713.3,deSousa_etal_2010 [restricted: Visual_volumes.xlsx],deSousa_etal_2010,NA,2713.3462286847084,2010,restricted_documents,5,near_perfect,0.00170375178145433,1,0,restricted_checks/deSousa_etal_2010/comparison/Visual_volumes.xlsx,Sheet2,R10C5,species_match_strength=2; structure_context_match=TRUE,TRUE
Macaca_fascicularis,ASG_Sousa,2713.3,Stephan_etal_1981 [restricted: Stephan_1981.csv],Stephan_etal_1981,NA,2713.3,1981,restricted_documents,6,near_perfect,0,1,1384,restricted_checks/Stephan_etal_1981/comparison/Stephan_1981.csv,,R53C4,species_match_strength=2; structure_context_match=TRUE,TRUE
Macaca_fascicularis,Brain_weight,57600,deSousa_etal_2013 [restricted: deSousa_2013.csv],deSousa_etal_2013,NA,57600,2013,restricted_documents,6,near_perfect,0,1,15,restricted_checks/deSousa_etal_2013/comparison/deSousa_2013.csv,,R53C3,species_match_strength=2; structure_context_match=TRUE,TRUE
Macaca_mulatta,ASG_Sousa,5343,deSousa_etal_2010 [restricted: Visual_volumes.xlsx],deSousa_etal_2010,NA,5.343,2010,restricted_documents,5,near_perfect,0,1000,0,restricted_checks/deSousa_etal_2010/comparison/Visual_volumes.xlsx,Sheet1,R11C5,species_match_strength=2; structure_context_match=TRUE,TRUE
Macaca_mulatta,ASG_Sousa,5343,deSousa_etal_2010 [restricted: Visual_volumes.xlsx],deSousa_etal_2010,NA,5343,2010,restricted_documents,5,near_perfect,0,1,0,restricted_checks/deSousa_etal_2010/comparison/Visual_volumes.xlsx,Sheet1,R11C9,species_match_strength=2; structure_context_match=TRUE,TRUE
Macaca_mulatta,ASG_Sousa,5343,deSousa_etal_2010 [restricted: Visual_volumes.xlsx],deSousa_etal_2010,NA,5343,2010,restricted_documents,5,near_perfect,0,1,0,restricted_checks/deSousa_etal_2010/comparison/Visual_volumes.xlsx,Sheet2,R11C5,species_match_strength=2; structure_context_match=TRUE,TRUE
Macaca_mulatta,ASG_Sousa,5343,deSousa_etal_2010 [restricted: deSousa_2010.csv],deSousa_etal_2010,NA,5343,2010,restricted_documents,5,near_perfect,0,1,0,restricted_checks/deSousa_etal_2010/comparison/deSousa_2010.csv,,R55C2,species_match_strength=2; structure_context_match=TRUE,TRUE
Macaca_mulatta,ASG_Sousa,5343,deSousa_etal_2010 [restricted: deSousa_2010.csv],deSousa_etal_2010,NA,5343,2010,restricted_documents,5,near_perfect,0,1,0,restricted_checks/deSousa_etal_2010/comparison/deSousa_2010.csv,,R55C5,species_match_strength=2; structure_context_match=TRUE,TRUE
Macaca_mulatta,ASG_Sousa,5343,Stephan_etal_1981 [restricted: Stephan_1981.csv],Stephan_etal_1981,NA,5343,1981,restricted_documents,6,near_perfect,0,1,1384,restricted_checks/Stephan_etal_1981/comparison/Stephan_1981.csv,,R55C4,species_match_strength=2; structure_context_match=TRUE,TRUE
Microcebus_murinus,LGN_Sousa,7.1,deSousa_etal_2010 [restricted: Visual_volumes.xlsx],deSousa_etal_2010,NA,7.1,2010,restricted_documents,5,near_perfect,0,1,0,restricted_checks/deSousa_etal_2010/comparison/Visual_volumes.xlsx,Sheet1,R31C10,species_match_strength=2; structure_context_match=TRUE,TRUE
Microcebus_murinus,LGN_Sousa,7.1,deSousa_etal_2010 [restricted: Visual_volumes.xlsx],deSousa_etal_2010,NA,0.0070999999999999995,2010,restricted_documents,5,near_perfect,0,1000,0,restricted_checks/deSousa_etal_2010/comparison/Visual_volumes.xlsx,Sheet1,R31C6,species_match_strength=2; structure_context_match=TRUE,TRUE
Microcebus_murinus,LGN_Sousa,7.1,deSousa_etal_2010 [restricted: Visual_volumes.xlsx],deSousa_etal_2010,NA,7.1,2010,restricted_documents,5,near_perfect,0,1,0,restricted_checks/deSousa_etal_2010/comparison/Visual_volumes.xlsx,Sheet2,R31C6,species_match_strength=2; structure_context_match=TRUE,TRUE
Microcebus_murinus,LGN_Sousa,7.1,deSousa_etal_2010 [restricted: deSousa_2010.csv],deSousa_etal_2010,NA,7.1,2010,restricted_documents,5,near_perfect,0,1,0,restricted_checks/deSousa_etal_2010/comparison/deSousa_2010.csv,,R56C6,species_match_strength=2; structure_context_match=TRUE,TRUE
Microcebus_murinus,LGN_Sousa,7.1,Stephan_etal_1981 [restricted: Stephan_1981.csv],Stephan_etal_1981,NA,7.03,1981,restricted_documents,6,near_perfect,0.9859154929577381,1,1384,restricted_checks/Stephan_etal_1981/comparison/Stephan_1981.csv,,R56C40,species_match_strength=2; structure_context_match=TRUE,TRUE
Microcebus_murinus,ASG_Sousa,136,deSousa_etal_2010 [restricted: deSousa_2010.csv],deSousa_etal_2010,NA,136,2010,restricted_documents,5,near_perfect,0,1,0,restricted_checks/deSousa_etal_2010/comparison/deSousa_2010.csv,,R56C2,species_match_strength=2; structure_context_match=TRUE,TRUE
Microcebus_murinus,ASG_Sousa,136,deSousa_etal_2010 [restricted: Visual_volumes.xlsx],deSousa_etal_2010,NA,0.139,2010,restricted_documents,5,close_metadata_source,2.158273381294964,1000,0,restricted_checks/deSousa_etal_2010/comparison/Visual_volumes.xlsx,Sheet1,R31C5,species_match_strength=2; structure_context_match=TRUE,TRUE
Microcebus_murinus,ASG_Sousa,136,deSousa_etal_2010 [restricted: Visual_volumes.xlsx],deSousa_etal_2010,NA,139,2010,restricted_documents,5,close_metadata_source,2.158273381294964,1,0,restricted_checks/deSousa_etal_2010/comparison/Visual_volumes.xlsx,Sheet1,R31C9,species_match_strength=2; structure_context_match=TRUE,TRUE
Microcebus_murinus,ASG_Sousa,136,deSousa_etal_2010 [restricted: Visual_volumes.xlsx],deSousa_etal_2010,NA,139,2010,restricted_documents,5,close_metadata_source,2.158273381294964,1,0,restricted_checks/deSousa_etal_2010/comparison/Visual_volumes.xlsx,Sheet2,R31C5,species_match_strength=2; structure_context_match=TRUE,TRUE
Microcebus_murinus,ASG_Sousa,136,deSousa_etal_2010 [restricted: deSousa_2010.csv],deSousa_etal_2010,NA,139,2010,restricted_documents,5,close_metadata_source,2.158273381294964,1,0,restricted_checks/deSousa_etal_2010/comparison/deSousa_2010.csv,,R56C5,species_match_strength=2; structure_context_match=TRUE,TRUE
Microcebus_murinus,ASG_Sousa,136,Stephan_etal_1981 [restricted: Stephan_1981.csv],Stephan_etal_1981,NA,136,1981,restricted_documents,6,near_perfect,0,1,1384,restricted_checks/Stephan_etal_1981/comparison/Stephan_1981.csv,,R56C4,species_match_strength=2; structure_context_match=TRUE,TRUE
Miopithecus_talapoin,ASG_Sousa,2339,deSousa_etal_2010 [restricted: Visual_volumes.xlsx],deSousa_etal_2010,NA,2.339,2010,restricted_documents,5,near_perfect,0,1000,0,restricted_checks/deSousa_etal_2010/comparison/Visual_volumes.xlsx,Sheet1,R16C5,species_match_strength=2; structure_context_match=TRUE,TRUE
Miopithecus_talapoin,ASG_Sousa,2339,deSousa_etal_2010 [restricted: Visual_volumes.xlsx],deSousa_etal_2010,NA,2339,2010,restricted_documents,5,near_perfect,0,1,0,restricted_checks/deSousa_etal_2010/comparison/Visual_volumes.xlsx,Sheet1,R16C9,species_match_strength=2; structure_context_match=TRUE,TRUE
Miopithecus_talapoin,ASG_Sousa,2339,deSousa_etal_2010 [restricted: Visual_volumes.xlsx],deSousa_etal_2010,NA,2339,2010,restricted_documents,5,near_perfect,0,1,0,restricted_checks/deSousa_etal_2010/comparison/Visual_volumes.xlsx,Sheet2,R16C5,species_match_strength=2; structure_context_match=TRUE,TRUE
Miopithecus_talapoin,ASG_Sousa,2339,deSousa_etal_2010 [restricted: deSousa_2010.csv],deSousa_etal_2010,NA,2339,2010,restricted_documents,5,near_perfect,0,1,0,restricted_checks/deSousa_etal_2010/comparison/deSousa_2010.csv,,R62C2,species_match_strength=2; structure_context_match=TRUE,TRUE
Miopithecus_talapoin,ASG_Sousa,2339,deSousa_etal_2010 [restricted: deSousa_2010.csv],deSousa_etal_2010,NA,2339,2010,restricted_documents,5,near_perfect,0,1,0,restricted_checks/deSousa_etal_2010/comparison/deSousa_2010.csv,,R62C5,species_match_strength=2; structure_context_match=TRUE,TRUE
Miopithecus_talapoin,ASG_Sousa,2339,Stephan_etal_1981 [restricted: Stephan_1981.csv],Stephan_etal_1981,NA,2339,1981,restricted_documents,6,near_perfect,0,1,1384,restricted_checks/Stephan_etal_1981/comparison/Stephan_1981.csv,,R62C4,species_match_strength=2; structure_context_match=TRUE,TRUE
Miopithecus_talapoin,Frontal.motor.Gray,0.91,Smaers_etal_2017 [restricted: Smaers.csv],Smaers_etal_2017,NA,0.906,2017,restricted_documents,5,near_perfect,0.43956043956043994,1,0,restricted_checks/Smaers_etal_2017/comparison/Smaers.csv,,R5C4,species_match_strength=2; structure_context_match=TRUE,TRUE
Miopithecus_talapoin,Primary.visual.White.Smaers,0.71,Smaers_etal_2017 [restricted: Smaers.csv],Smaers_etal_2017,NA,0.709,2017,restricted_documents,5,near_perfect,0.14084507042253536,1,0,restricted_checks/Smaers_etal_2017/comparison/Smaers.csv,,R5C5,species_match_strength=2; structure_context_match=TRUE,TRUE
Miopithecus_talapoin,Prefrontal.Gray,1.02,Smaers_etal_2017 [restricted: Smaers.csv],Smaers_etal_2017,NA,1.018,2017,restricted_documents,5,near_perfect,0.19607843137254918,1,0,restricted_checks/Smaers_etal_2017/comparison/Smaers.csv,,R5C2,species_match_strength=2; structure_context_match=TRUE,TRUE
Miopithecus_talapoin,Prefrontal.White,0.15,Smaers_etal_2017 [restricted: Smaers.csv],Smaers_etal_2017,NA,0.152,2017,restricted_documents,5,near_perfect,1.3157894736842117,1,0,restricted_checks/Smaers_etal_2017/comparison/Smaers.csv,,R5C6,species_match_strength=2; structure_context_match=TRUE,TRUE
Miopithecus_talapoin,Other.cortical.association.areas.Gray,12.22,Smaers_etal_2017 [restricted: Smaers.csv],Smaers_etal_2017,NA,12.218,2017,restricted_documents,5,near_perfect,0.016366612111298428,1,0,restricted_checks/Smaers_etal_2017/comparison/Smaers.csv,,R5C3,species_match_strength=2; structure_context_match=TRUE,TRUE
Miopithecus_talapoin,Other.cortical.association.areas.White,4.64,Smaers_etal_2017 [restricted: Smaers.csv],Smaers_etal_2017,NA,4.642,2017,restricted_documents,5,near_perfect,0.04308487720811434,1,0,restricted_checks/Smaers_etal_2017/comparison/Smaers.csv,,R5C7,species_match_strength=2; structure_context_match=TRUE,TRUE
Nasalis_larvatus,Frontal.motor.Gray,1.75,Smaers_etal_2017 [restricted: Smaers.csv],Smaers_etal_2017,NA,1.749,2017,restricted_documents,5,near_perfect,0.05714285714285085,1,0,restricted_checks/Smaers_etal_2017/comparison/Smaers.csv,,R19C4,species_match_strength=2; structure_context_match=TRUE,TRUE
Nasalis_larvatus,Prefrontal.Gray,0.81,Smaers_etal_2017 [restricted: Smaers.csv],Smaers_etal_2017,NA,0.813,2017,restricted_documents,5,near_perfect,0.36900369003688704,1,0,restricted_checks/Smaers_etal_2017/comparison/Smaers.csv,,R19C2,species_match_strength=2; structure_context_match=TRUE,TRUE
Nasalis_larvatus,Prefrontal.White,0.07,Smaers_etal_2017 [restricted: Smaers.csv],Smaers_etal_2017,NA,0.074,2017,restricted_documents,5,near_perfect,5.405405405405392,1,0,restricted_checks/Smaers_etal_2017/comparison/Smaers.csv,,R19C6,species_match_strength=2; structure_context_match=TRUE,TRUE
Nycticebus_coucang,LGN_Sousa,35.9,deSousa_etal_2010 [restricted: Visual_volumes.xlsx],deSousa_etal_2010,NA,35.9,2010,restricted_documents,5,near_perfect,0,1,0,restricted_checks/deSousa_etal_2010/comparison/Visual_volumes.xlsx,Sheet1,R42C10,species_match_strength=2; structure_context_match=TRUE,TRUE
Nycticebus_coucang,LGN_Sousa,35.9,deSousa_etal_2010 [restricted: Visual_volumes.xlsx],deSousa_etal_2010,NA,0.0359,2010,restricted_documents,5,near_perfect,0,1000,0,restricted_checks/deSousa_etal_2010/comparison/Visual_volumes.xlsx,Sheet1,R42C6,species_match_strength=2; structure_context_match=TRUE,TRUE
Nycticebus_coucang,LGN_Sousa,35.9,deSousa_etal_2010 [restricted: Visual_volumes.xlsx],deSousa_etal_2010,NA,35.9,2010,restricted_documents,5,near_perfect,0,1,0,restricted_checks/deSousa_etal_2010/comparison/Visual_volumes.xlsx,Sheet2,R42C6,species_match_strength=2; structure_context_match=TRUE,TRUE
Nycticebus_coucang,LGN_Sousa,35.9,deSousa_etal_2010 [restricted: deSousa_2010.csv],deSousa_etal_2010,NA,35.9,2010,restricted_documents,5,near_perfect,0,1,0,restricted_checks/deSousa_etal_2010/comparison/deSousa_2010.csv,,R68C6,species_match_strength=2; structure_context_match=TRUE,TRUE
Nycticebus_coucang,ASG_Sousa,696,deSousa_etal_2010 [restricted: Visual_volumes.xlsx],deSousa_etal_2010,NA,0.696,2010,restricted_documents,5,near_perfect,0,1000,0,restricted_checks/deSousa_etal_2010/comparison/Visual_volumes.xlsx,Sheet1,R42C5,species_match_strength=2; structure_context_match=TRUE,TRUE
Nycticebus_coucang,ASG_Sousa,696,deSousa_etal_2010 [restricted: Visual_volumes.xlsx],deSousa_etal_2010,NA,696,2010,restricted_documents,5,near_perfect,0,1,0,restricted_checks/deSousa_etal_2010/comparison/Visual_volumes.xlsx,Sheet1,R42C9,species_match_strength=2; structure_context_match=TRUE,TRUE
Nycticebus_coucang,ASG_Sousa,696,deSousa_etal_2010 [restricted: Visual_volumes.xlsx],deSousa_etal_2010,NA,696,2010,restricted_documents,5,near_perfect,0,1,0,restricted_checks/deSousa_etal_2010/comparison/Visual_volumes.xlsx,Sheet2,R42C5,species_match_strength=2; structure_context_match=TRUE,TRUE
Nycticebus_coucang,ASG_Sousa,696,deSousa_etal_2010 [restricted: deSousa_2010.csv],deSousa_etal_2010,NA,696,2010,restricted_documents,5,near_perfect,0,1,0,restricted_checks/deSousa_etal_2010/comparison/deSousa_2010.csv,,R68C2,species_match_strength=2; structure_context_match=TRUE,TRUE
Nycticebus_coucang,ASG_Sousa,696,deSousa_etal_2010 [restricted: deSousa_2010.csv],deSousa_etal_2010,NA,696,2010,restricted_documents,5,near_perfect,0,1,0,restricted_checks/deSousa_etal_2010/comparison/deSousa_2010.csv,,R68C5,species_match_strength=2; structure_context_match=TRUE,TRUE
Nycticebus_coucang,ASG_Sousa,696,Stephan_etal_1981 [restricted: Stephan_1981.csv],Stephan_etal_1981,NA,696,1981,restricted_documents,6,near_perfect,0,1,1384,restricted_checks/Stephan_etal_1981/comparison/Stephan_1981.csv,,R68C4,species_match_strength=2; structure_context_match=TRUE,TRUE
Nycticebus_coucang,Corpus.subfornicale,0.18,Stephan_etal_1981 [restricted: Stephan_1981.csv],Stephan_etal_1981,NA,0.175,1981,restricted_documents,5,close_metadata_source,2.7777777777777803,1,1384,restricted_checks/Stephan_etal_1981/comparison/Stephan_1981.csv,,R68C56,species_match_strength=2; structure_context_match=TRUE,TRUE
Otolemur_crassicaudatus,LGN_Sousa,23.2,deSousa_etal_2010 [restricted: Visual_volumes.xlsx],deSousa_etal_2010,NA,23.2,2010,restricted_documents,5,near_perfect,0,1,0,restricted_checks/deSousa_etal_2010/comparison/Visual_volumes.xlsx,Sheet1,R45C10,species_match_strength=2; structure_context_match=TRUE,TRUE
Otolemur_crassicaudatus,LGN_Sousa,23.2,deSousa_etal_2010 [restricted: Visual_volumes.xlsx],deSousa_etal_2010,NA,0.0232,2010,restricted_documents,5,near_perfect,0,1000,0,restricted_checks/deSousa_etal_2010/comparison/Visual_volumes.xlsx,Sheet1,R45C6,species_match_strength=2; structure_context_match=TRUE,TRUE
Otolemur_crassicaudatus,LGN_Sousa,23.2,deSousa_etal_2010 [restricted: Visual_volumes.xlsx],deSousa_etal_2010,NA,23.2,2010,restricted_documents,5,near_perfect,0,1,0,restricted_checks/deSousa_etal_2010/comparison/Visual_volumes.xlsx,Sheet2,R45C6,species_match_strength=2; structure_context_match=TRUE,TRUE
Otolemur_crassicaudatus,LGN_Sousa,23.2,deSousa_etal_2010 [restricted: deSousa_2010.csv],deSousa_etal_2010,NA,23.2,2010,restricted_documents,5,near_perfect,0,1,0,restricted_checks/deSousa_etal_2010/comparison/deSousa_2010.csv,,R70C6,species_match_strength=2; structure_context_match=TRUE,TRUE
Otolemur_crassicaudatus,ASG_Sousa,479,deSousa_etal_2010 [restricted: Visual_volumes.xlsx],deSousa_etal_2010,NA,0.479,2010,restricted_documents,5,near_perfect,0,1000,0,restricted_checks/deSousa_etal_2010/comparison/Visual_volumes.xlsx,Sheet1,R45C5,species_match_strength=2; structure_context_match=TRUE,TRUE
Otolemur_crassicaudatus,ASG_Sousa,479,deSousa_etal_2010 [restricted: Visual_volumes.xlsx],deSousa_etal_2010,NA,479,2010,restricted_documents,5,near_perfect,0,1,0,restricted_checks/deSousa_etal_2010/comparison/Visual_volumes.xlsx,Sheet1,R45C9,species_match_strength=2; structure_context_match=TRUE,TRUE
Otolemur_crassicaudatus,ASG_Sousa,479,deSousa_etal_2010 [restricted: Visual_volumes.xlsx],deSousa_etal_2010,NA,479,2010,restricted_documents,5,near_perfect,0,1,0,restricted_checks/deSousa_etal_2010/comparison/Visual_volumes.xlsx,Sheet2,R45C5,species_match_strength=2; structure_context_match=TRUE,TRUE
Otolemur_crassicaudatus,ASG_Sousa,479,deSousa_etal_2010 [restricted: deSousa_2010.csv],deSousa_etal_2010,NA,479,2010,restricted_documents,5,near_perfect,0,1,0,restricted_checks/deSousa_etal_2010/comparison/deSousa_2010.csv,,R70C2,species_match_strength=2; structure_context_match=TRUE,TRUE
Otolemur_crassicaudatus,ASG_Sousa,479,deSousa_etal_2010 [restricted: deSousa_2010.csv],deSousa_etal_2010,NA,479,2010,restricted_documents,5,near_perfect,0,1,0,restricted_checks/deSousa_etal_2010/comparison/deSousa_2010.csv,,R70C5,species_match_strength=2; structure_context_match=TRUE,TRUE
Otolemur_crassicaudatus,ASG_Sousa,479,Stephan_etal_1981 [restricted: Stephan_1981.csv],Stephan_etal_1981,NA,479,1981,restricted_documents,6,near_perfect,0,1,1384,restricted_checks/Stephan_etal_1981/comparison/Stephan_1981.csv,,R70C4,species_match_strength=2; structure_context_match=TRUE,TRUE
Papio_anubis,ASG_Sousa,10001,deSousa_etal_2010 [restricted: Visual_volumes.xlsx],deSousa_etal_2010,NA,10.001,2010,restricted_documents,5,near_perfect,0,1000,0,restricted_checks/deSousa_etal_2010/comparison/Visual_volumes.xlsx,Sheet1,R13C5,species_match_strength=2; structure_context_match=TRUE,TRUE
Papio_anubis,ASG_Sousa,10001,deSousa_etal_2010 [restricted: Visual_volumes.xlsx],deSousa_etal_2010,NA,10001,2010,restricted_documents,5,near_perfect,0,1,0,restricted_checks/deSousa_etal_2010/comparison/Visual_volumes.xlsx,Sheet1,R13C9,species_match_strength=2; structure_context_match=TRUE,TRUE
Papio_anubis,ASG_Sousa,10001,deSousa_etal_2010 [restricted: Visual_volumes.xlsx],deSousa_etal_2010,NA,10001,2010,restricted_documents,5,near_perfect,0,1,0,restricted_checks/deSousa_etal_2010/comparison/Visual_volumes.xlsx,Sheet2,R13C5,species_match_strength=2; structure_context_match=TRUE,TRUE
Papio_anubis,ASG_Sousa,10001,deSousa_etal_2010 [restricted: deSousa_2010.csv],deSousa_etal_2010,NA,10001,2010,restricted_documents,5,near_perfect,0,1,0,restricted_checks/deSousa_etal_2010/comparison/deSousa_2010.csv,,R73C2,species_match_strength=2; structure_context_match=TRUE,TRUE
Papio_anubis,ASG_Sousa,10001,deSousa_etal_2010 [restricted: deSousa_2010.csv],deSousa_etal_2010,NA,10001,2010,restricted_documents,5,near_perfect,0,1,0,restricted_checks/deSousa_etal_2010/comparison/deSousa_2010.csv,,R73C5,species_match_strength=2; structure_context_match=TRUE,TRUE
Papio_anubis,ASG_Sousa,10001,Stephan_etal_1981 [restricted: Stephan_1981.csv],Stephan_etal_1981,NA,10001,1981,restricted_documents,6,near_perfect,0,1,1384,restricted_checks/Stephan_etal_1981/comparison/Stephan_1981.csv,,R73C4,species_match_strength=2; structure_context_match=TRUE,TRUE
Papio_anubis,Frontal.motor.Gray,4.69,Smaers_etal_2017 [restricted: Smaers.csv],Smaers_etal_2017,NA,4.686,2017,restricted_documents,5,near_perfect,0.08528784648188587,1,0,restricted_checks/Smaers_etal_2017/comparison/Smaers.csv,,R18C4,species_match_strength=2; structure_context_match=TRUE,TRUE
Papio_anubis,Primary.visual.White.Smaers,3.74,Smaers_etal_2017 [restricted: Smaers.csv],Smaers_etal_2017,NA,3.74,2017,restricted_documents,5,near_perfect,0,1,0,restricted_checks/Smaers_etal_2017/comparison/Smaers.csv,,R18C5,species_match_strength=2; structure_context_match=TRUE,TRUE
Papio_anubis,Prefrontal.Gray,3.92,Smaers_etal_2017 [restricted: Smaers.csv],Smaers_etal_2017,NA,3.921,2017,restricted_documents,5,near_perfect,0.025503698036212444,1,0,restricted_checks/Smaers_etal_2017/comparison/Smaers.csv,,R18C2,species_match_strength=2; structure_context_match=TRUE,TRUE
Papio_anubis,Prefrontal.White,0.85,Smaers_etal_2017 [restricted: Smaers.csv],Smaers_etal_2017,NA,0.845,2017,restricted_documents,5,near_perfect,0.5882352941176476,1,0,restricted_checks/Smaers_etal_2017/comparison/Smaers.csv,,R18C6,species_match_strength=2; structure_context_match=TRUE,TRUE
Papio_anubis,Other.cortical.association.areas.Gray,45.24,Smaers_etal_2017 [restricted: Smaers.csv],Smaers_etal_2017,NA,45.24,2017,restricted_documents,5,near_perfect,0,1,0,restricted_checks/Smaers_etal_2017/comparison/Smaers.csv,,R18C3,species_match_strength=2; structure_context_match=TRUE,TRUE
Papio_anubis,Other.cortical.association.areas.White,33.84,Smaers_etal_2017 [restricted: Smaers.csv],Smaers_etal_2017,NA,33.835,2017,restricted_documents,5,near_perfect,0.014775413711591481,1,0,restricted_checks/Smaers_etal_2017/comparison/Smaers.csv,,R18C7,species_match_strength=2; structure_context_match=TRUE,TRUE
Pithecia_monachus,LGN_Sousa,76.3,deSousa_etal_2010 [restricted: deSousa_2010.csv],deSousa_etal_2010,NA,76.3,2010,restricted_documents,5,near_perfect,0,1,0,restricted_checks/deSousa_etal_2010/comparison/deSousa_2010.csv,,R76C6,species_match_strength=2; structure_context_match=TRUE,TRUE
Pithecia_monachus,ASG_Sousa,1679,deSousa_etal_2010 [restricted: deSousa_2010.csv],deSousa_etal_2010,NA,1679,2010,restricted_documents,5,near_perfect,0,1,0,restricted_checks/deSousa_etal_2010/comparison/deSousa_2010.csv,,R76C2,species_match_strength=2; structure_context_match=TRUE,TRUE
Pithecia_monachus,ASG_Sousa,1679,deSousa_etal_2010 [restricted: deSousa_2010.csv],deSousa_etal_2010,NA,1679,2010,restricted_documents,5,near_perfect,0,1,0,restricted_checks/deSousa_etal_2010/comparison/deSousa_2010.csv,,R76C5,species_match_strength=2; structure_context_match=TRUE,TRUE
Pithecia_monachus,ASG_Sousa,1679,Stephan_etal_1981 [restricted: Stephan_1981.csv],Stephan_etal_1981,NA,1679,1981,restricted_documents,6,near_perfect,0,1,1384,restricted_checks/Stephan_etal_1981/comparison/Stephan_1981.csv,,R76C4,species_match_strength=2; structure_context_match=TRUE,TRUE
Plecturocebus_moloch,LGN_Sousa,54.2,deSousa_etal_2010 [restricted: Visual_volumes.xlsx],deSousa_etal_2010,NA,54.2,2010,restricted_documents,5,near_perfect,0,1,0,restricted_checks/deSousa_etal_2010/comparison/Visual_volumes.xlsx,Sheet1,R24C10,species_match_strength=2; structure_context_match=TRUE,TRUE
Plecturocebus_moloch,LGN_Sousa,54.2,deSousa_etal_2010 [restricted: Visual_volumes.xlsx],deSousa_etal_2010,NA,0.054200000000000005,2010,restricted_documents,5,near_perfect,0,1000,0,restricted_checks/deSousa_etal_2010/comparison/Visual_volumes.xlsx,Sheet1,R24C6,species_match_strength=2; structure_context_match=TRUE,TRUE
Plecturocebus_moloch,LGN_Sousa,54.2,deSousa_etal_2010 [restricted: Visual_volumes.xlsx],deSousa_etal_2010,NA,54.2,2010,restricted_documents,5,near_perfect,0,1,0,restricted_checks/deSousa_etal_2010/comparison/Visual_volumes.xlsx,Sheet2,R24C6,species_match_strength=2; structure_context_match=TRUE,TRUE
Plecturocebus_moloch,LGN_Sousa,54.2,deSousa_etal_2010 [restricted: deSousa_2010.csv],deSousa_etal_2010,NA,54.2,2010,restricted_documents,5,near_perfect,0,1,0,restricted_checks/deSousa_etal_2010/comparison/deSousa_2010.csv,,R12C6,species_match_strength=2; structure_context_match=TRUE,TRUE
Plecturocebus_moloch,ASG_Sousa,1201,deSousa_etal_2010 [restricted: Visual_volumes.xlsx],deSousa_etal_2010,NA,1.201,2010,restricted_documents,5,near_perfect,0,1000,0,restricted_checks/deSousa_etal_2010/comparison/Visual_volumes.xlsx,Sheet1,R24C5,species_match_strength=2; structure_context_match=TRUE,TRUE
Plecturocebus_moloch,ASG_Sousa,1201,deSousa_etal_2010 [restricted: Visual_volumes.xlsx],deSousa_etal_2010,NA,1201,2010,restricted_documents,5,near_perfect,0,1,0,restricted_checks/deSousa_etal_2010/comparison/Visual_volumes.xlsx,Sheet1,R24C9,species_match_strength=2; structure_context_match=TRUE,TRUE
Plecturocebus_moloch,ASG_Sousa,1201,deSousa_etal_2010 [restricted: Visual_volumes.xlsx],deSousa_etal_2010,NA,1201,2010,restricted_documents,5,near_perfect,0,1,0,restricted_checks/deSousa_etal_2010/comparison/Visual_volumes.xlsx,Sheet2,R24C5,species_match_strength=2; structure_context_match=TRUE,TRUE
Plecturocebus_moloch,ASG_Sousa,1201,deSousa_etal_2010 [restricted: deSousa_2010.csv],deSousa_etal_2010,NA,1201,2010,restricted_documents,5,near_perfect,0,1,0,restricted_checks/deSousa_etal_2010/comparison/deSousa_2010.csv,,R12C2,species_match_strength=2; structure_context_match=TRUE,TRUE
Plecturocebus_moloch,ASG_Sousa,1201,deSousa_etal_2010 [restricted: deSousa_2010.csv],deSousa_etal_2010,NA,1201,2010,restricted_documents,5,near_perfect,0,1,0,restricted_checks/deSousa_etal_2010/comparison/deSousa_2010.csv,,R12C5,species_match_strength=2; structure_context_match=TRUE,TRUE
Plecturocebus_moloch,ASG_Sousa,1201,Stephan_etal_1981 [restricted: Stephan_1981.csv],Stephan_etal_1981,NA,1201,1981,restricted_documents,6,near_perfect,0,1,1384,restricted_checks/Stephan_etal_1981/comparison/Stephan_1981.csv,,R12C4,species_match_strength=2; structure_context_match=TRUE,TRUE
Plecturocebus_moloch,Bulbus_olfactorius_accessorius,0.33,Stephan_etal_1981 [restricted: Stephan_1981.csv],Stephan_etal_1981,NA,0.325,1981,restricted_documents,5,close_metadata_source,1.5151515151515165,1,1384,restricted_checks/Stephan_etal_1981/comparison/Stephan_1981.csv,,R12C22,species_match_strength=2; structure_context_match=TRUE,TRUE
Propithecus_verreauxi,LGN_Sousa,64.5,deSousa_etal_2010 [restricted: Visual_volumes.xlsx],deSousa_etal_2010,NA,64.5,2010,restricted_documents,5,near_perfect,0,1,0,restricted_checks/deSousa_etal_2010/comparison/Visual_volumes.xlsx,Sheet1,R38C10,species_match_strength=2; structure_context_match=TRUE,TRUE
Propithecus_verreauxi,LGN_Sousa,64.5,deSousa_etal_2010 [restricted: Visual_volumes.xlsx],deSousa_etal_2010,NA,0.0645,2010,restricted_documents,5,near_perfect,0,1000,0,restricted_checks/deSousa_etal_2010/comparison/Visual_volumes.xlsx,Sheet1,R38C6,species_match_strength=2; structure_context_match=TRUE,TRUE
Propithecus_verreauxi,LGN_Sousa,64.5,deSousa_etal_2010 [restricted: Visual_volumes.xlsx],deSousa_etal_2010,NA,64.5,2010,restricted_documents,5,near_perfect,0,1,0,restricted_checks/deSousa_etal_2010/comparison/Visual_volumes.xlsx,Sheet2,R38C6,species_match_strength=2; structure_context_match=TRUE,TRUE
Propithecus_verreauxi,LGN_Sousa,64.5,deSousa_etal_2010 [restricted: deSousa_2010.csv],deSousa_etal_2010,NA,64.5,2010,restricted_documents,5,near_perfect,0,1,0,restricted_checks/deSousa_etal_2010/comparison/deSousa_2010.csv,,R80C6,species_match_strength=2; structure_context_match=TRUE,TRUE
Propithecus_verreauxi,ASG_Sousa,1106,deSousa_etal_2010 [restricted: Visual_volumes.xlsx],deSousa_etal_2010,NA,1.106,2010,restricted_documents,5,near_perfect,0,1000,0,restricted_checks/deSousa_etal_2010/comparison/Visual_volumes.xlsx,Sheet1,R38C5,species_match_strength=2; structure_context_match=TRUE,TRUE
Propithecus_verreauxi,ASG_Sousa,1106,deSousa_etal_2010 [restricted: Visual_volumes.xlsx],deSousa_etal_2010,NA,1106,2010,restricted_documents,5,near_perfect,0,1,0,restricted_checks/deSousa_etal_2010/comparison/Visual_volumes.xlsx,Sheet1,R38C9,species_match_strength=2; structure_context_match=TRUE,TRUE
Propithecus_verreauxi,ASG_Sousa,1106,deSousa_etal_2010 [restricted: Visual_volumes.xlsx],deSousa_etal_2010,NA,1106,2010,restricted_documents,5,near_perfect,0,1,0,restricted_checks/deSousa_etal_2010/comparison/Visual_volumes.xlsx,Sheet2,R38C5,species_match_strength=2; structure_context_match=TRUE,TRUE
Propithecus_verreauxi,ASG_Sousa,1106,deSousa_etal_2010 [restricted: deSousa_2010.csv],deSousa_etal_2010,NA,1106,2010,restricted_documents,5,near_perfect,0,1,0,restricted_checks/deSousa_etal_2010/comparison/deSousa_2010.csv,,R80C2,species_match_strength=2; structure_context_match=TRUE,TRUE
Propithecus_verreauxi,ASG_Sousa,1106,deSousa_etal_2010 [restricted: deSousa_2010.csv],deSousa_etal_2010,NA,1106,2010,restricted_documents,5,near_perfect,0,1,0,restricted_checks/deSousa_etal_2010/comparison/deSousa_2010.csv,,R80C5,species_match_strength=2; structure_context_match=TRUE,TRUE
Propithecus_verreauxi,ASG_Sousa,1106,Stephan_etal_1981 [restricted: Stephan_1981.csv],Stephan_etal_1981,NA,1106,1981,restricted_documents,6,near_perfect,0,1,1384,restricted_checks/Stephan_etal_1981/comparison/Stephan_1981.csv,,R80C4,species_match_strength=2; structure_context_match=TRUE,TRUE
Saguinus_midas,LGN_Sousa,36,deSousa_etal_2010 [restricted: deSousa_2010.csv],deSousa_etal_2010,NA,36,2010,restricted_documents,5,near_perfect,0,1,0,restricted_checks/deSousa_etal_2010/comparison/deSousa_2010.csv,,R86C6,species_match_strength=2; structure_context_match=TRUE,TRUE
Saguinus_midas,LGN_Sousa,36,deSousa_etal_2010 [restricted: deSousa_2010.csv],deSousa_etal_2010,NA,34.2,2010,restricted_documents,5,close_metadata_source,4.999999999999992,1,0,restricted_checks/deSousa_etal_2010/comparison/deSousa_2010.csv,,R87C6,species_match_strength=1; structure_context_match=TRUE,TRUE
Saguinus_midas,ASG_Sousa,841,deSousa_etal_2010 [restricted: deSousa_2010.csv],deSousa_etal_2010,NA,841,2010,restricted_documents,5,near_perfect,0,1,0,restricted_checks/deSousa_etal_2010/comparison/deSousa_2010.csv,,R86C2,species_match_strength=2; structure_context_match=TRUE,TRUE
Saguinus_midas,ASG_Sousa,841,deSousa_etal_2010 [restricted: deSousa_2010.csv],deSousa_etal_2010,NA,841,2010,restricted_documents,5,near_perfect,0,1,0,restricted_checks/deSousa_etal_2010/comparison/deSousa_2010.csv,,R86C5,species_match_strength=2; structure_context_match=TRUE,TRUE
Saguinus_midas,ASG_Sousa,841,deSousa_etal_2010 [restricted: deSousa_2010.csv],deSousa_etal_2010,NA,807,2010,restricted_documents,5,close_metadata_source,4.042806183115339,1,0,restricted_checks/deSousa_etal_2010/comparison/deSousa_2010.csv,,R87C2,species_match_strength=1; structure_context_match=TRUE,TRUE
Saguinus_midas,ASG_Sousa,841,deSousa_etal_2010 [restricted: deSousa_2010.csv],deSousa_etal_2010,NA,807,2010,restricted_documents,5,close_metadata_source,4.042806183115339,1,0,restricted_checks/deSousa_etal_2010/comparison/deSousa_2010.csv,,R87C5,species_match_strength=1; structure_context_match=TRUE,TRUE
Saguinus_midas,ASG_Sousa,841,Stephan_etal_1981 [restricted: Stephan_1981.csv],Stephan_etal_1981,NA,841,1981,restricted_documents,6,near_perfect,0,1,1384,restricted_checks/Stephan_etal_1981/comparison/Stephan_1981.csv,,R86C4,species_match_strength=2; structure_context_match=TRUE,TRUE
Saimiri_sciureus,LGN_Sousa,62.9,deSousa_etal_2010 [restricted: Visual_volumes.xlsx],deSousa_etal_2010,NA,62.9,2010,restricted_documents,5,near_perfect,0,1,0,restricted_checks/deSousa_etal_2010/comparison/Visual_volumes.xlsx,Sheet1,R25C10,species_match_strength=2; structure_context_match=TRUE,TRUE
Saimiri_sciureus,LGN_Sousa,62.9,deSousa_etal_2010 [restricted: Visual_volumes.xlsx],deSousa_etal_2010,NA,0.0629,2010,restricted_documents,5,near_perfect,0,1000,0,restricted_checks/deSousa_etal_2010/comparison/Visual_volumes.xlsx,Sheet1,R25C6,species_match_strength=2; structure_context_match=TRUE,TRUE
Saimiri_sciureus,LGN_Sousa,62.9,deSousa_etal_2010 [restricted: Visual_volumes.xlsx],deSousa_etal_2010,NA,62.9,2010,restricted_documents,5,near_perfect,0,1,0,restricted_checks/deSousa_etal_2010/comparison/Visual_volumes.xlsx,Sheet2,R25C6,species_match_strength=2; structure_context_match=TRUE,TRUE
Saimiri_sciureus,LGN_Sousa,62.9,deSousa_etal_2010 [restricted: deSousa_2010.csv],deSousa_etal_2010,NA,62.9,2010,restricted_documents,5,near_perfect,0,1,0,restricted_checks/deSousa_etal_2010/comparison/deSousa_2010.csv,,R88C6,species_match_strength=2; structure_context_match=TRUE,TRUE
Saimiri_sciureus,LGN_Sousa,62.9,Stephan_etal_1981 [restricted: Stephan_1981.csv],Stephan_etal_1981,NA,62.9,1981,restricted_documents,6,near_perfect,0,1,1384,restricted_checks/Stephan_etal_1981/comparison/Stephan_1981.csv,,R88C40,species_match_strength=2; structure_context_match=TRUE,TRUE
Saimiri_sciureus,ASG_Sousa,1884,deSousa_etal_2010 [restricted: Visual_volumes.xlsx],deSousa_etal_2010,NA,1.884,2010,restricted_documents,5,near_perfect,0,1000,0,restricted_checks/deSousa_etal_2010/comparison/Visual_volumes.xlsx,Sheet1,R25C5,species_match_strength=2; structure_context_match=TRUE,TRUE
Saimiri_sciureus,ASG_Sousa,1884,deSousa_etal_2010 [restricted: Visual_volumes.xlsx],deSousa_etal_2010,NA,1884,2010,restricted_documents,5,near_perfect,0,1,0,restricted_checks/deSousa_etal_2010/comparison/Visual_volumes.xlsx,Sheet1,R25C9,species_match_strength=2; structure_context_match=TRUE,TRUE
Saimiri_sciureus,ASG_Sousa,1884,deSousa_etal_2010 [restricted: Visual_volumes.xlsx],deSousa_etal_2010,NA,1884,2010,restricted_documents,5,near_perfect,0,1,0,restricted_checks/deSousa_etal_2010/comparison/Visual_volumes.xlsx,Sheet2,R25C5,species_match_strength=2; structure_context_match=TRUE,TRUE
Saimiri_sciureus,ASG_Sousa,1884,deSousa_etal_2010 [restricted: deSousa_2010.csv],deSousa_etal_2010,NA,1884,2010,restricted_documents,5,near_perfect,0,1,0,restricted_checks/deSousa_etal_2010/comparison/deSousa_2010.csv,,R88C2,species_match_strength=2; structure_context_match=TRUE,TRUE
Saimiri_sciureus,ASG_Sousa,1884,deSousa_etal_2010 [restricted: deSousa_2010.csv],deSousa_etal_2010,NA,1884,2010,restricted_documents,5,near_perfect,0,1,0,restricted_checks/deSousa_etal_2010/comparison/deSousa_2010.csv,,R88C5,species_match_strength=2; structure_context_match=TRUE,TRUE
Saimiri_sciureus,ASG_Sousa,1884,Stephan_etal_1981 [restricted: Stephan_1981.csv],Stephan_etal_1981,NA,1884,1981,restricted_documents,6,near_perfect,0,1,1384,restricted_checks/Stephan_etal_1981/comparison/Stephan_1981.csv,,R88C4,species_match_strength=2; structure_context_match=TRUE,TRUE
Tarsius_syrichta,LGN_Sousa,20.8,deSousa_etal_2010 [restricted: Visual_volumes.xlsx],deSousa_etal_2010,NA,20.8,2010,restricted_documents,5,near_perfect,0,1,0,restricted_checks/deSousa_etal_2010/comparison/Visual_volumes.xlsx,Sheet1,R30C10,species_match_strength=2; structure_context_match=TRUE,TRUE
Tarsius_syrichta,LGN_Sousa,20.8,deSousa_etal_2010 [restricted: Visual_volumes.xlsx],deSousa_etal_2010,NA,0.0208,2010,restricted_documents,5,near_perfect,0,1000,0,restricted_checks/deSousa_etal_2010/comparison/Visual_volumes.xlsx,Sheet1,R30C6,species_match_strength=2; structure_context_match=TRUE,TRUE
Tarsius_syrichta,LGN_Sousa,20.8,deSousa_etal_2010 [restricted: Visual_volumes.xlsx],deSousa_etal_2010,NA,20.8,2010,restricted_documents,5,near_perfect,0,1,0,restricted_checks/deSousa_etal_2010/comparison/Visual_volumes.xlsx,Sheet2,R30C6,species_match_strength=2; structure_context_match=TRUE,TRUE
Tarsius_syrichta,LGN_Sousa,20.8,deSousa_etal_2010 [restricted: deSousa_2010.csv],deSousa_etal_2010,NA,20.8,2010,restricted_documents,5,near_perfect,0,1,0,restricted_checks/deSousa_etal_2010/comparison/deSousa_2010.csv,,R103C6,species_match_strength=2; structure_context_match=TRUE,TRUE
Tarsius_syrichta,LGN_Sousa,20.8,Stephan_etal_1981 [restricted: Stephan_1981.csv],Stephan_etal_1981,NA,20.8,1981,restricted_documents,6,near_perfect,0,1,1384,restricted_checks/Stephan_etal_1981/comparison/Stephan_1981.csv,,R103C40,species_match_strength=2; structure_context_match=TRUE,TRUE
Tarsius_syrichta,ASG_Sousa,349,deSousa_etal_2010 [restricted: Visual_volumes.xlsx],deSousa_etal_2010,NA,0.349,2010,restricted_documents,5,near_perfect,0,1000,0,restricted_checks/deSousa_etal_2010/comparison/Visual_volumes.xlsx,Sheet1,R30C5,species_match_strength=2; structure_context_match=TRUE,TRUE
Tarsius_syrichta,ASG_Sousa,349,deSousa_etal_2010 [restricted: Visual_volumes.xlsx],deSousa_etal_2010,NA,349,2010,restricted_documents,5,near_perfect,0,1,0,restricted_checks/deSousa_etal_2010/comparison/Visual_volumes.xlsx,Sheet1,R30C9,species_match_strength=2; structure_context_match=TRUE,TRUE
Tarsius_syrichta,ASG_Sousa,349,deSousa_etal_2010 [restricted: Visual_volumes.xlsx],deSousa_etal_2010,NA,349,2010,restricted_documents,5,near_perfect,0,1,0,restricted_checks/deSousa_etal_2010/comparison/Visual_volumes.xlsx,Sheet2,R30C5,species_match_strength=2; structure_context_match=TRUE,TRUE
Tarsius_syrichta,ASG_Sousa,349,deSousa_etal_2010 [restricted: deSousa_2010.csv],deSousa_etal_2010,NA,349,2010,restricted_documents,5,near_perfect,0,1,0,restricted_checks/deSousa_etal_2010/comparison/deSousa_2010.csv,,R103C2,species_match_strength=2; structure_context_match=TRUE,TRUE
Tarsius_syrichta,ASG_Sousa,349,deSousa_etal_2010 [restricted: deSousa_2010.csv],deSousa_etal_2010,NA,349,2010,restricted_documents,5,near_perfect,0,1,0,restricted_checks/deSousa_etal_2010/comparison/deSousa_2010.csv,,R103C5,species_match_strength=2; structure_context_match=TRUE,TRUE
Tarsius_syrichta,ASG_Sousa,349,Stephan_etal_1981 [restricted: Stephan_1981.csv],Stephan_etal_1981,NA,349,1981,restricted_documents,6,near_perfect,0,1,1384,restricted_checks/Stephan_etal_1981/comparison/Stephan_1981.csv,,R103C4,species_match_strength=2; structure_context_match=TRUE,TRUE
