"metric","group","mean","lo","hi","p","n"
"Whole-brain","NT",1.04845,0.780793131992337,1.31610686800766,0.604942998067977,4
"Whole-brain","EH",1.035725,0.919897698181501,1.1515523018185,0.398692347416883,4
"Cerebellum","NT",0.94396511085852,0.608136998259659,1.27979322345738,0.632211922417208,4
"Cerebellum","EH",1.02693012928063,0.932311391342997,1.12154886721826,0.431824228907818,4
