mode,Species,stephan_species,pair_note,label,stephan_var,wide_var,unit_scale,role,stephan_value,wide_value,on_tree,status,rel,pct_diff,ratio,anomaly
raw,Alouatta caraya,Alouatta caraya,NA,Preferred brain volume,Total_brain_net_volume,Total_brain_net_volume_Vol.mm3,1,report_only,NA,53861,NA,volumes_wide_only,NA,NA,NA,NA
raw,Alouatta seniculus,Alouatta seniculus,NA,Preferred brain volume,Total_brain_net_volume,Total_brain_net_volume_Vol.mm3,1,report_only,49009,49009,NA,same,0,0,1,NA
raw,Aotus trivirgatus,Aotus trivirgatus,NA,Preferred brain volume,Total_brain_net_volume,Total_brain_net_volume_Vol.mm3,1,report_only,16195,16195,NA,same,0,0,1,NA
raw,Ateles geoffroyi,Ateles geoffroyi,NA,Preferred brain volume,Total_brain_net_volume,Total_brain_net_volume_Vol.mm3,1,report_only,101034,102700,NA,DIFFERENT,0.016222005842259007,1.6489498584634876,1.0164894985846349,NA
raw,Avahi laniger,Avahi laniger,NA,Preferred brain volume,Total_brain_net_volume,Total_brain_net_volume_Vol.mm3,1,report_only,9798,9798,NA,same,0,0,1,NA
raw,Avahi occidentalis,Avahi occidentalis,NA,Preferred brain volume,Total_brain_net_volume,Total_brain_net_volume_Vol.mm3,1,report_only,9124,9256.8,NA,DIFFERENT,0.014346210353469804,1.4555019728189311,1.0145550197281894,NA
raw,Callimico goeldii,Callimico goeldii,NA,Preferred brain volume,Total_brain_net_volume,Total_brain_net_volume_Vol.mm3,1,report_only,10510,10510,NA,same,0,0,1,NA
raw,Callithrix jacchus,Callithrix jacchus,NA,Preferred brain volume,Total_brain_net_volume,Total_brain_net_volume_Vol.mm3,1,report_only,7241,7241,NA,same,0,0,1,NA
raw,Cebuella pygmaea,Cebuella pygmaea,NA,Preferred brain volume,Total_brain_net_volume,Total_brain_net_volume_Vol.mm3,1,report_only,4302,4005.8,NA,DIFFERENT,0.06885169688516965,-6.885169688516965,0.9311483031148303,NA
raw,Cebus albifrons,Cebus albifrons,NA,Preferred brain volume,Total_brain_net_volume,Total_brain_net_volume_Vol.mm3,1,report_only,66939,77027,NA,DIFFERENT,0.13096706349721526,15.07043726377747,1.1507043726377746,NA
raw,Cercocebus agilis,Cercocebus agilis,NA,Preferred brain volume,Total_brain_net_volume,Total_brain_net_volume_Vol.mm3,1,report_only,NA,91988,NA,volumes_wide_only,NA,NA,NA,NA
raw,Cercopithecus ascanius,Cercopithecus ascanius,NA,Preferred brain volume,Total_brain_net_volume,Total_brain_net_volume_Vol.mm3,1,report_only,63505,63505,NA,same,0,0,1,NA
raw,Cercopithecus mitis,Cercopithecus mitis,NA,Preferred brain volume,Total_brain_net_volume,Total_brain_net_volume_Vol.mm3,1,report_only,70564,69112,NA,DIFFERENT,0.020577064792245338,-2.057706479224534,0.9794229352077547,NA
raw,Cheirogaleus major,Cheirogaleus major,NA,Preferred brain volume,Total_brain_net_volume,Total_brain_net_volume_Vol.mm3,1,report_only,6373,6373,NA,same,0,0,1,NA
raw,Cheirogaleus medius,Cheirogaleus medius,NA,Preferred brain volume,Total_brain_net_volume,Total_brain_net_volume_Vol.mm3,1,report_only,2961,2961,NA,same,0,0,1,NA
raw,Colobus angolensis,Colobus angolensis,NA,Preferred brain volume,Total_brain_net_volume,Total_brain_net_volume_Vol.mm3,1,report_only,NA,71815,NA,volumes_wide_only,NA,NA,NA,NA
raw,Daubentonia madagascariensis,Daubentonia madagascariensis,NA,Preferred brain volume,Total_brain_net_volume,Total_brain_net_volume_Vol.mm3,1,report_only,42611,42611,NA,same,0,0,1,NA
raw,Erythrocebus patas,Erythrocebus patas,NA,Preferred brain volume,Total_brain_net_volume,Total_brain_net_volume_Vol.mm3,1,report_only,103167,103167,NA,same,0,0,1,NA
raw,Eulemur fulvus,Eulemur fulvus,NA,Preferred brain volume,Total_brain_net_volume,Total_brain_net_volume_Vol.mm3,1,report_only,22106,22106,NA,same,0,0,1,NA
raw,Galago senegalensis,Galago senegalensis,NA,Preferred brain volume,Total_brain_net_volume,Total_brain_net_volume_Vol.mm3,1,report_only,4512,4512,NA,same,0,0,1,NA
raw,Galagoides demidoff,Galagoides demidoff,NA,Preferred brain volume,Total_brain_net_volume,Total_brain_net_volume_Vol.mm3,1,report_only,3203,3185.3,NA,rounding,0.005526069310021798,-0.5526069310021797,0.9944739306899782,NA
raw,Gorilla gorilla,Gorilla gorilla,NA,Preferred brain volume,Total_brain_net_volume,Total_brain_net_volume_Vol.mm3,1,report_only,470359,401785,NA,DIFFERENT,0.1457907683280218,-14.579076832802178,0.8542092316719783,NA
raw,Homo sapiens,Homo sapiens,NA,Preferred brain volume,Total_brain_net_volume,Total_brain_net_volume_Vol.mm3,1,report_only,1251847,1357820,NA,DIFFERENT,0.07804642736150594,8.465331625989439,1.0846533162598944,NA
raw,Hylobates lar,Hylobates lar,NA,Preferred brain volume,Total_brain_net_volume,Total_brain_net_volume_Vol.mm3,1,report_only,97505,88803,NA,DIFFERENT,0.08924670529716425,-8.924670529716424,0.9107532947028357,NA
raw,Hylobates muelleri,Hylobates muelleri,NA,Preferred brain volume,Total_brain_net_volume,Total_brain_net_volume_Vol.mm3,1,report_only,NA,98263,NA,volumes_wide_only,NA,NA,NA,NA
raw,Indri indri,Indri indri,NA,Preferred brain volume,Total_brain_net_volume,Total_brain_net_volume_Vol.mm3,1,report_only,36285,32481,NA,DIFFERENT,0.10483670938404299,-10.4836709384043,0.895163290615957,NA
raw,Lagothrix lagotricha,Lagothrix lagotricha,NA,Preferred brain volume,Total_brain_net_volume,Total_brain_net_volume_Vol.mm3,1,report_only,95503,95503,NA,same,0,0,1,NA
raw,Leontopithecus rosalia,Leontopithecus rosalia,NA,Preferred brain volume,Total_brain_net_volume,Total_brain_net_volume_Vol.mm3,1,report_only,NA,12259,NA,volumes_wide_only,NA,NA,NA,NA
raw,Lepilemur ruficaudatus,Lepilemur ruficaudatus,NA,Preferred brain volume,Total_brain_net_volume,Total_brain_net_volume_Vol.mm3,1,report_only,7175,7175,NA,same,0,0,1,NA
raw,Lophocebus albigena,Lophocebus albigena,NA,Preferred brain volume,Total_brain_net_volume,Total_brain_net_volume_Vol.mm3,1,report_only,97603,106660,NA,DIFFERENT,0.08491468216763548,9.279427886437917,1.0927942788643792,NA
raw,Loris tardigradus,Loris tardigradus,NA,Preferred brain volume,Total_brain_net_volume,Total_brain_net_volume_Vol.mm3,1,report_only,6269,6612,NA,DIFFERENT,0.051875378100423475,5.471367044185675,1.0547136704418567,NA
raw,Macaca fascicularis,Macaca fascicularis,NA,Preferred brain volume,Total_brain_net_volume,Total_brain_net_volume_Vol.mm3,1,report_only,NA,55600,NA,volumes_wide_only,NA,NA,NA,NA
raw,Macaca maura,Macaca maura,NA,Preferred brain volume,Total_brain_net_volume,Total_brain_net_volume_Vol.mm3,1,report_only,NA,80405,NA,volumes_wide_only,NA,NA,NA,NA
raw,Macaca mulatta,Macaca mulatta,NA,Preferred brain volume,Total_brain_net_volume,Total_brain_net_volume_Vol.mm3,1,report_only,87896,87896,NA,same,0,0,1,NA
raw,Microcebus murinus,Microcebus murinus,NA,Preferred brain volume,Total_brain_net_volume,Total_brain_net_volume_Vol.mm3,1,report_only,1680,1680,NA,same,0,0,1,NA
raw,Miopithecus talapoin,Miopithecus talapoin,NA,Preferred brain volume,Total_brain_net_volume,Total_brain_net_volume_Vol.mm3,1,report_only,37776,37776,NA,same,0,0,1,NA
raw,Nasalis larvatus,Nasalis larvatus,NA,Preferred brain volume,Total_brain_net_volume,Total_brain_net_volume_Vol.mm3,1,report_only,92797,92797,NA,same,0,0,1,NA
raw,Nycticebus coucang,Nycticebus coucang,NA,Preferred brain volume,Total_brain_net_volume,Total_brain_net_volume_Vol.mm3,1,report_only,11755,11755,NA,same,0,0,1,NA
raw,Otolemur crassicaudatus,Otolemur crassicaudatus,NA,Preferred brain volume,Total_brain_net_volume,Total_brain_net_volume_Vol.mm3,1,report_only,9668,9668,NA,same,0,0,1,NA
raw,Pan paniscus,Pan paniscus,NA,Preferred brain volume,Total_brain_net_volume,Total_brain_net_volume_Vol.mm3,1,report_only,NA,339766.666666667,NA,volumes_wide_only,NA,NA,NA,NA
raw,Pan troglodytes,Pan troglodytes,NA,Preferred brain volume,Total_brain_net_volume,Total_brain_net_volume_Vol.mm3,1,report_only,382103,330790,NA,DIFFERENT,0.1342910157732339,-13.429101577323392,0.8657089842267661,NA
raw,Papio anubis,Papio anubis,NA,Preferred brain volume,Total_brain_net_volume,Total_brain_net_volume_Vol.mm3,1,report_only,190957,190957,NA,same,0,0,1,NA
raw,Perodicticus potto,Perodicticus potto,NA,Preferred brain volume,Total_brain_net_volume,Total_brain_net_volume_Vol.mm3,1,report_only,13212,11100,NA,DIFFERENT,0.15985467756584923,-15.985467756584923,0.8401453224341507,NA
raw,Piliocolobus badius,Piliocolobus badius,NA,Preferred brain volume,Total_brain_net_volume,Total_brain_net_volume_Vol.mm3,1,report_only,73818,72394,NA,DIFFERENT,0.019290687908098295,-1.9290687908098296,0.9807093120919017,NA
raw,Pithecia monachus,Pithecia monachus,NA,Preferred brain volume,Total_brain_net_volume,Total_brain_net_volume_Vol.mm3,1,report_only,32867,32867,NA,same,0,0,1,NA
raw,Pithecia pithecia,Pithecia pithecia,NA,Preferred brain volume,Total_brain_net_volume,Total_brain_net_volume_Vol.mm3,1,report_only,NA,28958,NA,volumes_wide_only,NA,NA,NA,NA
raw,Plecturocebus moloch,Plecturocebus moloch,NA,Preferred brain volume,Total_brain_net_volume,Total_brain_net_volume_Vol.mm3,1,report_only,17944,17944,NA,same,0,0,1,NA
raw,Pongo sp.,Pongo abelii,merge 'Pongo sp.' is a sensu lato mean (Bornean + Sumatran + hybrid); Stephan row is Sumatran,Preferred brain volume,Total_brain_net_volume,Total_brain_net_volume_Vol.mm3,1,report_only,NA,340925,NA,volumes_wide_only,NA,NA,NA,NA
raw,Pongo sp.,Pongo pygmaeus,merge 'Pongo sp.' is a sensu lato mean (Bornean + Sumatran + hybrid); Stephan row is Bornean,Preferred brain volume,Total_brain_net_volume,Total_brain_net_volume_Vol.mm3,1,report_only,NA,340925,NA,volumes_wide_only,NA,NA,NA,NA
raw,Propithecus verreauxi,Propithecus verreauxi,NA,Preferred brain volume,Total_brain_net_volume,Total_brain_net_volume_Vol.mm3,1,report_only,25194,25194,NA,same,0,0,1,NA
raw,Pygathrix nemaeus,Pygathrix nemaeus,NA,Preferred brain volume,Total_brain_net_volume,Total_brain_net_volume_Vol.mm3,1,report_only,72530,72530,NA,same,0,0,1,NA
raw,Saguinus geoffroyi,Saguinus geoffroyi,NA,Preferred brain volume,Total_brain_net_volume,Total_brain_net_volume_Vol.mm3,1,report_only,NA,10135,NA,volumes_wide_only,NA,NA,NA,NA
raw,Saguinus midas,Saguinus midas,NA,Preferred brain volume,Total_brain_net_volume,Total_brain_net_volume_Vol.mm3,1,report_only,9569,9569,NA,same,0,0,1,NA
raw,Saguinus oedipus,Saguinus oedipus,NA,Preferred brain volume,Total_brain_net_volume,Total_brain_net_volume_Vol.mm3,1,report_only,9537,8938.2,NA,DIFFERENT,0.06278703994966964,-6.278703994966963,0.9372129600503304,NA
raw,Saimiri sciureus,Saimiri sciureus,NA,Preferred brain volume,Total_brain_net_volume,Total_brain_net_volume_Vol.mm3,1,report_only,22572,22572,NA,same,0,0,1,NA
raw,Symphalangus syndactylus,Symphalangus syndactylus,NA,Preferred brain volume,Total_brain_net_volume,Total_brain_net_volume_Vol.mm3,1,report_only,NA,133880,NA,volumes_wide_only,NA,NA,NA,NA
raw,Tarsius syrichta,Tarsius syrichta,NA,Preferred brain volume,Total_brain_net_volume,Total_brain_net_volume_Vol.mm3,1,report_only,3393,3393,NA,same,0,0,1,NA
raw,Trachypithecus francoisi,Trachypithecus francoisi,NA,Preferred brain volume,Total_brain_net_volume,Total_brain_net_volume_Vol.mm3,1,report_only,NA,98552,NA,volumes_wide_only,NA,NA,NA,NA
raw,Varecia variegata,Varecia variegata,NA,Preferred brain volume,Total_brain_net_volume,Total_brain_net_volume_Vol.mm3,1,report_only,29713,30405,NA,DIFFERENT,0.022759414569972044,2.3289469255881263,1.0232894692558812,NA
raw,Alouatta seniculus,Alouatta seniculus,NA,Corpus geniculatum laterale,LGN_Sousa,Corpus_geniculatum_laterale_Vol.mm3,1,study3,87.4,87.4,NA,same,0,0,1,NA
raw,Aotus trivirgatus,Aotus trivirgatus,NA,Corpus geniculatum laterale,LGN_Sousa,Corpus_geniculatum_laterale_Vol.mm3,1,study3,32.9,32.9,NA,same,0,0,1,NA
raw,Ateles geoffroyi,Ateles geoffroyi,NA,Corpus geniculatum laterale,LGN_Sousa,Corpus_geniculatum_laterale_Vol.mm3,1,study3,151,151,NA,same,0,0,1,NA
raw,Avahi laniger,Avahi laniger,NA,Corpus geniculatum laterale,LGN_Sousa,Corpus_geniculatum_laterale_Vol.mm3,1,study3,27.6,27.6,NA,same,0,0,1,NA
raw,Avahi occidentalis,Avahi occidentalis,NA,Corpus geniculatum laterale,LGN_Sousa,Corpus_geniculatum_laterale_Vol.mm3,1,study3,29.3,29.3,NA,same,0,0,1,NA
raw,Callithrix jacchus,Callithrix jacchus,NA,Corpus geniculatum laterale,LGN_Sousa,Corpus_geniculatum_laterale_Vol.mm3,1,study3,25.1,25.1,NA,same,0,0,1,NA
raw,Cebuella pygmaea,Cebuella pygmaea,NA,Corpus geniculatum laterale,LGN_Sousa,Corpus_geniculatum_laterale_Vol.mm3,1,study3,16.9,NA,NA,Stephan_only,NA,NA,NA,NA
raw,Cebus albifrons,Cebus albifrons,NA,Corpus geniculatum laterale,LGN_Sousa,Corpus_geniculatum_laterale_Vol.mm3,1,study3,137,137,NA,same,0,0,1,NA
raw,Cercopithecus ascanius,Cercopithecus ascanius,NA,Corpus geniculatum laterale,LGN_Sousa,Corpus_geniculatum_laterale_Vol.mm3,1,study3,147,147,NA,same,0,0,1,NA
raw,Cercopithecus mitis,Cercopithecus mitis,NA,Corpus geniculatum laterale,LGN_Sousa,Corpus_geniculatum_laterale_Vol.mm3,1,study3,150,167.2,NA,DIFFERENT,0.10287081339712913,11.46666666666666,1.1146666666666667,NA
raw,Cheirogaleus major,Cheirogaleus major,NA,Corpus geniculatum laterale,LGN_Sousa,Corpus_geniculatum_laterale_Vol.mm3,1,study3,21.5,21.5,NA,same,0,0,1,NA
raw,Cheirogaleus medius,Cheirogaleus medius,NA,Corpus geniculatum laterale,LGN_Sousa,Corpus_geniculatum_laterale_Vol.mm3,1,study3,10.8,10.8,NA,same,0,0,1,NA
raw,Colobus angolensis,Colobus angolensis,NA,Corpus geniculatum laterale,LGN_Sousa,Corpus_geniculatum_laterale_Vol.mm3,1,study3,103,103,NA,same,0,0,1,NA
raw,Daubentonia madagascariensis,Daubentonia madagascariensis,NA,Corpus geniculatum laterale,LGN_Sousa,Corpus_geniculatum_laterale_Vol.mm3,1,study3,58.5,58.5,NA,same,0,0,1,NA
raw,Erythrocebus patas,Erythrocebus patas,NA,Corpus geniculatum laterale,LGN_Sousa,Corpus_geniculatum_laterale_Vol.mm3,1,study3,267,266.8,NA,rounding,7.490636704119424e-4,-0.07490636704119424,0.9992509363295881,NA
raw,Eulemur fulvus,Eulemur fulvus,NA,Corpus geniculatum laterale,LGN_Sousa,Corpus_geniculatum_laterale_Vol.mm3,1,study3,51.8,51.8,NA,same,0,0,1,NA
raw,Galago senegalensis,Galago senegalensis,NA,Corpus geniculatum laterale,LGN_Sousa,Corpus_geniculatum_laterale_Vol.mm3,1,study3,16,16,NA,same,0,0,1,NA
raw,Galagoides demidoff,Galagoides demidoff,NA,Corpus geniculatum laterale,LGN_Sousa,Corpus_geniculatum_laterale_Vol.mm3,1,study3,10.9,10.9,NA,same,0,0,1,NA
raw,Gorilla gorilla,Gorilla gorilla,NA,Corpus geniculatum laterale,LGN_Sousa,Corpus_geniculatum_laterale_Vol.mm3,1,study3,308.5,300.1,NA,DIFFERENT,0.027228525121555842,-2.722852512155584,0.9727714748784442,NA
raw,Homo sapiens,Homo sapiens,NA,Corpus geniculatum laterale,LGN_Sousa,Corpus_geniculatum_laterale_Vol.mm3,1,study3,335,335,NA,same,0,0,1,NA
raw,Hylobates lar,Hylobates lar,NA,Corpus geniculatum laterale,LGN_Sousa,Corpus_geniculatum_laterale_Vol.mm3,1,study3,166.2,166.2,NA,same,0,0,1,NA
raw,Hylobates muelleri,Hylobates muelleri,NA,Corpus geniculatum laterale,LGN_Sousa,Corpus_geniculatum_laterale_Vol.mm3,1,study3,162,161.6,NA,rounding,0.002469135802469171,-0.2469135802469171,0.9975308641975308,NA
raw,Indri indri,Indri indri,NA,Corpus geniculatum laterale,LGN_Sousa,Corpus_geniculatum_laterale_Vol.mm3,1,study3,94.5,94.5,NA,same,0,0,1,NA
raw,Lagothrix lagotricha,Lagothrix lagotricha,NA,Corpus geniculatum laterale,LGN_Sousa,Corpus_geniculatum_laterale_Vol.mm3,1,study3,164,164,NA,same,0,0,1,NA
raw,Lepilemur ruficaudatus,Lepilemur ruficaudatus,NA,Corpus geniculatum laterale,LGN_Sousa,Corpus_geniculatum_laterale_Vol.mm3,1,study3,15.6,15.6,NA,same,0,0,1,NA
raw,Lophocebus albigena,Lophocebus albigena,NA,Corpus geniculatum laterale,LGN_Sousa,Corpus_geniculatum_laterale_Vol.mm3,1,study3,182,182,NA,same,0,0,1,NA
raw,Loris tardigradus,Loris tardigradus,NA,Corpus geniculatum laterale,LGN_Sousa,Corpus_geniculatum_laterale_Vol.mm3,1,study3,24.6,24.6,NA,same,0,0,1,NA
raw,Macaca fascicularis,Macaca fascicularis,NA,Corpus geniculatum laterale,LGN_Sousa,Corpus_geniculatum_laterale_Vol.mm3,1,study3,91.9,91.9,NA,same,0,0,1,NA
raw,Macaca mulatta,Macaca mulatta,NA,Corpus geniculatum laterale,LGN_Sousa,Corpus_geniculatum_laterale_Vol.mm3,1,study3,158,158,NA,same,0,0,1,NA
raw,Microcebus murinus,Microcebus murinus,NA,Corpus geniculatum laterale,LGN_Sousa,Corpus_geniculatum_laterale_Vol.mm3,1,study3,7.1,7.07,NA,rounding,0.004225352112675967,-0.42253521126759663,0.9957746478873241,NA
raw,Miopithecus talapoin,Miopithecus talapoin,NA,Corpus geniculatum laterale,LGN_Sousa,Corpus_geniculatum_laterale_Vol.mm3,1,study3,109,109,NA,same,0,0,1,NA
raw,Nasalis larvatus,Nasalis larvatus,NA,Corpus geniculatum laterale,LGN_Sousa,Corpus_geniculatum_laterale_Vol.mm3,1,study3,157,156.6,NA,rounding,0.002547770700636979,-0.2547770700636979,0.9974522292993631,NA
raw,Nycticebus coucang,Nycticebus coucang,NA,Corpus geniculatum laterale,LGN_Sousa,Corpus_geniculatum_laterale_Vol.mm3,1,study3,35.9,35.9,NA,same,0,0,1,NA
raw,Otolemur crassicaudatus,Otolemur crassicaudatus,NA,Corpus geniculatum laterale,LGN_Sousa,Corpus_geniculatum_laterale_Vol.mm3,1,study3,23.2,23.2,NA,same,0,0,1,NA
raw,Pan paniscus,Pan paniscus,NA,Corpus geniculatum laterale,LGN_Sousa,Corpus_geniculatum_laterale_Vol.mm3,1,study3,275.1,282.3,NA,DIFFERENT,0.025504782146652458,2.6172300981461243,1.0261723009814612,NA
raw,Pan troglodytes,Pan troglodytes,NA,Corpus geniculatum laterale,LGN_Sousa,Corpus_geniculatum_laterale_Vol.mm3,1,study3,250.7,344,NA,DIFFERENT,0.27122093023255817,37.21579577183886,1.3721579577183887,NA
raw,Papio anubis,Papio anubis,NA,Corpus geniculatum laterale,LGN_Sousa,Corpus_geniculatum_laterale_Vol.mm3,1,study3,395,395,NA,same,0,0,1,NA
raw,Perodicticus potto,Perodicticus potto,NA,Corpus geniculatum laterale,LGN_Sousa,Corpus_geniculatum_laterale_Vol.mm3,1,study3,24.3,24.3,NA,same,0,0,1,NA
raw,Piliocolobus badius,Piliocolobus badius,NA,Corpus geniculatum laterale,LGN_Sousa,Corpus_geniculatum_laterale_Vol.mm3,1,study3,128,128,NA,same,0,0,1,NA
raw,Pithecia monachus,Pithecia monachus,NA,Corpus geniculatum laterale,LGN_Sousa,Corpus_geniculatum_laterale_Vol.mm3,1,study3,76.3,76.3,NA,same,0,0,1,NA
raw,Plecturocebus moloch,Plecturocebus moloch,NA,Corpus geniculatum laterale,LGN_Sousa,Corpus_geniculatum_laterale_Vol.mm3,1,study3,54.2,54.2,NA,same,0,0,1,NA
raw,Pongo sp.,Pongo abelii,merge 'Pongo sp.' is a sensu lato mean (Bornean + Sumatran + hybrid); Stephan row is Sumatran,Corpus geniculatum laterale,LGN_Sousa,Corpus_geniculatum_laterale_Vol.mm3,1,study3,NA,259.1,NA,volumes_wide_only,NA,NA,NA,NA
raw,Pongo sp.,Pongo pygmaeus,merge 'Pongo sp.' is a sensu lato mean (Bornean + Sumatran + hybrid); Stephan row is Bornean,Corpus geniculatum laterale,LGN_Sousa,Corpus_geniculatum_laterale_Vol.mm3,1,study3,259.1,259.1,NA,same,0,0,1,NA
raw,Propithecus verreauxi,Propithecus verreauxi,NA,Corpus geniculatum laterale,LGN_Sousa,Corpus_geniculatum_laterale_Vol.mm3,1,study3,64.5,64.5,NA,same,0,0,1,NA
raw,Pygathrix nemaeus,Pygathrix nemaeus,NA,Corpus geniculatum laterale,LGN_Sousa,Corpus_geniculatum_laterale_Vol.mm3,1,study3,115,114.8,NA,rounding,0.0017391304347826335,-0.17391304347826333,0.9982608695652173,NA
raw,Saguinus midas,Saguinus midas,NA,Corpus geniculatum laterale,LGN_Sousa,Corpus_geniculatum_laterale_Vol.mm3,1,study3,36,36.8,NA,DIFFERENT,0.021739130434782532,2.2222222222222143,1.0222222222222221,NA
raw,Saguinus oedipus,Saguinus oedipus,NA,Corpus geniculatum laterale,LGN_Sousa,Corpus_geniculatum_laterale_Vol.mm3,1,study3,34.2,34.2,NA,same,0,0,1,NA
raw,Saimiri sciureus,Saimiri sciureus,NA,Corpus geniculatum laterale,LGN_Sousa,Corpus_geniculatum_laterale_Vol.mm3,1,study3,62.9,62.9,NA,same,0,0,1,NA
raw,Tarsius syrichta,Tarsius syrichta,NA,Corpus geniculatum laterale,LGN_Sousa,Corpus_geniculatum_laterale_Vol.mm3,1,study3,20.8,20.8,NA,same,0,0,1,NA
raw,Varecia variegata,Varecia variegata,NA,Corpus geniculatum laterale,LGN_Sousa,Corpus_geniculatum_laterale_Vol.mm3,1,study3,68.9,68.9,NA,same,0,0,1,NA
raw,Alouatta seniculus,Alouatta seniculus,NA,Amygdala,Amygdala,Amygdala_Vol.mm3,1,study3,413,413,NA,same,0,0,1,NA
raw,Aotus trivirgatus,Aotus trivirgatus,NA,Amygdala,Amygdala,Amygdala_Vol.mm3,1,study3,201,201,NA,same,0,0,1,NA
raw,Callithrix jacchus,Callithrix jacchus,NA,Amygdala,Amygdala,Amygdala_Vol.mm3,1,study3,113,113,NA,same,0,0,1,NA
raw,Cebus albifrons,Cebus albifrons,NA,Amygdala,Amygdala,Amygdala_Vol.mm3,1,study3,502,502,NA,same,0,0,1,NA
raw,Cercopithecus ascanius,Cercopithecus ascanius,NA,Amygdala,Amygdala,Amygdala_Vol.mm3,1,study3,601,601,NA,same,0,0,1,NA
raw,Cheirogaleus major,Cheirogaleus major,NA,Amygdala,Amygdala,Amygdala_Vol.mm3,1,study3,99.4,99.4,NA,same,0,0,1,NA
raw,Cheirogaleus medius,Cheirogaleus medius,NA,Amygdala,Amygdala,Amygdala_Vol.mm3,1,study3,63.2,63.2,NA,same,0,0,1,NA
raw,Daubentonia madagascariensis,Daubentonia madagascariensis,NA,Amygdala,Amygdala,Amygdala_Vol.mm3,1,study3,473,473,NA,same,0,0,1,NA
raw,Eulemur fulvus,Eulemur fulvus,NA,Amygdala,Amygdala,Amygdala_Vol.mm3,1,study3,251,251,NA,same,0,0,1,NA
raw,Galagoides demidoff,Galagoides demidoff,NA,Amygdala,Amygdala,Amygdala_Vol.mm3,1,study3,50.2,50.2,NA,same,0,0,1,NA
raw,Homo sapiens,Homo sapiens,NA,Amygdala,Amygdala,Amygdala_Vol.mm3,1,study3,3015,3015,NA,same,0,0,1,NA
raw,Lepilemur ruficaudatus,Lepilemur ruficaudatus,NA,Amygdala,Amygdala,Amygdala_Vol.mm3,1,study3,133,133,NA,same,0,0,1,NA
raw,Microcebus murinus,Microcebus murinus,NA,Amygdala,Amygdala,Amygdala_Vol.mm3,1,study3,36.4,36.4,NA,same,0,0,1,NA
raw,Piliocolobus badius,Piliocolobus badius,NA,Amygdala,Amygdala,Amygdala_Vol.mm3,1,study3,479,479,NA,same,0,0,1,NA
raw,Pongo sp.,Pongo abelii,merge 'Pongo sp.' is a sensu lato mean (Bornean + Sumatran + hybrid); Stephan row is Sumatran,Amygdala,Amygdala,Amygdala_Vol.mm3,1,study3,NA,1400,NA,volumes_wide_only,NA,NA,NA,NA
raw,Pongo sp.,Pongo pygmaeus,merge 'Pongo sp.' is a sensu lato mean (Bornean + Sumatran + hybrid); Stephan row is Bornean,Amygdala,Amygdala,Amygdala_Vol.mm3,1,study3,1400,1400,NA,same,0,0,1,NA
raw,Propithecus verreauxi,Propithecus verreauxi,NA,Amygdala,Amygdala,Amygdala_Vol.mm3,1,study3,251,251,NA,same,0,0,1,NA
raw,Saimiri sciureus,Saimiri sciureus,NA,Amygdala,Amygdala,Amygdala_Vol.mm3,1,study3,227,227,NA,same,0,0,1,NA
raw,Tarsius syrichta,Tarsius syrichta,NA,Amygdala,Amygdala,Amygdala_Vol.mm3,1,study3,49.8,49.8,NA,same,0,0,1,NA
raw,Ateles geoffroyi,Ateles geoffroyi,NA,Pallidum,Pallidum,Pallidum_Vol.mm3,1,study3,807,807,NA,same,0,0,1,NA
raw,Avahi laniger,Avahi laniger,NA,Pallidum,Pallidum,Pallidum_Vol.mm3,1,study3,74.5,NA,NA,Stephan_only,NA,NA,NA,NA
raw,Avahi occidentalis,Avahi occidentalis,NA,Pallidum,Pallidum,Pallidum_Vol.mm3,1,study3,NA,74.5,NA,volumes_wide_only,NA,NA,NA,NA
raw,Cebuella pygmaea,Cebuella pygmaea,NA,Pallidum,Pallidum,Pallidum_Vol.mm3,1,study3,25.8,NA,NA,Stephan_only,NA,NA,NA,NA
raw,Cebus albifrons,Cebus albifrons,NA,Pallidum,Pallidum,Pallidum_Vol.mm3,1,study3,567,567,NA,same,0,0,1,NA
raw,Cercopithecus ascanius,Cercopithecus ascanius,NA,Pallidum,Pallidum,Pallidum_Vol.mm3,1,study3,405,405,NA,same,0,0,1,NA
raw,Cheirogaleus major,Cheirogaleus major,NA,Pallidum,Pallidum,Pallidum_Vol.mm3,1,study3,31.6,31.6,NA,same,0,0,1,NA
raw,Eulemur fulvus,Eulemur fulvus,NA,Pallidum,Pallidum,Pallidum_Vol.mm3,1,study3,212,212,NA,same,0,0,1,NA
raw,Galagoides demidoff,Galagoides demidoff,NA,Pallidum,Pallidum,Pallidum_Vol.mm3,1,study3,17,17,NA,same,0,0,1,NA
raw,Gorilla gorilla,Gorilla gorilla,NA,Pallidum,Pallidum,Pallidum_Vol.mm3,1,study3,2604,2604,NA,same,0,0,1,NA
raw,Homo sapiens,Homo sapiens,NA,Pallidum,Pallidum,Pallidum_Vol.mm3,1,study3,4711,4711,NA,same,0,0,1,NA
raw,Hylobates lar,Hylobates lar,NA,Pallidum,Pallidum,Pallidum_Vol.mm3,1,study3,715,715,NA,same,0,0,1,NA
raw,Lagothrix lagotricha,Lagothrix lagotricha,NA,Pallidum,Pallidum,Pallidum_Vol.mm3,1,study3,845,845,NA,same,0,0,1,NA
raw,Lepilemur ruficaudatus,Lepilemur ruficaudatus,NA,Pallidum,Pallidum,Pallidum_Vol.mm3,1,study3,55.2,55.2,NA,same,0,0,1,NA
raw,Lophocebus albigena,Lophocebus albigena,NA,Pallidum,Pallidum,Pallidum_Vol.mm3,1,study3,674,674,NA,same,0,0,1,NA
raw,Loris tardigradus,Loris tardigradus,NA,Pallidum,Pallidum,Pallidum_Vol.mm3,1,study3,41.4,41.4,NA,same,0,0,1,NA
raw,Microcebus murinus,Microcebus murinus,NA,Pallidum,Pallidum,Pallidum_Vol.mm3,1,study3,10.7,10.7,NA,same,0,0,1,NA
raw,Nasalis larvatus,Nasalis larvatus,NA,Pallidum,Pallidum,Pallidum_Vol.mm3,1,study3,550,550,NA,same,0,0,1,NA
raw,Otolemur crassicaudatus,Otolemur crassicaudatus,NA,Pallidum,Pallidum,Pallidum_Vol.mm3,1,study3,63.3,63.3,NA,same,0,0,1,NA
raw,Pan troglodytes,Pan troglodytes,NA,Pallidum,Pallidum,Pallidum_Vol.mm3,1,study3,1951,1951,NA,same,0,0,1,NA
raw,Papio anubis,Papio anubis,NA,Pallidum,Pallidum,Pallidum_Vol.mm3,1,study3,1147,1147,NA,same,0,0,1,NA
raw,Perodicticus potto,Perodicticus potto,NA,Pallidum,Pallidum,Pallidum_Vol.mm3,1,study3,107,107,NA,same,0,0,1,NA
raw,Piliocolobus badius,Piliocolobus badius,NA,Pallidum,Pallidum,Pallidum_Vol.mm3,1,study3,521,521,NA,same,0,0,1,NA
raw,Pongo sp.,Pongo abelii,merge 'Pongo sp.' is a sensu lato mean (Bornean + Sumatran + hybrid); Stephan row is Sumatran,Pallidum,Pallidum,Pallidum_Vol.mm3,1,study3,NA,1800,NA,volumes_wide_only,NA,NA,NA,NA
raw,Pongo sp.,Pongo pygmaeus,merge 'Pongo sp.' is a sensu lato mean (Bornean + Sumatran + hybrid); Stephan row is Bornean,Pallidum,Pallidum,Pallidum_Vol.mm3,1,study3,1800,1800,NA,same,0,0,1,NA
raw,Propithecus verreauxi,Propithecus verreauxi,NA,Pallidum,Pallidum,Pallidum_Vol.mm3,1,study3,263,263,NA,same,0,0,1,NA
raw,Saguinus oedipus,Saguinus oedipus,NA,Pallidum,Pallidum,Pallidum_Vol.mm3,1,study3,73.2,73.2,NA,same,0,0,1,NA
raw,Saimiri sciureus,Saimiri sciureus,NA,Pallidum,Pallidum,Pallidum_Vol.mm3,1,study3,169,169,NA,same,0,0,1,NA
raw,Tarsius syrichta,Tarsius syrichta,NA,Pallidum,Pallidum,Pallidum_Vol.mm3,1,study3,16.1,16.1,NA,same,0,0,1,NA
raw,Alouatta seniculus,Alouatta seniculus,NA,Neocortex white,NeoW_Frahm,Neocortex_white_matter_Vol.mm3,1,study3,9869,9869,NA,same,0,0,1,NA
raw,Aotus trivirgatus,Aotus trivirgatus,NA,Neocortex white,NeoW_Frahm,Neocortex_white_matter_Vol.mm3,1,study3,2174,2174,NA,same,0,0,1,NA
raw,Avahi occidentalis,Avahi occidentalis,NA,Neocortex white,NeoW_Frahm,Neocortex_white_matter_Vol.mm3,1,study3,777,777,NA,same,0,0,1,NA
raw,Callithrix jacchus,Callithrix jacchus,NA,Neocortex white,NeoW_Frahm,Neocortex_white_matter_Vol.mm3,1,study3,807.1,807.1,NA,same,0,0,1,NA
raw,Cebuella pygmaea,Cebuella pygmaea,NA,Neocortex white,NeoW_Frahm,Neocortex_white_matter_Vol.mm3,1,study3,395.3,NA,NA,Stephan_only,NA,NA,NA,NA
raw,Cebus albifrons,Cebus albifrons,NA,Neocortex white,NeoW_Frahm,Neocortex_white_matter_Vol.mm3,1,study3,15799,15799,NA,same,0,0,1,NA
raw,Cercopithecus ascanius,Cercopithecus ascanius,NA,Neocortex white,NeoW_Frahm,Neocortex_white_matter_Vol.mm3,1,study3,13052,13052,NA,same,0,0,1,NA
raw,Daubentonia madagascariensis,Daubentonia madagascariensis,NA,Neocortex white,NeoW_Frahm,Neocortex_white_matter_Vol.mm3,1,study3,5053,5053,NA,same,0,0,1,NA
raw,Eulemur fulvus,Eulemur fulvus,NA,Neocortex white,NeoW_Frahm,Neocortex_white_matter_Vol.mm3,1,study3,3035,3035,NA,same,0,0,1,NA
raw,Galagoides demidoff,Galagoides demidoff,NA,Neocortex white,NeoW_Frahm,Neocortex_white_matter_Vol.mm3,1,study3,150.6,150.6,NA,same,0,0,1,NA
raw,Homo sapiens,Homo sapiens,NA,Neocortex white,NeoW_Frahm,Neocortex_white_matter_Vol.mm3,1,study3,421819,421819,NA,same,0,0,1,NA
raw,Hylobates lar,Hylobates lar,NA,Neocortex white,NeoW_Frahm,Neocortex_white_matter_Vol.mm3,1,study3,19154,19154,NA,same,0,0,1,NA
raw,Indri indri,Indri indri,NA,Neocortex white,NeoW_Frahm,Neocortex_white_matter_Vol.mm3,1,study3,4223,4223,NA,same,0,0,1,NA
raw,Lagothrix lagotricha,Lagothrix lagotricha,NA,Neocortex white,NeoW_Frahm,Neocortex_white_matter_Vol.mm3,1,study3,16727,16727,NA,same,0,0,1,NA
raw,Lepilemur ruficaudatus,Lepilemur ruficaudatus,NA,Neocortex white,NeoW_Frahm,Neocortex_white_matter_Vol.mm3,1,study3,476.6,476.6,NA,same,0,0,1,NA
raw,Microcebus murinus,Microcebus murinus,NA,Neocortex white,NeoW_Frahm,Neocortex_white_matter_Vol.mm3,1,study3,65.31,65.31,NA,same,0,0,1,NA
raw,Nycticebus coucang,Nycticebus coucang,NA,Neocortex white,NeoW_Frahm,Neocortex_white_matter_Vol.mm3,1,study3,1240,1240,NA,same,0,0,1,NA
raw,Pan troglodytes,Pan troglodytes,NA,Neocortex white,NeoW_Frahm,Neocortex_white_matter_Vol.mm3,1,study3,118996,118996,NA,same,0,0,1,NA
raw,Papio anubis,Papio anubis,NA,Neocortex white,NeoW_Frahm,Neocortex_white_matter_Vol.mm3,1,study3,54416,54416,NA,same,0,0,1,NA
raw,Piliocolobus badius,Piliocolobus badius,NA,Neocortex white,NeoW_Frahm,Neocortex_white_matter_Vol.mm3,1,study3,14331,14331,NA,same,0,0,1,NA
raw,Pongo sp.,Pongo abelii,merge 'Pongo sp.' is a sensu lato mean (Bornean + Sumatran + hybrid); Stephan row is Sumatran,Neocortex white,NeoW_Frahm,Neocortex_white_matter_Vol.mm3,1,study3,NA,81500,NA,volumes_wide_only,NA,NA,NA,NA
raw,Pongo sp.,Pongo pygmaeus,merge 'Pongo sp.' is a sensu lato mean (Bornean + Sumatran + hybrid); Stephan row is Bornean,Neocortex white,NeoW_Frahm,Neocortex_white_matter_Vol.mm3,1,study3,81500,81500,NA,same,0,0,1,NA
raw,Propithecus verreauxi,Propithecus verreauxi,NA,Neocortex white,NeoW_Frahm,Neocortex_white_matter_Vol.mm3,1,study3,3335,3335,NA,same,0,0,1,NA
raw,Saimiri sciureus,Saimiri sciureus,NA,Neocortex white,NeoW_Frahm,Neocortex_white_matter_Vol.mm3,1,study3,3710,3710,NA,same,0,0,1,NA
raw,Tarsius syrichta,Tarsius syrichta,NA,Neocortex white,NeoW_Frahm,Neocortex_white_matter_Vol.mm3,1,study3,137,137,NA,same,0,0,1,NA
raw,Alouatta caraya,Alouatta caraya,NA,Insular cortex (grey),Total_insula_volume_L,Insula_left_Vol.mm3,1,study3,272,272,NA,same,0,0,1,NA
raw,Ateles geoffroyi,Ateles geoffroyi,NA,Insular cortex (grey),Total_insula_volume_L,Insula_left_Vol.mm3,1,study3,416,416,NA,same,0,0,1,NA
raw,Avahi laniger,Avahi laniger,NA,Insular cortex (grey),Total_insula_volume_L,Insula_left_Vol.mm3,1,study3,38,NA,NA,Stephan_only,NA,NA,NA,NA
raw,Avahi occidentalis,Avahi occidentalis,NA,Insular cortex (grey),Total_insula_volume_L,Insula_left_Vol.mm3,1,study3,NA,38,NA,volumes_wide_only,NA,NA,NA,NA
raw,Cebuella pygmaea,Cebuella pygmaea,NA,Insular cortex (grey),Total_insula_volume_L,Insula_left_Vol.mm3,1,study3,11,11,NA,same,0,0,1,NA
raw,Cebus albifrons,Cebus albifrons,NA,Insular cortex (grey),Total_insula_volume_L,Insula_left_Vol.mm3,1,study3,297,297,NA,same,0,0,1,NA
raw,Cercocebus agilis,Cercocebus agilis,NA,Insular cortex (grey),Total_insula_volume_L,Insula_left_Vol.mm3,1,study3,379,379,NA,same,0,0,1,NA
raw,Cercopithecus mitis,Cercopithecus mitis,NA,Insular cortex (grey),Total_insula_volume_L,Insula_left_Vol.mm3,1,study3,614,614,NA,same,0,0,1,NA
raw,Colobus angolensis,Colobus angolensis,NA,Insular cortex (grey),Total_insula_volume_L,Insula_left_Vol.mm3,1,study3,222,222,NA,same,0,0,1,NA
raw,Galagoides demidoff,Galagoides demidoff,NA,Insular cortex (grey),Total_insula_volume_L,Insula_left_Vol.mm3,1,study3,12,12,NA,same,0,0,1,NA
raw,Gorilla gorilla,Gorilla gorilla,NA,Insular cortex (grey),Total_insula_volume_L,Insula_left_Vol.mm3,1,study3,2146,2145.5,NA,rounding,2.3299161230195712e-4,-0.023299161230195712,0.999767008387698,NA
raw,Homo sapiens,Homo sapiens,NA,Insular cortex (grey),Total_insula_volume_L,Insula_left_Vol.mm3,1,study3,6165,6479,NA,DIFFERENT,0.04846426917734218,5.093268450932684,1.0509326845093268,NA
raw,Hylobates lar,Hylobates lar,NA,Insular cortex (grey),Total_insula_volume_L,Insula_left_Vol.mm3,1,study3,289,289,NA,same,0,0,1,NA
raw,Hylobates muelleri,Hylobates muelleri,NA,Insular cortex (grey),Total_insula_volume_L,Insula_left_Vol.mm3,1,study3,539,539,NA,same,0,0,1,NA
raw,Indri indri,Indri indri,NA,Insular cortex (grey),Total_insula_volume_L,Insula_left_Vol.mm3,1,study3,167,167,NA,same,0,0,1,NA
raw,Leontopithecus rosalia,Leontopithecus rosalia,NA,Insular cortex (grey),Total_insula_volume_L,Insula_left_Vol.mm3,1,study3,37,37,NA,same,0,0,1,NA
raw,Lophocebus albigena,Lophocebus albigena,NA,Insular cortex (grey),Total_insula_volume_L,Insula_left_Vol.mm3,1,study3,536,536,NA,same,0,0,1,NA
raw,Loris tardigradus,Loris tardigradus,NA,Insular cortex (grey),Total_insula_volume_L,Insula_left_Vol.mm3,1,study3,12,12,NA,same,0,0,1,NA
raw,Macaca maura,Macaca maura,NA,Insular cortex (grey),Total_insula_volume_L,Insula_left_Vol.mm3,1,study3,492,492,NA,same,0,0,1,NA
raw,Pan paniscus,Pan paniscus,NA,Insular cortex (grey),Total_insula_volume_L,Insula_left_Vol.mm3,1,study3,1690,1690.33333333333,NA,rounding,1.9719976335835632e-4,0.01972386587751919,1.0001972386587752,NA
raw,Pan troglodytes,Pan troglodytes,NA,Insular cortex (grey),Total_insula_volume_L,Insula_left_Vol.mm3,1,study3,1601,1600.66666666667,NA,rounding,2.0820320632734186e-4,-0.020820320632734184,0.9997917967936727,NA
raw,Perodicticus potto,Perodicticus potto,NA,Insular cortex (grey),Total_insula_volume_L,Insula_left_Vol.mm3,1,study3,31,31,NA,same,0,0,1,NA
raw,Piliocolobus badius,Piliocolobus badius,NA,Insular cortex (grey),Total_insula_volume_L,Insula_left_Vol.mm3,1,study3,241,241,NA,same,0,0,1,NA
raw,Pithecia pithecia,Pithecia pithecia,NA,Insular cortex (grey),Total_insula_volume_L,Insula_left_Vol.mm3,1,study3,279,279,NA,same,0,0,1,NA
raw,Pongo sp.,Pongo abelii,merge 'Pongo sp.' is a sensu lato mean (Bornean + Sumatran + hybrid); Stephan row is Sumatran,Insular cortex (grey),Total_insula_volume_L,Insula_left_Vol.mm3,1,study3,1158,1331.5,NA,DIFFERENT,0.13030416823131807,14.98272884283247,1.1498272884283247,NA
raw,Pongo sp.,Pongo pygmaeus,merge 'Pongo sp.' is a sensu lato mean (Bornean + Sumatran + hybrid); Stephan row is Bornean,Insular cortex (grey),Total_insula_volume_L,Insula_left_Vol.mm3,1,study3,1505,1331.5,NA,DIFFERENT,0.11528239202657807,-11.528239202657808,0.8847176079734219,NA
raw,Saguinus geoffroyi,Saguinus geoffroyi,NA,Insular cortex (grey),Total_insula_volume_L,Insula_left_Vol.mm3,1,study3,23,23,NA,same,0,0,1,NA
raw,Saguinus oedipus,Saguinus oedipus,NA,Insular cortex (grey),Total_insula_volume_L,Insula_left_Vol.mm3,1,study3,26,26,NA,same,0,0,1,NA
raw,Symphalangus syndactylus,Symphalangus syndactylus,NA,Insular cortex (grey),Total_insula_volume_L,Insula_left_Vol.mm3,1,study3,416,416,NA,same,0,0,1,NA
raw,Trachypithecus francoisi,Trachypithecus francoisi,NA,Insular cortex (grey),Total_insula_volume_L,Insula_left_Vol.mm3,1,study3,625,625,NA,same,0,0,1,NA
raw,Varecia variegata,Varecia variegata,NA,Insular cortex (grey),Total_insula_volume_L,Insula_left_Vol.mm3,1,study3,100,100,NA,same,0,0,1,NA
raw,Ateles geoffroyi,Ateles geoffroyi,NA,Nucleus subthalamicus Luysi,Nucleus_subthalamicus,Nucleus_subthalamicus_Vol.mm3,1,study3,52.8,52.8,NA,same,0,0,1,NA
raw,Avahi laniger,Avahi laniger,NA,Nucleus subthalamicus Luysi,Nucleus_subthalamicus,Nucleus_subthalamicus_Vol.mm3,1,study3,5.94,NA,NA,Stephan_only,NA,NA,NA,NA
raw,Avahi occidentalis,Avahi occidentalis,NA,Nucleus subthalamicus Luysi,Nucleus_subthalamicus,Nucleus_subthalamicus_Vol.mm3,1,study3,NA,5.94,NA,volumes_wide_only,NA,NA,NA,NA
raw,Cebuella pygmaea,Cebuella pygmaea,NA,Nucleus subthalamicus Luysi,Nucleus_subthalamicus,Nucleus_subthalamicus_Vol.mm3,1,study3,1.95,NA,NA,Stephan_only,NA,NA,NA,NA
raw,Cebus albifrons,Cebus albifrons,NA,Nucleus subthalamicus Luysi,Nucleus_subthalamicus,Nucleus_subthalamicus_Vol.mm3,1,study3,41.7,41.7,NA,same,0,0,1,NA
raw,Cercopithecus ascanius,Cercopithecus ascanius,NA,Nucleus subthalamicus Luysi,Nucleus_subthalamicus,Nucleus_subthalamicus_Vol.mm3,1,study3,25.7,25.7,NA,same,0,0,1,NA
raw,Cheirogaleus major,Cheirogaleus major,NA,Nucleus subthalamicus Luysi,Nucleus_subthalamicus,Nucleus_subthalamicus_Vol.mm3,1,study3,2.27,2.27,NA,same,0,0,1,NA
raw,Eulemur fulvus,Eulemur fulvus,NA,Nucleus subthalamicus Luysi,Nucleus_subthalamicus,Nucleus_subthalamicus_Vol.mm3,1,study3,13.9,13.9,NA,same,0,0,1,NA
raw,Galagoides demidoff,Galagoides demidoff,NA,Nucleus subthalamicus Luysi,Nucleus_subthalamicus,Nucleus_subthalamicus_Vol.mm3,1,study3,1.4,1.4,NA,same,0,0,1,NA
raw,Gorilla gorilla,Gorilla gorilla,NA,Nucleus subthalamicus Luysi,Nucleus_subthalamicus,Nucleus_subthalamicus_Vol.mm3,1,study3,178,178,NA,same,0,0,1,NA
raw,Homo sapiens,Homo sapiens,NA,Nucleus subthalamicus Luysi,Nucleus_subthalamicus,Nucleus_subthalamicus_Vol.mm3,1,study3,469,469,NA,same,0,0,1,NA
raw,Hylobates lar,Hylobates lar,NA,Nucleus subthalamicus Luysi,Nucleus_subthalamicus,Nucleus_subthalamicus_Vol.mm3,1,study3,61.6,61.6,NA,same,0,0,1,NA
raw,Lagothrix lagotricha,Lagothrix lagotricha,NA,Nucleus subthalamicus Luysi,Nucleus_subthalamicus,Nucleus_subthalamicus_Vol.mm3,1,study3,63.8,63.8,NA,same,0,0,1,NA
raw,Lepilemur ruficaudatus,Lepilemur ruficaudatus,NA,Nucleus subthalamicus Luysi,Nucleus_subthalamicus,Nucleus_subthalamicus_Vol.mm3,1,study3,2.91,2.91,NA,same,0,0,1,NA
raw,Lophocebus albigena,Lophocebus albigena,NA,Nucleus subthalamicus Luysi,Nucleus_subthalamicus,Nucleus_subthalamicus_Vol.mm3,1,study3,52.4,52.4,NA,same,0,0,1,NA
raw,Loris tardigradus,Loris tardigradus,NA,Nucleus subthalamicus Luysi,Nucleus_subthalamicus,Nucleus_subthalamicus_Vol.mm3,1,study3,3.79,3.79,NA,same,0,0,1,NA
raw,Microcebus murinus,Microcebus murinus,NA,Nucleus subthalamicus Luysi,Nucleus_subthalamicus,Nucleus_subthalamicus_Vol.mm3,1,study3,0.65,0.65,NA,same,0,0,1,NA
raw,Nasalis larvatus,Nasalis larvatus,NA,Nucleus subthalamicus Luysi,Nucleus_subthalamicus,Nucleus_subthalamicus_Vol.mm3,1,study3,37.2,37.2,NA,same,0,0,1,NA
raw,Otolemur crassicaudatus,Otolemur crassicaudatus,NA,Nucleus subthalamicus Luysi,Nucleus_subthalamicus,Nucleus_subthalamicus_Vol.mm3,1,study3,4.1,4.1,NA,same,0,0,1,NA
raw,Pan troglodytes,Pan troglodytes,NA,Nucleus subthalamicus Luysi,Nucleus_subthalamicus,Nucleus_subthalamicus_Vol.mm3,1,study3,127,127,NA,same,0,0,1,NA
raw,Papio anubis,Papio anubis,NA,Nucleus subthalamicus Luysi,Nucleus_subthalamicus,Nucleus_subthalamicus_Vol.mm3,1,study3,94.7,94.7,NA,same,0,0,1,NA
raw,Perodicticus potto,Perodicticus potto,NA,Nucleus subthalamicus Luysi,Nucleus_subthalamicus,Nucleus_subthalamicus_Vol.mm3,1,study3,8.19,8.19,NA,same,0,0,1,NA
raw,Piliocolobus badius,Piliocolobus badius,NA,Nucleus subthalamicus Luysi,Nucleus_subthalamicus,Nucleus_subthalamicus_Vol.mm3,1,study3,31.9,31.9,NA,same,0,0,1,NA
raw,Propithecus verreauxi,Propithecus verreauxi,NA,Nucleus subthalamicus Luysi,Nucleus_subthalamicus,Nucleus_subthalamicus_Vol.mm3,1,study3,20,20,NA,same,0,0,1,NA
raw,Saguinus oedipus,Saguinus oedipus,NA,Nucleus subthalamicus Luysi,Nucleus_subthalamicus,Nucleus_subthalamicus_Vol.mm3,1,study3,4.45,4.45,NA,same,0,0,1,NA
raw,Saimiri sciureus,Saimiri sciureus,NA,Nucleus subthalamicus Luysi,Nucleus_subthalamicus,Nucleus_subthalamicus_Vol.mm3,1,study3,11.5,11.5,NA,same,0,0,1,NA
raw,Tarsius syrichta,Tarsius syrichta,NA,Nucleus subthalamicus Luysi,Nucleus_subthalamicus,Nucleus_subthalamicus_Vol.mm3,1,study3,1.09,1.09,NA,same,0,0,1,NA
raw,Ateles geoffroyi,Ateles geoffroyi,NA,Capsula interna,Capsula_interna,Capsula_interna_Vol.mm3,1,study3,570,570,NA,same,0,0,1,NA
raw,Avahi laniger,Avahi laniger,NA,Capsula interna,Capsula_interna,Capsula_interna_Vol.mm3,1,study3,105,NA,NA,Stephan_only,NA,NA,NA,NA
raw,Avahi occidentalis,Avahi occidentalis,NA,Capsula interna,Capsula_interna,Capsula_interna_Vol.mm3,1,study3,NA,105,NA,volumes_wide_only,NA,NA,NA,NA
raw,Cebuella pygmaea,Cebuella pygmaea,NA,Capsula interna,Capsula_interna,Capsula_interna_Vol.mm3,1,study3,21.8,NA,NA,Stephan_only,NA,NA,NA,NA
raw,Cebus albifrons,Cebus albifrons,NA,Capsula interna,Capsula_interna,Capsula_interna_Vol.mm3,1,study3,549,549,NA,same,0,0,1,NA
raw,Cercopithecus ascanius,Cercopithecus ascanius,NA,Capsula interna,Capsula_interna,Capsula_interna_Vol.mm3,1,study3,421,421,NA,same,0,0,1,NA
raw,Cheirogaleus major,Cheirogaleus major,NA,Capsula interna,Capsula_interna,Capsula_interna_Vol.mm3,1,study3,48.6,48.6,NA,same,0,0,1,NA
raw,Eulemur fulvus,Eulemur fulvus,NA,Capsula interna,Capsula_interna,Capsula_interna_Vol.mm3,1,study3,248,248,NA,same,0,0,1,NA
raw,Galagoides demidoff,Galagoides demidoff,NA,Capsula interna,Capsula_interna,Capsula_interna_Vol.mm3,1,study3,18.4,18.4,NA,same,0,0,1,NA
raw,Gorilla gorilla,Gorilla gorilla,NA,Capsula interna,Capsula_interna,Capsula_interna_Vol.mm3,1,study3,2471,2471,NA,same,0,0,1,NA
raw,Homo sapiens,Homo sapiens,NA,Capsula interna,Capsula_interna,Capsula_interna_Vol.mm3,1,study3,7008,7008,NA,same,0,0,1,NA
raw,Hylobates lar,Hylobates lar,NA,Capsula interna,Capsula_interna,Capsula_interna_Vol.mm3,1,study3,693,693,NA,same,0,0,1,NA
raw,Lagothrix lagotricha,Lagothrix lagotricha,NA,Capsula interna,Capsula_interna,Capsula_interna_Vol.mm3,1,study3,612,612,NA,same,0,0,1,NA
raw,Lepilemur ruficaudatus,Lepilemur ruficaudatus,NA,Capsula interna,Capsula_interna,Capsula_interna_Vol.mm3,1,study3,63,63,NA,same,0,0,1,NA
raw,Lophocebus albigena,Lophocebus albigena,NA,Capsula interna,Capsula_interna,Capsula_interna_Vol.mm3,1,study3,708,708,NA,same,0,0,1,NA
raw,Loris tardigradus,Loris tardigradus,NA,Capsula interna,Capsula_interna,Capsula_interna_Vol.mm3,1,study3,46.3,46.3,NA,same,0,0,1,NA
raw,Microcebus murinus,Microcebus murinus,NA,Capsula interna,Capsula_interna,Capsula_interna_Vol.mm3,1,study3,9.08,9.08,NA,same,0,0,1,NA
raw,Nasalis larvatus,Nasalis larvatus,NA,Capsula interna,Capsula_interna,Capsula_interna_Vol.mm3,1,study3,564,564,NA,same,0,0,1,NA
raw,Otolemur crassicaudatus,Otolemur crassicaudatus,NA,Capsula interna,Capsula_interna,Capsula_interna_Vol.mm3,1,study3,74.6,74.6,NA,same,0,0,1,NA
raw,Pan troglodytes,Pan troglodytes,NA,Capsula interna,Capsula_interna,Capsula_interna_Vol.mm3,1,study3,2510,2510,NA,same,0,0,1,NA
raw,Papio anubis,Papio anubis,NA,Capsula interna,Capsula_interna,Capsula_interna_Vol.mm3,1,study3,1257,1257,NA,same,0,0,1,NA
raw,Perodicticus potto,Perodicticus potto,NA,Capsula interna,Capsula_interna,Capsula_interna_Vol.mm3,1,study3,107,107,NA,same,0,0,1,NA
raw,Piliocolobus badius,Piliocolobus badius,NA,Capsula interna,Capsula_interna,Capsula_interna_Vol.mm3,1,study3,460,460,NA,same,0,0,1,NA
raw,Propithecus verreauxi,Propithecus verreauxi,NA,Capsula interna,Capsula_interna,Capsula_interna_Vol.mm3,1,study3,324,324,NA,same,0,0,1,NA
raw,Saguinus oedipus,Saguinus oedipus,NA,Capsula interna,Capsula_interna,Capsula_interna_Vol.mm3,1,study3,62.7,62.7,NA,same,0,0,1,NA
raw,Saimiri sciureus,Saimiri sciureus,NA,Capsula interna,Capsula_interna,Capsula_interna_Vol.mm3,1,study3,132,132,NA,same,0,0,1,NA
raw,Tarsius syrichta,Tarsius syrichta,NA,Capsula interna,Capsula_interna,Capsula_interna_Vol.mm3,1,study3,16.7,16.7,NA,same,0,0,1,NA
raw,Alouatta seniculus,Alouatta seniculus,NA,Striatum,Striatum,Striatum_Vol.mm3,1,study3,2829,2829,NA,same,0,0,1,NA
raw,Aotus trivirgatus,Aotus trivirgatus,NA,Striatum,Striatum,Striatum_Vol.mm3,1,study3,862,862,NA,same,0,0,1,NA
raw,Ateles geoffroyi,Ateles geoffroyi,NA,Striatum,Striatum,Striatum_Vol.mm3,1,study3,4950,4950,NA,same,0,0,1,NA
raw,Avahi laniger,Avahi laniger,NA,Striatum,Striatum,Striatum_Vol.mm3,1,study3,524,524,NA,same,0,0,1,NA
raw,Avahi occidentalis,Avahi occidentalis,NA,Striatum,Striatum,Striatum_Vol.mm3,1,study3,478,478,NA,same,0,0,1,NA
raw,Callimico goeldii,Callimico goeldii,NA,Striatum,Striatum,Striatum_Vol.mm3,1,study3,493,493,NA,same,0,0,1,NA
raw,Callithrix jacchus,Callithrix jacchus,NA,Striatum,Striatum,Striatum_Vol.mm3,1,study3,372,372,NA,same,0,0,1,NA
raw,Cebuella pygmaea,Cebuella pygmaea,NA,Striatum,Striatum,Striatum_Vol.mm3,1,study3,174,NA,NA,Stephan_only,NA,NA,NA,NA
raw,Cebus albifrons,Cebus albifrons,NA,Striatum,Striatum,Striatum_Vol.mm3,1,study3,3258,3258,NA,same,0,0,1,NA
raw,Cercopithecus ascanius,Cercopithecus ascanius,NA,Striatum,Striatum,Striatum_Vol.mm3,1,study3,2827,2827,NA,same,0,0,1,NA
raw,Cercopithecus mitis,Cercopithecus mitis,NA,Striatum,Striatum,Striatum_Vol.mm3,1,study3,2733,2733,NA,same,0,0,1,NA
raw,Cheirogaleus major,Cheirogaleus major,NA,Striatum,Striatum,Striatum_Vol.mm3,1,study3,327,327,NA,same,0,0,1,NA
raw,Cheirogaleus medius,Cheirogaleus medius,NA,Striatum,Striatum,Striatum_Vol.mm3,1,study3,145,145,NA,same,0,0,1,NA
raw,Daubentonia madagascariensis,Daubentonia madagascariensis,NA,Striatum,Striatum,Striatum_Vol.mm3,1,study3,2765,2765,NA,same,0,0,1,NA
raw,Erythrocebus patas,Erythrocebus patas,NA,Striatum,Striatum,Striatum_Vol.mm3,1,study3,3624,3624,NA,same,0,0,1,NA
raw,Eulemur fulvus,Eulemur fulvus,NA,Striatum,Striatum,Striatum_Vol.mm3,1,study3,1215,1215,NA,same,0,0,1,NA
raw,Galago senegalensis,Galago senegalensis,NA,Striatum,Striatum,Striatum_Vol.mm3,1,study3,210,210,NA,same,0,0,1,NA
raw,Galagoides demidoff,Galagoides demidoff,NA,Striatum,Striatum,Striatum_Vol.mm3,1,study3,169,169,NA,same,0,0,1,NA
raw,Gorilla gorilla,Gorilla gorilla,NA,Striatum,Striatum,Striatum_Vol.mm3,1,study3,14567,14567,NA,same,0,0,1,NA
raw,Homo sapiens,Homo sapiens,NA,Striatum,Striatum,Striatum_Vol.mm3,1,study3,28689,28689,NA,same,0,0,1,NA
raw,Hylobates lar,Hylobates lar,NA,Striatum,Striatum,Striatum_Vol.mm3,1,study3,4784,4784,NA,same,0,0,1,NA
raw,Indri indri,Indri indri,NA,Striatum,Striatum,Striatum_Vol.mm3,1,study3,1855,1855,NA,same,0,0,1,NA
raw,Lagothrix lagotricha,Lagothrix lagotricha,NA,Striatum,Striatum,Striatum_Vol.mm3,1,study3,4947,4947,NA,same,0,0,1,NA
raw,Lepilemur ruficaudatus,Lepilemur ruficaudatus,NA,Striatum,Striatum,Striatum_Vol.mm3,1,study3,366,366,NA,same,0,0,1,NA
raw,Lophocebus albigena,Lophocebus albigena,NA,Striatum,Striatum,Striatum_Vol.mm3,1,study3,4146,4146,NA,same,0,0,1,NA
raw,Loris tardigradus,Loris tardigradus,NA,Striatum,Striatum,Striatum_Vol.mm3,1,study3,351,351,NA,same,0,0,1,NA
raw,Macaca mulatta,Macaca mulatta,NA,Striatum,Striatum,Striatum_Vol.mm3,1,study3,4032,4032,NA,same,0,0,1,NA
raw,Microcebus murinus,Microcebus murinus,NA,Striatum,Striatum,Striatum_Vol.mm3,1,study3,85.7,85.7,NA,same,0,0,1,NA
raw,Miopithecus talapoin,Miopithecus talapoin,NA,Striatum,Striatum,Striatum_Vol.mm3,1,study3,1908,1908,NA,same,0,0,1,NA
raw,Nasalis larvatus,Nasalis larvatus,NA,Striatum,Striatum,Striatum_Vol.mm3,1,study3,3735,3735,NA,same,0,0,1,NA
raw,Nycticebus coucang,Nycticebus coucang,NA,Striatum,Striatum,Striatum_Vol.mm3,1,study3,760,760,NA,same,0,0,1,NA
raw,Otolemur crassicaudatus,Otolemur crassicaudatus,NA,Striatum,Striatum,Striatum_Vol.mm3,1,study3,556,556,NA,same,0,0,1,NA
raw,Pan troglodytes,Pan troglodytes,NA,Striatum,Striatum,Striatum_Vol.mm3,1,study3,12246,12246,NA,same,0,0,1,NA
raw,Papio anubis,Papio anubis,NA,Striatum,Striatum,Striatum_Vol.mm3,1,study3,7182,7182,NA,same,0,0,1,NA
raw,Perodicticus potto,Perodicticus potto,NA,Striatum,Striatum,Striatum_Vol.mm3,1,study3,712,712,NA,same,0,0,1,NA
raw,Piliocolobus badius,Piliocolobus badius,NA,Striatum,Striatum,Striatum_Vol.mm3,1,study3,3217,3217,NA,same,0,0,1,NA
raw,Pithecia monachus,Pithecia monachus,NA,Striatum,Striatum,Striatum_Vol.mm3,1,study3,1918,1918,NA,same,0,0,1,NA
raw,Plecturocebus moloch,Plecturocebus moloch,NA,Striatum,Striatum,Striatum_Vol.mm3,1,study3,920,920,NA,same,0,0,1,NA
raw,Pongo sp.,Pongo abelii,merge 'Pongo sp.' is a sensu lato mean (Bornean + Sumatran + hybrid); Stephan row is Sumatran,Striatum,Striatum,Striatum_Vol.mm3,1,study3,NA,11500,NA,volumes_wide_only,NA,NA,NA,NA
raw,Pongo sp.,Pongo pygmaeus,merge 'Pongo sp.' is a sensu lato mean (Bornean + Sumatran + hybrid); Stephan row is Bornean,Striatum,Striatum,Striatum_Vol.mm3,1,study3,11500,11500,NA,same,0,0,1,NA
raw,Propithecus verreauxi,Propithecus verreauxi,NA,Striatum,Striatum,Striatum_Vol.mm3,1,study3,1411,1411,NA,same,0,0,1,NA
raw,Pygathrix nemaeus,Pygathrix nemaeus,NA,Striatum,Striatum,Striatum_Vol.mm3,1,study3,3166,3166,NA,same,0,0,1,NA
raw,Saguinus midas,Saguinus midas,NA,Striatum,Striatum,Striatum_Vol.mm3,1,study3,471,471,NA,same,0,0,1,NA
raw,Saguinus oedipus,Saguinus oedipus,NA,Striatum,Striatum,Striatum_Vol.mm3,1,study3,453,453,NA,same,0,0,1,NA
raw,Saimiri sciureus,Saimiri sciureus,NA,Striatum,Striatum,Striatum_Vol.mm3,1,study3,1042,1042,NA,same,0,0,1,NA
raw,Tarsius syrichta,Tarsius syrichta,NA,Striatum,Striatum,Striatum_Vol.mm3,1,study3,133,133,NA,same,0,0,1,NA
raw,Varecia variegata,Varecia variegata,NA,Striatum,Striatum,Striatum_Vol.mm3,1,study3,1591,1591,NA,same,0,0,1,NA
raw,Alouatta seniculus,Alouatta seniculus,NA,Area striata grey,ASG_Sousa,Area_striata_grey_matter_Vol.mm3,1,study3,1918,1918,NA,same,0,0,1,NA
raw,Aotus trivirgatus,Aotus trivirgatus,NA,Area striata grey,ASG_Sousa,Area_striata_grey_matter_Vol.mm3,1,study3,996,996,NA,same,0,0,1,NA
raw,Ateles geoffroyi,Ateles geoffroyi,NA,Area striata grey,ASG_Sousa,Area_striata_grey_matter_Vol.mm3,1,study3,3753,3753,NA,same,0,0,1,NA
raw,Avahi laniger,Avahi laniger,NA,Area striata grey,ASG_Sousa,Area_striata_grey_matter_Vol.mm3,1,study3,475,475,NA,same,0,0,1,NA
raw,Avahi occidentalis,Avahi occidentalis,NA,Area striata grey,ASG_Sousa,Area_striata_grey_matter_Vol.mm3,1,study3,450,450,NA,same,0,0,1,NA
raw,Callithrix jacchus,Callithrix jacchus,NA,Area striata grey,ASG_Sousa,Area_striata_grey_matter_Vol.mm3,1,study3,566,566,NA,same,0,0,1,NA
raw,Cebuella pygmaea,Cebuella pygmaea,NA,Area striata grey,ASG_Sousa,Area_striata_grey_matter_Vol.mm3,1,study3,363,NA,NA,Stephan_only,NA,NA,NA,NA
raw,Cebus albifrons,Cebus albifrons,NA,Area striata grey,ASG_Sousa,Area_striata_grey_matter_Vol.mm3,1,study3,3764,3764,NA,same,0,0,1,NA
raw,Cercopithecus ascanius,Cercopithecus ascanius,NA,Area striata grey,ASG_Sousa,Area_striata_grey_matter_Vol.mm3,1,study3,4272,4272,NA,same,0,0,1,NA
raw,Cercopithecus mitis,Cercopithecus mitis,NA,Area striata grey,ASG_Sousa,Area_striata_grey_matter_Vol.mm3,1,study3,4232,4232,NA,same,0,0,1,NA
raw,Cheirogaleus major,Cheirogaleus major,NA,Area striata grey,ASG_Sousa,Area_striata_grey_matter_Vol.mm3,1,study3,433,433,NA,same,0,0,1,NA
raw,Cheirogaleus medius,Cheirogaleus medius,NA,Area striata grey,ASG_Sousa,Area_striata_grey_matter_Vol.mm3,1,study3,199,199,NA,same,0,0,1,NA
raw,Daubentonia madagascariensis,Daubentonia madagascariensis,NA,Area striata grey,ASG_Sousa,Area_striata_grey_matter_Vol.mm3,1,study3,1113,1113,NA,same,0,0,1,NA
raw,Eulemur fulvus,Eulemur fulvus,NA,Area striata grey,ASG_Sousa,Area_striata_grey_matter_Vol.mm3,1,study3,1253,1253,NA,same,0,0,1,NA
raw,Galago senegalensis,Galago senegalensis,NA,Area striata grey,ASG_Sousa,Area_striata_grey_matter_Vol.mm3,1,study3,301,301,NA,same,0,0,1,NA
raw,Galagoides demidoff,Galagoides demidoff,NA,Area striata grey,ASG_Sousa,Area_striata_grey_matter_Vol.mm3,1,study3,214,214,NA,same,0,0,1,NA
raw,Gorilla gorilla,Gorilla gorilla,NA,Area striata grey,ASG_Sousa,Area_striata_grey_matter_Vol.mm3,1,study3,9129,12062,NA,DIFFERENT,0.2431603382523628,32.12838207908862,1.3212838207908861,NA
raw,Homo sapiens,Homo sapiens,NA,Area striata grey,ASG_Sousa,Area_striata_grey_matter_Vol.mm3,1,study3,15247.5,14787,NA,DIFFERENT,0.030201672405312345,-3.0201672405312348,0.9697983275946876,NA
raw,Hylobates lar,Hylobates lar,NA,Area striata grey,ASG_Sousa,Area_striata_grey_matter_Vol.mm3,1,study3,4086.7,4574,NA,DIFFERENT,0.10653694796676873,11.92404629652287,1.1192404629652286,NA
raw,Indri indri,Indri indri,NA,Area striata grey,ASG_Sousa,Area_striata_grey_matter_Vol.mm3,1,study3,1648,1648,NA,same,0,0,1,NA
raw,Lagothrix lagotricha,Lagothrix lagotricha,NA,Area striata grey,ASG_Sousa,Area_striata_grey_matter_Vol.mm3,1,study3,4856,4856,NA,same,0,0,1,NA
raw,Lepilemur ruficaudatus,Lepilemur ruficaudatus,NA,Area striata grey,ASG_Sousa,Area_striata_grey_matter_Vol.mm3,1,study3,326,326,NA,same,0,0,1,NA
raw,Lophocebus albigena,Lophocebus albigena,NA,Area striata grey,ASG_Sousa,Area_striata_grey_matter_Vol.mm3,1,study3,5420,5420,NA,same,0,0,1,NA
raw,Loris tardigradus,Loris tardigradus,NA,Area striata grey,ASG_Sousa,Area_striata_grey_matter_Vol.mm3,1,study3,529,529,NA,same,0,0,1,NA
raw,Macaca fascicularis,Macaca fascicularis,NA,Area striata grey,ASG_Sousa,Area_striata_grey_matter_Vol.mm3,1,study3,2713.3,NA,NA,Stephan_only,NA,NA,NA,NA
raw,Macaca mulatta,Macaca mulatta,NA,Area striata grey,ASG_Sousa,Area_striata_grey_matter_Vol.mm3,1,study3,5343,5343,NA,same,0,0,1,NA
raw,Microcebus murinus,Microcebus murinus,NA,Area striata grey,ASG_Sousa,Area_striata_grey_matter_Vol.mm3,1,study3,136,136,NA,same,0,0,1,NA
raw,Miopithecus talapoin,Miopithecus talapoin,NA,Area striata grey,ASG_Sousa,Area_striata_grey_matter_Vol.mm3,1,study3,2339,2339,NA,same,0,0,1,NA
raw,Nycticebus coucang,Nycticebus coucang,NA,Area striata grey,ASG_Sousa,Area_striata_grey_matter_Vol.mm3,1,study3,696,696,NA,same,0,0,1,NA
raw,Otolemur crassicaudatus,Otolemur crassicaudatus,NA,Area striata grey,ASG_Sousa,Area_striata_grey_matter_Vol.mm3,1,study3,479,479,NA,same,0,0,1,NA
raw,Pan paniscus,Pan paniscus,NA,Area striata grey,ASG_Sousa,Area_striata_grey_matter_Vol.mm3,1,study3,11606.5,NA,NA,Stephan_only,NA,NA,NA,NA
raw,Pan troglodytes,Pan troglodytes,NA,Area striata grey,ASG_Sousa,Area_striata_grey_matter_Vol.mm3,1,study3,8268.3,10593,NA,DIFFERENT,0.2194562446898896,28.115815826711668,1.2811581582671168,NA
raw,Papio anubis,Papio anubis,NA,Area striata grey,ASG_Sousa,Area_striata_grey_matter_Vol.mm3,1,study3,10001,10001,NA,same,0,0,1,NA
raw,Perodicticus potto,Perodicticus potto,NA,Area striata grey,ASG_Sousa,Area_striata_grey_matter_Vol.mm3,1,study3,495,495,NA,same,0,0,1,NA
raw,Piliocolobus badius,Piliocolobus badius,NA,Area striata grey,ASG_Sousa,Area_striata_grey_matter_Vol.mm3,1,study3,3053,3053,NA,same,0,0,1,NA
raw,Pithecia monachus,Pithecia monachus,NA,Area striata grey,ASG_Sousa,Area_striata_grey_matter_Vol.mm3,1,study3,1679,1679,NA,same,0,0,1,NA
raw,Plecturocebus moloch,Plecturocebus moloch,NA,Area striata grey,ASG_Sousa,Area_striata_grey_matter_Vol.mm3,1,study3,1201,1201,NA,same,0,0,1,NA
raw,Pongo sp.,Pongo abelii,merge 'Pongo sp.' is a sensu lato mean (Bornean + Sumatran + hybrid); Stephan row is Sumatran,Area striata grey,ASG_Sousa,Area_striata_grey_matter_Vol.mm3,1,study3,NA,8400,NA,volumes_wide_only,NA,NA,NA,NA
raw,Pongo sp.,Pongo pygmaeus,merge 'Pongo sp.' is a sensu lato mean (Bornean + Sumatran + hybrid); Stephan row is Bornean,Area striata grey,ASG_Sousa,Area_striata_grey_matter_Vol.mm3,1,study3,8233.7,8400,NA,DIFFERENT,0.01979761904761896,2.019748108383828,1.0201974810838383,NA
raw,Propithecus verreauxi,Propithecus verreauxi,NA,Area striata grey,ASG_Sousa,Area_striata_grey_matter_Vol.mm3,1,study3,1106,1106,NA,same,0,0,1,NA
raw,Saguinus midas,Saguinus midas,NA,Area striata grey,ASG_Sousa,Area_striata_grey_matter_Vol.mm3,1,study3,841,841,NA,same,0,0,1,NA
raw,Saguinus oedipus,Saguinus oedipus,NA,Area striata grey,ASG_Sousa,Area_striata_grey_matter_Vol.mm3,1,study3,807,807,NA,same,0,0,1,NA
raw,Saimiri sciureus,Saimiri sciureus,NA,Area striata grey,ASG_Sousa,Area_striata_grey_matter_Vol.mm3,1,study3,1884,1884,NA,same,0,0,1,NA
raw,Symphalangus syndactylus,Symphalangus syndactylus,NA,Area striata grey,ASG_Sousa,Area_striata_grey_matter_Vol.mm3,1,study3,5468.9,NA,NA,Stephan_only,NA,NA,NA,NA
raw,Tarsius syrichta,Tarsius syrichta,NA,Area striata grey,ASG_Sousa,Area_striata_grey_matter_Vol.mm3,1,study3,349,349,NA,same,0,0,1,NA
raw,Varecia variegata,Varecia variegata,NA,Area striata grey,ASG_Sousa,Area_striata_grey_matter_Vol.mm3,1,study3,1745,1745,NA,same,0,0,1,NA
raw,Alouatta seniculus,Alouatta seniculus,NA,Neocortex grey,NeoG_Frahm,Neocortex_grey_matter_Vol.mm3,1,study3,21791,21791,NA,same,0,0,1,NA
raw,Aotus trivirgatus,Aotus trivirgatus,NA,Neocortex grey,NeoG_Frahm,Neocortex_grey_matter_Vol.mm3,1,study3,7776,7776,NA,same,0,0,1,NA
raw,Avahi occidentalis,Avahi occidentalis,NA,Neocortex grey,NeoG_Frahm,Neocortex_grey_matter_Vol.mm3,1,study3,3666,3666,NA,same,0,0,1,NA
raw,Callithrix jacchus,Callithrix jacchus,NA,Neocortex grey,NeoG_Frahm,Neocortex_grey_matter_Vol.mm3,1,study3,3564,3564,NA,same,0,0,1,NA
raw,Cebuella pygmaea,Cebuella pygmaea,NA,Neocortex grey,NeoG_Frahm,Neocortex_grey_matter_Vol.mm3,1,study3,2139,NA,NA,Stephan_only,NA,NA,NA,NA
raw,Cebus albifrons,Cebus albifrons,NA,Neocortex grey,NeoG_Frahm,Neocortex_grey_matter_Vol.mm3,1,study3,30630,30630,NA,same,0,0,1,NA
raw,Cercopithecus ascanius,Cercopithecus ascanius,NA,Neocortex grey,NeoG_Frahm,Neocortex_grey_matter_Vol.mm3,1,study3,32114,32114,NA,same,0,0,1,NA
raw,Daubentonia madagascariensis,Daubentonia madagascariensis,NA,Neocortex grey,NeoG_Frahm,Neocortex_grey_matter_Vol.mm3,1,study3,17074,17074,NA,same,0,0,1,NA
raw,Eulemur fulvus,Eulemur fulvus,NA,Neocortex grey,NeoG_Frahm,Neocortex_grey_matter_Vol.mm3,1,study3,9172,9172,NA,same,0,0,1,NA
raw,Galagoides demidoff,Galagoides demidoff,NA,Neocortex grey,NeoG_Frahm,Neocortex_grey_matter_Vol.mm3,1,study3,1417,1417,NA,same,0,0,1,NA
raw,Homo sapiens,Homo sapiens,NA,Neocortex grey,NeoG_Frahm,Neocortex_grey_matter_Vol.mm3,1,study3,584706,584706,NA,same,0,0,1,NA
raw,Hylobates lar,Hylobates lar,NA,Neocortex grey,NeoG_Frahm,Neocortex_grey_matter_Vol.mm3,1,study3,46646,46646,NA,same,0,0,1,NA
raw,Indri indri,Indri indri,NA,Neocortex grey,NeoG_Frahm,Neocortex_grey_matter_Vol.mm3,1,study3,15891,15891,NA,same,0,0,1,NA
raw,Lagothrix lagotricha,Lagothrix lagotricha,NA,Neocortex grey,NeoG_Frahm,Neocortex_grey_matter_Vol.mm3,1,study3,49147,49147,NA,same,0,0,1,NA
raw,Lepilemur ruficaudatus,Lepilemur ruficaudatus,NA,Neocortex grey,NeoG_Frahm,Neocortex_grey_matter_Vol.mm3,1,study3,2805,2805,NA,same,0,0,1,NA
raw,Microcebus murinus,Microcebus murinus,NA,Neocortex grey,NeoG_Frahm,Neocortex_grey_matter_Vol.mm3,1,study3,674.2,674.2,NA,same,0,0,1,NA
raw,Nycticebus coucang,Nycticebus coucang,NA,Neocortex grey,NeoG_Frahm,Neocortex_grey_matter_Vol.mm3,1,study3,4952,4952,NA,same,0,0,1,NA
raw,Pan troglodytes,Pan troglodytes,NA,Neocortex grey,NeoG_Frahm,Neocortex_grey_matter_Vol.mm3,1,study3,172597,172597,NA,same,0,0,1,NA
raw,Papio anubis,Papio anubis,NA,Neocortex grey,NeoG_Frahm,Neocortex_grey_matter_Vol.mm3,1,study3,85726,85726,NA,same,0,0,1,NA
raw,Piliocolobus badius,Piliocolobus badius,NA,Neocortex grey,NeoG_Frahm,Neocortex_grey_matter_Vol.mm3,1,study3,36575,36575,NA,same,0,0,1,NA
raw,Pongo sp.,Pongo abelii,merge 'Pongo sp.' is a sensu lato mean (Bornean + Sumatran + hybrid); Stephan row is Sumatran,Neocortex grey,NeoG_Frahm,Neocortex_grey_matter_Vol.mm3,1,study3,NA,129900,NA,volumes_wide_only,NA,NA,NA,NA
raw,Pongo sp.,Pongo pygmaeus,merge 'Pongo sp.' is a sensu lato mean (Bornean + Sumatran + hybrid); Stephan row is Bornean,Neocortex grey,NeoG_Frahm,Neocortex_grey_matter_Vol.mm3,1,study3,138300,129900,NA,DIFFERENT,0.06073752711496746,-6.073752711496746,0.9392624728850325,NA
raw,Propithecus verreauxi,Propithecus verreauxi,NA,Neocortex grey,NeoG_Frahm,Neocortex_grey_matter_Vol.mm3,1,study3,9835,9835,NA,same,0,0,1,NA
raw,Saimiri sciureus,Saimiri sciureus,NA,Neocortex grey,NeoG_Frahm,Neocortex_grey_matter_Vol.mm3,1,study3,11832,11832,NA,same,0,0,1,NA
raw,Tarsius syrichta,Tarsius syrichta,NA,Neocortex grey,NeoG_Frahm,Neocortex_grey_matter_Vol.mm3,1,study3,1631,1631,NA,same,0,0,1,NA
raw,Alouatta seniculus,Alouatta seniculus,NA,Mesencephalon,Mesencephalon,Mesencephalon_Vol.mm3,1,study3,986,986,NA,same,0,0,1,NA
raw,Aotus trivirgatus,Aotus trivirgatus,NA,Mesencephalon,Mesencephalon,Mesencephalon_Vol.mm3,1,study3,409,409,NA,same,0,0,1,NA
raw,Ateles geoffroyi,Ateles geoffroyi,NA,Mesencephalon,Mesencephalon,Mesencephalon_Vol.mm3,1,study3,1482,1482,NA,same,0,0,1,NA
raw,Avahi laniger,Avahi laniger,NA,Mesencephalon,Mesencephalon,Mesencephalon_Vol.mm3,1,study3,343,343,NA,same,0,0,1,NA
raw,Avahi occidentalis,Avahi occidentalis,NA,Mesencephalon,Mesencephalon,Mesencephalon_Vol.mm3,1,study3,345,345,NA,same,0,0,1,NA
raw,Callimico goeldii,Callimico goeldii,NA,Mesencephalon,Mesencephalon,Mesencephalon_Vol.mm3,1,study3,340,340,NA,same,0,0,1,NA
raw,Callithrix jacchus,Callithrix jacchus,NA,Mesencephalon,Mesencephalon,Mesencephalon_Vol.mm3,1,study3,295,295,NA,same,0,0,1,NA
raw,Cebuella pygmaea,Cebuella pygmaea,NA,Mesencephalon,Mesencephalon,Mesencephalon_Vol.mm3,1,study3,192,NA,NA,Stephan_only,NA,NA,NA,NA
raw,Cebus albifrons,Cebus albifrons,NA,Mesencephalon,Mesencephalon,Mesencephalon_Vol.mm3,1,study3,1221,1221,NA,same,0,0,1,NA
raw,Cercopithecus ascanius,Cercopithecus ascanius,NA,Mesencephalon,Mesencephalon,Mesencephalon_Vol.mm3,1,study3,1162,1162,NA,same,0,0,1,NA
raw,Cercopithecus mitis,Cercopithecus mitis,NA,Mesencephalon,Mesencephalon,Mesencephalon_Vol.mm3,1,study3,1354,1354,NA,same,0,0,1,NA
raw,Cheirogaleus major,Cheirogaleus major,NA,Mesencephalon,Mesencephalon,Mesencephalon_Vol.mm3,1,study3,241,241,NA,same,0,0,1,NA
raw,Cheirogaleus medius,Cheirogaleus medius,NA,Mesencephalon,Mesencephalon,Mesencephalon_Vol.mm3,1,study3,145,145,NA,same,0,0,1,NA
raw,Daubentonia madagascariensis,Daubentonia madagascariensis,NA,Mesencephalon,Mesencephalon,Mesencephalon_Vol.mm3,1,study3,897,897,NA,same,0,0,1,NA
raw,Erythrocebus patas,Erythrocebus patas,NA,Mesencephalon,Mesencephalon,Mesencephalon_Vol.mm3,1,study3,1621,1621,NA,same,0,0,1,NA
raw,Eulemur fulvus,Eulemur fulvus,NA,Mesencephalon,Mesencephalon,Mesencephalon_Vol.mm3,1,study3,590,590,NA,same,0,0,1,NA
raw,Galago senegalensis,Galago senegalensis,NA,Mesencephalon,Mesencephalon,Mesencephalon_Vol.mm3,1,study3,205,205,NA,same,0,0,1,NA
raw,Galagoides demidoff,Galagoides demidoff,NA,Mesencephalon,Mesencephalon,Mesencephalon_Vol.mm3,1,study3,135,135,NA,same,0,0,1,NA
raw,Gorilla gorilla,Gorilla gorilla,NA,Mesencephalon,Mesencephalon,Mesencephalon_Vol.mm3,1,study3,4352,4352,NA,same,0,0,1,NA
raw,Homo sapiens,Homo sapiens,NA,Mesencephalon,Mesencephalon,Mesencephalon_Vol.mm3,1,study3,8087,8087,NA,same,0,0,1,NA
raw,Hylobates lar,Hylobates lar,NA,Mesencephalon,Mesencephalon,Mesencephalon_Vol.mm3,1,study3,1459,1459,NA,same,0,0,1,NA
raw,Indri indri,Indri indri,NA,Mesencephalon,Mesencephalon,Mesencephalon_Vol.mm3,1,study3,978,978,NA,same,0,0,1,NA
raw,Lagothrix lagotricha,Lagothrix lagotricha,NA,Mesencephalon,Mesencephalon,Mesencephalon_Vol.mm3,1,study3,1582,1582,NA,same,0,0,1,NA
raw,Lepilemur ruficaudatus,Lepilemur ruficaudatus,NA,Mesencephalon,Mesencephalon,Mesencephalon_Vol.mm3,1,study3,260,260,NA,same,0,0,1,NA
raw,Lophocebus albigena,Lophocebus albigena,NA,Mesencephalon,Mesencephalon,Mesencephalon_Vol.mm3,1,study3,1770,1770,NA,same,0,0,1,NA
raw,Loris tardigradus,Loris tardigradus,NA,Mesencephalon,Mesencephalon,Mesencephalon_Vol.mm3,1,study3,220,220,NA,same,0,0,1,NA
raw,Macaca mulatta,Macaca mulatta,NA,Mesencephalon,Mesencephalon,Mesencephalon_Vol.mm3,1,study3,1380,1380,NA,same,0,0,1,NA
raw,Microcebus murinus,Microcebus murinus,NA,Mesencephalon,Mesencephalon,Mesencephalon_Vol.mm3,1,study3,85.2,85.2,NA,same,0,0,1,NA
raw,Miopithecus talapoin,Miopithecus talapoin,NA,Mesencephalon,Mesencephalon,Mesencephalon_Vol.mm3,1,study3,826,826,NA,same,0,0,1,NA
raw,Nasalis larvatus,Nasalis larvatus,NA,Mesencephalon,Mesencephalon,Mesencephalon_Vol.mm3,1,study3,1556,1556,NA,same,0,0,1,NA
raw,Nycticebus coucang,Nycticebus coucang,NA,Mesencephalon,Mesencephalon,Mesencephalon_Vol.mm3,1,study3,345,345,NA,same,0,0,1,NA
raw,Otolemur crassicaudatus,Otolemur crassicaudatus,NA,Mesencephalon,Mesencephalon,Mesencephalon_Vol.mm3,1,study3,384,384,NA,same,0,0,1,NA
raw,Pan troglodytes,Pan troglodytes,NA,Mesencephalon,Mesencephalon,Mesencephalon_Vol.mm3,1,study3,3739,3739,NA,same,0,0,1,NA
raw,Papio anubis,Papio anubis,NA,Mesencephalon,Mesencephalon,Mesencephalon_Vol.mm3,1,study3,2711,2711,NA,same,0,0,1,NA
raw,Perodicticus potto,Perodicticus potto,NA,Mesencephalon,Mesencephalon,Mesencephalon_Vol.mm3,1,study3,391,391,NA,same,0,0,1,NA
raw,Piliocolobus badius,Piliocolobus badius,NA,Mesencephalon,Mesencephalon,Mesencephalon_Vol.mm3,1,study3,1333,1333,NA,same,0,0,1,NA
raw,Pithecia monachus,Pithecia monachus,NA,Mesencephalon,Mesencephalon,Mesencephalon_Vol.mm3,1,study3,745,745,NA,same,0,0,1,NA
raw,Plecturocebus moloch,Plecturocebus moloch,NA,Mesencephalon,Mesencephalon,Mesencephalon_Vol.mm3,1,study3,530,530,NA,same,0,0,1,NA
raw,Pongo sp.,Pongo abelii,merge 'Pongo sp.' is a sensu lato mean (Bornean + Sumatran + hybrid); Stephan row is Sumatran,Mesencephalon,Mesencephalon,Mesencephalon_Vol.mm3,1,study3,NA,4000,NA,volumes_wide_only,NA,NA,NA,NA
raw,Pongo sp.,Pongo pygmaeus,merge 'Pongo sp.' is a sensu lato mean (Bornean + Sumatran + hybrid); Stephan row is Bornean,Mesencephalon,Mesencephalon,Mesencephalon_Vol.mm3,1,study3,4000,4000,NA,same,0,0,1,NA
raw,Propithecus verreauxi,Propithecus verreauxi,NA,Mesencephalon,Mesencephalon,Mesencephalon_Vol.mm3,1,study3,780,780,NA,same,0,0,1,NA
raw,Pygathrix nemaeus,Pygathrix nemaeus,NA,Mesencephalon,Mesencephalon,Mesencephalon_Vol.mm3,1,study3,1345,1345,NA,same,0,0,1,NA
raw,Saguinus midas,Saguinus midas,NA,Mesencephalon,Mesencephalon,Mesencephalon_Vol.mm3,1,study3,332,332,NA,same,0,0,1,NA
raw,Saguinus oedipus,Saguinus oedipus,NA,Mesencephalon,Mesencephalon,Mesencephalon_Vol.mm3,1,study3,333,333,NA,same,0,0,1,NA
raw,Saimiri sciureus,Saimiri sciureus,NA,Mesencephalon,Mesencephalon,Mesencephalon_Vol.mm3,1,study3,526,526,NA,same,0,0,1,NA
raw,Tarsius syrichta,Tarsius syrichta,NA,Mesencephalon,Mesencephalon,Mesencephalon_Vol.mm3,1,study3,197,197,NA,same,0,0,1,NA
raw,Varecia variegata,Varecia variegata,NA,Mesencephalon,Mesencephalon,Mesencephalon_Vol.mm3,1,study3,1018,1018,NA,same,0,0,1,NA
raw,Alouatta seniculus,Alouatta seniculus,NA,Cerebellum,Cerebellum,Cerebellum_Vol.mm3,1,study3,5699,5699,NA,same,0,0,1,NA
raw,Aotus trivirgatus,Aotus trivirgatus,NA,Cerebellum,Cerebellum,Cerebellum_Vol.mm3,1,study3,1873,1873,NA,same,0,0,1,NA
raw,Ateles geoffroyi,Ateles geoffroyi,NA,Cerebellum,Cerebellum,Cerebellum_Vol.mm3,1,study3,12438,12438,NA,same,0,0,1,NA
raw,Avahi laniger,Avahi laniger,NA,Cerebellum,Cerebellum,Cerebellum_Vol.mm3,1,study3,1489,1489,NA,same,0,0,1,NA
raw,Avahi occidentalis,Avahi occidentalis,NA,Cerebellum,Cerebellum,Cerebellum_Vol.mm3,1,study3,1383,1383,NA,same,0,0,1,NA
raw,Callimico goeldii,Callimico goeldii,NA,Cerebellum,Cerebellum,Cerebellum_Vol.mm3,1,study3,1240,1240,NA,same,0,0,1,NA
raw,Callithrix jacchus,Callithrix jacchus,NA,Cerebellum,Cerebellum,Cerebellum_Vol.mm3,1,study3,757,757,NA,same,0,0,1,NA
raw,Cebuella pygmaea,Cebuella pygmaea,NA,Cerebellum,Cerebellum,Cerebellum_Vol.mm3,1,study3,468,NA,NA,Stephan_only,NA,NA,NA,NA
raw,Cebus albifrons,Cebus albifrons,NA,Cerebellum,Cerebellum,Cerebellum_Vol.mm3,1,study3,7871,7871,NA,same,0,0,1,NA
raw,Cercopithecus ascanius,Cercopithecus ascanius,NA,Cerebellum,Cerebellum,Cerebellum_Vol.mm3,1,study3,5828,5828,NA,same,0,0,1,NA
raw,Cercopithecus mitis,Cercopithecus mitis,NA,Cerebellum,Cerebellum,Cerebellum_Vol.mm3,1,study3,6758,6758,NA,same,0,0,1,NA
raw,Cheirogaleus major,Cheirogaleus major,NA,Cerebellum,Cerebellum,Cerebellum_Vol.mm3,1,study3,947,947,NA,same,0,0,1,NA
raw,Cheirogaleus medius,Cheirogaleus medius,NA,Cerebellum,Cerebellum,Cerebellum_Vol.mm3,1,study3,437,437,NA,same,0,0,1,NA
raw,Daubentonia madagascariensis,Daubentonia madagascariensis,NA,Cerebellum,Cerebellum,Cerebellum_Vol.mm3,1,study3,6461,6461,NA,same,0,0,1,NA
raw,Erythrocebus patas,Erythrocebus patas,NA,Cerebellum,Cerebellum,Cerebellum_Vol.mm3,1,study3,8738,8738,NA,same,0,0,1,NA
raw,Eulemur fulvus,Eulemur fulvus,NA,Cerebellum,Cerebellum,Cerebellum_Vol.mm3,1,study3,3328,3328,NA,same,0,0,1,NA
raw,Galago senegalensis,Galago senegalensis,NA,Cerebellum,Cerebellum,Cerebellum_Vol.mm3,1,study3,672,672,NA,same,0,0,1,NA
raw,Galagoides demidoff,Galagoides demidoff,NA,Cerebellum,Cerebellum,Cerebellum_Vol.mm3,1,study3,413,413,NA,same,0,0,1,NA
raw,Gorilla gorilla,Gorilla gorilla,NA,Cerebellum,Cerebellum,Cerebellum_Vol.mm3,1,study3,69249,69249,NA,same,0,0,1,NA
raw,Homo sapiens,Homo sapiens,NA,Cerebellum,Cerebellum,Cerebellum_Vol.mm3,1,study3,137421,137421,NA,same,0,0,1,NA
raw,Hylobates lar,Hylobates lar,NA,Cerebellum,Cerebellum,Cerebellum_Vol.mm3,1,study3,12078,12078,NA,same,0,0,1,NA
raw,Indri indri,Indri indri,NA,Cerebellum,Cerebellum,Cerebellum_Vol.mm3,1,study3,5504,5504,NA,same,0,0,1,NA
raw,Lagothrix lagotricha,Lagothrix lagotricha,NA,Cerebellum,Cerebellum,Cerebellum_Vol.mm3,1,study3,11268,11268,NA,same,0,0,1,NA
raw,Lepilemur ruficaudatus,Lepilemur ruficaudatus,NA,Cerebellum,Cerebellum,Cerebellum_Vol.mm3,1,study3,1165,1165,NA,same,0,0,1,NA
raw,Lophocebus albigena,Lophocebus albigena,NA,Cerebellum,Cerebellum,Cerebellum_Vol.mm3,1,study3,10726,10726,NA,same,0,0,1,NA
raw,Loris tardigradus,Loris tardigradus,NA,Cerebellum,Cerebellum,Cerebellum_Vol.mm3,1,study3,728,728,NA,same,0,0,1,NA
raw,Macaca mulatta,Macaca mulatta,NA,Cerebellum,Cerebellum,Cerebellum_Vol.mm3,1,study3,8965,8965,NA,same,0,0,1,NA
raw,Microcebus murinus,Microcebus murinus,NA,Cerebellum,Cerebellum,Cerebellum_Vol.mm3,1,study3,234,234,NA,same,0,0,1,NA
raw,Miopithecus talapoin,Miopithecus talapoin,NA,Cerebellum,Cerebellum,Cerebellum_Vol.mm3,1,study3,3374,3374,NA,same,0,0,1,NA
raw,Nasalis larvatus,Nasalis larvatus,NA,Cerebellum,Cerebellum,Cerebellum_Vol.mm3,1,study3,12113,12113,NA,same,0,0,1,NA
raw,Nycticebus coucang,Nycticebus coucang,NA,Cerebellum,Cerebellum,Cerebellum_Vol.mm3,1,study3,1310,1310,NA,same,0,0,1,NA
raw,Otolemur crassicaudatus,Otolemur crassicaudatus,NA,Cerebellum,Cerebellum,Cerebellum_Vol.mm3,1,study3,1414,1414,NA,same,0,0,1,NA
raw,Pan troglodytes,Pan troglodytes,NA,Cerebellum,Cerebellum,Cerebellum_Vol.mm3,1,study3,43663,43663,NA,same,0,0,1,NA
raw,Papio anubis,Papio anubis,NA,Cerebellum,Cerebellum,Cerebellum_Vol.mm3,1,study3,18683,18683,NA,same,0,0,1,NA
raw,Perodicticus potto,Perodicticus potto,NA,Cerebellum,Cerebellum,Cerebellum_Vol.mm3,1,study3,1699,1699,NA,same,0,0,1,NA
raw,Piliocolobus badius,Piliocolobus badius,NA,Cerebellum,Cerebellum,Cerebellum_Vol.mm3,1,study3,8648,8648,NA,same,0,0,1,NA
raw,Pithecia monachus,Pithecia monachus,NA,Cerebellum,Cerebellum,Cerebellum_Vol.mm3,1,study3,3908,3908,NA,same,0,0,1,NA
raw,Plecturocebus moloch,Plecturocebus moloch,NA,Cerebellum,Cerebellum,Cerebellum_Vol.mm3,1,study3,1622,1622,NA,same,0,0,1,NA
raw,Pongo sp.,Pongo abelii,merge 'Pongo sp.' is a sensu lato mean (Bornean + Sumatran + hybrid); Stephan row is Sumatran,Cerebellum,Cerebellum,Cerebellum_Vol.mm3,1,study3,NA,42900,NA,volumes_wide_only,NA,NA,NA,NA
raw,Pongo sp.,Pongo pygmaeus,merge 'Pongo sp.' is a sensu lato mean (Bornean + Sumatran + hybrid); Stephan row is Bornean,Cerebellum,Cerebellum,Cerebellum_Vol.mm3,1,study3,42900,42900,NA,same,0,0,1,NA
raw,Propithecus verreauxi,Propithecus verreauxi,NA,Cerebellum,Cerebellum,Cerebellum_Vol.mm3,1,study3,3957,3957,NA,same,0,0,1,NA
raw,Pygathrix nemaeus,Pygathrix nemaeus,NA,Cerebellum,Cerebellum,Cerebellum_Vol.mm3,1,study3,8063,8063,NA,same,0,0,1,NA
raw,Saguinus midas,Saguinus midas,NA,Cerebellum,Cerebellum,Cerebellum_Vol.mm3,1,study3,1061,1061,NA,same,0,0,1,NA
raw,Saguinus oedipus,Saguinus oedipus,NA,Cerebellum,Cerebellum,Cerebellum_Vol.mm3,1,study3,984,984,NA,same,0,0,1,NA
raw,Saimiri sciureus,Saimiri sciureus,NA,Cerebellum,Cerebellum,Cerebellum_Vol.mm3,1,study3,2260,2260,NA,same,0,0,1,NA
raw,Tarsius syrichta,Tarsius syrichta,NA,Cerebellum,Cerebellum,Cerebellum_Vol.mm3,1,study3,428,428,NA,same,0,0,1,NA
raw,Varecia variegata,Varecia variegata,NA,Cerebellum,Cerebellum,Cerebellum_Vol.mm3,1,study3,4286,4286,NA,same,0,0,1,NA
raw,Alouatta seniculus,Alouatta seniculus,NA,Hippocampus,Hippocampus,Hippocampus_Vol.mm3,1,study3,1320,1320,NA,same,0,0,1,NA
raw,Aotus trivirgatus,Aotus trivirgatus,NA,Hippocampus,Hippocampus,Hippocampus_Vol.mm3,1,study3,539,539,NA,same,0,0,1,NA
raw,Ateles geoffroyi,Ateles geoffroyi,NA,Hippocampus,Hippocampus,Hippocampus_Vol.mm3,1,study3,1366,1366,NA,same,0,0,1,NA
raw,Avahi laniger,Avahi laniger,NA,Hippocampus,Hippocampus,Hippocampus_Vol.mm3,1,study3,526,526,NA,same,0,0,1,NA
raw,Avahi occidentalis,Avahi occidentalis,NA,Hippocampus,Hippocampus,Hippocampus_Vol.mm3,1,study3,476,476,NA,same,0,0,1,NA
raw,Callimico goeldii,Callimico goeldii,NA,Hippocampus,Hippocampus,Hippocampus_Vol.mm3,1,study3,281,281,NA,same,0,0,1,NA
raw,Callithrix jacchus,Callithrix jacchus,NA,Hippocampus,Hippocampus,Hippocampus_Vol.mm3,1,study3,221,221,NA,same,0,0,1,NA
raw,Cebuella pygmaea,Cebuella pygmaea,NA,Hippocampus,Hippocampus,Hippocampus_Vol.mm3,1,study3,133,NA,NA,Stephan_only,NA,NA,NA,NA
raw,Cebus albifrons,Cebus albifrons,NA,Hippocampus,Hippocampus,Hippocampus_Vol.mm3,1,study3,890,890,NA,same,0,0,1,NA
raw,Cercopithecus ascanius,Cercopithecus ascanius,NA,Hippocampus,Hippocampus,Hippocampus_Vol.mm3,1,study3,1189,1189,NA,same,0,0,1,NA
raw,Cercopithecus mitis,Cercopithecus mitis,NA,Hippocampus,Hippocampus,Hippocampus_Vol.mm3,1,study3,1366,1366,NA,same,0,0,1,NA
raw,Cheirogaleus major,Cheirogaleus major,NA,Hippocampus,Hippocampus,Hippocampus_Vol.mm3,1,study3,347,347,NA,same,0,0,1,NA
raw,Cheirogaleus medius,Cheirogaleus medius,NA,Hippocampus,Hippocampus,Hippocampus_Vol.mm3,1,study3,174,174,NA,same,0,0,1,NA
raw,Daubentonia madagascariensis,Daubentonia madagascariensis,NA,Hippocampus,Hippocampus,Hippocampus_Vol.mm3,1,study3,1776,1776,NA,same,0,0,1,NA
raw,Erythrocebus patas,Erythrocebus patas,NA,Hippocampus,Hippocampus,Hippocampus_Vol.mm3,1,study3,1591,1591,NA,same,0,0,1,NA
raw,Eulemur fulvus,Eulemur fulvus,NA,Hippocampus,Hippocampus,Hippocampus_Vol.mm3,1,study3,752,752,NA,same,0,0,1,NA
raw,Galago senegalensis,Galago senegalensis,NA,Hippocampus,Hippocampus,Hippocampus_Vol.mm3,1,study3,261,261,NA,same,0,0,1,NA
raw,Galagoides demidoff,Galagoides demidoff,NA,Hippocampus,Hippocampus,Hippocampus_Vol.mm3,1,study3,152,152,NA,same,0,0,1,NA
raw,Gorilla gorilla,Gorilla gorilla,NA,Hippocampus,Hippocampus,Hippocampus_Vol.mm3,1,study3,4781,4781,NA,same,0,0,1,NA
raw,Homo sapiens,Homo sapiens,NA,Hippocampus,Hippocampus,Hippocampus_Vol.mm3,1,study3,10287,10287,NA,same,0,0,1,NA
raw,Hylobates lar,Hylobates lar,NA,Hippocampus,Hippocampus,Hippocampus_Vol.mm3,1,study3,2673,2673,NA,same,0,0,1,NA
raw,Indri indri,Indri indri,NA,Hippocampus,Hippocampus,Hippocampus_Vol.mm3,1,study3,1520,1520,NA,same,0,0,1,NA
raw,Lagothrix lagotricha,Lagothrix lagotricha,NA,Hippocampus,Hippocampus,Hippocampus_Vol.mm3,1,study3,1586,1586,NA,same,0,0,1,NA
raw,Lepilemur ruficaudatus,Lepilemur ruficaudatus,NA,Hippocampus,Hippocampus,Hippocampus_Vol.mm3,1,study3,392,392,NA,same,0,0,1,NA
raw,Lophocebus albigena,Lophocebus albigena,NA,Hippocampus,Hippocampus,Hippocampus_Vol.mm3,1,study3,1485,1485,NA,same,0,0,1,NA
raw,Loris tardigradus,Loris tardigradus,NA,Hippocampus,Hippocampus,Hippocampus_Vol.mm3,1,study3,191,191,NA,same,0,0,1,NA
raw,Macaca mulatta,Macaca mulatta,NA,Hippocampus,Hippocampus,Hippocampus_Vol.mm3,1,study3,1353,1353,NA,same,0,0,1,NA
raw,Microcebus murinus,Microcebus murinus,NA,Hippocampus,Hippocampus,Hippocampus_Vol.mm3,1,study3,100,100,NA,same,0,0,1,NA
raw,Miopithecus talapoin,Miopithecus talapoin,NA,Hippocampus,Hippocampus,Hippocampus_Vol.mm3,1,study3,705,705,NA,same,0,0,1,NA
raw,Nasalis larvatus,Nasalis larvatus,NA,Hippocampus,Hippocampus,Hippocampus_Vol.mm3,1,study3,1966,1966,NA,same,0,0,1,NA
raw,Nycticebus coucang,Nycticebus coucang,NA,Hippocampus,Hippocampus,Hippocampus_Vol.mm3,1,study3,566,566,NA,same,0,0,1,NA
raw,Otolemur crassicaudatus,Otolemur crassicaudatus,NA,Hippocampus,Hippocampus,Hippocampus_Vol.mm3,1,study3,461,461,NA,same,0,0,1,NA
raw,Pan troglodytes,Pan troglodytes,NA,Hippocampus,Hippocampus,Hippocampus_Vol.mm3,1,study3,3779,3779,NA,same,0,0,1,NA
raw,Papio anubis,Papio anubis,NA,Hippocampus,Hippocampus,Hippocampus_Vol.mm3,1,study3,3398,3398,NA,same,0,0,1,NA
raw,Perodicticus potto,Perodicticus potto,NA,Hippocampus,Hippocampus,Hippocampus_Vol.mm3,1,study3,607,607,NA,same,0,0,1,NA
raw,Piliocolobus badius,Piliocolobus badius,NA,Hippocampus,Hippocampus,Hippocampus_Vol.mm3,1,study3,1671,1671,NA,same,0,0,1,NA
raw,Pithecia monachus,Pithecia monachus,NA,Hippocampus,Hippocampus,Hippocampus_Vol.mm3,1,study3,834,834,NA,same,0,0,1,NA
raw,Plecturocebus moloch,Plecturocebus moloch,NA,Hippocampus,Hippocampus,Hippocampus_Vol.mm3,1,study3,588,588,NA,same,0,0,1,NA
raw,Pongo sp.,Pongo abelii,merge 'Pongo sp.' is a sensu lato mean (Bornean + Sumatran + hybrid); Stephan row is Sumatran,Hippocampus,Hippocampus,Hippocampus_Vol.mm3,1,study3,NA,2700,NA,volumes_wide_only,NA,NA,NA,NA
raw,Pongo sp.,Pongo pygmaeus,merge 'Pongo sp.' is a sensu lato mean (Bornean + Sumatran + hybrid); Stephan row is Bornean,Hippocampus,Hippocampus,Hippocampus_Vol.mm3,1,study3,2700,2700,NA,same,0,0,1,NA
raw,Propithecus verreauxi,Propithecus verreauxi,NA,Hippocampus,Hippocampus,Hippocampus_Vol.mm3,1,study3,1043,1043,NA,same,0,0,1,NA
raw,Pygathrix nemaeus,Pygathrix nemaeus,NA,Hippocampus,Hippocampus,Hippocampus_Vol.mm3,1,study3,2295,2295,NA,same,0,0,1,NA
raw,Saguinus midas,Saguinus midas,NA,Hippocampus,Hippocampus,Hippocampus_Vol.mm3,1,study3,280,280,NA,same,0,0,1,NA
raw,Saguinus oedipus,Saguinus oedipus,NA,Hippocampus,Hippocampus,Hippocampus_Vol.mm3,1,study3,262,262,NA,same,0,0,1,NA
raw,Saimiri sciureus,Saimiri sciureus,NA,Hippocampus,Hippocampus,Hippocampus_Vol.mm3,1,study3,352,352,NA,same,0,0,1,NA
raw,Tarsius syrichta,Tarsius syrichta,NA,Hippocampus,Hippocampus,Hippocampus_Vol.mm3,1,study3,153,153,NA,same,0,0,1,NA
raw,Varecia variegata,Varecia variegata,NA,Hippocampus,Hippocampus,Hippocampus_Vol.mm3,1,study3,1404,1404,NA,same,0,0,1,NA
raw,Alouatta seniculus,Alouatta seniculus,NA,Nucleus dentatus cerebelli,Lateral_cerebellar_nuclei,Lateral_cerebellar_nuclei_Vol.mm3,1,study3,59.75,59.75,NA,same,0,0,1,NA
raw,Aotus trivirgatus,Aotus trivirgatus,NA,Nucleus dentatus cerebelli,Lateral_cerebellar_nuclei,Lateral_cerebellar_nuclei_Vol.mm3,1,study3,17.02,17.02,NA,same,0,0,1,NA
raw,Ateles geoffroyi,Ateles geoffroyi,NA,Nucleus dentatus cerebelli,Lateral_cerebellar_nuclei,Lateral_cerebellar_nuclei_Vol.mm3,1,study3,114.79,114.79,NA,same,0,0,1,NA
raw,Avahi laniger,Avahi laniger,NA,Nucleus dentatus cerebelli,Lateral_cerebellar_nuclei,Lateral_cerebellar_nuclei_Vol.mm3,1,study3,14.46,14.46,NA,same,0,0,1,NA
raw,Avahi occidentalis,Avahi occidentalis,NA,Nucleus dentatus cerebelli,Lateral_cerebellar_nuclei,Lateral_cerebellar_nuclei_Vol.mm3,1,study3,11.3,11.3,NA,same,0,0,1,NA
raw,Callithrix jacchus,Callithrix jacchus,NA,Nucleus dentatus cerebelli,Lateral_cerebellar_nuclei,Lateral_cerebellar_nuclei_Vol.mm3,1,study3,7.93,7.93,NA,same,0,0,1,NA
raw,Cebus albifrons,Cebus albifrons,NA,Nucleus dentatus cerebelli,Lateral_cerebellar_nuclei,Lateral_cerebellar_nuclei_Vol.mm3,1,study3,99.52,99.52,NA,same,0,0,1,NA
raw,Cercopithecus ascanius,Cercopithecus ascanius,NA,Nucleus dentatus cerebelli,Lateral_cerebellar_nuclei,Lateral_cerebellar_nuclei_Vol.mm3,1,study3,67.67,67.67,NA,same,0,0,1,NA
raw,Cercopithecus mitis,Cercopithecus mitis,NA,Nucleus dentatus cerebelli,Lateral_cerebellar_nuclei,Lateral_cerebellar_nuclei_Vol.mm3,1,study3,82.38,82.38,NA,same,0,0,1,NA
raw,Cheirogaleus major,Cheirogaleus major,NA,Nucleus dentatus cerebelli,Lateral_cerebellar_nuclei,Lateral_cerebellar_nuclei_Vol.mm3,1,study3,9.95,9.95,NA,same,0,0,1,NA
raw,Cheirogaleus medius,Cheirogaleus medius,NA,Nucleus dentatus cerebelli,Lateral_cerebellar_nuclei,Lateral_cerebellar_nuclei_Vol.mm3,1,study3,4.27,4.27,NA,same,0,0,1,NA
raw,Daubentonia madagascariensis,Daubentonia madagascariensis,NA,Nucleus dentatus cerebelli,Lateral_cerebellar_nuclei,Lateral_cerebellar_nuclei_Vol.mm3,1,study3,61.03,61.03,NA,same,0,0,1,NA
raw,Erythrocebus patas,Erythrocebus patas,NA,Nucleus dentatus cerebelli,Lateral_cerebellar_nuclei,Lateral_cerebellar_nuclei_Vol.mm3,1,study3,126.31,126.31,NA,same,0,0,1,NA
raw,Eulemur fulvus,Eulemur fulvus,NA,Nucleus dentatus cerebelli,Lateral_cerebellar_nuclei,Lateral_cerebellar_nuclei_Vol.mm3,1,study3,32.05,32.05,NA,same,0,0,1,NA
raw,Galago senegalensis,Galago senegalensis,NA,Nucleus dentatus cerebelli,Lateral_cerebellar_nuclei,Lateral_cerebellar_nuclei_Vol.mm3,1,study3,4.4,4.4,NA,same,0,0,1,NA
raw,Galagoides demidoff,Galagoides demidoff,NA,Nucleus dentatus cerebelli,Lateral_cerebellar_nuclei,Lateral_cerebellar_nuclei_Vol.mm3,1,study3,3.06,3.06,NA,same,0,0,1,NA
raw,Gorilla gorilla,Gorilla gorilla,NA,Nucleus dentatus cerebelli,Lateral_cerebellar_nuclei,Lateral_cerebellar_nuclei_Vol.mm3,1,study3,534.6,534.6,NA,same,0,0,1,NA
raw,Homo sapiens,Homo sapiens,NA,Nucleus dentatus cerebelli,Lateral_cerebellar_nuclei,Lateral_cerebellar_nuclei_Vol.mm3,1,study3,1166.9,1166.9,NA,same,0,0,1,NA
raw,Hylobates lar,Hylobates lar,NA,Nucleus dentatus cerebelli,Lateral_cerebellar_nuclei,Lateral_cerebellar_nuclei_Vol.mm3,1,study3,141.08,141.08,NA,same,0,0,1,NA
raw,Indri indri,Indri indri,NA,Nucleus dentatus cerebelli,Lateral_cerebellar_nuclei,Lateral_cerebellar_nuclei_Vol.mm3,1,study3,56.31,56.31,NA,same,0,0,1,NA
raw,Lagothrix lagotricha,Lagothrix lagotricha,NA,Nucleus dentatus cerebelli,Lateral_cerebellar_nuclei,Lateral_cerebellar_nuclei_Vol.mm3,1,study3,108.57,108.57,NA,same,0,0,1,NA
raw,Lepilemur ruficaudatus,Lepilemur ruficaudatus,NA,Nucleus dentatus cerebelli,Lateral_cerebellar_nuclei,Lateral_cerebellar_nuclei_Vol.mm3,1,study3,9.35,9.35,NA,same,0,0,1,NA
raw,Lophocebus albigena,Lophocebus albigena,NA,Nucleus dentatus cerebelli,Lateral_cerebellar_nuclei,Lateral_cerebellar_nuclei_Vol.mm3,1,study3,113.33,113.33,NA,same,0,0,1,NA
raw,Loris tardigradus,Loris tardigradus,NA,Nucleus dentatus cerebelli,Lateral_cerebellar_nuclei,Lateral_cerebellar_nuclei_Vol.mm3,1,study3,5.76,5.76,NA,same,0,0,1,NA
raw,Macaca mulatta,Macaca mulatta,NA,Nucleus dentatus cerebelli,Lateral_cerebellar_nuclei,Lateral_cerebellar_nuclei_Vol.mm3,1,study3,106.94,106.94,NA,same,0,0,1,NA
raw,Microcebus murinus,Microcebus murinus,NA,Nucleus dentatus cerebelli,Lateral_cerebellar_nuclei,Lateral_cerebellar_nuclei_Vol.mm3,1,study3,2.11,2.11,NA,same,0,0,1,NA
raw,Miopithecus talapoin,Miopithecus talapoin,NA,Nucleus dentatus cerebelli,Lateral_cerebellar_nuclei,Lateral_cerebellar_nuclei_Vol.mm3,1,study3,33.84,33.84,NA,same,0,0,1,NA
raw,Nasalis larvatus,Nasalis larvatus,NA,Nucleus dentatus cerebelli,Lateral_cerebellar_nuclei,Lateral_cerebellar_nuclei_Vol.mm3,1,study3,149.33,149.33,NA,same,0,0,1,NA
raw,Nycticebus coucang,Nycticebus coucang,NA,Nucleus dentatus cerebelli,Lateral_cerebellar_nuclei,Lateral_cerebellar_nuclei_Vol.mm3,1,study3,14.03,14.03,NA,same,0,0,1,NA
raw,Otolemur crassicaudatus,Otolemur crassicaudatus,NA,Nucleus dentatus cerebelli,Lateral_cerebellar_nuclei,Lateral_cerebellar_nuclei_Vol.mm3,1,study3,9.64,9.64,NA,same,0,0,1,NA
raw,Pan troglodytes,Pan troglodytes,NA,Nucleus dentatus cerebelli,Lateral_cerebellar_nuclei,Lateral_cerebellar_nuclei_Vol.mm3,1,study3,455.83,455.83,NA,same,0,0,1,NA
raw,Papio anubis,Papio anubis,NA,Nucleus dentatus cerebelli,Lateral_cerebellar_nuclei,Lateral_cerebellar_nuclei_Vol.mm3,1,study3,220.35,220.35,NA,same,0,0,1,NA
raw,Perodicticus potto,Perodicticus potto,NA,Nucleus dentatus cerebelli,Lateral_cerebellar_nuclei,Lateral_cerebellar_nuclei_Vol.mm3,1,study3,12.25,12.25,NA,same,0,0,1,NA
raw,Piliocolobus badius,Piliocolobus badius,NA,Nucleus dentatus cerebelli,Lateral_cerebellar_nuclei,Lateral_cerebellar_nuclei_Vol.mm3,1,study3,98.52,98.52,NA,same,0,0,1,NA
raw,Pithecia monachus,Pithecia monachus,NA,Nucleus dentatus cerebelli,Lateral_cerebellar_nuclei,Lateral_cerebellar_nuclei_Vol.mm3,1,study3,53.67,53.67,NA,same,0,0,1,NA
raw,Plecturocebus moloch,Plecturocebus moloch,NA,Nucleus dentatus cerebelli,Lateral_cerebellar_nuclei,Lateral_cerebellar_nuclei_Vol.mm3,1,study3,21.24,21.24,NA,same,0,0,1,NA
raw,Propithecus verreauxi,Propithecus verreauxi,NA,Nucleus dentatus cerebelli,Lateral_cerebellar_nuclei,Lateral_cerebellar_nuclei_Vol.mm3,1,study3,39.46,39.46,NA,same,0,0,1,NA
raw,Pygathrix nemaeus,Pygathrix nemaeus,NA,Nucleus dentatus cerebelli,Lateral_cerebellar_nuclei,Lateral_cerebellar_nuclei_Vol.mm3,1,study3,137.05,137.05,NA,same,0,0,1,NA
raw,Saguinus midas,Saguinus midas,NA,Nucleus dentatus cerebelli,Lateral_cerebellar_nuclei,Lateral_cerebellar_nuclei_Vol.mm3,1,study3,7.75,7.75,NA,same,0,0,1,NA
raw,Saguinus oedipus,Saguinus oedipus,NA,Nucleus dentatus cerebelli,Lateral_cerebellar_nuclei,Lateral_cerebellar_nuclei_Vol.mm3,1,study3,8.8,8.8,NA,same,0,0,1,NA
raw,Saimiri sciureus,Saimiri sciureus,NA,Nucleus dentatus cerebelli,Lateral_cerebellar_nuclei,Lateral_cerebellar_nuclei_Vol.mm3,1,study3,27.2,27.2,NA,same,0,0,1,NA
raw,Tarsius syrichta,Tarsius syrichta,NA,Nucleus dentatus cerebelli,Lateral_cerebellar_nuclei,Lateral_cerebellar_nuclei_Vol.mm3,1,study3,3.37,3.37,NA,same,0,0,1,NA
raw,Varecia variegata,Varecia variegata,NA,Nucleus dentatus cerebelli,Lateral_cerebellar_nuclei,Lateral_cerebellar_nuclei_Vol.mm3,1,study3,37.45,37.45,NA,same,0,0,1,NA
model,Alouatta_caraya,Alouatta_caraya,NA,Preferred brain volume,Preferred_brain_volume,Preferred_brain_volume,1,report_only,53861,53861,yes,same,0,0,1,NA
model,Ateles_geoffroyi,Ateles_geoffroyi,NA,Preferred brain volume,Preferred_brain_volume,Preferred_brain_volume,1,report_only,102700,102700,yes,same,0,0,1,NA
model,Avahi_laniger,Avahi_laniger,NA,Preferred brain volume,Preferred_brain_volume,Preferred_brain_volume,1,report_only,9256.8,9798,yes,DIFFERENT,0.05523576240048997,5.846512833808668,1.0584651283380866,NA
model,Callithrix_pygmaea,Callithrix_pygmaea,NA,Preferred brain volume,Preferred_brain_volume,Preferred_brain_volume,1,report_only,4005.8,4302,yes,DIFFERENT,0.06885169688516965,7.394278296470113,1.073942782964701,NA
model,Cebus_albifrons,Cebus_albifrons,NA,Preferred brain volume,Preferred_brain_volume,Preferred_brain_volume,1,report_only,77027,77027,yes,same,0,0,1,NA
model,Cercocebus_agilis,Cercocebus_agilis,NA,Preferred brain volume,Preferred_brain_volume,Preferred_brain_volume,1,report_only,91988,91988,yes,same,0,0,1,NA
model,Cercopithecus_mitis,Cercopithecus_mitis,NA,Preferred brain volume,Preferred_brain_volume,Preferred_brain_volume,1,report_only,69112,69112,yes,same,0,0,1,NA
model,Colobus_angolensis,Colobus_angolensis,NA,Preferred brain volume,Preferred_brain_volume,Preferred_brain_volume,1,report_only,71815,71815,yes,same,0,0,1,NA
model,Galagoides_demidoff,Galagoides_demidoff,NA,Preferred brain volume,Preferred_brain_volume,Preferred_brain_volume,1,report_only,3185.3,3185.3,yes,same,0,0,1,NA
model,Gorilla_gorilla,Gorilla_gorilla,NA,Preferred brain volume,Preferred_brain_volume,Preferred_brain_volume,1,report_only,401785,401785,yes,same,0,0,1,NA
model,Homo_sapiens,Homo_sapiens,NA,Preferred brain volume,Preferred_brain_volume,Preferred_brain_volume,1,report_only,1357820,1357820,yes,same,0,0,1,NA
model,Hylobates_lar,Hylobates_lar,NA,Preferred brain volume,Preferred_brain_volume,Preferred_brain_volume,1,report_only,88803,88803,yes,same,0,0,1,NA
model,Hylobates_muelleri,Hylobates_muelleri,NA,Preferred brain volume,Preferred_brain_volume,Preferred_brain_volume,1,report_only,98263,98263,yes,same,0,0,1,NA
model,Indri_indri,Indri_indri,NA,Preferred brain volume,Preferred_brain_volume,Preferred_brain_volume,1,report_only,32481,32481,yes,same,0,0,1,NA
model,Leontopithecus_rosalia,Leontopithecus_rosalia,NA,Preferred brain volume,Preferred_brain_volume,Preferred_brain_volume,1,report_only,12259,12259,yes,same,0,0,1,NA
model,Lophocebus_albigena,Lophocebus_albigena,NA,Preferred brain volume,Preferred_brain_volume,Preferred_brain_volume,1,report_only,106660,106660,yes,same,0,0,1,NA
model,Loris_tardigradus,Loris_tardigradus,NA,Preferred brain volume,Preferred_brain_volume,Preferred_brain_volume,1,report_only,6612,6612,yes,same,0,0,1,NA
model,Macaca_maura,Macaca_maura,NA,Preferred brain volume,Preferred_brain_volume,Preferred_brain_volume,1,report_only,80405,80405,yes,same,0,0,1,NA
model,Pan_paniscus,Pan_paniscus,NA,Preferred brain volume,Preferred_brain_volume,Preferred_brain_volume,1,report_only,339766.6667,339766.666666667,yes,same,9.810563466826249e-11,-9.810563466826248e-9,0.9999999999018944,NA
model,Pan_troglodytes,Pan_troglodytes,NA,Preferred brain volume,Preferred_brain_volume,Preferred_brain_volume,1,report_only,330790,330790,yes,same,0,0,1,NA
model,Perodicticus_potto,Perodicticus_potto,NA,Preferred brain volume,Preferred_brain_volume,Preferred_brain_volume,1,report_only,11100,11100,yes,same,0,0,1,NA
model,Piliocolobus_badius,Piliocolobus_badius,NA,Preferred brain volume,Preferred_brain_volume,Preferred_brain_volume,1,report_only,72394,72394,yes,same,0,0,1,NA
model,Pithecia_pithecia,Pithecia_pithecia,NA,Preferred brain volume,Preferred_brain_volume,Preferred_brain_volume,1,report_only,28958,28958,yes,same,0,0,1,NA
model,Pongo_abelii,Pongo_abelii,NA,Preferred brain volume,Preferred_brain_volume,Preferred_brain_volume,1,report_only,333880,NA,yes,Stephan_only,NA,NA,NA,NA
model,Pongo_pygmaeus,Pongo_pygmaeus,NA,Preferred brain volume,Preferred_brain_volume,Preferred_brain_volume,1,report_only,347970,NA,yes,Stephan_only,NA,NA,NA,NA
model,Saguinus_geoffroyi,Saguinus_geoffroyi,NA,Preferred brain volume,Preferred_brain_volume,Preferred_brain_volume,1,report_only,10135,10135,yes,same,0,0,1,NA
model,Saguinus_oedipus,Saguinus_oedipus,NA,Preferred brain volume,Preferred_brain_volume,Preferred_brain_volume,1,report_only,8938.2,8938.2,yes,same,0,0,1,NA
model,Symphalangus_syndactylus,Symphalangus_syndactylus,NA,Preferred brain volume,Preferred_brain_volume,Preferred_brain_volume,1,report_only,133880,133880,yes,same,0,0,1,NA
model,Trachypithecus_francoisi,Trachypithecus_francoisi,NA,Preferred brain volume,Preferred_brain_volume,Preferred_brain_volume,1,report_only,98552,98552,yes,same,0,0,1,NA
model,Varecia_variegata,Varecia_variegata,NA,Preferred brain volume,Preferred_brain_volume,Preferred_brain_volume,1,report_only,30405,30405,yes,same,0,0,1,NA
model,Alouatta_seniculus,Alouatta_seniculus,NA,Preferred brain volume,Preferred_brain_volume,Preferred_brain_volume,1,report_only,50193.05,49009,yes,DIFFERENT,0.023589919321499748,-2.3589919321499746,0.9764100806785002,NA
model,Aotus_trivirgatus,Aotus_trivirgatus,NA,Preferred brain volume,Preferred_brain_volume,Preferred_brain_volume,1,report_only,16505.79,16195,yes,DIFFERENT,0.01882915025575879,-1.8829150255758789,0.9811708497442412,NA
model,Avahi_occidentalis,Avahi_occidentalis,NA,Preferred brain volume,Preferred_brain_volume,Preferred_brain_volume,1,report_only,9124,9256.8,yes,DIFFERENT,0.014346210353469804,1.4555019728189311,1.0145550197281894,NA
model,Callimico_goeldii,Callimico_goeldii,NA,Preferred brain volume,Preferred_brain_volume,Preferred_brain_volume,1,report_only,10510,10510,yes,same,0,0,1,NA
model,Callithrix_jacchus,Callithrix_jacchus,NA,Preferred brain volume,Preferred_brain_volume,Preferred_brain_volume,1,report_only,7335.91,7241,yes,DIFFERENT,0.012937726880509693,-1.2937726880509692,0.9870622731194904,NA
model,Cercopithecus_ascanius,Cercopithecus_ascanius,NA,Preferred brain volume,Preferred_brain_volume,Preferred_brain_volume,1,report_only,64671.81,63505,yes,DIFFERENT,0.018042018616766683,-1.8042018616766682,0.9819579813832333,NA
model,Cheirogaleus_major,Cheirogaleus_major,NA,Preferred brain volume,Preferred_brain_volume,Preferred_brain_volume,1,report_only,6563.71,6373,yes,DIFFERENT,0.02905521420050551,-2.905521420050551,0.9709447857994945,NA
model,Cheirogaleus_medius,Cheirogaleus_medius,NA,Preferred brain volume,Preferred_brain_volume,Preferred_brain_volume,1,report_only,3030.89,2961,yes,DIFFERENT,0.02305923342648525,-2.305923342648525,0.9769407665735147,NA
model,Daubentonia_madagascariensis,Daubentonia_madagascariensis,NA,Preferred brain volume,Preferred_brain_volume,Preferred_brain_volume,1,report_only,43581.08,42611,yes,DIFFERENT,0.022259200552166254,-2.2259200552166254,0.9777407994478338,NA
model,Erythrocebus_patas,Erythrocebus_patas,NA,Preferred brain volume,Preferred_brain_volume,Preferred_brain_volume,1,report_only,103167,103167,yes,same,0,0,1,NA
model,Eulemur_fulvus,Eulemur_fulvus,NA,Preferred brain volume,Preferred_brain_volume,Preferred_brain_volume,1,report_only,22490.35,22106,yes,DIFFERENT,0.01708955174108,-1.708955174108,0.98291044825892,NA
model,Galago_senegalensis,Galago_senegalensis,NA,Preferred brain volume,Preferred_brain_volume,Preferred_brain_volume,1,report_only,4633.2,4512,yes,DIFFERENT,0.02615902615902612,-2.615902615902612,0.9738409738409739,NA
model,Lagothrix_lagotricha,Lagothrix_lagotricha,NA,Preferred brain volume,Preferred_brain_volume,Preferred_brain_volume,1,report_only,97490.35,95503,yes,DIFFERENT,0.0203850945247402,-2.03850945247402,0.9796149054752598,NA
model,Lepilemur_ruficaudatus,Lepilemur_ruficaudatus,NA,Preferred brain volume,Preferred_brain_volume,Preferred_brain_volume,1,report_only,7335.91,7175,yes,DIFFERENT,0.021934565718499797,-2.1934565718499797,0.9780654342815002,NA
model,Macaca_fascicularis,Macaca_fascicularis,NA,Preferred brain volume,Preferred_brain_volume,Preferred_brain_volume,1,report_only,55598.46,55600,yes,rounding,2.769784172663441e-5,0.002769860891832028,1.0000276986089183,NA
model,Macaca_mulatta,Macaca_mulatta,NA,Preferred brain volume,Preferred_brain_volume,Preferred_brain_volume,1,report_only,89768.34,87896,yes,DIFFERENT,0.020857464892410804,-2.0857464892410804,0.9791425351075892,NA
model,Microcebus_murinus,Microcebus_murinus,NA,Preferred brain volume,Preferred_brain_volume,Preferred_brain_volume,1,report_only,1718.15,1680,yes,DIFFERENT,0.022204114891016553,-2.220411489101655,0.9777958851089834,NA
model,Miopithecus_talapoin,Miopithecus_talapoin,NA,Preferred brain volume,Preferred_brain_volume,Preferred_brain_volume,1,report_only,38610.04,37776,yes,DIFFERENT,0.021601635222341153,-2.1601635222341153,0.9783983647776588,NA
model,Nasalis_larvatus,Nasalis_larvatus,NA,Preferred brain volume,Preferred_brain_volume,Preferred_brain_volume,1,report_only,92797,92797,yes,same,0,0,1,NA
model,Nycticebus_coucang,Nycticebus_coucang,NA,Preferred brain volume,Preferred_brain_volume,Preferred_brain_volume,1,report_only,12065.64,11755,yes,DIFFERENT,0.02574583693861241,-2.574583693861241,0.9742541630613876,NA
model,Otolemur_crassicaudatus,Otolemur_crassicaudatus,NA,Preferred brain volume,Preferred_brain_volume,Preferred_brain_volume,1,report_only,9942.08,9668,yes,DIFFERENT,0.027567671955968966,-2.7567671955968964,0.972432328044031,NA
model,Papio_anubis,Papio_anubis,NA,Preferred brain volume,Preferred_brain_volume,Preferred_brain_volume,1,report_only,194015.44,190957,yes,DIFFERENT,0.01576390002775038,-1.5763900027750382,0.9842360999722496,NA
model,Pithecia_monachus,Pithecia_monachus,NA,Preferred brain volume,Preferred_brain_volume,Preferred_brain_volume,1,report_only,33783.78,32867,yes,DIFFERENT,0.027136691039309362,-2.713669103930936,0.9728633089606906,NA
model,Plecturocebus_moloch,Plecturocebus_moloch,NA,Preferred brain volume,Preferred_brain_volume,Preferred_brain_volume,1,report_only,18339.77,17944,yes,DIFFERENT,0.021579878046453168,-2.157987804645317,0.9784201219535469,NA
model,Propithecus_verreauxi,Propithecus_verreauxi,NA,Preferred brain volume,Preferred_brain_volume,Preferred_brain_volume,1,report_only,25772.2,25194,yes,DIFFERENT,0.022435026889439037,-2.2435026889439036,0.977564973110561,NA
model,Pygathrix_nemaeus,Pygathrix_nemaeus,NA,Preferred brain volume,Preferred_brain_volume,Preferred_brain_volume,1,report_only,72530,72530,yes,same,0,0,1,NA
model,Saguinus_midas,Saguinus_midas,NA,Preferred brain volume,Preferred_brain_volume,Preferred_brain_volume,1,report_only,9942.08,9569,yes,DIFFERENT,0.037525346808716074,-3.752534680871608,0.9624746531912839,NA
model,Saimiri_sciureus,Saimiri_sciureus,NA,Preferred brain volume,Preferred_brain_volume,Preferred_brain_volume,1,report_only,23166.02,22572,yes,DIFFERENT,0.025641866837721818,-2.564186683772182,0.9743581331622782,NA
model,Tarsius_syrichta,Tarsius_syrichta,NA,Preferred brain volume,Preferred_brain_volume,Preferred_brain_volume,1,report_only,3474.9,3393,yes,DIFFERENT,0.023569023569023594,-2.3569023569023595,0.9764309764309764,NA
model,Ateles_geoffroyi,Ateles_geoffroyi,NA,Corpus geniculatum laterale,LGN_Sousa,Corpus_geniculatum_laterale_Vol.mm3,1,study3,151,151,yes,same,0,0,1,NA
model,Avahi_laniger,Avahi_laniger,NA,Corpus geniculatum laterale,LGN_Sousa,Corpus_geniculatum_laterale_Vol.mm3,1,study3,27.6,27.6,yes,same,0,0,1,NA
model,Callithrix_pygmaea,Callithrix_pygmaea,NA,Corpus geniculatum laterale,LGN_Sousa,Corpus_geniculatum_laterale_Vol.mm3,1,study3,16.9,NA,yes,Stephan_only,NA,NA,NA,NA
model,Cebus_albifrons,Cebus_albifrons,NA,Corpus geniculatum laterale,LGN_Sousa,Corpus_geniculatum_laterale_Vol.mm3,1,study3,137,137,yes,same,0,0,1,NA
model,Cercopithecus_mitis,Cercopithecus_mitis,NA,Corpus geniculatum laterale,LGN_Sousa,Corpus_geniculatum_laterale_Vol.mm3,1,study3,150,167.2,yes,DIFFERENT,0.10287081339712913,11.46666666666666,1.1146666666666667,NA
model,Colobus_angolensis,Colobus_angolensis,NA,Corpus geniculatum laterale,LGN_Sousa,Corpus_geniculatum_laterale_Vol.mm3,1,study3,103,103,yes,same,0,0,1,NA
model,Galagoides_demidoff,Galagoides_demidoff,NA,Corpus geniculatum laterale,LGN_Sousa,Corpus_geniculatum_laterale_Vol.mm3,1,study3,10.9,10.9,yes,same,0,0,1,NA
model,Gorilla_gorilla,Gorilla_gorilla,NA,Corpus geniculatum laterale,LGN_Sousa,Corpus_geniculatum_laterale_Vol.mm3,1,study3,308.5,300.1,yes,DIFFERENT,0.027228525121555842,-2.722852512155584,0.9727714748784442,NA
model,Homo_sapiens,Homo_sapiens,NA,Corpus geniculatum laterale,LGN_Sousa,Corpus_geniculatum_laterale_Vol.mm3,1,study3,335,335,yes,same,0,0,1,NA
model,Hylobates_lar,Hylobates_lar,NA,Corpus geniculatum laterale,LGN_Sousa,Corpus_geniculatum_laterale_Vol.mm3,1,study3,166.2,166.2,yes,same,0,0,1,NA
model,Hylobates_muelleri,Hylobates_muelleri,NA,Corpus geniculatum laterale,LGN_Sousa,Corpus_geniculatum_laterale_Vol.mm3,1,study3,162,161.6,yes,rounding,0.002469135802469171,-0.2469135802469171,0.9975308641975308,NA
model,Indri_indri,Indri_indri,NA,Corpus geniculatum laterale,LGN_Sousa,Corpus_geniculatum_laterale_Vol.mm3,1,study3,94.5,94.5,yes,same,0,0,1,NA
model,Lophocebus_albigena,Lophocebus_albigena,NA,Corpus geniculatum laterale,LGN_Sousa,Corpus_geniculatum_laterale_Vol.mm3,1,study3,182,182,yes,same,0,0,1,NA
model,Loris_tardigradus,Loris_tardigradus,NA,Corpus geniculatum laterale,LGN_Sousa,Corpus_geniculatum_laterale_Vol.mm3,1,study3,24.6,24.6,yes,same,0,0,1,NA
model,Pan_paniscus,Pan_paniscus,NA,Corpus geniculatum laterale,LGN_Sousa,Corpus_geniculatum_laterale_Vol.mm3,1,study3,275.1,282.3,yes,DIFFERENT,0.025504782146652458,2.6172300981461243,1.0261723009814612,NA
model,Pan_troglodytes,Pan_troglodytes,NA,Corpus geniculatum laterale,LGN_Sousa,Corpus_geniculatum_laterale_Vol.mm3,1,study3,250.7,344,yes,DIFFERENT,0.27122093023255817,37.21579577183886,1.3721579577183887,NA
model,Perodicticus_potto,Perodicticus_potto,NA,Corpus geniculatum laterale,LGN_Sousa,Corpus_geniculatum_laterale_Vol.mm3,1,study3,24.3,24.3,yes,same,0,0,1,NA
model,Piliocolobus_badius,Piliocolobus_badius,NA,Corpus geniculatum laterale,LGN_Sousa,Corpus_geniculatum_laterale_Vol.mm3,1,study3,128,128,yes,same,0,0,1,NA
model,Pongo_pygmaeus,Pongo_pygmaeus,NA,Corpus geniculatum laterale,LGN_Sousa,Corpus_geniculatum_laterale_Vol.mm3,1,study3,259.1,NA,yes,Stephan_only,NA,NA,NA,NA
model,Saguinus_oedipus,Saguinus_oedipus,NA,Corpus geniculatum laterale,LGN_Sousa,Corpus_geniculatum_laterale_Vol.mm3,1,study3,34.2,34.2,yes,same,0,0,1,NA
model,Varecia_variegata,Varecia_variegata,NA,Corpus geniculatum laterale,LGN_Sousa,Corpus_geniculatum_laterale_Vol.mm3,1,study3,68.9,68.9,yes,same,0,0,1,NA
model,Alouatta_seniculus,Alouatta_seniculus,NA,Corpus geniculatum laterale,LGN_Sousa,Corpus_geniculatum_laterale_Vol.mm3,1,study3,87.4,87.4,yes,same,0,0,1,NA
model,Aotus_trivirgatus,Aotus_trivirgatus,NA,Corpus geniculatum laterale,LGN_Sousa,Corpus_geniculatum_laterale_Vol.mm3,1,study3,32.9,32.9,yes,same,0,0,1,NA
model,Avahi_occidentalis,Avahi_occidentalis,NA,Corpus geniculatum laterale,LGN_Sousa,Corpus_geniculatum_laterale_Vol.mm3,1,study3,29.3,29.3,yes,same,0,0,1,NA
model,Callithrix_jacchus,Callithrix_jacchus,NA,Corpus geniculatum laterale,LGN_Sousa,Corpus_geniculatum_laterale_Vol.mm3,1,study3,25.1,25.1,yes,same,0,0,1,NA
model,Cercopithecus_ascanius,Cercopithecus_ascanius,NA,Corpus geniculatum laterale,LGN_Sousa,Corpus_geniculatum_laterale_Vol.mm3,1,study3,147,147,yes,same,0,0,1,NA
model,Cheirogaleus_major,Cheirogaleus_major,NA,Corpus geniculatum laterale,LGN_Sousa,Corpus_geniculatum_laterale_Vol.mm3,1,study3,21.5,21.5,yes,same,0,0,1,NA
model,Cheirogaleus_medius,Cheirogaleus_medius,NA,Corpus geniculatum laterale,LGN_Sousa,Corpus_geniculatum_laterale_Vol.mm3,1,study3,10.8,10.8,yes,same,0,0,1,NA
model,Daubentonia_madagascariensis,Daubentonia_madagascariensis,NA,Corpus geniculatum laterale,LGN_Sousa,Corpus_geniculatum_laterale_Vol.mm3,1,study3,58.5,58.5,yes,same,0,0,1,NA
model,Erythrocebus_patas,Erythrocebus_patas,NA,Corpus geniculatum laterale,LGN_Sousa,Corpus_geniculatum_laterale_Vol.mm3,1,study3,267,266.8,yes,rounding,7.490636704119424e-4,-0.07490636704119424,0.9992509363295881,NA
model,Eulemur_fulvus,Eulemur_fulvus,NA,Corpus geniculatum laterale,LGN_Sousa,Corpus_geniculatum_laterale_Vol.mm3,1,study3,51.8,51.8,yes,same,0,0,1,NA
model,Galago_senegalensis,Galago_senegalensis,NA,Corpus geniculatum laterale,LGN_Sousa,Corpus_geniculatum_laterale_Vol.mm3,1,study3,16,16,yes,same,0,0,1,NA
model,Lagothrix_lagotricha,Lagothrix_lagotricha,NA,Corpus geniculatum laterale,LGN_Sousa,Corpus_geniculatum_laterale_Vol.mm3,1,study3,164,164,yes,same,0,0,1,NA
model,Lepilemur_ruficaudatus,Lepilemur_ruficaudatus,NA,Corpus geniculatum laterale,LGN_Sousa,Corpus_geniculatum_laterale_Vol.mm3,1,study3,15.6,15.6,yes,same,0,0,1,NA
model,Macaca_fascicularis,Macaca_fascicularis,NA,Corpus geniculatum laterale,LGN_Sousa,Corpus_geniculatum_laterale_Vol.mm3,1,study3,91.9,91.9,yes,same,0,0,1,NA
model,Macaca_mulatta,Macaca_mulatta,NA,Corpus geniculatum laterale,LGN_Sousa,Corpus_geniculatum_laterale_Vol.mm3,1,study3,158,158,yes,same,0,0,1,NA
model,Microcebus_murinus,Microcebus_murinus,NA,Corpus geniculatum laterale,LGN_Sousa,Corpus_geniculatum_laterale_Vol.mm3,1,study3,7.1,7.07,yes,rounding,0.004225352112675967,-0.42253521126759663,0.9957746478873241,NA
model,Miopithecus_talapoin,Miopithecus_talapoin,NA,Corpus geniculatum laterale,LGN_Sousa,Corpus_geniculatum_laterale_Vol.mm3,1,study3,109,109,yes,same,0,0,1,NA
model,Nasalis_larvatus,Nasalis_larvatus,NA,Corpus geniculatum laterale,LGN_Sousa,Corpus_geniculatum_laterale_Vol.mm3,1,study3,157,156.6,yes,rounding,0.002547770700636979,-0.2547770700636979,0.9974522292993631,NA
model,Nycticebus_coucang,Nycticebus_coucang,NA,Corpus geniculatum laterale,LGN_Sousa,Corpus_geniculatum_laterale_Vol.mm3,1,study3,35.9,35.9,yes,same,0,0,1,NA
model,Otolemur_crassicaudatus,Otolemur_crassicaudatus,NA,Corpus geniculatum laterale,LGN_Sousa,Corpus_geniculatum_laterale_Vol.mm3,1,study3,23.2,23.2,yes,same,0,0,1,NA
model,Papio_anubis,Papio_anubis,NA,Corpus geniculatum laterale,LGN_Sousa,Corpus_geniculatum_laterale_Vol.mm3,1,study3,395,395,yes,same,0,0,1,NA
model,Pithecia_monachus,Pithecia_monachus,NA,Corpus geniculatum laterale,LGN_Sousa,Corpus_geniculatum_laterale_Vol.mm3,1,study3,76.3,76.3,yes,same,0,0,1,NA
model,Plecturocebus_moloch,Plecturocebus_moloch,NA,Corpus geniculatum laterale,LGN_Sousa,Corpus_geniculatum_laterale_Vol.mm3,1,study3,54.2,54.2,yes,same,0,0,1,NA
model,Propithecus_verreauxi,Propithecus_verreauxi,NA,Corpus geniculatum laterale,LGN_Sousa,Corpus_geniculatum_laterale_Vol.mm3,1,study3,64.5,64.5,yes,same,0,0,1,NA
model,Pygathrix_nemaeus,Pygathrix_nemaeus,NA,Corpus geniculatum laterale,LGN_Sousa,Corpus_geniculatum_laterale_Vol.mm3,1,study3,115,114.8,yes,rounding,0.0017391304347826335,-0.17391304347826333,0.9982608695652173,NA
model,Saguinus_midas,Saguinus_midas,NA,Corpus geniculatum laterale,LGN_Sousa,Corpus_geniculatum_laterale_Vol.mm3,1,study3,36,36.8,yes,DIFFERENT,0.021739130434782532,2.2222222222222143,1.0222222222222221,NA
model,Saimiri_sciureus,Saimiri_sciureus,NA,Corpus geniculatum laterale,LGN_Sousa,Corpus_geniculatum_laterale_Vol.mm3,1,study3,62.9,62.9,yes,same,0,0,1,NA
model,Tarsius_syrichta,Tarsius_syrichta,NA,Corpus geniculatum laterale,LGN_Sousa,Corpus_geniculatum_laterale_Vol.mm3,1,study3,20.8,20.8,yes,same,0,0,1,NA
model,Cebus_albifrons,Cebus_albifrons,NA,Amygdala,Amygdala,Amygdala_Vol.mm3,1,study3,502,502,yes,same,0,0,1,NA
model,Galagoides_demidoff,Galagoides_demidoff,NA,Amygdala,Amygdala,Amygdala_Vol.mm3,1,study3,50.2,50.2,yes,same,0,0,1,NA
model,Homo_sapiens,Homo_sapiens,NA,Amygdala,Amygdala,Amygdala_Vol.mm3,1,study3,3015,3015,yes,same,0,0,1,NA
model,Piliocolobus_badius,Piliocolobus_badius,NA,Amygdala,Amygdala,Amygdala_Vol.mm3,1,study3,479,479,yes,same,0,0,1,NA
model,Pongo_pygmaeus,Pongo_pygmaeus,NA,Amygdala,Amygdala,Amygdala_Vol.mm3,1,study3,1400,NA,yes,Stephan_only,NA,NA,NA,NA
model,Alouatta_seniculus,Alouatta_seniculus,NA,Amygdala,Amygdala,Amygdala_Vol.mm3,1,study3,413,413,yes,same,0,0,1,NA
model,Aotus_trivirgatus,Aotus_trivirgatus,NA,Amygdala,Amygdala,Amygdala_Vol.mm3,1,study3,201,201,yes,same,0,0,1,NA
model,Callithrix_jacchus,Callithrix_jacchus,NA,Amygdala,Amygdala,Amygdala_Vol.mm3,1,study3,113,113,yes,same,0,0,1,NA
model,Cercopithecus_ascanius,Cercopithecus_ascanius,NA,Amygdala,Amygdala,Amygdala_Vol.mm3,1,study3,601,601,yes,same,0,0,1,NA
model,Cheirogaleus_major,Cheirogaleus_major,NA,Amygdala,Amygdala,Amygdala_Vol.mm3,1,study3,99.4,99.4,yes,same,0,0,1,NA
model,Cheirogaleus_medius,Cheirogaleus_medius,NA,Amygdala,Amygdala,Amygdala_Vol.mm3,1,study3,63.2,63.2,yes,same,0,0,1,NA
model,Daubentonia_madagascariensis,Daubentonia_madagascariensis,NA,Amygdala,Amygdala,Amygdala_Vol.mm3,1,study3,473,473,yes,same,0,0,1,NA
model,Eulemur_fulvus,Eulemur_fulvus,NA,Amygdala,Amygdala,Amygdala_Vol.mm3,1,study3,251,251,yes,same,0,0,1,NA
model,Lepilemur_ruficaudatus,Lepilemur_ruficaudatus,NA,Amygdala,Amygdala,Amygdala_Vol.mm3,1,study3,133,133,yes,same,0,0,1,NA
model,Microcebus_murinus,Microcebus_murinus,NA,Amygdala,Amygdala,Amygdala_Vol.mm3,1,study3,36.4,36.4,yes,same,0,0,1,NA
model,Propithecus_verreauxi,Propithecus_verreauxi,NA,Amygdala,Amygdala,Amygdala_Vol.mm3,1,study3,251,251,yes,same,0,0,1,NA
model,Saimiri_sciureus,Saimiri_sciureus,NA,Amygdala,Amygdala,Amygdala_Vol.mm3,1,study3,227,227,yes,same,0,0,1,NA
model,Tarsius_syrichta,Tarsius_syrichta,NA,Amygdala,Amygdala,Amygdala_Vol.mm3,1,study3,49.8,49.8,yes,same,0,0,1,NA
model,Ateles_geoffroyi,Ateles_geoffroyi,NA,Pallidum,Pallidum,Pallidum_Vol.mm3,1,study3,807,807,yes,same,0,0,1,NA
model,Avahi_laniger,Avahi_laniger,NA,Pallidum,Pallidum,Pallidum_Vol.mm3,1,study3,74.5,NA,yes,Stephan_only,NA,NA,NA,NA
model,Callithrix_pygmaea,Callithrix_pygmaea,NA,Pallidum,Pallidum,Pallidum_Vol.mm3,1,study3,25.8,25.8,yes,same,0,0,1,NA
model,Cebus_albifrons,Cebus_albifrons,NA,Pallidum,Pallidum,Pallidum_Vol.mm3,1,study3,567,567,yes,same,0,0,1,NA
model,Galagoides_demidoff,Galagoides_demidoff,NA,Pallidum,Pallidum,Pallidum_Vol.mm3,1,study3,17,17,yes,same,0,0,1,NA
model,Gorilla_gorilla,Gorilla_gorilla,NA,Pallidum,Pallidum,Pallidum_Vol.mm3,1,study3,2604,2604,yes,same,0,0,1,NA
model,Homo_sapiens,Homo_sapiens,NA,Pallidum,Pallidum,Pallidum_Vol.mm3,1,study3,4711,4711,yes,same,0,0,1,NA
model,Hylobates_lar,Hylobates_lar,NA,Pallidum,Pallidum,Pallidum_Vol.mm3,1,study3,715,715,yes,same,0,0,1,NA
model,Lophocebus_albigena,Lophocebus_albigena,NA,Pallidum,Pallidum,Pallidum_Vol.mm3,1,study3,674,674,yes,same,0,0,1,NA
model,Loris_tardigradus,Loris_tardigradus,NA,Pallidum,Pallidum,Pallidum_Vol.mm3,1,study3,41.4,41.4,yes,same,0,0,1,NA
model,Pan_troglodytes,Pan_troglodytes,NA,Pallidum,Pallidum,Pallidum_Vol.mm3,1,study3,1951,1951,yes,same,0,0,1,NA
model,Perodicticus_potto,Perodicticus_potto,NA,Pallidum,Pallidum,Pallidum_Vol.mm3,1,study3,107,107,yes,same,0,0,1,NA
model,Piliocolobus_badius,Piliocolobus_badius,NA,Pallidum,Pallidum,Pallidum_Vol.mm3,1,study3,521,521,yes,same,0,0,1,NA
model,Pongo_pygmaeus,Pongo_pygmaeus,NA,Pallidum,Pallidum,Pallidum_Vol.mm3,1,study3,1800,NA,yes,Stephan_only,NA,NA,NA,NA
model,Saguinus_oedipus,Saguinus_oedipus,NA,Pallidum,Pallidum,Pallidum_Vol.mm3,1,study3,73.2,73.2,yes,same,0,0,1,NA
model,Avahi_occidentalis,Avahi_occidentalis,NA,Pallidum,Pallidum,Pallidum_Vol.mm3,1,study3,NA,74.5,yes,volumes_wide_only,NA,NA,NA,NA
model,Cercopithecus_ascanius,Cercopithecus_ascanius,NA,Pallidum,Pallidum,Pallidum_Vol.mm3,1,study3,405,405,yes,same,0,0,1,NA
model,Cheirogaleus_major,Cheirogaleus_major,NA,Pallidum,Pallidum,Pallidum_Vol.mm3,1,study3,31.6,31.6,yes,same,0,0,1,NA
model,Eulemur_fulvus,Eulemur_fulvus,NA,Pallidum,Pallidum,Pallidum_Vol.mm3,1,study3,212,212,yes,same,0,0,1,NA
model,Lagothrix_lagotricha,Lagothrix_lagotricha,NA,Pallidum,Pallidum,Pallidum_Vol.mm3,1,study3,845,845,yes,same,0,0,1,NA
model,Lepilemur_ruficaudatus,Lepilemur_ruficaudatus,NA,Pallidum,Pallidum,Pallidum_Vol.mm3,1,study3,55.2,55.2,yes,same,0,0,1,NA
model,Microcebus_murinus,Microcebus_murinus,NA,Pallidum,Pallidum,Pallidum_Vol.mm3,1,study3,10.7,10.7,yes,same,0,0,1,NA
model,Nasalis_larvatus,Nasalis_larvatus,NA,Pallidum,Pallidum,Pallidum_Vol.mm3,1,study3,550,550,yes,same,0,0,1,NA
model,Otolemur_crassicaudatus,Otolemur_crassicaudatus,NA,Pallidum,Pallidum,Pallidum_Vol.mm3,1,study3,63.3,63.3,yes,same,0,0,1,NA
model,Papio_anubis,Papio_anubis,NA,Pallidum,Pallidum,Pallidum_Vol.mm3,1,study3,1147,1147,yes,same,0,0,1,NA
model,Propithecus_verreauxi,Propithecus_verreauxi,NA,Pallidum,Pallidum,Pallidum_Vol.mm3,1,study3,263,263,yes,same,0,0,1,NA
model,Saimiri_sciureus,Saimiri_sciureus,NA,Pallidum,Pallidum,Pallidum_Vol.mm3,1,study3,169,169,yes,same,0,0,1,NA
model,Tarsius_syrichta,Tarsius_syrichta,NA,Pallidum,Pallidum,Pallidum_Vol.mm3,1,study3,16.1,16.1,yes,same,0,0,1,NA
model,Callithrix_pygmaea,Callithrix_pygmaea,NA,Neocortex white,NeoW_Frahm,Neocortex_white_matter_Vol.mm3,1,study3,395.3,395.3,yes,same,0,0,1,NA
model,Cebus_albifrons,Cebus_albifrons,NA,Neocortex white,NeoW_Frahm,Neocortex_white_matter_Vol.mm3,1,study3,15799,15799,yes,same,0,0,1,NA
model,Galagoides_demidoff,Galagoides_demidoff,NA,Neocortex white,NeoW_Frahm,Neocortex_white_matter_Vol.mm3,1,study3,150.6,150.6,yes,same,0,0,1,NA
model,Homo_sapiens,Homo_sapiens,NA,Neocortex white,NeoW_Frahm,Neocortex_white_matter_Vol.mm3,1,study3,421819,421819,yes,same,0,0,1,NA
model,Hylobates_lar,Hylobates_lar,NA,Neocortex white,NeoW_Frahm,Neocortex_white_matter_Vol.mm3,1,study3,19154,19154,yes,same,0,0,1,NA
model,Indri_indri,Indri_indri,NA,Neocortex white,NeoW_Frahm,Neocortex_white_matter_Vol.mm3,1,study3,4223,4223,yes,same,0,0,1,NA
model,Pan_troglodytes,Pan_troglodytes,NA,Neocortex white,NeoW_Frahm,Neocortex_white_matter_Vol.mm3,1,study3,118996,118996,yes,same,0,0,1,NA
model,Piliocolobus_badius,Piliocolobus_badius,NA,Neocortex white,NeoW_Frahm,Neocortex_white_matter_Vol.mm3,1,study3,14331,14331,yes,same,0,0,1,NA
model,Pongo_pygmaeus,Pongo_pygmaeus,NA,Neocortex white,NeoW_Frahm,Neocortex_white_matter_Vol.mm3,1,study3,81500,NA,yes,Stephan_only,NA,NA,NA,NA
model,Alouatta_seniculus,Alouatta_seniculus,NA,Neocortex white,NeoW_Frahm,Neocortex_white_matter_Vol.mm3,1,study3,9869,9869,yes,same,0,0,1,NA
model,Aotus_trivirgatus,Aotus_trivirgatus,NA,Neocortex white,NeoW_Frahm,Neocortex_white_matter_Vol.mm3,1,study3,2174,2174,yes,same,0,0,1,NA
model,Avahi_occidentalis,Avahi_occidentalis,NA,Neocortex white,NeoW_Frahm,Neocortex_white_matter_Vol.mm3,1,study3,777,777,yes,same,0,0,1,NA
model,Callithrix_jacchus,Callithrix_jacchus,NA,Neocortex white,NeoW_Frahm,Neocortex_white_matter_Vol.mm3,1,study3,807.1,807.1,yes,same,0,0,1,NA
model,Cercopithecus_ascanius,Cercopithecus_ascanius,NA,Neocortex white,NeoW_Frahm,Neocortex_white_matter_Vol.mm3,1,study3,13052,13052,yes,same,0,0,1,NA
model,Daubentonia_madagascariensis,Daubentonia_madagascariensis,NA,Neocortex white,NeoW_Frahm,Neocortex_white_matter_Vol.mm3,1,study3,5053,5053,yes,same,0,0,1,NA
model,Eulemur_fulvus,Eulemur_fulvus,NA,Neocortex white,NeoW_Frahm,Neocortex_white_matter_Vol.mm3,1,study3,3035,3035,yes,same,0,0,1,NA
model,Lagothrix_lagotricha,Lagothrix_lagotricha,NA,Neocortex white,NeoW_Frahm,Neocortex_white_matter_Vol.mm3,1,study3,16727,16727,yes,same,0,0,1,NA
model,Lepilemur_ruficaudatus,Lepilemur_ruficaudatus,NA,Neocortex white,NeoW_Frahm,Neocortex_white_matter_Vol.mm3,1,study3,476.6,476.6,yes,same,0,0,1,NA
model,Microcebus_murinus,Microcebus_murinus,NA,Neocortex white,NeoW_Frahm,Neocortex_white_matter_Vol.mm3,1,study3,65.31,65.31,yes,same,0,0,1,NA
model,Nycticebus_coucang,Nycticebus_coucang,NA,Neocortex white,NeoW_Frahm,Neocortex_white_matter_Vol.mm3,1,study3,1240,1240,yes,same,0,0,1,NA
model,Papio_anubis,Papio_anubis,NA,Neocortex white,NeoW_Frahm,Neocortex_white_matter_Vol.mm3,1,study3,54416,54416,yes,same,0,0,1,NA
model,Propithecus_verreauxi,Propithecus_verreauxi,NA,Neocortex white,NeoW_Frahm,Neocortex_white_matter_Vol.mm3,1,study3,3335,3335,yes,same,0,0,1,NA
model,Saimiri_sciureus,Saimiri_sciureus,NA,Neocortex white,NeoW_Frahm,Neocortex_white_matter_Vol.mm3,1,study3,3710,3710,yes,same,0,0,1,NA
model,Tarsius_syrichta,Tarsius_syrichta,NA,Neocortex white,NeoW_Frahm,Neocortex_white_matter_Vol.mm3,1,study3,137,137,yes,same,0,0,1,NA
model,Alouatta_caraya,Alouatta_caraya,NA,Insular cortex (grey),Total_insula_volume_L,Insula_left_Vol.mm3,1,study3,272,272,yes,same,0,0,1,NA
model,Ateles_geoffroyi,Ateles_geoffroyi,NA,Insular cortex (grey),Total_insula_volume_L,Insula_left_Vol.mm3,1,study3,416,416,yes,same,0,0,1,NA
model,Avahi_laniger,Avahi_laniger,NA,Insular cortex (grey),Total_insula_volume_L,Insula_left_Vol.mm3,1,study3,38,NA,yes,Stephan_only,NA,NA,NA,NA
model,Callithrix_pygmaea,Callithrix_pygmaea,NA,Insular cortex (grey),Total_insula_volume_L,Insula_left_Vol.mm3,1,study3,11,NA,yes,Stephan_only,NA,NA,NA,NA
model,Cebus_albifrons,Cebus_albifrons,NA,Insular cortex (grey),Total_insula_volume_L,Insula_left_Vol.mm3,1,study3,297,297,yes,same,0,0,1,NA
model,Cercocebus_agilis,Cercocebus_agilis,NA,Insular cortex (grey),Total_insula_volume_L,Insula_left_Vol.mm3,1,study3,379,379,yes,same,0,0,1,NA
model,Cercopithecus_mitis,Cercopithecus_mitis,NA,Insular cortex (grey),Total_insula_volume_L,Insula_left_Vol.mm3,1,study3,614,614,yes,same,0,0,1,NA
model,Colobus_angolensis,Colobus_angolensis,NA,Insular cortex (grey),Total_insula_volume_L,Insula_left_Vol.mm3,1,study3,222,222,yes,same,0,0,1,NA
model,Galagoides_demidoff,Galagoides_demidoff,NA,Insular cortex (grey),Total_insula_volume_L,Insula_left_Vol.mm3,1,study3,12,12,yes,same,0,0,1,NA
model,Gorilla_gorilla,Gorilla_gorilla,NA,Insular cortex (grey),Total_insula_volume_L,Insula_left_Vol.mm3,1,study3,2146,2145.5,yes,rounding,2.3299161230195712e-4,-0.023299161230195712,0.999767008387698,NA
model,Homo_sapiens,Homo_sapiens,NA,Insular cortex (grey),Total_insula_volume_L,Insula_left_Vol.mm3,1,study3,6165,6479,yes,DIFFERENT,0.04846426917734218,5.093268450932684,1.0509326845093268,NA
model,Hylobates_lar,Hylobates_lar,NA,Insular cortex (grey),Total_insula_volume_L,Insula_left_Vol.mm3,1,study3,289,289,yes,same,0,0,1,NA
model,Hylobates_muelleri,Hylobates_muelleri,NA,Insular cortex (grey),Total_insula_volume_L,Insula_left_Vol.mm3,1,study3,539,539,yes,same,0,0,1,NA
model,Indri_indri,Indri_indri,NA,Insular cortex (grey),Total_insula_volume_L,Insula_left_Vol.mm3,1,study3,167,167,yes,same,0,0,1,NA
model,Leontopithecus_rosalia,Leontopithecus_rosalia,NA,Insular cortex (grey),Total_insula_volume_L,Insula_left_Vol.mm3,1,study3,37,37,yes,same,0,0,1,NA
model,Lophocebus_albigena,Lophocebus_albigena,NA,Insular cortex (grey),Total_insula_volume_L,Insula_left_Vol.mm3,1,study3,536,536,yes,same,0,0,1,NA
model,Loris_tardigradus,Loris_tardigradus,NA,Insular cortex (grey),Total_insula_volume_L,Insula_left_Vol.mm3,1,study3,12,12,yes,same,0,0,1,NA
model,Macaca_maura,Macaca_maura,NA,Insular cortex (grey),Total_insula_volume_L,Insula_left_Vol.mm3,1,study3,492,492,yes,same,0,0,1,NA
model,Pan_paniscus,Pan_paniscus,NA,Insular cortex (grey),Total_insula_volume_L,Insula_left_Vol.mm3,1,study3,1690,1690.33333333333,yes,rounding,1.9719976335835632e-4,0.01972386587751919,1.0001972386587752,NA
model,Pan_troglodytes,Pan_troglodytes,NA,Insular cortex (grey),Total_insula_volume_L,Insula_left_Vol.mm3,1,study3,1601,1600.66666666667,yes,rounding,2.0820320632734186e-4,-0.020820320632734184,0.9997917967936727,NA
model,Perodicticus_potto,Perodicticus_potto,NA,Insular cortex (grey),Total_insula_volume_L,Insula_left_Vol.mm3,1,study3,31,31,yes,same,0,0,1,NA
model,Piliocolobus_badius,Piliocolobus_badius,NA,Insular cortex (grey),Total_insula_volume_L,Insula_left_Vol.mm3,1,study3,241,241,yes,same,0,0,1,NA
model,Pithecia_pithecia,Pithecia_pithecia,NA,Insular cortex (grey),Total_insula_volume_L,Insula_left_Vol.mm3,1,study3,279,279,yes,same,0,0,1,NA
model,Pongo_abelii,Pongo_abelii,NA,Insular cortex (grey),Total_insula_volume_L,Insula_left_Vol.mm3,1,study3,1158,NA,yes,Stephan_only,NA,NA,NA,NA
model,Pongo_pygmaeus,Pongo_pygmaeus,NA,Insular cortex (grey),Total_insula_volume_L,Insula_left_Vol.mm3,1,study3,1505,NA,yes,Stephan_only,NA,NA,NA,NA
model,Saguinus_geoffroyi,Saguinus_geoffroyi,NA,Insular cortex (grey),Total_insula_volume_L,Insula_left_Vol.mm3,1,study3,23,23,yes,same,0,0,1,NA
model,Saguinus_oedipus,Saguinus_oedipus,NA,Insular cortex (grey),Total_insula_volume_L,Insula_left_Vol.mm3,1,study3,26,26,yes,same,0,0,1,NA
model,Symphalangus_syndactylus,Symphalangus_syndactylus,NA,Insular cortex (grey),Total_insula_volume_L,Insula_left_Vol.mm3,1,study3,416,416,yes,same,0,0,1,NA
model,Trachypithecus_francoisi,Trachypithecus_francoisi,NA,Insular cortex (grey),Total_insula_volume_L,Insula_left_Vol.mm3,1,study3,625,625,yes,same,0,0,1,NA
model,Varecia_variegata,Varecia_variegata,NA,Insular cortex (grey),Total_insula_volume_L,Insula_left_Vol.mm3,1,study3,100,100,yes,same,0,0,1,NA
model,Avahi_occidentalis,Avahi_occidentalis,NA,Insular cortex (grey),Total_insula_volume_L,Insula_left_Vol.mm3,1,study3,NA,38,yes,volumes_wide_only,NA,NA,NA,NA
model,Ateles_geoffroyi,Ateles_geoffroyi,NA,Nucleus subthalamicus Luysi,Nucleus_subthalamicus,Nucleus_subthalamicus_Vol.mm3,1,study3,52.8,52.8,yes,same,0,0,1,NA
model,Avahi_laniger,Avahi_laniger,NA,Nucleus subthalamicus Luysi,Nucleus_subthalamicus,Nucleus_subthalamicus_Vol.mm3,1,study3,5.94,NA,yes,Stephan_only,NA,NA,NA,NA
model,Callithrix_pygmaea,Callithrix_pygmaea,NA,Nucleus subthalamicus Luysi,Nucleus_subthalamicus,Nucleus_subthalamicus_Vol.mm3,1,study3,1.95,1.95,yes,same,0,0,1,NA
model,Cebus_albifrons,Cebus_albifrons,NA,Nucleus subthalamicus Luysi,Nucleus_subthalamicus,Nucleus_subthalamicus_Vol.mm3,1,study3,41.7,41.7,yes,same,0,0,1,NA
model,Galagoides_demidoff,Galagoides_demidoff,NA,Nucleus subthalamicus Luysi,Nucleus_subthalamicus,Nucleus_subthalamicus_Vol.mm3,1,study3,1.4,1.4,yes,same,0,0,1,NA
model,Gorilla_gorilla,Gorilla_gorilla,NA,Nucleus subthalamicus Luysi,Nucleus_subthalamicus,Nucleus_subthalamicus_Vol.mm3,1,study3,178,178,yes,same,0,0,1,NA
model,Homo_sapiens,Homo_sapiens,NA,Nucleus subthalamicus Luysi,Nucleus_subthalamicus,Nucleus_subthalamicus_Vol.mm3,1,study3,469,469,yes,same,0,0,1,NA
model,Hylobates_lar,Hylobates_lar,NA,Nucleus subthalamicus Luysi,Nucleus_subthalamicus,Nucleus_subthalamicus_Vol.mm3,1,study3,61.6,61.6,yes,same,0,0,1,NA
model,Lophocebus_albigena,Lophocebus_albigena,NA,Nucleus subthalamicus Luysi,Nucleus_subthalamicus,Nucleus_subthalamicus_Vol.mm3,1,study3,52.4,52.4,yes,same,0,0,1,NA
model,Loris_tardigradus,Loris_tardigradus,NA,Nucleus subthalamicus Luysi,Nucleus_subthalamicus,Nucleus_subthalamicus_Vol.mm3,1,study3,3.79,3.79,yes,same,0,0,1,NA
model,Pan_troglodytes,Pan_troglodytes,NA,Nucleus subthalamicus Luysi,Nucleus_subthalamicus,Nucleus_subthalamicus_Vol.mm3,1,study3,127,127,yes,same,0,0,1,NA
model,Perodicticus_potto,Perodicticus_potto,NA,Nucleus subthalamicus Luysi,Nucleus_subthalamicus,Nucleus_subthalamicus_Vol.mm3,1,study3,8.19,8.19,yes,same,0,0,1,NA
model,Piliocolobus_badius,Piliocolobus_badius,NA,Nucleus subthalamicus Luysi,Nucleus_subthalamicus,Nucleus_subthalamicus_Vol.mm3,1,study3,31.9,31.9,yes,same,0,0,1,NA
model,Saguinus_oedipus,Saguinus_oedipus,NA,Nucleus subthalamicus Luysi,Nucleus_subthalamicus,Nucleus_subthalamicus_Vol.mm3,1,study3,4.45,4.45,yes,same,0,0,1,NA
model,Avahi_occidentalis,Avahi_occidentalis,NA,Nucleus subthalamicus Luysi,Nucleus_subthalamicus,Nucleus_subthalamicus_Vol.mm3,1,study3,NA,5.94,yes,volumes_wide_only,NA,NA,NA,NA
model,Cercopithecus_ascanius,Cercopithecus_ascanius,NA,Nucleus subthalamicus Luysi,Nucleus_subthalamicus,Nucleus_subthalamicus_Vol.mm3,1,study3,25.7,25.7,yes,same,0,0,1,NA
model,Cheirogaleus_major,Cheirogaleus_major,NA,Nucleus subthalamicus Luysi,Nucleus_subthalamicus,Nucleus_subthalamicus_Vol.mm3,1,study3,2.27,2.27,yes,same,0,0,1,NA
model,Eulemur_fulvus,Eulemur_fulvus,NA,Nucleus subthalamicus Luysi,Nucleus_subthalamicus,Nucleus_subthalamicus_Vol.mm3,1,study3,13.9,13.9,yes,same,0,0,1,NA
model,Lagothrix_lagotricha,Lagothrix_lagotricha,NA,Nucleus subthalamicus Luysi,Nucleus_subthalamicus,Nucleus_subthalamicus_Vol.mm3,1,study3,63.8,63.8,yes,same,0,0,1,NA
model,Lepilemur_ruficaudatus,Lepilemur_ruficaudatus,NA,Nucleus subthalamicus Luysi,Nucleus_subthalamicus,Nucleus_subthalamicus_Vol.mm3,1,study3,2.91,2.91,yes,same,0,0,1,NA
model,Microcebus_murinus,Microcebus_murinus,NA,Nucleus subthalamicus Luysi,Nucleus_subthalamicus,Nucleus_subthalamicus_Vol.mm3,1,study3,0.65,0.65,yes,same,0,0,1,NA
model,Nasalis_larvatus,Nasalis_larvatus,NA,Nucleus subthalamicus Luysi,Nucleus_subthalamicus,Nucleus_subthalamicus_Vol.mm3,1,study3,37.2,37.2,yes,same,0,0,1,NA
model,Otolemur_crassicaudatus,Otolemur_crassicaudatus,NA,Nucleus subthalamicus Luysi,Nucleus_subthalamicus,Nucleus_subthalamicus_Vol.mm3,1,study3,4.1,4.1,yes,same,0,0,1,NA
model,Papio_anubis,Papio_anubis,NA,Nucleus subthalamicus Luysi,Nucleus_subthalamicus,Nucleus_subthalamicus_Vol.mm3,1,study3,94.7,94.7,yes,same,0,0,1,NA
model,Propithecus_verreauxi,Propithecus_verreauxi,NA,Nucleus subthalamicus Luysi,Nucleus_subthalamicus,Nucleus_subthalamicus_Vol.mm3,1,study3,20,20,yes,same,0,0,1,NA
model,Saimiri_sciureus,Saimiri_sciureus,NA,Nucleus subthalamicus Luysi,Nucleus_subthalamicus,Nucleus_subthalamicus_Vol.mm3,1,study3,11.5,11.5,yes,same,0,0,1,NA
model,Tarsius_syrichta,Tarsius_syrichta,NA,Nucleus subthalamicus Luysi,Nucleus_subthalamicus,Nucleus_subthalamicus_Vol.mm3,1,study3,1.09,1.09,yes,same,0,0,1,NA
model,Ateles_geoffroyi,Ateles_geoffroyi,NA,Capsula interna,Capsula_interna,Capsula_interna_Vol.mm3,1,study3,570,570,yes,same,0,0,1,NA
model,Avahi_laniger,Avahi_laniger,NA,Capsula interna,Capsula_interna,Capsula_interna_Vol.mm3,1,study3,105,NA,yes,Stephan_only,NA,NA,NA,NA
model,Callithrix_pygmaea,Callithrix_pygmaea,NA,Capsula interna,Capsula_interna,Capsula_interna_Vol.mm3,1,study3,21.8,21.8,yes,same,0,0,1,NA
model,Cebus_albifrons,Cebus_albifrons,NA,Capsula interna,Capsula_interna,Capsula_interna_Vol.mm3,1,study3,549,549,yes,same,0,0,1,NA
model,Galagoides_demidoff,Galagoides_demidoff,NA,Capsula interna,Capsula_interna,Capsula_interna_Vol.mm3,1,study3,18.4,18.4,yes,same,0,0,1,NA
model,Gorilla_gorilla,Gorilla_gorilla,NA,Capsula interna,Capsula_interna,Capsula_interna_Vol.mm3,1,study3,2471,2471,yes,same,0,0,1,NA
model,Homo_sapiens,Homo_sapiens,NA,Capsula interna,Capsula_interna,Capsula_interna_Vol.mm3,1,study3,7008,7008,yes,same,0,0,1,NA
model,Hylobates_lar,Hylobates_lar,NA,Capsula interna,Capsula_interna,Capsula_interna_Vol.mm3,1,study3,693,693,yes,same,0,0,1,NA
model,Lophocebus_albigena,Lophocebus_albigena,NA,Capsula interna,Capsula_interna,Capsula_interna_Vol.mm3,1,study3,708,708,yes,same,0,0,1,NA
model,Loris_tardigradus,Loris_tardigradus,NA,Capsula interna,Capsula_interna,Capsula_interna_Vol.mm3,1,study3,46.3,46.3,yes,same,0,0,1,NA
model,Pan_troglodytes,Pan_troglodytes,NA,Capsula interna,Capsula_interna,Capsula_interna_Vol.mm3,1,study3,2510,2510,yes,same,0,0,1,NA
model,Perodicticus_potto,Perodicticus_potto,NA,Capsula interna,Capsula_interna,Capsula_interna_Vol.mm3,1,study3,107,107,yes,same,0,0,1,NA
model,Piliocolobus_badius,Piliocolobus_badius,NA,Capsula interna,Capsula_interna,Capsula_interna_Vol.mm3,1,study3,460,460,yes,same,0,0,1,NA
model,Saguinus_oedipus,Saguinus_oedipus,NA,Capsula interna,Capsula_interna,Capsula_interna_Vol.mm3,1,study3,62.7,62.7,yes,same,0,0,1,NA
model,Avahi_occidentalis,Avahi_occidentalis,NA,Capsula interna,Capsula_interna,Capsula_interna_Vol.mm3,1,study3,NA,105,yes,volumes_wide_only,NA,NA,NA,NA
model,Cercopithecus_ascanius,Cercopithecus_ascanius,NA,Capsula interna,Capsula_interna,Capsula_interna_Vol.mm3,1,study3,421,421,yes,same,0,0,1,NA
model,Cheirogaleus_major,Cheirogaleus_major,NA,Capsula interna,Capsula_interna,Capsula_interna_Vol.mm3,1,study3,48.6,48.6,yes,same,0,0,1,NA
model,Eulemur_fulvus,Eulemur_fulvus,NA,Capsula interna,Capsula_interna,Capsula_interna_Vol.mm3,1,study3,248,248,yes,same,0,0,1,NA
model,Lagothrix_lagotricha,Lagothrix_lagotricha,NA,Capsula interna,Capsula_interna,Capsula_interna_Vol.mm3,1,study3,612,612,yes,same,0,0,1,NA
model,Lepilemur_ruficaudatus,Lepilemur_ruficaudatus,NA,Capsula interna,Capsula_interna,Capsula_interna_Vol.mm3,1,study3,63,63,yes,same,0,0,1,NA
model,Microcebus_murinus,Microcebus_murinus,NA,Capsula interna,Capsula_interna,Capsula_interna_Vol.mm3,1,study3,9.08,9.08,yes,same,0,0,1,NA
model,Nasalis_larvatus,Nasalis_larvatus,NA,Capsula interna,Capsula_interna,Capsula_interna_Vol.mm3,1,study3,564,564,yes,same,0,0,1,NA
model,Otolemur_crassicaudatus,Otolemur_crassicaudatus,NA,Capsula interna,Capsula_interna,Capsula_interna_Vol.mm3,1,study3,74.6,74.6,yes,same,0,0,1,NA
model,Papio_anubis,Papio_anubis,NA,Capsula interna,Capsula_interna,Capsula_interna_Vol.mm3,1,study3,1257,1257,yes,same,0,0,1,NA
model,Propithecus_verreauxi,Propithecus_verreauxi,NA,Capsula interna,Capsula_interna,Capsula_interna_Vol.mm3,1,study3,324,324,yes,same,0,0,1,NA
model,Saimiri_sciureus,Saimiri_sciureus,NA,Capsula interna,Capsula_interna,Capsula_interna_Vol.mm3,1,study3,132,132,yes,same,0,0,1,NA
model,Tarsius_syrichta,Tarsius_syrichta,NA,Capsula interna,Capsula_interna,Capsula_interna_Vol.mm3,1,study3,16.7,16.7,yes,same,0,0,1,NA
model,Ateles_geoffroyi,Ateles_geoffroyi,NA,Striatum,Striatum,Striatum_Vol.mm3,1,study3,4950,4950,yes,same,0,0,1,NA
model,Avahi_laniger,Avahi_laniger,NA,Striatum,Striatum,Striatum_Vol.mm3,1,study3,524,524,yes,same,0,0,1,NA
model,Callithrix_pygmaea,Callithrix_pygmaea,NA,Striatum,Striatum,Striatum_Vol.mm3,1,study3,174,174,yes,same,0,0,1,NA
model,Cebus_albifrons,Cebus_albifrons,NA,Striatum,Striatum,Striatum_Vol.mm3,1,study3,3258,3258,yes,same,0,0,1,NA
model,Cercopithecus_mitis,Cercopithecus_mitis,NA,Striatum,Striatum,Striatum_Vol.mm3,1,study3,2733,2733,yes,same,0,0,1,NA
model,Galagoides_demidoff,Galagoides_demidoff,NA,Striatum,Striatum,Striatum_Vol.mm3,1,study3,169,169,yes,same,0,0,1,NA
model,Gorilla_gorilla,Gorilla_gorilla,NA,Striatum,Striatum,Striatum_Vol.mm3,1,study3,14567,14567,yes,same,0,0,1,NA
model,Homo_sapiens,Homo_sapiens,NA,Striatum,Striatum,Striatum_Vol.mm3,1,study3,28689,28689,yes,same,0,0,1,NA
model,Hylobates_lar,Hylobates_lar,NA,Striatum,Striatum,Striatum_Vol.mm3,1,study3,4784,4784,yes,same,0,0,1,NA
model,Indri_indri,Indri_indri,NA,Striatum,Striatum,Striatum_Vol.mm3,1,study3,1855,1855,yes,same,0,0,1,NA
model,Lophocebus_albigena,Lophocebus_albigena,NA,Striatum,Striatum,Striatum_Vol.mm3,1,study3,4146,4146,yes,same,0,0,1,NA
model,Loris_tardigradus,Loris_tardigradus,NA,Striatum,Striatum,Striatum_Vol.mm3,1,study3,351,351,yes,same,0,0,1,NA
model,Pan_troglodytes,Pan_troglodytes,NA,Striatum,Striatum,Striatum_Vol.mm3,1,study3,12246,12246,yes,same,0,0,1,NA
model,Perodicticus_potto,Perodicticus_potto,NA,Striatum,Striatum,Striatum_Vol.mm3,1,study3,712,712,yes,same,0,0,1,NA
model,Piliocolobus_badius,Piliocolobus_badius,NA,Striatum,Striatum,Striatum_Vol.mm3,1,study3,3217,3217,yes,same,0,0,1,NA
model,Pongo_pygmaeus,Pongo_pygmaeus,NA,Striatum,Striatum,Striatum_Vol.mm3,1,study3,11500,NA,yes,Stephan_only,NA,NA,NA,NA
model,Saguinus_oedipus,Saguinus_oedipus,NA,Striatum,Striatum,Striatum_Vol.mm3,1,study3,453,453,yes,same,0,0,1,NA
model,Varecia_variegata,Varecia_variegata,NA,Striatum,Striatum,Striatum_Vol.mm3,1,study3,1591,1591,yes,same,0,0,1,NA
model,Alouatta_seniculus,Alouatta_seniculus,NA,Striatum,Striatum,Striatum_Vol.mm3,1,study3,2829,2829,yes,same,0,0,1,NA
model,Aotus_trivirgatus,Aotus_trivirgatus,NA,Striatum,Striatum,Striatum_Vol.mm3,1,study3,862,862,yes,same,0,0,1,NA
model,Avahi_occidentalis,Avahi_occidentalis,NA,Striatum,Striatum,Striatum_Vol.mm3,1,study3,478,478,yes,same,0,0,1,NA
model,Callimico_goeldii,Callimico_goeldii,NA,Striatum,Striatum,Striatum_Vol.mm3,1,study3,493,493,yes,same,0,0,1,NA
model,Callithrix_jacchus,Callithrix_jacchus,NA,Striatum,Striatum,Striatum_Vol.mm3,1,study3,372,372,yes,same,0,0,1,NA
model,Cercopithecus_ascanius,Cercopithecus_ascanius,NA,Striatum,Striatum,Striatum_Vol.mm3,1,study3,2827,2827,yes,same,0,0,1,NA
model,Cheirogaleus_major,Cheirogaleus_major,NA,Striatum,Striatum,Striatum_Vol.mm3,1,study3,327,327,yes,same,0,0,1,NA
model,Cheirogaleus_medius,Cheirogaleus_medius,NA,Striatum,Striatum,Striatum_Vol.mm3,1,study3,145,145,yes,same,0,0,1,NA
model,Daubentonia_madagascariensis,Daubentonia_madagascariensis,NA,Striatum,Striatum,Striatum_Vol.mm3,1,study3,2765,2765,yes,same,0,0,1,NA
model,Erythrocebus_patas,Erythrocebus_patas,NA,Striatum,Striatum,Striatum_Vol.mm3,1,study3,3624,3624,yes,same,0,0,1,NA
model,Eulemur_fulvus,Eulemur_fulvus,NA,Striatum,Striatum,Striatum_Vol.mm3,1,study3,1215,1215,yes,same,0,0,1,NA
model,Galago_senegalensis,Galago_senegalensis,NA,Striatum,Striatum,Striatum_Vol.mm3,1,study3,210,210,yes,same,0,0,1,NA
model,Lagothrix_lagotricha,Lagothrix_lagotricha,NA,Striatum,Striatum,Striatum_Vol.mm3,1,study3,4947,4947,yes,same,0,0,1,NA
model,Lepilemur_ruficaudatus,Lepilemur_ruficaudatus,NA,Striatum,Striatum,Striatum_Vol.mm3,1,study3,366,366,yes,same,0,0,1,NA
model,Macaca_mulatta,Macaca_mulatta,NA,Striatum,Striatum,Striatum_Vol.mm3,1,study3,4032,4032,yes,same,0,0,1,NA
model,Microcebus_murinus,Microcebus_murinus,NA,Striatum,Striatum,Striatum_Vol.mm3,1,study3,85.7,85.7,yes,same,0,0,1,NA
model,Miopithecus_talapoin,Miopithecus_talapoin,NA,Striatum,Striatum,Striatum_Vol.mm3,1,study3,1908,1908,yes,same,0,0,1,NA
model,Nasalis_larvatus,Nasalis_larvatus,NA,Striatum,Striatum,Striatum_Vol.mm3,1,study3,3735,3735,yes,same,0,0,1,NA
model,Nycticebus_coucang,Nycticebus_coucang,NA,Striatum,Striatum,Striatum_Vol.mm3,1,study3,760,760,yes,same,0,0,1,NA
model,Otolemur_crassicaudatus,Otolemur_crassicaudatus,NA,Striatum,Striatum,Striatum_Vol.mm3,1,study3,556,556,yes,same,0,0,1,NA
model,Papio_anubis,Papio_anubis,NA,Striatum,Striatum,Striatum_Vol.mm3,1,study3,7182,7182,yes,same,0,0,1,NA
model,Pithecia_monachus,Pithecia_monachus,NA,Striatum,Striatum,Striatum_Vol.mm3,1,study3,1918,1918,yes,same,0,0,1,NA
model,Plecturocebus_moloch,Plecturocebus_moloch,NA,Striatum,Striatum,Striatum_Vol.mm3,1,study3,920,920,yes,same,0,0,1,NA
model,Propithecus_verreauxi,Propithecus_verreauxi,NA,Striatum,Striatum,Striatum_Vol.mm3,1,study3,1411,1411,yes,same,0,0,1,NA
model,Pygathrix_nemaeus,Pygathrix_nemaeus,NA,Striatum,Striatum,Striatum_Vol.mm3,1,study3,3166,3166,yes,same,0,0,1,NA
model,Saguinus_midas,Saguinus_midas,NA,Striatum,Striatum,Striatum_Vol.mm3,1,study3,471,471,yes,same,0,0,1,NA
model,Saimiri_sciureus,Saimiri_sciureus,NA,Striatum,Striatum,Striatum_Vol.mm3,1,study3,1042,1042,yes,same,0,0,1,NA
model,Tarsius_syrichta,Tarsius_syrichta,NA,Striatum,Striatum,Striatum_Vol.mm3,1,study3,133,133,yes,same,0,0,1,NA
model,Ateles_geoffroyi,Ateles_geoffroyi,NA,Area striata grey,ASG_Sousa,Area_striata_grey_matter_Vol.mm3,1,study3,3753,3753,yes,same,0,0,1,NA
model,Avahi_laniger,Avahi_laniger,NA,Area striata grey,ASG_Sousa,Area_striata_grey_matter_Vol.mm3,1,study3,475,475,yes,same,0,0,1,NA
model,Callithrix_pygmaea,Callithrix_pygmaea,NA,Area striata grey,ASG_Sousa,Area_striata_grey_matter_Vol.mm3,1,study3,363,363,yes,same,0,0,1,NA
model,Cebus_albifrons,Cebus_albifrons,NA,Area striata grey,ASG_Sousa,Area_striata_grey_matter_Vol.mm3,1,study3,3764,3764,yes,same,0,0,1,NA
model,Cercopithecus_mitis,Cercopithecus_mitis,NA,Area striata grey,ASG_Sousa,Area_striata_grey_matter_Vol.mm3,1,study3,4232,4232,yes,same,0,0,1,NA
model,Galagoides_demidoff,Galagoides_demidoff,NA,Area striata grey,ASG_Sousa,Area_striata_grey_matter_Vol.mm3,1,study3,214,214,yes,same,0,0,1,NA
model,Gorilla_gorilla,Gorilla_gorilla,NA,Area striata grey,ASG_Sousa,Area_striata_grey_matter_Vol.mm3,1,study3,9129,12062,yes,DIFFERENT,0.2431603382523628,32.12838207908862,1.3212838207908861,NA
model,Homo_sapiens,Homo_sapiens,NA,Area striata grey,ASG_Sousa,Area_striata_grey_matter_Vol.mm3,1,study3,15247.5,14787,yes,DIFFERENT,0.030201672405312345,-3.0201672405312348,0.9697983275946876,NA
model,Hylobates_lar,Hylobates_lar,NA,Area striata grey,ASG_Sousa,Area_striata_grey_matter_Vol.mm3,1,study3,4086.7,4574,yes,DIFFERENT,0.10653694796676873,11.92404629652287,1.1192404629652286,NA
model,Indri_indri,Indri_indri,NA,Area striata grey,ASG_Sousa,Area_striata_grey_matter_Vol.mm3,1,study3,1648,1648,yes,same,0,0,1,NA
model,Lophocebus_albigena,Lophocebus_albigena,NA,Area striata grey,ASG_Sousa,Area_striata_grey_matter_Vol.mm3,1,study3,5420,5420,yes,same,0,0,1,NA
model,Loris_tardigradus,Loris_tardigradus,NA,Area striata grey,ASG_Sousa,Area_striata_grey_matter_Vol.mm3,1,study3,529,529,yes,same,0,0,1,NA
model,Pan_paniscus,Pan_paniscus,NA,Area striata grey,ASG_Sousa,Area_striata_grey_matter_Vol.mm3,1,study3,11606.5,NA,yes,Stephan_only,NA,NA,NA,NA
model,Pan_troglodytes,Pan_troglodytes,NA,Area striata grey,ASG_Sousa,Area_striata_grey_matter_Vol.mm3,1,study3,8268.3,10593,yes,DIFFERENT,0.2194562446898896,28.115815826711668,1.2811581582671168,NA
model,Perodicticus_potto,Perodicticus_potto,NA,Area striata grey,ASG_Sousa,Area_striata_grey_matter_Vol.mm3,1,study3,495,495,yes,same,0,0,1,NA
model,Piliocolobus_badius,Piliocolobus_badius,NA,Area striata grey,ASG_Sousa,Area_striata_grey_matter_Vol.mm3,1,study3,3053,3053,yes,same,0,0,1,NA
model,Pongo_pygmaeus,Pongo_pygmaeus,NA,Area striata grey,ASG_Sousa,Area_striata_grey_matter_Vol.mm3,1,study3,8233.7,NA,yes,Stephan_only,NA,NA,NA,NA
model,Saguinus_oedipus,Saguinus_oedipus,NA,Area striata grey,ASG_Sousa,Area_striata_grey_matter_Vol.mm3,1,study3,807,807,yes,same,0,0,1,NA
model,Symphalangus_syndactylus,Symphalangus_syndactylus,NA,Area striata grey,ASG_Sousa,Area_striata_grey_matter_Vol.mm3,1,study3,5468.9,NA,yes,Stephan_only,NA,NA,NA,NA
model,Varecia_variegata,Varecia_variegata,NA,Area striata grey,ASG_Sousa,Area_striata_grey_matter_Vol.mm3,1,study3,1745,1745,yes,same,0,0,1,NA
model,Alouatta_seniculus,Alouatta_seniculus,NA,Area striata grey,ASG_Sousa,Area_striata_grey_matter_Vol.mm3,1,study3,1918,1918,yes,same,0,0,1,NA
model,Aotus_trivirgatus,Aotus_trivirgatus,NA,Area striata grey,ASG_Sousa,Area_striata_grey_matter_Vol.mm3,1,study3,996,996,yes,same,0,0,1,NA
model,Avahi_occidentalis,Avahi_occidentalis,NA,Area striata grey,ASG_Sousa,Area_striata_grey_matter_Vol.mm3,1,study3,450,450,yes,same,0,0,1,NA
model,Callithrix_jacchus,Callithrix_jacchus,NA,Area striata grey,ASG_Sousa,Area_striata_grey_matter_Vol.mm3,1,study3,566,566,yes,same,0,0,1,NA
model,Cercopithecus_ascanius,Cercopithecus_ascanius,NA,Area striata grey,ASG_Sousa,Area_striata_grey_matter_Vol.mm3,1,study3,4272,4272,yes,same,0,0,1,NA
model,Cheirogaleus_major,Cheirogaleus_major,NA,Area striata grey,ASG_Sousa,Area_striata_grey_matter_Vol.mm3,1,study3,433,433,yes,same,0,0,1,NA
model,Cheirogaleus_medius,Cheirogaleus_medius,NA,Area striata grey,ASG_Sousa,Area_striata_grey_matter_Vol.mm3,1,study3,199,199,yes,same,0,0,1,NA
model,Daubentonia_madagascariensis,Daubentonia_madagascariensis,NA,Area striata grey,ASG_Sousa,Area_striata_grey_matter_Vol.mm3,1,study3,1113,1113,yes,same,0,0,1,NA
model,Eulemur_fulvus,Eulemur_fulvus,NA,Area striata grey,ASG_Sousa,Area_striata_grey_matter_Vol.mm3,1,study3,1253,1253,yes,same,0,0,1,NA
model,Galago_senegalensis,Galago_senegalensis,NA,Area striata grey,ASG_Sousa,Area_striata_grey_matter_Vol.mm3,1,study3,301,301,yes,same,0,0,1,NA
model,Lagothrix_lagotricha,Lagothrix_lagotricha,NA,Area striata grey,ASG_Sousa,Area_striata_grey_matter_Vol.mm3,1,study3,4856,4856,yes,same,0,0,1,NA
model,Lepilemur_ruficaudatus,Lepilemur_ruficaudatus,NA,Area striata grey,ASG_Sousa,Area_striata_grey_matter_Vol.mm3,1,study3,326,326,yes,same,0,0,1,NA
model,Macaca_fascicularis,Macaca_fascicularis,NA,Area striata grey,ASG_Sousa,Area_striata_grey_matter_Vol.mm3,1,study3,2713.3,NA,yes,Stephan_only,NA,NA,NA,NA
model,Macaca_mulatta,Macaca_mulatta,NA,Area striata grey,ASG_Sousa,Area_striata_grey_matter_Vol.mm3,1,study3,5343,5343,yes,same,0,0,1,NA
model,Microcebus_murinus,Microcebus_murinus,NA,Area striata grey,ASG_Sousa,Area_striata_grey_matter_Vol.mm3,1,study3,136,136,yes,same,0,0,1,NA
model,Miopithecus_talapoin,Miopithecus_talapoin,NA,Area striata grey,ASG_Sousa,Area_striata_grey_matter_Vol.mm3,1,study3,2339,2339,yes,same,0,0,1,NA
model,Nycticebus_coucang,Nycticebus_coucang,NA,Area striata grey,ASG_Sousa,Area_striata_grey_matter_Vol.mm3,1,study3,696,696,yes,same,0,0,1,NA
model,Otolemur_crassicaudatus,Otolemur_crassicaudatus,NA,Area striata grey,ASG_Sousa,Area_striata_grey_matter_Vol.mm3,1,study3,479,479,yes,same,0,0,1,NA
model,Papio_anubis,Papio_anubis,NA,Area striata grey,ASG_Sousa,Area_striata_grey_matter_Vol.mm3,1,study3,10001,10001,yes,same,0,0,1,NA
model,Pithecia_monachus,Pithecia_monachus,NA,Area striata grey,ASG_Sousa,Area_striata_grey_matter_Vol.mm3,1,study3,1679,1679,yes,same,0,0,1,NA
model,Plecturocebus_moloch,Plecturocebus_moloch,NA,Area striata grey,ASG_Sousa,Area_striata_grey_matter_Vol.mm3,1,study3,1201,1201,yes,same,0,0,1,NA
model,Propithecus_verreauxi,Propithecus_verreauxi,NA,Area striata grey,ASG_Sousa,Area_striata_grey_matter_Vol.mm3,1,study3,1106,1106,yes,same,0,0,1,NA
model,Saguinus_midas,Saguinus_midas,NA,Area striata grey,ASG_Sousa,Area_striata_grey_matter_Vol.mm3,1,study3,841,841,yes,same,0,0,1,NA
model,Saimiri_sciureus,Saimiri_sciureus,NA,Area striata grey,ASG_Sousa,Area_striata_grey_matter_Vol.mm3,1,study3,1884,1884,yes,same,0,0,1,NA
model,Tarsius_syrichta,Tarsius_syrichta,NA,Area striata grey,ASG_Sousa,Area_striata_grey_matter_Vol.mm3,1,study3,349,349,yes,same,0,0,1,NA
model,Callithrix_pygmaea,Callithrix_pygmaea,NA,Neocortex grey,NeoG_Frahm,Neocortex_grey_matter_Vol.mm3,1,study3,2139,2139,yes,same,0,0,1,NA
model,Cebus_albifrons,Cebus_albifrons,NA,Neocortex grey,NeoG_Frahm,Neocortex_grey_matter_Vol.mm3,1,study3,30630,30630,yes,same,0,0,1,NA
model,Galagoides_demidoff,Galagoides_demidoff,NA,Neocortex grey,NeoG_Frahm,Neocortex_grey_matter_Vol.mm3,1,study3,1417,1417,yes,same,0,0,1,NA
model,Homo_sapiens,Homo_sapiens,NA,Neocortex grey,NeoG_Frahm,Neocortex_grey_matter_Vol.mm3,1,study3,584706,584706,yes,same,0,0,1,NA
model,Hylobates_lar,Hylobates_lar,NA,Neocortex grey,NeoG_Frahm,Neocortex_grey_matter_Vol.mm3,1,study3,46646,46646,yes,same,0,0,1,NA
model,Indri_indri,Indri_indri,NA,Neocortex grey,NeoG_Frahm,Neocortex_grey_matter_Vol.mm3,1,study3,15891,15891,yes,same,0,0,1,NA
model,Pan_troglodytes,Pan_troglodytes,NA,Neocortex grey,NeoG_Frahm,Neocortex_grey_matter_Vol.mm3,1,study3,172597,172597,yes,same,0,0,1,NA
model,Piliocolobus_badius,Piliocolobus_badius,NA,Neocortex grey,NeoG_Frahm,Neocortex_grey_matter_Vol.mm3,1,study3,36575,36575,yes,same,0,0,1,NA
model,Pongo_pygmaeus,Pongo_pygmaeus,NA,Neocortex grey,NeoG_Frahm,Neocortex_grey_matter_Vol.mm3,1,study3,138300,NA,yes,Stephan_only,NA,NA,NA,NA
model,Alouatta_seniculus,Alouatta_seniculus,NA,Neocortex grey,NeoG_Frahm,Neocortex_grey_matter_Vol.mm3,1,study3,21791,21791,yes,same,0,0,1,NA
model,Aotus_trivirgatus,Aotus_trivirgatus,NA,Neocortex grey,NeoG_Frahm,Neocortex_grey_matter_Vol.mm3,1,study3,7776,7776,yes,same,0,0,1,NA
model,Avahi_occidentalis,Avahi_occidentalis,NA,Neocortex grey,NeoG_Frahm,Neocortex_grey_matter_Vol.mm3,1,study3,3666,3666,yes,same,0,0,1,NA
model,Callithrix_jacchus,Callithrix_jacchus,NA,Neocortex grey,NeoG_Frahm,Neocortex_grey_matter_Vol.mm3,1,study3,3564,3564,yes,same,0,0,1,NA
model,Cercopithecus_ascanius,Cercopithecus_ascanius,NA,Neocortex grey,NeoG_Frahm,Neocortex_grey_matter_Vol.mm3,1,study3,32114,32114,yes,same,0,0,1,NA
model,Daubentonia_madagascariensis,Daubentonia_madagascariensis,NA,Neocortex grey,NeoG_Frahm,Neocortex_grey_matter_Vol.mm3,1,study3,17074,17074,yes,same,0,0,1,NA
model,Eulemur_fulvus,Eulemur_fulvus,NA,Neocortex grey,NeoG_Frahm,Neocortex_grey_matter_Vol.mm3,1,study3,9172,9172,yes,same,0,0,1,NA
model,Lagothrix_lagotricha,Lagothrix_lagotricha,NA,Neocortex grey,NeoG_Frahm,Neocortex_grey_matter_Vol.mm3,1,study3,49147,49147,yes,same,0,0,1,NA
model,Lepilemur_ruficaudatus,Lepilemur_ruficaudatus,NA,Neocortex grey,NeoG_Frahm,Neocortex_grey_matter_Vol.mm3,1,study3,2805,2805,yes,same,0,0,1,NA
model,Microcebus_murinus,Microcebus_murinus,NA,Neocortex grey,NeoG_Frahm,Neocortex_grey_matter_Vol.mm3,1,study3,674.2,674.2,yes,same,0,0,1,NA
model,Nycticebus_coucang,Nycticebus_coucang,NA,Neocortex grey,NeoG_Frahm,Neocortex_grey_matter_Vol.mm3,1,study3,4952,4952,yes,same,0,0,1,NA
model,Papio_anubis,Papio_anubis,NA,Neocortex grey,NeoG_Frahm,Neocortex_grey_matter_Vol.mm3,1,study3,85726,85726,yes,same,0,0,1,NA
model,Propithecus_verreauxi,Propithecus_verreauxi,NA,Neocortex grey,NeoG_Frahm,Neocortex_grey_matter_Vol.mm3,1,study3,9835,9835,yes,same,0,0,1,NA
model,Saimiri_sciureus,Saimiri_sciureus,NA,Neocortex grey,NeoG_Frahm,Neocortex_grey_matter_Vol.mm3,1,study3,11832,11832,yes,same,0,0,1,NA
model,Tarsius_syrichta,Tarsius_syrichta,NA,Neocortex grey,NeoG_Frahm,Neocortex_grey_matter_Vol.mm3,1,study3,1631,1631,yes,same,0,0,1,NA
model,Ateles_geoffroyi,Ateles_geoffroyi,NA,Mesencephalon,Mesencephalon,Mesencephalon_Vol.mm3,1,study3,1482,1482,yes,same,0,0,1,NA
model,Avahi_laniger,Avahi_laniger,NA,Mesencephalon,Mesencephalon,Mesencephalon_Vol.mm3,1,study3,343,343,yes,same,0,0,1,NA
model,Callithrix_pygmaea,Callithrix_pygmaea,NA,Mesencephalon,Mesencephalon,Mesencephalon_Vol.mm3,1,study3,192,192,yes,same,0,0,1,NA
model,Cebus_albifrons,Cebus_albifrons,NA,Mesencephalon,Mesencephalon,Mesencephalon_Vol.mm3,1,study3,1221,1221,yes,same,0,0,1,NA
model,Cercopithecus_mitis,Cercopithecus_mitis,NA,Mesencephalon,Mesencephalon,Mesencephalon_Vol.mm3,1,study3,1354,1354,yes,same,0,0,1,NA
model,Galagoides_demidoff,Galagoides_demidoff,NA,Mesencephalon,Mesencephalon,Mesencephalon_Vol.mm3,1,study3,135,135,yes,same,0,0,1,NA
model,Gorilla_gorilla,Gorilla_gorilla,NA,Mesencephalon,Mesencephalon,Mesencephalon_Vol.mm3,1,study3,4352,4352,yes,same,0,0,1,NA
model,Homo_sapiens,Homo_sapiens,NA,Mesencephalon,Mesencephalon,Mesencephalon_Vol.mm3,1,study3,8087,8087,yes,same,0,0,1,NA
model,Hylobates_lar,Hylobates_lar,NA,Mesencephalon,Mesencephalon,Mesencephalon_Vol.mm3,1,study3,1459,1459,yes,same,0,0,1,NA
model,Indri_indri,Indri_indri,NA,Mesencephalon,Mesencephalon,Mesencephalon_Vol.mm3,1,study3,978,978,yes,same,0,0,1,NA
model,Lophocebus_albigena,Lophocebus_albigena,NA,Mesencephalon,Mesencephalon,Mesencephalon_Vol.mm3,1,study3,1770,1770,yes,same,0,0,1,NA
model,Loris_tardigradus,Loris_tardigradus,NA,Mesencephalon,Mesencephalon,Mesencephalon_Vol.mm3,1,study3,220,220,yes,same,0,0,1,NA
model,Pan_troglodytes,Pan_troglodytes,NA,Mesencephalon,Mesencephalon,Mesencephalon_Vol.mm3,1,study3,3739,3739,yes,same,0,0,1,NA
model,Perodicticus_potto,Perodicticus_potto,NA,Mesencephalon,Mesencephalon,Mesencephalon_Vol.mm3,1,study3,391,391,yes,same,0,0,1,NA
model,Piliocolobus_badius,Piliocolobus_badius,NA,Mesencephalon,Mesencephalon,Mesencephalon_Vol.mm3,1,study3,1333,1333,yes,same,0,0,1,NA
model,Pongo_pygmaeus,Pongo_pygmaeus,NA,Mesencephalon,Mesencephalon,Mesencephalon_Vol.mm3,1,study3,4000,NA,yes,Stephan_only,NA,NA,NA,NA
model,Saguinus_oedipus,Saguinus_oedipus,NA,Mesencephalon,Mesencephalon,Mesencephalon_Vol.mm3,1,study3,333,333,yes,same,0,0,1,NA
model,Varecia_variegata,Varecia_variegata,NA,Mesencephalon,Mesencephalon,Mesencephalon_Vol.mm3,1,study3,1018,1018,yes,same,0,0,1,NA
model,Alouatta_seniculus,Alouatta_seniculus,NA,Mesencephalon,Mesencephalon,Mesencephalon_Vol.mm3,1,study3,986,986,yes,same,0,0,1,NA
model,Aotus_trivirgatus,Aotus_trivirgatus,NA,Mesencephalon,Mesencephalon,Mesencephalon_Vol.mm3,1,study3,409,409,yes,same,0,0,1,NA
model,Avahi_occidentalis,Avahi_occidentalis,NA,Mesencephalon,Mesencephalon,Mesencephalon_Vol.mm3,1,study3,345,345,yes,same,0,0,1,NA
model,Callimico_goeldii,Callimico_goeldii,NA,Mesencephalon,Mesencephalon,Mesencephalon_Vol.mm3,1,study3,340,340,yes,same,0,0,1,NA
model,Callithrix_jacchus,Callithrix_jacchus,NA,Mesencephalon,Mesencephalon,Mesencephalon_Vol.mm3,1,study3,295,295,yes,same,0,0,1,NA
model,Cercopithecus_ascanius,Cercopithecus_ascanius,NA,Mesencephalon,Mesencephalon,Mesencephalon_Vol.mm3,1,study3,1162,1162,yes,same,0,0,1,NA
model,Cheirogaleus_major,Cheirogaleus_major,NA,Mesencephalon,Mesencephalon,Mesencephalon_Vol.mm3,1,study3,241,241,yes,same,0,0,1,NA
model,Cheirogaleus_medius,Cheirogaleus_medius,NA,Mesencephalon,Mesencephalon,Mesencephalon_Vol.mm3,1,study3,145,145,yes,same,0,0,1,NA
model,Daubentonia_madagascariensis,Daubentonia_madagascariensis,NA,Mesencephalon,Mesencephalon,Mesencephalon_Vol.mm3,1,study3,897,897,yes,same,0,0,1,NA
model,Erythrocebus_patas,Erythrocebus_patas,NA,Mesencephalon,Mesencephalon,Mesencephalon_Vol.mm3,1,study3,1621,1621,yes,same,0,0,1,NA
model,Eulemur_fulvus,Eulemur_fulvus,NA,Mesencephalon,Mesencephalon,Mesencephalon_Vol.mm3,1,study3,590,590,yes,same,0,0,1,NA
model,Galago_senegalensis,Galago_senegalensis,NA,Mesencephalon,Mesencephalon,Mesencephalon_Vol.mm3,1,study3,205,205,yes,same,0,0,1,NA
model,Lagothrix_lagotricha,Lagothrix_lagotricha,NA,Mesencephalon,Mesencephalon,Mesencephalon_Vol.mm3,1,study3,1582,1582,yes,same,0,0,1,NA
model,Lepilemur_ruficaudatus,Lepilemur_ruficaudatus,NA,Mesencephalon,Mesencephalon,Mesencephalon_Vol.mm3,1,study3,260,260,yes,same,0,0,1,NA
model,Macaca_mulatta,Macaca_mulatta,NA,Mesencephalon,Mesencephalon,Mesencephalon_Vol.mm3,1,study3,1380,1380,yes,same,0,0,1,NA
model,Microcebus_murinus,Microcebus_murinus,NA,Mesencephalon,Mesencephalon,Mesencephalon_Vol.mm3,1,study3,85.2,85.2,yes,same,0,0,1,NA
model,Miopithecus_talapoin,Miopithecus_talapoin,NA,Mesencephalon,Mesencephalon,Mesencephalon_Vol.mm3,1,study3,826,826,yes,same,0,0,1,NA
model,Nasalis_larvatus,Nasalis_larvatus,NA,Mesencephalon,Mesencephalon,Mesencephalon_Vol.mm3,1,study3,1556,1556,yes,same,0,0,1,NA
model,Nycticebus_coucang,Nycticebus_coucang,NA,Mesencephalon,Mesencephalon,Mesencephalon_Vol.mm3,1,study3,345,345,yes,same,0,0,1,NA
model,Otolemur_crassicaudatus,Otolemur_crassicaudatus,NA,Mesencephalon,Mesencephalon,Mesencephalon_Vol.mm3,1,study3,384,384,yes,same,0,0,1,NA
model,Papio_anubis,Papio_anubis,NA,Mesencephalon,Mesencephalon,Mesencephalon_Vol.mm3,1,study3,2711,2711,yes,same,0,0,1,NA
model,Pithecia_monachus,Pithecia_monachus,NA,Mesencephalon,Mesencephalon,Mesencephalon_Vol.mm3,1,study3,745,745,yes,same,0,0,1,NA
model,Plecturocebus_moloch,Plecturocebus_moloch,NA,Mesencephalon,Mesencephalon,Mesencephalon_Vol.mm3,1,study3,530,530,yes,same,0,0,1,NA
model,Propithecus_verreauxi,Propithecus_verreauxi,NA,Mesencephalon,Mesencephalon,Mesencephalon_Vol.mm3,1,study3,780,780,yes,same,0,0,1,NA
model,Pygathrix_nemaeus,Pygathrix_nemaeus,NA,Mesencephalon,Mesencephalon,Mesencephalon_Vol.mm3,1,study3,1345,1345,yes,same,0,0,1,NA
model,Saguinus_midas,Saguinus_midas,NA,Mesencephalon,Mesencephalon,Mesencephalon_Vol.mm3,1,study3,332,332,yes,same,0,0,1,NA
model,Saimiri_sciureus,Saimiri_sciureus,NA,Mesencephalon,Mesencephalon,Mesencephalon_Vol.mm3,1,study3,526,526,yes,same,0,0,1,NA
model,Tarsius_syrichta,Tarsius_syrichta,NA,Mesencephalon,Mesencephalon,Mesencephalon_Vol.mm3,1,study3,197,197,yes,same,0,0,1,NA
model,Ateles_geoffroyi,Ateles_geoffroyi,NA,Cerebellum,Cerebellum,Cerebellum_Vol.mm3,1,study3,12438,12438,yes,same,0,0,1,NA
model,Avahi_laniger,Avahi_laniger,NA,Cerebellum,Cerebellum,Cerebellum_Vol.mm3,1,study3,1489,1489,yes,same,0,0,1,NA
model,Callithrix_pygmaea,Callithrix_pygmaea,NA,Cerebellum,Cerebellum,Cerebellum_Vol.mm3,1,study3,468,468,yes,same,0,0,1,NA
model,Cebus_albifrons,Cebus_albifrons,NA,Cerebellum,Cerebellum,Cerebellum_Vol.mm3,1,study3,7871,7871,yes,same,0,0,1,NA
model,Cercopithecus_mitis,Cercopithecus_mitis,NA,Cerebellum,Cerebellum,Cerebellum_Vol.mm3,1,study3,6758,6758,yes,same,0,0,1,NA
model,Galagoides_demidoff,Galagoides_demidoff,NA,Cerebellum,Cerebellum,Cerebellum_Vol.mm3,1,study3,413,413,yes,same,0,0,1,NA
model,Gorilla_gorilla,Gorilla_gorilla,NA,Cerebellum,Cerebellum,Cerebellum_Vol.mm3,1,study3,69249,69249,yes,same,0,0,1,NA
model,Homo_sapiens,Homo_sapiens,NA,Cerebellum,Cerebellum,Cerebellum_Vol.mm3,1,study3,137421,137421,yes,same,0,0,1,NA
model,Hylobates_lar,Hylobates_lar,NA,Cerebellum,Cerebellum,Cerebellum_Vol.mm3,1,study3,12078,12078,yes,same,0,0,1,NA
model,Indri_indri,Indri_indri,NA,Cerebellum,Cerebellum,Cerebellum_Vol.mm3,1,study3,5504,5504,yes,same,0,0,1,NA
model,Lophocebus_albigena,Lophocebus_albigena,NA,Cerebellum,Cerebellum,Cerebellum_Vol.mm3,1,study3,10726,10726,yes,same,0,0,1,NA
model,Loris_tardigradus,Loris_tardigradus,NA,Cerebellum,Cerebellum,Cerebellum_Vol.mm3,1,study3,728,728,yes,same,0,0,1,NA
model,Pan_troglodytes,Pan_troglodytes,NA,Cerebellum,Cerebellum,Cerebellum_Vol.mm3,1,study3,43663,43663,yes,same,0,0,1,NA
model,Perodicticus_potto,Perodicticus_potto,NA,Cerebellum,Cerebellum,Cerebellum_Vol.mm3,1,study3,1699,1699,yes,same,0,0,1,NA
model,Piliocolobus_badius,Piliocolobus_badius,NA,Cerebellum,Cerebellum,Cerebellum_Vol.mm3,1,study3,8648,8648,yes,same,0,0,1,NA
model,Pongo_pygmaeus,Pongo_pygmaeus,NA,Cerebellum,Cerebellum,Cerebellum_Vol.mm3,1,study3,42900,NA,yes,Stephan_only,NA,NA,NA,NA
model,Saguinus_oedipus,Saguinus_oedipus,NA,Cerebellum,Cerebellum,Cerebellum_Vol.mm3,1,study3,984,984,yes,same,0,0,1,NA
model,Varecia_variegata,Varecia_variegata,NA,Cerebellum,Cerebellum,Cerebellum_Vol.mm3,1,study3,4286,4286,yes,same,0,0,1,NA
model,Alouatta_seniculus,Alouatta_seniculus,NA,Cerebellum,Cerebellum,Cerebellum_Vol.mm3,1,study3,5699,5699,yes,same,0,0,1,NA
model,Aotus_trivirgatus,Aotus_trivirgatus,NA,Cerebellum,Cerebellum,Cerebellum_Vol.mm3,1,study3,1873,1873,yes,same,0,0,1,NA
model,Avahi_occidentalis,Avahi_occidentalis,NA,Cerebellum,Cerebellum,Cerebellum_Vol.mm3,1,study3,1383,1383,yes,same,0,0,1,NA
model,Callimico_goeldii,Callimico_goeldii,NA,Cerebellum,Cerebellum,Cerebellum_Vol.mm3,1,study3,1240,1240,yes,same,0,0,1,NA
model,Callithrix_jacchus,Callithrix_jacchus,NA,Cerebellum,Cerebellum,Cerebellum_Vol.mm3,1,study3,757,757,yes,same,0,0,1,NA
model,Cercopithecus_ascanius,Cercopithecus_ascanius,NA,Cerebellum,Cerebellum,Cerebellum_Vol.mm3,1,study3,5828,5828,yes,same,0,0,1,NA
model,Cheirogaleus_major,Cheirogaleus_major,NA,Cerebellum,Cerebellum,Cerebellum_Vol.mm3,1,study3,947,947,yes,same,0,0,1,NA
model,Cheirogaleus_medius,Cheirogaleus_medius,NA,Cerebellum,Cerebellum,Cerebellum_Vol.mm3,1,study3,437,437,yes,same,0,0,1,NA
model,Daubentonia_madagascariensis,Daubentonia_madagascariensis,NA,Cerebellum,Cerebellum,Cerebellum_Vol.mm3,1,study3,6461,6461,yes,same,0,0,1,NA
model,Erythrocebus_patas,Erythrocebus_patas,NA,Cerebellum,Cerebellum,Cerebellum_Vol.mm3,1,study3,8738,8738,yes,same,0,0,1,NA
model,Eulemur_fulvus,Eulemur_fulvus,NA,Cerebellum,Cerebellum,Cerebellum_Vol.mm3,1,study3,3328,3328,yes,same,0,0,1,NA
model,Galago_senegalensis,Galago_senegalensis,NA,Cerebellum,Cerebellum,Cerebellum_Vol.mm3,1,study3,672,672,yes,same,0,0,1,NA
model,Lagothrix_lagotricha,Lagothrix_lagotricha,NA,Cerebellum,Cerebellum,Cerebellum_Vol.mm3,1,study3,11268,11268,yes,same,0,0,1,NA
model,Lepilemur_ruficaudatus,Lepilemur_ruficaudatus,NA,Cerebellum,Cerebellum,Cerebellum_Vol.mm3,1,study3,1165,1165,yes,same,0,0,1,NA
model,Macaca_mulatta,Macaca_mulatta,NA,Cerebellum,Cerebellum,Cerebellum_Vol.mm3,1,study3,8965,8965,yes,same,0,0,1,NA
model,Microcebus_murinus,Microcebus_murinus,NA,Cerebellum,Cerebellum,Cerebellum_Vol.mm3,1,study3,234,234,yes,same,0,0,1,NA
model,Miopithecus_talapoin,Miopithecus_talapoin,NA,Cerebellum,Cerebellum,Cerebellum_Vol.mm3,1,study3,3374,3374,yes,same,0,0,1,NA
model,Nasalis_larvatus,Nasalis_larvatus,NA,Cerebellum,Cerebellum,Cerebellum_Vol.mm3,1,study3,12113,12113,yes,same,0,0,1,NA
model,Nycticebus_coucang,Nycticebus_coucang,NA,Cerebellum,Cerebellum,Cerebellum_Vol.mm3,1,study3,1310,1310,yes,same,0,0,1,NA
model,Otolemur_crassicaudatus,Otolemur_crassicaudatus,NA,Cerebellum,Cerebellum,Cerebellum_Vol.mm3,1,study3,1414,1414,yes,same,0,0,1,NA
model,Papio_anubis,Papio_anubis,NA,Cerebellum,Cerebellum,Cerebellum_Vol.mm3,1,study3,18683,18683,yes,same,0,0,1,NA
model,Pithecia_monachus,Pithecia_monachus,NA,Cerebellum,Cerebellum,Cerebellum_Vol.mm3,1,study3,3908,3908,yes,same,0,0,1,NA
model,Plecturocebus_moloch,Plecturocebus_moloch,NA,Cerebellum,Cerebellum,Cerebellum_Vol.mm3,1,study3,1622,1622,yes,same,0,0,1,NA
model,Propithecus_verreauxi,Propithecus_verreauxi,NA,Cerebellum,Cerebellum,Cerebellum_Vol.mm3,1,study3,3957,3957,yes,same,0,0,1,NA
model,Pygathrix_nemaeus,Pygathrix_nemaeus,NA,Cerebellum,Cerebellum,Cerebellum_Vol.mm3,1,study3,8063,8063,yes,same,0,0,1,NA
model,Saguinus_midas,Saguinus_midas,NA,Cerebellum,Cerebellum,Cerebellum_Vol.mm3,1,study3,1061,1061,yes,same,0,0,1,NA
model,Saimiri_sciureus,Saimiri_sciureus,NA,Cerebellum,Cerebellum,Cerebellum_Vol.mm3,1,study3,2260,2260,yes,same,0,0,1,NA
model,Tarsius_syrichta,Tarsius_syrichta,NA,Cerebellum,Cerebellum,Cerebellum_Vol.mm3,1,study3,428,428,yes,same,0,0,1,NA
model,Ateles_geoffroyi,Ateles_geoffroyi,NA,Hippocampus,Hippocampus,Hippocampus_Vol.mm3,1,study3,1366,1366,yes,same,0,0,1,NA
model,Avahi_laniger,Avahi_laniger,NA,Hippocampus,Hippocampus,Hippocampus_Vol.mm3,1,study3,526,526,yes,same,0,0,1,NA
model,Callithrix_pygmaea,Callithrix_pygmaea,NA,Hippocampus,Hippocampus,Hippocampus_Vol.mm3,1,study3,133,133,yes,same,0,0,1,NA
model,Cebus_albifrons,Cebus_albifrons,NA,Hippocampus,Hippocampus,Hippocampus_Vol.mm3,1,study3,890,890,yes,same,0,0,1,NA
model,Cercopithecus_mitis,Cercopithecus_mitis,NA,Hippocampus,Hippocampus,Hippocampus_Vol.mm3,1,study3,1366,1366,yes,same,0,0,1,NA
model,Galagoides_demidoff,Galagoides_demidoff,NA,Hippocampus,Hippocampus,Hippocampus_Vol.mm3,1,study3,152,152,yes,same,0,0,1,NA
model,Gorilla_gorilla,Gorilla_gorilla,NA,Hippocampus,Hippocampus,Hippocampus_Vol.mm3,1,study3,4781,4781,yes,same,0,0,1,NA
model,Homo_sapiens,Homo_sapiens,NA,Hippocampus,Hippocampus,Hippocampus_Vol.mm3,1,study3,10287,10287,yes,same,0,0,1,NA
model,Hylobates_lar,Hylobates_lar,NA,Hippocampus,Hippocampus,Hippocampus_Vol.mm3,1,study3,2673,2673,yes,same,0,0,1,NA
model,Indri_indri,Indri_indri,NA,Hippocampus,Hippocampus,Hippocampus_Vol.mm3,1,study3,1520,1520,yes,same,0,0,1,NA
model,Lophocebus_albigena,Lophocebus_albigena,NA,Hippocampus,Hippocampus,Hippocampus_Vol.mm3,1,study3,1485,1485,yes,same,0,0,1,NA
model,Loris_tardigradus,Loris_tardigradus,NA,Hippocampus,Hippocampus,Hippocampus_Vol.mm3,1,study3,191,191,yes,same,0,0,1,NA
model,Pan_troglodytes,Pan_troglodytes,NA,Hippocampus,Hippocampus,Hippocampus_Vol.mm3,1,study3,3779,3779,yes,same,0,0,1,NA
model,Perodicticus_potto,Perodicticus_potto,NA,Hippocampus,Hippocampus,Hippocampus_Vol.mm3,1,study3,607,607,yes,same,0,0,1,NA
model,Piliocolobus_badius,Piliocolobus_badius,NA,Hippocampus,Hippocampus,Hippocampus_Vol.mm3,1,study3,1671,1671,yes,same,0,0,1,NA
model,Pongo_pygmaeus,Pongo_pygmaeus,NA,Hippocampus,Hippocampus,Hippocampus_Vol.mm3,1,study3,2700,NA,yes,Stephan_only,NA,NA,NA,NA
model,Saguinus_oedipus,Saguinus_oedipus,NA,Hippocampus,Hippocampus,Hippocampus_Vol.mm3,1,study3,262,262,yes,same,0,0,1,NA
model,Varecia_variegata,Varecia_variegata,NA,Hippocampus,Hippocampus,Hippocampus_Vol.mm3,1,study3,1404,1404,yes,same,0,0,1,NA
model,Alouatta_seniculus,Alouatta_seniculus,NA,Hippocampus,Hippocampus,Hippocampus_Vol.mm3,1,study3,1320,1320,yes,same,0,0,1,NA
model,Aotus_trivirgatus,Aotus_trivirgatus,NA,Hippocampus,Hippocampus,Hippocampus_Vol.mm3,1,study3,539,539,yes,same,0,0,1,NA
model,Avahi_occidentalis,Avahi_occidentalis,NA,Hippocampus,Hippocampus,Hippocampus_Vol.mm3,1,study3,476,476,yes,same,0,0,1,NA
model,Callimico_goeldii,Callimico_goeldii,NA,Hippocampus,Hippocampus,Hippocampus_Vol.mm3,1,study3,281,281,yes,same,0,0,1,NA
model,Callithrix_jacchus,Callithrix_jacchus,NA,Hippocampus,Hippocampus,Hippocampus_Vol.mm3,1,study3,221,221,yes,same,0,0,1,NA
model,Cercopithecus_ascanius,Cercopithecus_ascanius,NA,Hippocampus,Hippocampus,Hippocampus_Vol.mm3,1,study3,1189,1189,yes,same,0,0,1,NA
model,Cheirogaleus_major,Cheirogaleus_major,NA,Hippocampus,Hippocampus,Hippocampus_Vol.mm3,1,study3,347,347,yes,same,0,0,1,NA
model,Cheirogaleus_medius,Cheirogaleus_medius,NA,Hippocampus,Hippocampus,Hippocampus_Vol.mm3,1,study3,174,174,yes,same,0,0,1,NA
model,Daubentonia_madagascariensis,Daubentonia_madagascariensis,NA,Hippocampus,Hippocampus,Hippocampus_Vol.mm3,1,study3,1776,1776,yes,same,0,0,1,NA
model,Erythrocebus_patas,Erythrocebus_patas,NA,Hippocampus,Hippocampus,Hippocampus_Vol.mm3,1,study3,1591,1591,yes,same,0,0,1,NA
model,Eulemur_fulvus,Eulemur_fulvus,NA,Hippocampus,Hippocampus,Hippocampus_Vol.mm3,1,study3,752,752,yes,same,0,0,1,NA
model,Galago_senegalensis,Galago_senegalensis,NA,Hippocampus,Hippocampus,Hippocampus_Vol.mm3,1,study3,261,261,yes,same,0,0,1,NA
model,Lagothrix_lagotricha,Lagothrix_lagotricha,NA,Hippocampus,Hippocampus,Hippocampus_Vol.mm3,1,study3,1586,1586,yes,same,0,0,1,NA
model,Lepilemur_ruficaudatus,Lepilemur_ruficaudatus,NA,Hippocampus,Hippocampus,Hippocampus_Vol.mm3,1,study3,392,392,yes,same,0,0,1,NA
model,Macaca_mulatta,Macaca_mulatta,NA,Hippocampus,Hippocampus,Hippocampus_Vol.mm3,1,study3,1353,1353,yes,same,0,0,1,NA
model,Microcebus_murinus,Microcebus_murinus,NA,Hippocampus,Hippocampus,Hippocampus_Vol.mm3,1,study3,100,100,yes,same,0,0,1,NA
model,Miopithecus_talapoin,Miopithecus_talapoin,NA,Hippocampus,Hippocampus,Hippocampus_Vol.mm3,1,study3,705,705,yes,same,0,0,1,NA
model,Nasalis_larvatus,Nasalis_larvatus,NA,Hippocampus,Hippocampus,Hippocampus_Vol.mm3,1,study3,1966,1966,yes,same,0,0,1,NA
model,Nycticebus_coucang,Nycticebus_coucang,NA,Hippocampus,Hippocampus,Hippocampus_Vol.mm3,1,study3,566,566,yes,same,0,0,1,NA
model,Otolemur_crassicaudatus,Otolemur_crassicaudatus,NA,Hippocampus,Hippocampus,Hippocampus_Vol.mm3,1,study3,461,461,yes,same,0,0,1,NA
model,Papio_anubis,Papio_anubis,NA,Hippocampus,Hippocampus,Hippocampus_Vol.mm3,1,study3,3398,3398,yes,same,0,0,1,NA
model,Pithecia_monachus,Pithecia_monachus,NA,Hippocampus,Hippocampus,Hippocampus_Vol.mm3,1,study3,834,834,yes,same,0,0,1,NA
model,Plecturocebus_moloch,Plecturocebus_moloch,NA,Hippocampus,Hippocampus,Hippocampus_Vol.mm3,1,study3,588,588,yes,same,0,0,1,NA
model,Propithecus_verreauxi,Propithecus_verreauxi,NA,Hippocampus,Hippocampus,Hippocampus_Vol.mm3,1,study3,1043,1043,yes,same,0,0,1,NA
model,Pygathrix_nemaeus,Pygathrix_nemaeus,NA,Hippocampus,Hippocampus,Hippocampus_Vol.mm3,1,study3,2295,2295,yes,same,0,0,1,NA
model,Saguinus_midas,Saguinus_midas,NA,Hippocampus,Hippocampus,Hippocampus_Vol.mm3,1,study3,280,280,yes,same,0,0,1,NA
model,Saimiri_sciureus,Saimiri_sciureus,NA,Hippocampus,Hippocampus,Hippocampus_Vol.mm3,1,study3,352,352,yes,same,0,0,1,NA
model,Tarsius_syrichta,Tarsius_syrichta,NA,Hippocampus,Hippocampus,Hippocampus_Vol.mm3,1,study3,153,153,yes,same,0,0,1,NA
model,Ateles_geoffroyi,Ateles_geoffroyi,NA,Nucleus dentatus cerebelli,Lateral_cerebellar_nuclei,Lateral_cerebellar_nuclei_Vol.mm3,1,study3,114.79,114.79,yes,same,0,0,1,NA
model,Avahi_laniger,Avahi_laniger,NA,Nucleus dentatus cerebelli,Lateral_cerebellar_nuclei,Lateral_cerebellar_nuclei_Vol.mm3,1,study3,14.46,14.46,yes,same,0,0,1,NA
model,Callithrix_pygmaea,Callithrix_pygmaea,NA,Nucleus dentatus cerebelli,Lateral_cerebellar_nuclei,Lateral_cerebellar_nuclei_Vol.mm3,1,study3,4.35,4.35,yes,same,0,0,1,NA
model,Cebus_albifrons,Cebus_albifrons,NA,Nucleus dentatus cerebelli,Lateral_cerebellar_nuclei,Lateral_cerebellar_nuclei_Vol.mm3,1,study3,99.52,99.52,yes,same,0,0,1,NA
model,Cercopithecus_mitis,Cercopithecus_mitis,NA,Nucleus dentatus cerebelli,Lateral_cerebellar_nuclei,Lateral_cerebellar_nuclei_Vol.mm3,1,study3,82.38,82.38,yes,same,0,0,1,NA
model,Galagoides_demidoff,Galagoides_demidoff,NA,Nucleus dentatus cerebelli,Lateral_cerebellar_nuclei,Lateral_cerebellar_nuclei_Vol.mm3,1,study3,3.06,3.06,yes,same,0,0,1,NA
model,Gorilla_gorilla,Gorilla_gorilla,NA,Nucleus dentatus cerebelli,Lateral_cerebellar_nuclei,Lateral_cerebellar_nuclei_Vol.mm3,1,study3,534.6,534.6,yes,same,0,0,1,NA
model,Homo_sapiens,Homo_sapiens,NA,Nucleus dentatus cerebelli,Lateral_cerebellar_nuclei,Lateral_cerebellar_nuclei_Vol.mm3,1,study3,1166.9,1166.9,yes,same,0,0,1,NA
model,Hylobates_lar,Hylobates_lar,NA,Nucleus dentatus cerebelli,Lateral_cerebellar_nuclei,Lateral_cerebellar_nuclei_Vol.mm3,1,study3,141.08,141.08,yes,same,0,0,1,NA
model,Indri_indri,Indri_indri,NA,Nucleus dentatus cerebelli,Lateral_cerebellar_nuclei,Lateral_cerebellar_nuclei_Vol.mm3,1,study3,56.31,56.31,yes,same,0,0,1,NA
model,Lophocebus_albigena,Lophocebus_albigena,NA,Nucleus dentatus cerebelli,Lateral_cerebellar_nuclei,Lateral_cerebellar_nuclei_Vol.mm3,1,study3,113.33,113.33,yes,same,0,0,1,NA
model,Loris_tardigradus,Loris_tardigradus,NA,Nucleus dentatus cerebelli,Lateral_cerebellar_nuclei,Lateral_cerebellar_nuclei_Vol.mm3,1,study3,5.76,5.76,yes,same,0,0,1,NA
model,Pan_troglodytes,Pan_troglodytes,NA,Nucleus dentatus cerebelli,Lateral_cerebellar_nuclei,Lateral_cerebellar_nuclei_Vol.mm3,1,study3,455.83,455.83,yes,same,0,0,1,NA
model,Perodicticus_potto,Perodicticus_potto,NA,Nucleus dentatus cerebelli,Lateral_cerebellar_nuclei,Lateral_cerebellar_nuclei_Vol.mm3,1,study3,12.25,12.25,yes,same,0,0,1,NA
model,Piliocolobus_badius,Piliocolobus_badius,NA,Nucleus dentatus cerebelli,Lateral_cerebellar_nuclei,Lateral_cerebellar_nuclei_Vol.mm3,1,study3,98.52,98.52,yes,same,0,0,1,NA
model,Saguinus_oedipus,Saguinus_oedipus,NA,Nucleus dentatus cerebelli,Lateral_cerebellar_nuclei,Lateral_cerebellar_nuclei_Vol.mm3,1,study3,8.8,8.8,yes,same,0,0,1,NA
model,Varecia_variegata,Varecia_variegata,NA,Nucleus dentatus cerebelli,Lateral_cerebellar_nuclei,Lateral_cerebellar_nuclei_Vol.mm3,1,study3,37.45,37.45,yes,same,0,0,1,NA
model,Alouatta_seniculus,Alouatta_seniculus,NA,Nucleus dentatus cerebelli,Lateral_cerebellar_nuclei,Lateral_cerebellar_nuclei_Vol.mm3,1,study3,59.75,59.75,yes,same,0,0,1,NA
model,Aotus_trivirgatus,Aotus_trivirgatus,NA,Nucleus dentatus cerebelli,Lateral_cerebellar_nuclei,Lateral_cerebellar_nuclei_Vol.mm3,1,study3,17.02,17.02,yes,same,0,0,1,NA
model,Avahi_occidentalis,Avahi_occidentalis,NA,Nucleus dentatus cerebelli,Lateral_cerebellar_nuclei,Lateral_cerebellar_nuclei_Vol.mm3,1,study3,11.3,11.3,yes,same,0,0,1,NA
model,Callithrix_jacchus,Callithrix_jacchus,NA,Nucleus dentatus cerebelli,Lateral_cerebellar_nuclei,Lateral_cerebellar_nuclei_Vol.mm3,1,study3,7.93,7.93,yes,same,0,0,1,NA
model,Cercopithecus_ascanius,Cercopithecus_ascanius,NA,Nucleus dentatus cerebelli,Lateral_cerebellar_nuclei,Lateral_cerebellar_nuclei_Vol.mm3,1,study3,67.67,67.67,yes,same,0,0,1,NA
model,Cheirogaleus_major,Cheirogaleus_major,NA,Nucleus dentatus cerebelli,Lateral_cerebellar_nuclei,Lateral_cerebellar_nuclei_Vol.mm3,1,study3,9.95,9.95,yes,same,0,0,1,NA
model,Cheirogaleus_medius,Cheirogaleus_medius,NA,Nucleus dentatus cerebelli,Lateral_cerebellar_nuclei,Lateral_cerebellar_nuclei_Vol.mm3,1,study3,4.27,4.27,yes,same,0,0,1,NA
model,Daubentonia_madagascariensis,Daubentonia_madagascariensis,NA,Nucleus dentatus cerebelli,Lateral_cerebellar_nuclei,Lateral_cerebellar_nuclei_Vol.mm3,1,study3,61.03,61.03,yes,same,0,0,1,NA
model,Erythrocebus_patas,Erythrocebus_patas,NA,Nucleus dentatus cerebelli,Lateral_cerebellar_nuclei,Lateral_cerebellar_nuclei_Vol.mm3,1,study3,126.31,126.31,yes,same,0,0,1,NA
model,Eulemur_fulvus,Eulemur_fulvus,NA,Nucleus dentatus cerebelli,Lateral_cerebellar_nuclei,Lateral_cerebellar_nuclei_Vol.mm3,1,study3,32.05,32.05,yes,same,0,0,1,NA
model,Galago_senegalensis,Galago_senegalensis,NA,Nucleus dentatus cerebelli,Lateral_cerebellar_nuclei,Lateral_cerebellar_nuclei_Vol.mm3,1,study3,4.4,4.4,yes,same,0,0,1,NA
model,Lagothrix_lagotricha,Lagothrix_lagotricha,NA,Nucleus dentatus cerebelli,Lateral_cerebellar_nuclei,Lateral_cerebellar_nuclei_Vol.mm3,1,study3,108.57,108.57,yes,same,0,0,1,NA
model,Lepilemur_ruficaudatus,Lepilemur_ruficaudatus,NA,Nucleus dentatus cerebelli,Lateral_cerebellar_nuclei,Lateral_cerebellar_nuclei_Vol.mm3,1,study3,9.35,9.35,yes,same,0,0,1,NA
model,Macaca_mulatta,Macaca_mulatta,NA,Nucleus dentatus cerebelli,Lateral_cerebellar_nuclei,Lateral_cerebellar_nuclei_Vol.mm3,1,study3,106.94,106.94,yes,same,0,0,1,NA
model,Microcebus_murinus,Microcebus_murinus,NA,Nucleus dentatus cerebelli,Lateral_cerebellar_nuclei,Lateral_cerebellar_nuclei_Vol.mm3,1,study3,2.11,2.11,yes,same,0,0,1,NA
model,Miopithecus_talapoin,Miopithecus_talapoin,NA,Nucleus dentatus cerebelli,Lateral_cerebellar_nuclei,Lateral_cerebellar_nuclei_Vol.mm3,1,study3,33.84,33.84,yes,same,0,0,1,NA
model,Nasalis_larvatus,Nasalis_larvatus,NA,Nucleus dentatus cerebelli,Lateral_cerebellar_nuclei,Lateral_cerebellar_nuclei_Vol.mm3,1,study3,149.33,149.33,yes,same,0,0,1,NA
model,Nycticebus_coucang,Nycticebus_coucang,NA,Nucleus dentatus cerebelli,Lateral_cerebellar_nuclei,Lateral_cerebellar_nuclei_Vol.mm3,1,study3,14.03,14.03,yes,same,0,0,1,NA
model,Otolemur_crassicaudatus,Otolemur_crassicaudatus,NA,Nucleus dentatus cerebelli,Lateral_cerebellar_nuclei,Lateral_cerebellar_nuclei_Vol.mm3,1,study3,9.64,9.64,yes,same,0,0,1,NA
model,Papio_anubis,Papio_anubis,NA,Nucleus dentatus cerebelli,Lateral_cerebellar_nuclei,Lateral_cerebellar_nuclei_Vol.mm3,1,study3,220.35,220.35,yes,same,0,0,1,NA
model,Pithecia_monachus,Pithecia_monachus,NA,Nucleus dentatus cerebelli,Lateral_cerebellar_nuclei,Lateral_cerebellar_nuclei_Vol.mm3,1,study3,53.67,53.67,yes,same,0,0,1,NA
model,Plecturocebus_moloch,Plecturocebus_moloch,NA,Nucleus dentatus cerebelli,Lateral_cerebellar_nuclei,Lateral_cerebellar_nuclei_Vol.mm3,1,study3,21.24,21.24,yes,same,0,0,1,NA
model,Propithecus_verreauxi,Propithecus_verreauxi,NA,Nucleus dentatus cerebelli,Lateral_cerebellar_nuclei,Lateral_cerebellar_nuclei_Vol.mm3,1,study3,39.46,39.46,yes,same,0,0,1,NA
model,Pygathrix_nemaeus,Pygathrix_nemaeus,NA,Nucleus dentatus cerebelli,Lateral_cerebellar_nuclei,Lateral_cerebellar_nuclei_Vol.mm3,1,study3,137.05,137.05,yes,same,0,0,1,NA
model,Saguinus_midas,Saguinus_midas,NA,Nucleus dentatus cerebelli,Lateral_cerebellar_nuclei,Lateral_cerebellar_nuclei_Vol.mm3,1,study3,7.75,7.75,yes,same,0,0,1,NA
model,Saimiri_sciureus,Saimiri_sciureus,NA,Nucleus dentatus cerebelli,Lateral_cerebellar_nuclei,Lateral_cerebellar_nuclei_Vol.mm3,1,study3,27.2,27.2,yes,same,0,0,1,NA
model,Tarsius_syrichta,Tarsius_syrichta,NA,Nucleus dentatus cerebelli,Lateral_cerebellar_nuclei,Lateral_cerebellar_nuclei_Vol.mm3,1,study3,3.37,3.37,yes,same,0,0,1,NA
