tip,merge_sp,pooled,label,stephan_var,wide_var,role,stephan_value,wide_value,ratio,pct,rel,status,anomaly,stephan_source,wide_source
Alouatta_caraya,Alouatta caraya,FALSE,Preferred brain volume,Total_brain_net_volume,Total_brain_net_volume_Vol.mm3,predictor,NA,53861,NA,NA,NA,wide_only,NA,NA,Bauernfeind_etal_2013_Table1
Ateles_geoffroyi,Ateles geoffroyi,FALSE,Preferred brain volume,Total_brain_net_volume,Total_brain_net_volume_Vol.mm3,predictor,101034,102700,1.0164894985846349,1.6489498584634876,0.016222005842259007,DIFFERENT,NA,Stephan_etal_1981_TableIII,Bauernfeind_etal_2013_Table1
Avahi_laniger,Avahi laniger,FALSE,Preferred brain volume,Total_brain_net_volume,Total_brain_net_volume_Vol.mm3,predictor,9798,9798,1,0,0,same,NA,Stephan_etal_1981_TableII,Stephan_etal_1981_TableII
Callithrix_pygmaea,Callithrix pygmaea,FALSE,Preferred brain volume,Total_brain_net_volume,Total_brain_net_volume_Vol.mm3,predictor,4302,4302,1,0,0,same,NA,Stephan_etal_1981_TableIII,Stephan_etal_1981_TableIII
Cebus_albifrons,Cebus albifrons,FALSE,Preferred brain volume,Total_brain_net_volume,Total_brain_net_volume_Vol.mm3,predictor,66939,77027,1.1507043726377746,15.07043726377747,0.13096706349721526,DIFFERENT,NA,Stephan_etal_1981_TableIII,Bauernfeind_etal_2013_Table1
Cercocebus_agilis,Cercocebus agilis,FALSE,Preferred brain volume,Total_brain_net_volume,Total_brain_net_volume_Vol.mm3,predictor,NA,91988,NA,NA,NA,wide_only,NA,NA,Bauernfeind_etal_2013_Table1
Cercopithecus_mitis,Cercopithecus mitis,FALSE,Preferred brain volume,Total_brain_net_volume,Total_brain_net_volume_Vol.mm3,predictor,70564,69112,0.9794229352077547,-2.057706479224534,0.020577064792245338,DIFFERENT,NA,Stephan_etal_1981_TableIII,Bauernfeind_etal_2013_Table1
Colobus_angolensis,Colobus angolensis,FALSE,Preferred brain volume,Total_brain_net_volume,Total_brain_net_volume_Vol.mm3,predictor,NA,71815,NA,NA,NA,wide_only,NA,NA,Bauernfeind_etal_2013_Table1
Galagoides_demidoff,Galagoides demidoff,FALSE,Preferred brain volume,Total_brain_net_volume,Total_brain_net_volume_Vol.mm3,predictor,3203,3185.3,0.9944739306899782,-0.5526069310021797,0.005526069310021798,rounding,NA,Stephan_etal_1981_TableII,Bauernfeind_etal_2013_Table1
Gorilla_gorilla,Gorilla sp.,FALSE,Preferred brain volume,Total_brain_net_volume,Total_brain_net_volume_Vol.mm3,predictor,470359,401785,0.8542092316719783,-14.579076832802178,0.1457907683280218,DIFFERENT,NA,Stephan_etal_1981_TableIII,Bauernfeind_etal_2013_Table1
Homo_sapiens,Homo sapiens,FALSE,Preferred brain volume,Total_brain_net_volume,Total_brain_net_volume_Vol.mm3,predictor,1251847,1357820,1.0846533162598944,8.465331625989439,0.07804642736150594,DIFFERENT,NA,Stephan_etal_1981_TableIII,Bauernfeind_etal_2013_Table1
Hylobates_lar,Hylobates lar,FALSE,Preferred brain volume,Total_brain_net_volume,Total_brain_net_volume_Vol.mm3,predictor,97505,88803,0.9107532947028357,-8.924670529716424,0.08924670529716425,DIFFERENT,NA,Stephan_etal_1981_TableIII,Bauernfeind_etal_2013_Table1 (+1 tied)
Hylobates_muelleri,Hylobates muelleri,FALSE,Preferred brain volume,Total_brain_net_volume,Total_brain_net_volume_Vol.mm3,predictor,NA,98263,NA,NA,NA,wide_only,NA,NA,Bauernfeind_etal_2013_Table1
Indri_indri,Indri indri,FALSE,Preferred brain volume,Total_brain_net_volume,Total_brain_net_volume_Vol.mm3,predictor,36285,32481,0.895163290615957,-10.4836709384043,0.10483670938404299,DIFFERENT,NA,Stephan_etal_1981_TableII,Bauernfeind_etal_2013_Table1
Leontopithecus_rosalia,Leontopithecus rosalia,FALSE,Preferred brain volume,Total_brain_net_volume,Total_brain_net_volume_Vol.mm3,predictor,NA,12259,NA,NA,NA,wide_only,NA,NA,Bauernfeind_etal_2013_Table1
Lophocebus_albigena,Lophocebus albigena,FALSE,Preferred brain volume,Total_brain_net_volume,Total_brain_net_volume_Vol.mm3,predictor,97603,106660,1.0927942788643792,9.279427886437917,0.08491468216763548,DIFFERENT,NA,Stephan_etal_1981_TableIII,Bauernfeind_etal_2013_Table1
Loris_tardigradus,Loris tardigradus,FALSE,Preferred brain volume,Total_brain_net_volume,Total_brain_net_volume_Vol.mm3,predictor,6269,6612,1.0547136704418567,5.471367044185675,0.051875378100423475,DIFFERENT,NA,Stephan_etal_1981_TableII,Bauernfeind_etal_2013_Table1
Macaca_maura,Macaca maura,FALSE,Preferred brain volume,Total_brain_net_volume,Total_brain_net_volume_Vol.mm3,predictor,NA,80405,NA,NA,NA,wide_only,NA,NA,Bauernfeind_etal_2013_Table1
Pan_paniscus,Pan paniscus,FALSE,Preferred brain volume,Total_brain_net_volume,Total_brain_net_volume_Vol.mm3,predictor,NA,339766.666666667,NA,NA,NA,wide_only,NA,NA,Bauernfeind_etal_2013_Table1
Pan_troglodytes,Pan troglodytes,FALSE,Preferred brain volume,Total_brain_net_volume,Total_brain_net_volume_Vol.mm3,predictor,382103,330790,0.8657089842267661,-13.429101577323392,0.1342910157732339,DIFFERENT,NA,Stephan_etal_1981_TableIII,Bauernfeind_etal_2013_Table1
Perodicticus_potto,Perodicticus potto,FALSE,Preferred brain volume,Total_brain_net_volume,Total_brain_net_volume_Vol.mm3,predictor,13212,11100,0.8401453224341507,-15.985467756584923,0.15985467756584923,DIFFERENT,NA,Stephan_etal_1981_TableII,Bauernfeind_etal_2013_Table1
Piliocolobus_badius,Piliocolobus badius,FALSE,Preferred brain volume,Total_brain_net_volume,Total_brain_net_volume_Vol.mm3,predictor,73818,72394,0.9807093120919017,-1.9290687908098296,0.019290687908098295,DIFFERENT,NA,Stephan_etal_1981_TableIII,Bauernfeind_etal_2013_Table1
Pithecia_pithecia,Pithecia pithecia,FALSE,Preferred brain volume,Total_brain_net_volume,Total_brain_net_volume_Vol.mm3,predictor,NA,28958,NA,NA,NA,wide_only,NA,NA,Bauernfeind_etal_2013_Table1
Pongo_abelii,Pongo sp.,TRUE,Preferred brain volume,Total_brain_net_volume,Total_brain_net_volume_Vol.mm3,predictor,NA,340925,NA,NA,NA,wide_only,NA,NA,Bauernfeind_etal_2013_Table1
Pongo_pygmaeus,Pongo sp.,TRUE,Preferred brain volume,Total_brain_net_volume,Total_brain_net_volume_Vol.mm3,predictor,NA,340925,NA,NA,NA,wide_only,NA,NA,Bauernfeind_etal_2013_Table1
Saguinus_geoffroyi,Saguinus geoffroyi,FALSE,Preferred brain volume,Total_brain_net_volume,Total_brain_net_volume_Vol.mm3,predictor,NA,10135,NA,NA,NA,wide_only,NA,NA,Bauernfeind_etal_2013_Table1
Saguinus_oedipus,Saguinus oedipus,FALSE,Preferred brain volume,Total_brain_net_volume,Total_brain_net_volume_Vol.mm3,predictor,9537,8938.2,0.9372129600503304,-6.278703994966963,0.06278703994966964,DIFFERENT,NA,Stephan_etal_1981_TableIII,Bauernfeind_etal_2013_Table1
Symphalangus_syndactylus,Symphalangus syndactylus,FALSE,Preferred brain volume,Total_brain_net_volume,Total_brain_net_volume_Vol.mm3,predictor,NA,133880,NA,NA,NA,wide_only,NA,NA,Bauernfeind_etal_2013_Table1 (+1 tied)
Trachypithecus_francoisi,Trachypithecus francoisi,FALSE,Preferred brain volume,Total_brain_net_volume,Total_brain_net_volume_Vol.mm3,predictor,NA,98552,NA,NA,NA,wide_only,NA,NA,Bauernfeind_etal_2013_Table1
Varecia_variegata,Varecia variegata,FALSE,Preferred brain volume,Total_brain_net_volume,Total_brain_net_volume_Vol.mm3,predictor,29713,30405,1.0232894692558812,2.3289469255881263,0.022759414569972044,DIFFERENT,NA,Stephan_etal_1981_TableII,Bauernfeind_etal_2013_Table1
Alouatta_seniculus,Alouatta seniculus,FALSE,Preferred brain volume,Total_brain_net_volume,Total_brain_net_volume_Vol.mm3,predictor,49009,49009,1,0,0,same,NA,Stephan_etal_1981_TableIII,Stephan_etal_1981_TableIII
Aotus_trivirgatus,Aotus trivirgatus,FALSE,Preferred brain volume,Total_brain_net_volume,Total_brain_net_volume_Vol.mm3,predictor,16195,16195,1,0,0,same,NA,Stephan_etal_1981_TableIII,Stephan_etal_1981_TableIII
Avahi_occidentalis,Avahi occidentalis,FALSE,Preferred brain volume,Total_brain_net_volume,Total_brain_net_volume_Vol.mm3,predictor,9124,9256.8,1.0145550197281894,1.4555019728189311,0.014346210353469804,DIFFERENT,NA,Stephan_etal_1981_TableII,Bauernfeind_etal_2013_Table1
Callimico_goeldii,Callimico goeldii,FALSE,Preferred brain volume,Total_brain_net_volume,Total_brain_net_volume_Vol.mm3,predictor,10510,10510,1,0,0,same,NA,Stephan_etal_1981_TableIII,Stephan_etal_1981_TableIII
Callithrix_jacchus,Callithrix jacchus,FALSE,Preferred brain volume,Total_brain_net_volume,Total_brain_net_volume_Vol.mm3,predictor,7241,7241,1,0,0,same,NA,Stephan_etal_1981_TableIII,Stephan_etal_1981_TableIII
Cercopithecus_ascanius,Cercopithecus ascanius,FALSE,Preferred brain volume,Total_brain_net_volume,Total_brain_net_volume_Vol.mm3,predictor,63505,63505,1,0,0,same,NA,Stephan_etal_1981_TableIII,Stephan_etal_1981_TableIII
Cheirogaleus_major,Cheirogaleus major,FALSE,Preferred brain volume,Total_brain_net_volume,Total_brain_net_volume_Vol.mm3,predictor,6373,6373,1,0,0,same,NA,Stephan_etal_1981_TableII,Stephan_etal_1981_TableII
Cheirogaleus_medius,Cheirogaleus medius,FALSE,Preferred brain volume,Total_brain_net_volume,Total_brain_net_volume_Vol.mm3,predictor,2961,2961,1,0,0,same,NA,Stephan_etal_1981_TableII,Stephan_etal_1981_TableII
Daubentonia_madagascariensis,Daubentonia madagascariensis,FALSE,Preferred brain volume,Total_brain_net_volume,Total_brain_net_volume_Vol.mm3,predictor,42611,42611,1,0,0,same,NA,Stephan_etal_1981_TableII,Stephan_etal_1981_TableII
Erythrocebus_patas,Erythrocebus patas,FALSE,Preferred brain volume,Total_brain_net_volume,Total_brain_net_volume_Vol.mm3,predictor,103167,103167,1,0,0,same,NA,Stephan_etal_1981_TableIII,Stephan_etal_1981_TableIII
Eulemur_fulvus,Eulemur fulvus,FALSE,Preferred brain volume,Total_brain_net_volume,Total_brain_net_volume_Vol.mm3,predictor,22106,22106,1,0,0,same,NA,Stephan_etal_1981_TableII,Stephan_etal_1981_TableII
Galago_senegalensis,Galago senegalensis,FALSE,Preferred brain volume,Total_brain_net_volume,Total_brain_net_volume_Vol.mm3,predictor,4512,4512,1,0,0,same,NA,Stephan_etal_1981_TableII,Stephan_etal_1981_TableII
Lagothrix_lagotricha,Lagothrix lagothricha,FALSE,Preferred brain volume,Total_brain_net_volume,Total_brain_net_volume_Vol.mm3,predictor,95503,95503,1,0,0,same,NA,Stephan_etal_1981_TableIII,Stephan_etal_1981_TableIII
Lepilemur_ruficaudatus,Lepilemur ruficaudatus,FALSE,Preferred brain volume,Total_brain_net_volume,Total_brain_net_volume_Vol.mm3,predictor,7175,7175,1,0,0,same,NA,Stephan_etal_1981_TableII,Stephan_etal_1981_TableII
Macaca_fascicularis,Macaca fascicularis,FALSE,Preferred brain volume,Total_brain_net_volume,Total_brain_net_volume_Vol.mm3,predictor,NA,55600,NA,NA,NA,wide_only,NA,NA,deSousa_etal_2010_Table1
Macaca_mulatta,Macaca mulatta,FALSE,Preferred brain volume,Total_brain_net_volume,Total_brain_net_volume_Vol.mm3,predictor,87896,87896,1,0,0,same,NA,Stephan_etal_1981_TableIII,Stephan_etal_1981_TableIII
Microcebus_murinus,Microcebus murinus,FALSE,Preferred brain volume,Total_brain_net_volume,Total_brain_net_volume_Vol.mm3,predictor,1680,1680,1,0,0,same,NA,Stephan_etal_1981_TableII,Stephan_etal_1981_TableII
Miopithecus_talapoin,Miopithecus talapoin,FALSE,Preferred brain volume,Total_brain_net_volume,Total_brain_net_volume_Vol.mm3,predictor,37776,37776,1,0,0,same,NA,Stephan_etal_1981_TableIII,Stephan_etal_1981_TableIII
Nasalis_larvatus,Nasalis larvatus,FALSE,Preferred brain volume,Total_brain_net_volume,Total_brain_net_volume_Vol.mm3,predictor,92797,92797,1,0,0,same,NA,Stephan_etal_1981_TableIII,Stephan_etal_1981_TableIII
Nycticebus_coucang,Nycticebus coucang,FALSE,Preferred brain volume,Total_brain_net_volume,Total_brain_net_volume_Vol.mm3,predictor,11755,11755,1,0,0,same,NA,Stephan_etal_1981_TableII,Stephan_etal_1981_TableII
Otolemur_crassicaudatus,Otolemur crassicaudatus,FALSE,Preferred brain volume,Total_brain_net_volume,Total_brain_net_volume_Vol.mm3,predictor,9668,9668,1,0,0,same,NA,Stephan_etal_1981_TableII,Stephan_etal_1981_TableII
Papio_anubis,Papio anubis,FALSE,Preferred brain volume,Total_brain_net_volume,Total_brain_net_volume_Vol.mm3,predictor,190957,190957,1,0,0,same,NA,Stephan_etal_1981_TableIII,Stephan_etal_1981_TableIII
Pithecia_monachus,Pithecia monachus,FALSE,Preferred brain volume,Total_brain_net_volume,Total_brain_net_volume_Vol.mm3,predictor,32867,32867,1,0,0,same,NA,Stephan_etal_1981_TableIII,Stephan_etal_1981_TableIII
Plecturocebus_moloch,Callicebus moloch,FALSE,Preferred brain volume,Total_brain_net_volume,Total_brain_net_volume_Vol.mm3,predictor,17944,17944,1,0,0,same,NA,Stephan_etal_1981_TableIII,Stephan_etal_1981_TableIII
Propithecus_verreauxi,Propithecus verreauxi,FALSE,Preferred brain volume,Total_brain_net_volume,Total_brain_net_volume_Vol.mm3,predictor,25194,25194,1,0,0,same,NA,Stephan_etal_1981_TableII,Stephan_etal_1981_TableII
Pygathrix_nemaeus,Pygathrix nemaeus,FALSE,Preferred brain volume,Total_brain_net_volume,Total_brain_net_volume_Vol.mm3,predictor,72530,72530,1,0,0,same,NA,Stephan_etal_1981_TableIII,Stephan_etal_1981_TableIII
Saguinus_midas,Saguinus midas,FALSE,Preferred brain volume,Total_brain_net_volume,Total_brain_net_volume_Vol.mm3,predictor,9569,9569,1,0,0,same,NA,Stephan_etal_1981_TableIII,Stephan_etal_1981_TableIII
Saimiri_sciureus,Saimiri sciureus,FALSE,Preferred brain volume,Total_brain_net_volume,Total_brain_net_volume_Vol.mm3,predictor,22572,22572,1,0,0,same,NA,Stephan_etal_1981_TableIII,Stephan_etal_1981_TableIII
Tarsius_syrichta,Tarsius sp.,FALSE,Preferred brain volume,Total_brain_net_volume,Total_brain_net_volume_Vol.mm3,predictor,3393,3393,1,0,0,same,NA,Stephan_etal_1981_TableII,Stephan_etal_1981_TableII
Ateles_geoffroyi,Ateles geoffroyi,FALSE,Corpus geniculatum laterale,LGN_Sousa,Corpus_geniculatum_laterale_Vol.mm3,study3,151,151,1,0,0,same,NA,deSousa_etal_2010_SupTable2,Stephan_etal_1984_Table1 (+1 tied)
Avahi_laniger,Avahi laniger,FALSE,Corpus geniculatum laterale,LGN_Sousa,Corpus_geniculatum_laterale_Vol.mm3,study3,27.6,27.6,1,0,0,same,NA,deSousa_etal_2010_SupTable2,Stephan_etal_1984_Table1
Callithrix_pygmaea,Callithrix pygmaea,FALSE,Corpus geniculatum laterale,LGN_Sousa,Corpus_geniculatum_laterale_Vol.mm3,study3,16.9,NA,NA,NA,NA,Stephan_only,NA,deSousa_etal_2010 [restricted: Visual_volumes.xlsx],NA
Cebus_albifrons,Cebus albifrons,FALSE,Corpus geniculatum laterale,LGN_Sousa,Corpus_geniculatum_laterale_Vol.mm3,study3,137,137,1,0,0,same,NA,deSousa_etal_2010_SupTable2,Stephan_etal_1984_Table1 (+1 tied)
Cercopithecus_mitis,Cercopithecus mitis,FALSE,Corpus geniculatum laterale,LGN_Sousa,Corpus_geniculatum_laterale_Vol.mm3,study3,150,167.2,1.1146666666666667,11.46666666666666,0.10287081339712913,DIFFERENT,NA,deSousa_etal_2010_SupTable2,deSousa_etal_2013_Table1
Colobus_angolensis,Colobus angolensis,FALSE,Corpus geniculatum laterale,LGN_Sousa,Corpus_geniculatum_laterale_Vol.mm3,study3,103,103,1,0,0,same,NA,deSousa_etal_2013_Table1,deSousa_etal_2013_Table1
Galagoides_demidoff,Galagoides demidoff,FALSE,Corpus geniculatum laterale,LGN_Sousa,Corpus_geniculatum_laterale_Vol.mm3,study3,10.9,10.9,1,0,0,same,NA,deSousa_etal_2010_SupTable2,Stephan_etal_1984_Table1 (+1 tied)
Gorilla_gorilla,Gorilla sp.,FALSE,Corpus geniculatum laterale,LGN_Sousa,Corpus_geniculatum_laterale_Vol.mm3,study3,308.5,300.1,0.9727714748784442,-2.722852512155584,0.027228525121555842,DIFFERENT,NA,deSousa_etal_2013_Table1,deSousa_etal_2013_Table1
Homo_sapiens,Homo sapiens,FALSE,Corpus geniculatum laterale,LGN_Sousa,Corpus_geniculatum_laterale_Vol.mm3,study3,335,335,1,0,0,same,NA,deSousa_etal_2013_Table1,deSousa_etal_2013_Table1
Hylobates_lar,Hylobates lar,FALSE,Corpus geniculatum laterale,LGN_Sousa,Corpus_geniculatum_laterale_Vol.mm3,study3,166.2,166.2,1,0,0,same,NA,deSousa_etal_2013_Table1,deSousa_etal_2013_Table1
Hylobates_muelleri,Hylobates muelleri,FALSE,Corpus geniculatum laterale,LGN_Sousa,Corpus_geniculatum_laterale_Vol.mm3,study3,162,161.6,0.9975308641975308,-0.2469135802469171,0.002469135802469171,rounding,NA,deSousa_etal_2013_Table1,deSousa_etal_2013_Table1
Indri_indri,Indri indri,FALSE,Corpus geniculatum laterale,LGN_Sousa,Corpus_geniculatum_laterale_Vol.mm3,study3,94.5,94.5,1,0,0,same,NA,deSousa_etal_2010_SupTable2,Stephan_etal_1984_Table1
Lophocebus_albigena,Lophocebus albigena,FALSE,Corpus geniculatum laterale,LGN_Sousa,Corpus_geniculatum_laterale_Vol.mm3,study3,182,182,1,0,0,same,NA,deSousa_etal_2013_Table1,deSousa_etal_2013_Table1 (+2 tied)
Loris_tardigradus,Loris tardigradus,FALSE,Corpus geniculatum laterale,LGN_Sousa,Corpus_geniculatum_laterale_Vol.mm3,study3,24.6,24.6,1,0,0,same,NA,deSousa_etal_2010 [restricted: deSousa_2010.csv],Stephan_etal_1984_Table1 (+1 tied)
Pan_paniscus,Pan paniscus,FALSE,Corpus geniculatum laterale,LGN_Sousa,Corpus_geniculatum_laterale_Vol.mm3,study3,275.1,282.3,1.0261723009814612,2.6172300981461243,0.025504782146652458,DIFFERENT,NA,deSousa_etal_2013 [restricted: compare_LGN_vs_Stephan.csv],deSousa_etal_2013_Table1
Pan_troglodytes,Pan troglodytes,FALSE,Corpus geniculatum laterale,LGN_Sousa,Corpus_geniculatum_laterale_Vol.mm3,study3,250.7,344,1.3721579577183887,37.21579577183886,0.27122093023255817,DIFFERENT,NA,deSousa_etal_2010_SupTable2,deSousa_etal_2013_Table1
Perodicticus_potto,Perodicticus potto,FALSE,Corpus geniculatum laterale,LGN_Sousa,Corpus_geniculatum_laterale_Vol.mm3,study3,24.3,24.3,1,0,0,same,NA,deSousa_etal_2010 [restricted: Visual_volumes.xlsx],Stephan_etal_1984_Table1 (+1 tied)
Piliocolobus_badius,Piliocolobus badius,FALSE,Corpus geniculatum laterale,LGN_Sousa,Corpus_geniculatum_laterale_Vol.mm3,study3,128,128,1,0,0,same,NA,deSousa_etal_2013_Table1,deSousa_etal_2013_Table1 (+2 tied)
Pongo_abelii,Pongo sp.,TRUE,Corpus geniculatum laterale,LGN_Sousa,Corpus_geniculatum_laterale_Vol.mm3,study3,NA,259.1,NA,NA,NA,wide_only,NA,NA,deSousa_etal_2013_Table1
Pongo_pygmaeus,Pongo sp.,TRUE,Corpus geniculatum laterale,LGN_Sousa,Corpus_geniculatum_laterale_Vol.mm3,study3,259.1,259.1,1,0,0,same,NA,deSousa_etal_2013_Table1,deSousa_etal_2013_Table1
Saguinus_oedipus,Saguinus oedipus,FALSE,Corpus geniculatum laterale,LGN_Sousa,Corpus_geniculatum_laterale_Vol.mm3,study3,34.2,34.2,1,0,0,same,NA,deSousa_etal_2010_SupTable2,Stephan_etal_1984_Table1
Varecia_variegata,Varecia variegata,FALSE,Corpus geniculatum laterale,LGN_Sousa,Corpus_geniculatum_laterale_Vol.mm3,study3,68.9,68.9,1,0,0,same,NA,deSousa_etal_2010_SupTable2,Stephan_etal_1984_Table1 (+1 tied)
Alouatta_seniculus,Alouatta seniculus,FALSE,Corpus geniculatum laterale,LGN_Sousa,Corpus_geniculatum_laterale_Vol.mm3,study3,87.4,87.4,1,0,0,same,NA,deSousa_etal_2010_SupTable2,Stephan_etal_1984_Table1
Aotus_trivirgatus,Aotus trivirgatus,FALSE,Corpus geniculatum laterale,LGN_Sousa,Corpus_geniculatum_laterale_Vol.mm3,study3,32.9,32.9,1,0,0,same,NA,deSousa_etal_2010_SupTable2,Stephan_etal_1984_Table1
Avahi_occidentalis,Avahi occidentalis,FALSE,Corpus geniculatum laterale,LGN_Sousa,Corpus_geniculatum_laterale_Vol.mm3,study3,29.3,29.3,1,0,0,same,NA,Stephan_etal_1984_Table1,Stephan_etal_1984_Table1
Callithrix_jacchus,Callithrix jacchus,FALSE,Corpus geniculatum laterale,LGN_Sousa,Corpus_geniculatum_laterale_Vol.mm3,study3,25.1,25.1,1,0,0,same,NA,deSousa_etal_2010_SupTable2,Stephan_etal_1984_Table1
Cercopithecus_ascanius,Cercopithecus ascanius,FALSE,Corpus geniculatum laterale,LGN_Sousa,Corpus_geniculatum_laterale_Vol.mm3,study3,147,147,1,0,0,same,NA,deSousa_etal_2013_Table1,deSousa_etal_2013_Table1 (+2 tied)
Cheirogaleus_major,Cheirogaleus major,FALSE,Corpus geniculatum laterale,LGN_Sousa,Corpus_geniculatum_laterale_Vol.mm3,study3,21.5,21.5,1,0,0,same,NA,deSousa_etal_2010 [restricted: Visual_volumes.xlsx],Stephan_etal_1984_Table1 (+1 tied)
Cheirogaleus_medius,Cheirogaleus medius,FALSE,Corpus geniculatum laterale,LGN_Sousa,Corpus_geniculatum_laterale_Vol.mm3,study3,10.8,10.8,1,0,0,same,NA,deSousa_etal_2010 [restricted: Visual_volumes.xlsx],Stephan_etal_1984_Table1 (+1 tied)
Daubentonia_madagascariensis,Daubentonia madagascariensis,FALSE,Corpus geniculatum laterale,LGN_Sousa,Corpus_geniculatum_laterale_Vol.mm3,study3,58.5,58.5,1,0,0,same,NA,deSousa_etal_2010_SupTable2,Stephan_etal_1984_Table1 (+1 tied)
Erythrocebus_patas,Erythrocebus patas,FALSE,Corpus geniculatum laterale,LGN_Sousa,Corpus_geniculatum_laterale_Vol.mm3,study3,267,266.8,0.9992509363295881,-0.07490636704119424,7.490636704119424e-4,rounding,NA,deSousa_etal_2013_Table1,deSousa_etal_2013_Table1
Eulemur_fulvus,Eulemur fulvus,FALSE,Corpus geniculatum laterale,LGN_Sousa,Corpus_geniculatum_laterale_Vol.mm3,study3,51.8,51.8,1,0,0,same,NA,deSousa_etal_2010_SupTable2,Stephan_etal_1984_Table1
Galago_senegalensis,Galago senegalensis,FALSE,Corpus geniculatum laterale,LGN_Sousa,Corpus_geniculatum_laterale_Vol.mm3,study3,16,16,1,0,0,same,NA,deSousa_etal_2010_SupTable2,Stephan_etal_1984_Table1 (+1 tied)
Lagothrix_lagotricha,Lagothrix lagothricha,FALSE,Corpus geniculatum laterale,LGN_Sousa,Corpus_geniculatum_laterale_Vol.mm3,study3,164,164,1,0,0,same,NA,deSousa_etal_2010 [restricted: deSousa_2010.csv],Stephan_etal_1984_Table1
Lepilemur_ruficaudatus,Lepilemur ruficaudatus,FALSE,Corpus geniculatum laterale,LGN_Sousa,Corpus_geniculatum_laterale_Vol.mm3,study3,15.6,15.6,1,0,0,same,NA,deSousa_etal_2010 [restricted: Visual_volumes.xlsx],Stephan_etal_1984_Table1 (+1 tied)
Macaca_fascicularis,Macaca fascicularis,FALSE,Corpus geniculatum laterale,LGN_Sousa,Corpus_geniculatum_laterale_Vol.mm3,study3,91.9,91.9,1,0,0,same,NA,deSousa_etal_2013_Table1,deSousa_etal_2013_Table1
Macaca_mulatta,Macaca mulatta,FALSE,Corpus geniculatum laterale,LGN_Sousa,Corpus_geniculatum_laterale_Vol.mm3,study3,158,158,1,0,0,same,NA,deSousa_etal_2013_Table1,deSousa_etal_2013_Table1 (+2 tied)
Microcebus_murinus,Microcebus murinus,FALSE,Corpus geniculatum laterale,LGN_Sousa,Corpus_geniculatum_laterale_Vol.mm3,study3,7.1,7.07,0.9957746478873241,-0.42253521126759663,0.004225352112675967,rounding,NA,deSousa_etal_2010 [restricted: Visual_volumes.xlsx],Stephan_etal_1984_Table1
Miopithecus_talapoin,Miopithecus talapoin,FALSE,Corpus geniculatum laterale,LGN_Sousa,Corpus_geniculatum_laterale_Vol.mm3,study3,109,109,1,0,0,same,NA,deSousa_etal_2013_Table1,deSousa_etal_2013_Table1 (+1 tied)
Nasalis_larvatus,Nasalis larvatus,FALSE,Corpus geniculatum laterale,LGN_Sousa,Corpus_geniculatum_laterale_Vol.mm3,study3,157,156.6,0.9974522292993631,-0.2547770700636979,0.002547770700636979,rounding,NA,deSousa_etal_2013_Table1,deSousa_etal_2013_Table1
Nycticebus_coucang,Nycticebus coucang,FALSE,Corpus geniculatum laterale,LGN_Sousa,Corpus_geniculatum_laterale_Vol.mm3,study3,35.9,35.9,1,0,0,same,NA,deSousa_etal_2010_SupTable2,Stephan_etal_1984_Table1
Otolemur_crassicaudatus,Otolemur crassicaudatus,FALSE,Corpus geniculatum laterale,LGN_Sousa,Corpus_geniculatum_laterale_Vol.mm3,study3,23.2,23.2,1,0,0,same,NA,deSousa_etal_2010_SupTable2,Stephan_etal_1984_Table1
Papio_anubis,Papio anubis,FALSE,Corpus geniculatum laterale,LGN_Sousa,Corpus_geniculatum_laterale_Vol.mm3,study3,395,395,1,0,0,same,NA,deSousa_etal_2013_Table1,deSousa_etal_2013_Table1 (+1 tied)
Pithecia_monachus,Pithecia monachus,FALSE,Corpus geniculatum laterale,LGN_Sousa,Corpus_geniculatum_laterale_Vol.mm3,study3,76.3,76.3,1,0,0,same,NA,deSousa_etal_2010_SupTable2,Stephan_etal_1984_Table1
Plecturocebus_moloch,Callicebus moloch,FALSE,Corpus geniculatum laterale,LGN_Sousa,Corpus_geniculatum_laterale_Vol.mm3,study3,54.2,54.2,1,0,0,same,NA,deSousa_etal_2010_SupTable2,Stephan_etal_1984_Table1
Propithecus_verreauxi,Propithecus verreauxi,FALSE,Corpus geniculatum laterale,LGN_Sousa,Corpus_geniculatum_laterale_Vol.mm3,study3,64.5,64.5,1,0,0,same,NA,deSousa_etal_2010_SupTable2,Stephan_etal_1984_Table1
Pygathrix_nemaeus,Pygathrix nemaeus,FALSE,Corpus geniculatum laterale,LGN_Sousa,Corpus_geniculatum_laterale_Vol.mm3,study3,115,114.8,0.9982608695652173,-0.17391304347826333,0.0017391304347826335,rounding,NA,deSousa_etal_2013_Table1,deSousa_etal_2013_Table1
Saguinus_midas,Saguinus midas,FALSE,Corpus geniculatum laterale,LGN_Sousa,Corpus_geniculatum_laterale_Vol.mm3,study3,36,36.8,1.0222222222222221,2.2222222222222143,0.021739130434782532,DIFFERENT,NA,deSousa_etal_2010_SupTable2,Stephan_etal_1981_TableIX
Saimiri_sciureus,Saimiri sciureus,FALSE,Corpus geniculatum laterale,LGN_Sousa,Corpus_geniculatum_laterale_Vol.mm3,study3,62.9,62.9,1,0,0,same,NA,deSousa_etal_2010_SupTable2,Stephan_etal_1984_Table1 (+1 tied)
Tarsius_syrichta,Tarsius sp.,FALSE,Corpus geniculatum laterale,LGN_Sousa,Corpus_geniculatum_laterale_Vol.mm3,study3,20.8,20.8,1,0,0,same,NA,deSousa_etal_2010_SupTable2,Stephan_etal_1984_Table1 (+1 tied)
Cebus_albifrons,Cebus albifrons,FALSE,Amygdala,Amygdala,Amygdala_Vol.mm3,study3,502,502,1,0,0,same,NA,Stephan_etal_1981_TableXI,Stephan_etal_1981_TableXI
Galagoides_demidoff,Galagoides demidoff,FALSE,Amygdala,Amygdala,Amygdala_Vol.mm3,study3,50.2,50.2,1,0,0,same,NA,Stephan_etal_1981_TableXI,Stephan_etal_1981_TableXI
Homo_sapiens,Homo sapiens,FALSE,Amygdala,Amygdala,Amygdala_Vol.mm3,study3,3015,3015,1,0,0,same,NA,Stephan_etal_1981_TableXI,Stephan_etal_1981_TableXI
Piliocolobus_badius,Piliocolobus badius,FALSE,Amygdala,Amygdala,Amygdala_Vol.mm3,study3,479,479,1,0,0,same,NA,Stephan_etal_1981_TableXI,Stephan_etal_1981_TableXI
Pongo_abelii,Pongo sp.,TRUE,Amygdala,Amygdala,Amygdala_Vol.mm3,study3,NA,1400,NA,NA,NA,wide_only,NA,NA,Zilles_Rehkämper_1988_Table12-2
Pongo_pygmaeus,Pongo sp.,TRUE,Amygdala,Amygdala,Amygdala_Vol.mm3,study3,1400,1400,1,0,0,same,NA,Zilles_Rehkämper_1988_Table12-2,Zilles_Rehkämper_1988_Table12-2
Alouatta_seniculus,Alouatta seniculus,FALSE,Amygdala,Amygdala,Amygdala_Vol.mm3,study3,413,413,1,0,0,same,NA,Stephan_etal_1981_TableXI,Stephan_etal_1981_TableXI
Aotus_trivirgatus,Aotus trivirgatus,FALSE,Amygdala,Amygdala,Amygdala_Vol.mm3,study3,201,201,1,0,0,same,NA,Stephan_etal_1981_TableXI,Stephan_etal_1981_TableXI
Callithrix_jacchus,Callithrix jacchus,FALSE,Amygdala,Amygdala,Amygdala_Vol.mm3,study3,113,113,1,0,0,same,NA,Stephan_etal_1981_TableXI,Stephan_etal_1981_TableXI
Cercopithecus_ascanius,Cercopithecus ascanius,FALSE,Amygdala,Amygdala,Amygdala_Vol.mm3,study3,601,601,1,0,0,same,NA,Stephan_etal_1981_TableXI,Stephan_etal_1981_TableXI
Cheirogaleus_major,Cheirogaleus major,FALSE,Amygdala,Amygdala,Amygdala_Vol.mm3,study3,99.4,99.4,1,0,0,same,NA,Stephan_etal_1981_TableXI,Stephan_etal_1981_TableXI
Cheirogaleus_medius,Cheirogaleus medius,FALSE,Amygdala,Amygdala,Amygdala_Vol.mm3,study3,63.2,63.2,1,0,0,same,NA,Stephan_etal_1981_TableXI,Stephan_etal_1981_TableXI
Daubentonia_madagascariensis,Daubentonia madagascariensis,FALSE,Amygdala,Amygdala,Amygdala_Vol.mm3,study3,473,473,1,0,0,same,NA,Stephan_etal_1981_TableXI,Stephan_etal_1981_TableXI
Eulemur_fulvus,Eulemur fulvus,FALSE,Amygdala,Amygdala,Amygdala_Vol.mm3,study3,251,251,1,0,0,same,NA,Stephan_etal_1981_TableXI,Stephan_etal_1981_TableXI
Lepilemur_ruficaudatus,Lepilemur ruficaudatus,FALSE,Amygdala,Amygdala,Amygdala_Vol.mm3,study3,133,133,1,0,0,same,NA,Stephan_etal_1981_TableXI,Stephan_etal_1981_TableXI
Microcebus_murinus,Microcebus murinus,FALSE,Amygdala,Amygdala,Amygdala_Vol.mm3,study3,36.4,36.4,1,0,0,same,NA,Stephan_etal_1981_TableXI,Stephan_etal_1981_TableXI
Propithecus_verreauxi,Propithecus verreauxi,FALSE,Amygdala,Amygdala,Amygdala_Vol.mm3,study3,251,251,1,0,0,same,NA,Stephan_etal_1981_TableXI,Stephan_etal_1981_TableXI
Saimiri_sciureus,Saimiri sciureus,FALSE,Amygdala,Amygdala,Amygdala_Vol.mm3,study3,227,227,1,0,0,same,NA,Stephan_etal_1981_TableXI,Stephan_etal_1981_TableXI
Tarsius_syrichta,Tarsius sp.,FALSE,Amygdala,Amygdala,Amygdala_Vol.mm3,study3,49.8,49.8,1,0,0,same,NA,Stephan_etal_1981_TableXI,Stephan_etal_1981_TableXI
Ateles_geoffroyi,Ateles geoffroyi,FALSE,Pallidum,Pallidum,Pallidum_Vol.mm3,study3,807,807,1,0,0,same,NA,Stephan_etal_1981_TableVIII,Stephan_etal_1981_TableVIII
Avahi_laniger,Avahi laniger,FALSE,Pallidum,Pallidum,Pallidum_Vol.mm3,study3,74.5,NA,NA,NA,NA,Stephan_only,NA,Stephan_etal_1981 [restricted: Stephan_1981.csv],NA
Callithrix_pygmaea,Callithrix pygmaea,FALSE,Pallidum,Pallidum,Pallidum_Vol.mm3,study3,25.8,25.8,1,0,0,same,NA,Stephan_etal_1981_TableVIII,Stephan_etal_1981_TableVIII
Cebus_albifrons,Cebus albifrons,FALSE,Pallidum,Pallidum,Pallidum_Vol.mm3,study3,567,567,1,0,0,same,NA,Stephan_etal_1981_TableVIII,Stephan_etal_1981_TableVIII
Galagoides_demidoff,Galagoides demidoff,FALSE,Pallidum,Pallidum,Pallidum_Vol.mm3,study3,17,17,1,0,0,same,NA,Stephan_etal_1981_TableVIII,Stephan_etal_1981_TableVIII
Gorilla_gorilla,Gorilla sp.,FALSE,Pallidum,Pallidum,Pallidum_Vol.mm3,study3,2604,2604,1,0,0,same,NA,Stephan_etal_1981_TableVIII,Stephan_etal_1981_TableVIII
Homo_sapiens,Homo sapiens,FALSE,Pallidum,Pallidum,Pallidum_Vol.mm3,study3,4711,4711,1,0,0,same,NA,Stephan_etal_1981_TableVIII,Stephan_etal_1981_TableVIII
Hylobates_lar,Hylobates lar,FALSE,Pallidum,Pallidum,Pallidum_Vol.mm3,study3,715,715,1,0,0,same,NA,Stephan_etal_1981_TableVIII,Stephan_etal_1981_TableVIII
Lophocebus_albigena,Lophocebus albigena,FALSE,Pallidum,Pallidum,Pallidum_Vol.mm3,study3,674,674,1,0,0,same,NA,Stephan_etal_1981_TableVIII,Stephan_etal_1981_TableVIII
Loris_tardigradus,Loris tardigradus,FALSE,Pallidum,Pallidum,Pallidum_Vol.mm3,study3,41.4,41.4,1,0,0,same,NA,Stephan_etal_1981_TableVIII,Stephan_etal_1981_TableVIII
Pan_troglodytes,Pan troglodytes,FALSE,Pallidum,Pallidum,Pallidum_Vol.mm3,study3,1951,1951,1,0,0,same,NA,Stephan_etal_1981_TableVIII,Stephan_etal_1981_TableVIII
Perodicticus_potto,Perodicticus potto,FALSE,Pallidum,Pallidum,Pallidum_Vol.mm3,study3,107,107,1,0,0,same,NA,Stephan_etal_1981_TableVIII,Stephan_etal_1981_TableVIII
Piliocolobus_badius,Piliocolobus badius,FALSE,Pallidum,Pallidum,Pallidum_Vol.mm3,study3,521,521,1,0,0,same,NA,Stephan_etal_1981_TableVIII,Stephan_etal_1981_TableVIII
Pongo_abelii,Pongo sp.,TRUE,Pallidum,Pallidum,Pallidum_Vol.mm3,study3,NA,1800,NA,NA,NA,wide_only,NA,NA,Zilles_Rehkämper_1988_Table12-2
Pongo_pygmaeus,Pongo sp.,TRUE,Pallidum,Pallidum,Pallidum_Vol.mm3,study3,1800,1800,1,0,0,same,NA,Zilles_Rehkämper_1988_Table12-2,Zilles_Rehkämper_1988_Table12-2
Saguinus_oedipus,Saguinus oedipus,FALSE,Pallidum,Pallidum,Pallidum_Vol.mm3,study3,73.2,73.2,1,0,0,same,NA,Stephan_etal_1981_TableVIII,Stephan_etal_1981_TableVIII
Avahi_occidentalis,Avahi occidentalis,FALSE,Pallidum,Pallidum,Pallidum_Vol.mm3,study3,NA,74.5,NA,NA,NA,wide_only,NA,NA,Stephan_etal_1981_TableVIII
Cercopithecus_ascanius,Cercopithecus ascanius,FALSE,Pallidum,Pallidum,Pallidum_Vol.mm3,study3,405,405,1,0,0,same,NA,Stephan_etal_1981_TableVIII,Stephan_etal_1981_TableVIII
Cheirogaleus_major,Cheirogaleus major,FALSE,Pallidum,Pallidum,Pallidum_Vol.mm3,study3,31.6,31.6,1,0,0,same,NA,Stephan_etal_1981_TableVIII,Stephan_etal_1981_TableVIII
Eulemur_fulvus,Eulemur fulvus,FALSE,Pallidum,Pallidum,Pallidum_Vol.mm3,study3,212,212,1,0,0,same,NA,Stephan_etal_1981_TableVIII,Stephan_etal_1981_TableVIII
Lagothrix_lagotricha,Lagothrix lagothricha,FALSE,Pallidum,Pallidum,Pallidum_Vol.mm3,study3,845,845,1,0,0,same,NA,Stephan_etal_1981_TableVIII,Stephan_etal_1981_TableVIII
Lepilemur_ruficaudatus,Lepilemur ruficaudatus,FALSE,Pallidum,Pallidum,Pallidum_Vol.mm3,study3,55.2,55.2,1,0,0,same,NA,Stephan_etal_1981_TableVIII,Stephan_etal_1981_TableVIII
Microcebus_murinus,Microcebus murinus,FALSE,Pallidum,Pallidum,Pallidum_Vol.mm3,study3,10.7,10.7,1,0,0,same,NA,Stephan_etal_1981_TableVIII,Stephan_etal_1981_TableVIII
Nasalis_larvatus,Nasalis larvatus,FALSE,Pallidum,Pallidum,Pallidum_Vol.mm3,study3,550,550,1,0,0,same,NA,Stephan_etal_1981_TableVIII,Stephan_etal_1981_TableVIII
Otolemur_crassicaudatus,Otolemur crassicaudatus,FALSE,Pallidum,Pallidum,Pallidum_Vol.mm3,study3,63.3,63.3,1,0,0,same,NA,Stephan_etal_1981_TableVIII,Stephan_etal_1981_TableVIII
Papio_anubis,Papio anubis,FALSE,Pallidum,Pallidum,Pallidum_Vol.mm3,study3,1147,1147,1,0,0,same,NA,Stephan_etal_1981_TableVIII,Stephan_etal_1981_TableVIII
Propithecus_verreauxi,Propithecus verreauxi,FALSE,Pallidum,Pallidum,Pallidum_Vol.mm3,study3,263,263,1,0,0,same,NA,Stephan_etal_1981_TableVIII,Stephan_etal_1981_TableVIII
Saimiri_sciureus,Saimiri sciureus,FALSE,Pallidum,Pallidum,Pallidum_Vol.mm3,study3,169,169,1,0,0,same,NA,Stephan_etal_1981_TableVIII,Stephan_etal_1981_TableVIII
Tarsius_syrichta,Tarsius sp.,FALSE,Pallidum,Pallidum,Pallidum_Vol.mm3,study3,16.1,16.1,1,0,0,same,NA,Stephan_etal_1981_TableVIII,Stephan_etal_1981_TableVIII
Callithrix_pygmaea,Callithrix pygmaea,FALSE,Neocortex white,NeoW_Frahm,Neocortex_white_matter_Vol.mm3,study3,395.3,395.3,1,0,0,same,NA,Frahm_etal_1982_Table2,Frahm_etal_1982_Table2
Cebus_albifrons,Cebus albifrons,FALSE,Neocortex white,NeoW_Frahm,Neocortex_white_matter_Vol.mm3,study3,15799,15799,1,0,0,same,NA,Frahm_etal_1982_Table2,Frahm_etal_1982_Table2
Galagoides_demidoff,Galagoides demidoff,FALSE,Neocortex white,NeoW_Frahm,Neocortex_white_matter_Vol.mm3,study3,150.6,150.6,1,0,0,same,NA,Frahm_etal_1982_Table2,Frahm_etal_1982_Table2
Homo_sapiens,Homo sapiens,FALSE,Neocortex white,NeoW_Frahm,Neocortex_white_matter_Vol.mm3,study3,421819,421819,1,0,0,same,NA,Frahm_etal_1982_Table2,Frahm_etal_1982_Table2
Hylobates_lar,Hylobates lar,FALSE,Neocortex white,NeoW_Frahm,Neocortex_white_matter_Vol.mm3,study3,19154,19154,1,0,0,same,NA,Frahm_etal_1982_Table2,Frahm_etal_1982_Table2
Indri_indri,Indri indri,FALSE,Neocortex white,NeoW_Frahm,Neocortex_white_matter_Vol.mm3,study3,4223,4223,1,0,0,same,NA,Frahm_etal_1982_Table2,Frahm_etal_1982_Table2
Pan_troglodytes,Pan troglodytes,FALSE,Neocortex white,NeoW_Frahm,Neocortex_white_matter_Vol.mm3,study3,118996,118996,1,0,0,same,NA,Frahm_etal_1982_Table2,Frahm_etal_1982_Table2
Piliocolobus_badius,Piliocolobus badius,FALSE,Neocortex white,NeoW_Frahm,Neocortex_white_matter_Vol.mm3,study3,14331,14331,1,0,0,same,NA,Frahm_etal_1982_Table2,Frahm_etal_1982_Table2
Pongo_abelii,Pongo sp.,TRUE,Neocortex white,NeoW_Frahm,Neocortex_white_matter_Vol.mm3,study3,NA,81500,NA,NA,NA,wide_only,NA,NA,Zilles_Rehkämper_1988_Table12-2
Pongo_pygmaeus,Pongo sp.,TRUE,Neocortex white,NeoW_Frahm,Neocortex_white_matter_Vol.mm3,study3,81500,81500,1,0,0,same,NA,Zilles_Rehkämper_1988_Table12-2,Zilles_Rehkämper_1988_Table12-2
Alouatta_seniculus,Alouatta seniculus,FALSE,Neocortex white,NeoW_Frahm,Neocortex_white_matter_Vol.mm3,study3,9869,9869,1,0,0,same,NA,Frahm_etal_1982_Table2,Frahm_etal_1982_Table2
Aotus_trivirgatus,Aotus trivirgatus,FALSE,Neocortex white,NeoW_Frahm,Neocortex_white_matter_Vol.mm3,study3,2174,2174,1,0,0,same,NA,Frahm_etal_1982_Table2,Frahm_etal_1982_Table2
Avahi_occidentalis,Avahi occidentalis,FALSE,Neocortex white,NeoW_Frahm,Neocortex_white_matter_Vol.mm3,study3,777,777,1,0,0,same,NA,Frahm_etal_1982_Table2,Frahm_etal_1982_Table2
Callithrix_jacchus,Callithrix jacchus,FALSE,Neocortex white,NeoW_Frahm,Neocortex_white_matter_Vol.mm3,study3,807.1,807.1,1,0,0,same,NA,Frahm_etal_1982_Table2,Frahm_etal_1982_Table2
Cercopithecus_ascanius,Cercopithecus ascanius,FALSE,Neocortex white,NeoW_Frahm,Neocortex_white_matter_Vol.mm3,study3,13052,13052,1,0,0,same,NA,Frahm_etal_1982_Table2,Frahm_etal_1982_Table2
Daubentonia_madagascariensis,Daubentonia madagascariensis,FALSE,Neocortex white,NeoW_Frahm,Neocortex_white_matter_Vol.mm3,study3,5053,5053,1,0,0,same,NA,Frahm_etal_1982_Table2,Frahm_etal_1982_Table2
Eulemur_fulvus,Eulemur fulvus,FALSE,Neocortex white,NeoW_Frahm,Neocortex_white_matter_Vol.mm3,study3,3035,3035,1,0,0,same,NA,Frahm_etal_1982_Table2,Frahm_etal_1982_Table2
Lagothrix_lagotricha,Lagothrix lagothricha,FALSE,Neocortex white,NeoW_Frahm,Neocortex_white_matter_Vol.mm3,study3,16727,16727,1,0,0,same,NA,Frahm_etal_1982_Table2,Frahm_etal_1982_Table2
Lepilemur_ruficaudatus,Lepilemur ruficaudatus,FALSE,Neocortex white,NeoW_Frahm,Neocortex_white_matter_Vol.mm3,study3,476.6,476.6,1,0,0,same,NA,Frahm_etal_1982_Table2,Frahm_etal_1982_Table2
Microcebus_murinus,Microcebus murinus,FALSE,Neocortex white,NeoW_Frahm,Neocortex_white_matter_Vol.mm3,study3,65.31,65.31,1,0,0,same,NA,Frahm_etal_1982_Table2,Frahm_etal_1982_Table2
Nycticebus_coucang,Nycticebus coucang,FALSE,Neocortex white,NeoW_Frahm,Neocortex_white_matter_Vol.mm3,study3,1240,1240,1,0,0,same,NA,Frahm_etal_1982_Table2,Frahm_etal_1982_Table2
Papio_anubis,Papio anubis,FALSE,Neocortex white,NeoW_Frahm,Neocortex_white_matter_Vol.mm3,study3,54416,54416,1,0,0,same,NA,Frahm_etal_1982_Table2,Frahm_etal_1982_Table2
Propithecus_verreauxi,Propithecus verreauxi,FALSE,Neocortex white,NeoW_Frahm,Neocortex_white_matter_Vol.mm3,study3,3335,3335,1,0,0,same,NA,Frahm_etal_1982_Table2,Frahm_etal_1982_Table2
Saimiri_sciureus,Saimiri sciureus,FALSE,Neocortex white,NeoW_Frahm,Neocortex_white_matter_Vol.mm3,study3,3710,3710,1,0,0,same,NA,Frahm_etal_1982_Table2,Frahm_etal_1982_Table2
Tarsius_syrichta,Tarsius sp.,FALSE,Neocortex white,NeoW_Frahm,Neocortex_white_matter_Vol.mm3,study3,137,137,1,0,0,same,NA,Frahm_etal_1982_Table2,Frahm_etal_1982_Table2
Alouatta_caraya,Alouatta caraya,FALSE,Insular cortex (grey),Total_insula_volume_L,Insula_left_Vol.mm3,study3,272,272,1,0,0,same,NA,Bauernfeind_etal_2013_Table1,Bauernfeind_etal_2013_Table1
Ateles_geoffroyi,Ateles geoffroyi,FALSE,Insular cortex (grey),Total_insula_volume_L,Insula_left_Vol.mm3,study3,416,416,1,0,0,same,NA,Bauernfeind_etal_2013_Table1,Bauernfeind_etal_2013_Table1
Avahi_laniger,Avahi laniger,FALSE,Insular cortex (grey),Total_insula_volume_L,Insula_left_Vol.mm3,study3,38,NA,NA,NA,NA,Stephan_only,NA,Bauernfeind_etal_2013 [restricted: Bauernfeind_2013.csv],NA
Callithrix_pygmaea,Callithrix pygmaea,FALSE,Insular cortex (grey),Total_insula_volume_L,Insula_left_Vol.mm3,study3,11,NA,NA,NA,NA,Stephan_only,NA,Bauernfeind_etal_2013 [restricted: Bauernfeind_2013.csv],NA
Cebus_albifrons,Cebus albifrons,FALSE,Insular cortex (grey),Total_insula_volume_L,Insula_left_Vol.mm3,study3,297,297,1,0,0,same,NA,Bauernfeind_etal_2013_Table1,Bauernfeind_etal_2013_Table1
Cercocebus_agilis,Cercocebus agilis,FALSE,Insular cortex (grey),Total_insula_volume_L,Insula_left_Vol.mm3,study3,379,379,1,0,0,same,NA,Bauernfeind_etal_2013_Table1,Bauernfeind_etal_2013_Table1
Cercopithecus_mitis,Cercopithecus mitis,FALSE,Insular cortex (grey),Total_insula_volume_L,Insula_left_Vol.mm3,study3,614,614,1,0,0,same,NA,Bauernfeind_etal_2013_Table1,Bauernfeind_etal_2013_Table1
Colobus_angolensis,Colobus angolensis,FALSE,Insular cortex (grey),Total_insula_volume_L,Insula_left_Vol.mm3,study3,222,222,1,0,0,same,NA,Bauernfeind_etal_2013_Table1,Bauernfeind_etal_2013_Table1
Galagoides_demidoff,Galagoides demidoff,FALSE,Insular cortex (grey),Total_insula_volume_L,Insula_left_Vol.mm3,study3,12,12,1,0,0,same,NA,Bauernfeind_etal_2013_Table1,Bauernfeind_etal_2013_Table1
Gorilla_gorilla,Gorilla sp.,FALSE,Insular cortex (grey),Total_insula_volume_L,Insula_left_Vol.mm3,study3,2146,2145.5,0.999767008387698,-0.023299161230195712,2.3299161230195712e-4,rounding,NA,Bauernfeind_etal_2013_Table1,Bauernfeind_etal_2013_Table1
Homo_sapiens,Homo sapiens,FALSE,Insular cortex (grey),Total_insula_volume_L,Insula_left_Vol.mm3,study3,6165,6479,1.0509326845093268,5.093268450932684,0.04846426917734218,DIFFERENT,NA,Bauernfeind_etal_2013_Table1,Bauernfeind_etal_2013_Table1
Hylobates_lar,Hylobates lar,FALSE,Insular cortex (grey),Total_insula_volume_L,Insula_left_Vol.mm3,study3,289,289,1,0,0,same,NA,Bauernfeind_etal_2013_Table1,Bauernfeind_etal_2013_Table1
Hylobates_muelleri,Hylobates muelleri,FALSE,Insular cortex (grey),Total_insula_volume_L,Insula_left_Vol.mm3,study3,539,539,1,0,0,same,NA,Bauernfeind_etal_2013_Table1,Bauernfeind_etal_2013_Table1
Indri_indri,Indri indri,FALSE,Insular cortex (grey),Total_insula_volume_L,Insula_left_Vol.mm3,study3,167,167,1,0,0,same,NA,Bauernfeind_etal_2013_Table1,Bauernfeind_etal_2013_Table1
Leontopithecus_rosalia,Leontopithecus rosalia,FALSE,Insular cortex (grey),Total_insula_volume_L,Insula_left_Vol.mm3,study3,37,37,1,0,0,same,NA,Bauernfeind_etal_2013_Table1,Bauernfeind_etal_2013_Table1
Lophocebus_albigena,Lophocebus albigena,FALSE,Insular cortex (grey),Total_insula_volume_L,Insula_left_Vol.mm3,study3,536,536,1,0,0,same,NA,Bauernfeind_etal_2013_Table1,Bauernfeind_etal_2013_Table1
Loris_tardigradus,Loris tardigradus,FALSE,Insular cortex (grey),Total_insula_volume_L,Insula_left_Vol.mm3,study3,12,12,1,0,0,same,NA,Bauernfeind_etal_2013_Table1,Bauernfeind_etal_2013_Table1
Macaca_maura,Macaca maura,FALSE,Insular cortex (grey),Total_insula_volume_L,Insula_left_Vol.mm3,study3,492,492,1,0,0,same,NA,Bauernfeind_etal_2013_Table1,Bauernfeind_etal_2013_Table1
Pan_paniscus,Pan paniscus,FALSE,Insular cortex (grey),Total_insula_volume_L,Insula_left_Vol.mm3,study3,1690,1690.33333333333,1.0001972386587752,0.01972386587751919,1.9719976335835632e-4,rounding,NA,Bauernfeind_etal_2013_Table1,Bauernfeind_etal_2013_Table1
Pan_troglodytes,Pan troglodytes,FALSE,Insular cortex (grey),Total_insula_volume_L,Insula_left_Vol.mm3,study3,1601,1600.66666666667,0.9997917967936727,-0.020820320632734184,2.0820320632734186e-4,rounding,NA,Bauernfeind_etal_2013_Table1,Bauernfeind_etal_2013_Table1
Perodicticus_potto,Perodicticus potto,FALSE,Insular cortex (grey),Total_insula_volume_L,Insula_left_Vol.mm3,study3,31,31,1,0,0,same,NA,Bauernfeind_etal_2013_Table1,Bauernfeind_etal_2013_Table1
Piliocolobus_badius,Piliocolobus badius,FALSE,Insular cortex (grey),Total_insula_volume_L,Insula_left_Vol.mm3,study3,241,241,1,0,0,same,NA,Bauernfeind_etal_2013_Table1,Bauernfeind_etal_2013_Table1
Pithecia_pithecia,Pithecia pithecia,FALSE,Insular cortex (grey),Total_insula_volume_L,Insula_left_Vol.mm3,study3,279,279,1,0,0,same,NA,Bauernfeind_etal_2013_Table1,Bauernfeind_etal_2013_Table1
Pongo_abelii,Pongo sp.,TRUE,Insular cortex (grey),Total_insula_volume_L,Insula_left_Vol.mm3,study3,1158,1331.5,1.1498272884283247,14.98272884283247,0.13030416823131807,DIFFERENT,NA,Bauernfeind_etal_2013 [restricted: insulaAmy.xls],Bauernfeind_etal_2013_Table1
Pongo_pygmaeus,Pongo sp.,TRUE,Insular cortex (grey),Total_insula_volume_L,Insula_left_Vol.mm3,study3,1505,1331.5,0.8847176079734219,-11.528239202657808,0.11528239202657807,DIFFERENT,NA,value_differs,Bauernfeind_etal_2013_Table1
Saguinus_geoffroyi,Saguinus geoffroyi,FALSE,Insular cortex (grey),Total_insula_volume_L,Insula_left_Vol.mm3,study3,23,23,1,0,0,same,NA,Bauernfeind_etal_2013_Table1,Bauernfeind_etal_2013_Table1
Saguinus_oedipus,Saguinus oedipus,FALSE,Insular cortex (grey),Total_insula_volume_L,Insula_left_Vol.mm3,study3,26,26,1,0,0,same,NA,Bauernfeind_etal_2013_Table1,Bauernfeind_etal_2013_Table1
Symphalangus_syndactylus,Symphalangus syndactylus,FALSE,Insular cortex (grey),Total_insula_volume_L,Insula_left_Vol.mm3,study3,416,416,1,0,0,same,NA,Bauernfeind_etal_2013_Table1,Bauernfeind_etal_2013_Table1
Trachypithecus_francoisi,Trachypithecus francoisi,FALSE,Insular cortex (grey),Total_insula_volume_L,Insula_left_Vol.mm3,study3,625,625,1,0,0,same,NA,Bauernfeind_etal_2013_Table1,Bauernfeind_etal_2013_Table1
Varecia_variegata,Varecia variegata,FALSE,Insular cortex (grey),Total_insula_volume_L,Insula_left_Vol.mm3,study3,100,100,1,0,0,same,NA,Bauernfeind_etal_2013_Table1,Bauernfeind_etal_2013_Table1
Avahi_occidentalis,Avahi occidentalis,FALSE,Insular cortex (grey),Total_insula_volume_L,Insula_left_Vol.mm3,study3,NA,38,NA,NA,NA,wide_only,NA,NA,Bauernfeind_etal_2013_Table1
Ateles_geoffroyi,Ateles geoffroyi,FALSE,Nucleus subthalamicus Luysi,Nucleus_subthalamicus,Nucleus_subthalamicus_Vol.mm3,study3,52.8,52.8,1,0,0,same,NA,Stephan_etal_1981_TableVIII,Stephan_etal_1981_TableVIII
Avahi_laniger,Avahi laniger,FALSE,Nucleus subthalamicus Luysi,Nucleus_subthalamicus,Nucleus_subthalamicus_Vol.mm3,study3,5.94,NA,NA,NA,NA,Stephan_only,NA,Stephan_etal_1981 [restricted: Stephan_1981.csv],NA
Callithrix_pygmaea,Callithrix pygmaea,FALSE,Nucleus subthalamicus Luysi,Nucleus_subthalamicus,Nucleus_subthalamicus_Vol.mm3,study3,1.95,1.95,1,0,0,same,NA,Stephan_etal_1981_TableVIII,Stephan_etal_1981_TableVIII
Cebus_albifrons,Cebus albifrons,FALSE,Nucleus subthalamicus Luysi,Nucleus_subthalamicus,Nucleus_subthalamicus_Vol.mm3,study3,41.7,41.7,1,0,0,same,NA,Stephan_etal_1981_TableVIII,Stephan_etal_1981_TableVIII
Galagoides_demidoff,Galagoides demidoff,FALSE,Nucleus subthalamicus Luysi,Nucleus_subthalamicus,Nucleus_subthalamicus_Vol.mm3,study3,1.4,1.4,1,0,0,same,NA,Stephan_etal_1981_TableVIII,Stephan_etal_1981_TableVIII
Gorilla_gorilla,Gorilla sp.,FALSE,Nucleus subthalamicus Luysi,Nucleus_subthalamicus,Nucleus_subthalamicus_Vol.mm3,study3,178,178,1,0,0,same,NA,Stephan_etal_1981_TableVIII,Stephan_etal_1981_TableVIII
Homo_sapiens,Homo sapiens,FALSE,Nucleus subthalamicus Luysi,Nucleus_subthalamicus,Nucleus_subthalamicus_Vol.mm3,study3,469,469,1,0,0,same,NA,Stephan_etal_1981_TableVIII,Stephan_etal_1981_TableVIII
Hylobates_lar,Hylobates lar,FALSE,Nucleus subthalamicus Luysi,Nucleus_subthalamicus,Nucleus_subthalamicus_Vol.mm3,study3,61.6,61.6,1,0,0,same,NA,Stephan_etal_1981_TableVIII,Stephan_etal_1981_TableVIII
Lophocebus_albigena,Lophocebus albigena,FALSE,Nucleus subthalamicus Luysi,Nucleus_subthalamicus,Nucleus_subthalamicus_Vol.mm3,study3,52.4,52.4,1,0,0,same,NA,Stephan_etal_1981_TableVIII,Stephan_etal_1981_TableVIII
Loris_tardigradus,Loris tardigradus,FALSE,Nucleus subthalamicus Luysi,Nucleus_subthalamicus,Nucleus_subthalamicus_Vol.mm3,study3,3.79,3.79,1,0,0,same,NA,Stephan_etal_1981_TableVIII,Stephan_etal_1981_TableVIII
Pan_troglodytes,Pan troglodytes,FALSE,Nucleus subthalamicus Luysi,Nucleus_subthalamicus,Nucleus_subthalamicus_Vol.mm3,study3,127,127,1,0,0,same,NA,Stephan_etal_1981_TableVIII,Stephan_etal_1981_TableVIII
Perodicticus_potto,Perodicticus potto,FALSE,Nucleus subthalamicus Luysi,Nucleus_subthalamicus,Nucleus_subthalamicus_Vol.mm3,study3,8.19,8.19,1,0,0,same,NA,Stephan_etal_1981_TableVIII,Stephan_etal_1981_TableVIII
Piliocolobus_badius,Piliocolobus badius,FALSE,Nucleus subthalamicus Luysi,Nucleus_subthalamicus,Nucleus_subthalamicus_Vol.mm3,study3,31.9,31.9,1,0,0,same,NA,Stephan_etal_1981_TableVIII,Stephan_etal_1981_TableVIII
Saguinus_oedipus,Saguinus oedipus,FALSE,Nucleus subthalamicus Luysi,Nucleus_subthalamicus,Nucleus_subthalamicus_Vol.mm3,study3,4.45,4.45,1,0,0,same,NA,Stephan_etal_1981_TableVIII,Stephan_etal_1981_TableVIII
Avahi_occidentalis,Avahi occidentalis,FALSE,Nucleus subthalamicus Luysi,Nucleus_subthalamicus,Nucleus_subthalamicus_Vol.mm3,study3,NA,5.94,NA,NA,NA,wide_only,NA,NA,Stephan_etal_1981_TableVIII
Cercopithecus_ascanius,Cercopithecus ascanius,FALSE,Nucleus subthalamicus Luysi,Nucleus_subthalamicus,Nucleus_subthalamicus_Vol.mm3,study3,25.7,25.7,1,0,0,same,NA,Stephan_etal_1981_TableVIII,Stephan_etal_1981_TableVIII
Cheirogaleus_major,Cheirogaleus major,FALSE,Nucleus subthalamicus Luysi,Nucleus_subthalamicus,Nucleus_subthalamicus_Vol.mm3,study3,2.27,2.27,1,0,0,same,NA,Stephan_etal_1981_TableVIII,Stephan_etal_1981_TableVIII
Eulemur_fulvus,Eulemur fulvus,FALSE,Nucleus subthalamicus Luysi,Nucleus_subthalamicus,Nucleus_subthalamicus_Vol.mm3,study3,13.9,13.9,1,0,0,same,NA,Stephan_etal_1981_TableVIII,Stephan_etal_1981_TableVIII
Lagothrix_lagotricha,Lagothrix lagothricha,FALSE,Nucleus subthalamicus Luysi,Nucleus_subthalamicus,Nucleus_subthalamicus_Vol.mm3,study3,63.8,63.8,1,0,0,same,NA,Stephan_etal_1981_TableVIII,Stephan_etal_1981_TableVIII
Lepilemur_ruficaudatus,Lepilemur ruficaudatus,FALSE,Nucleus subthalamicus Luysi,Nucleus_subthalamicus,Nucleus_subthalamicus_Vol.mm3,study3,2.91,2.91,1,0,0,same,NA,Stephan_etal_1981_TableVIII,Stephan_etal_1981_TableVIII
Microcebus_murinus,Microcebus murinus,FALSE,Nucleus subthalamicus Luysi,Nucleus_subthalamicus,Nucleus_subthalamicus_Vol.mm3,study3,0.65,0.65,1,0,0,same,NA,Stephan_etal_1981_TableVIII,Stephan_etal_1981_TableVIII
Nasalis_larvatus,Nasalis larvatus,FALSE,Nucleus subthalamicus Luysi,Nucleus_subthalamicus,Nucleus_subthalamicus_Vol.mm3,study3,37.2,37.2,1,0,0,same,NA,Stephan_etal_1981_TableVIII,Stephan_etal_1981_TableVIII
Otolemur_crassicaudatus,Otolemur crassicaudatus,FALSE,Nucleus subthalamicus Luysi,Nucleus_subthalamicus,Nucleus_subthalamicus_Vol.mm3,study3,4.1,4.1,1,0,0,same,NA,Stephan_etal_1981_TableVIII,Stephan_etal_1981_TableVIII
Papio_anubis,Papio anubis,FALSE,Nucleus subthalamicus Luysi,Nucleus_subthalamicus,Nucleus_subthalamicus_Vol.mm3,study3,94.7,94.7,1,0,0,same,NA,Stephan_etal_1981_TableVIII,Stephan_etal_1981_TableVIII
Propithecus_verreauxi,Propithecus verreauxi,FALSE,Nucleus subthalamicus Luysi,Nucleus_subthalamicus,Nucleus_subthalamicus_Vol.mm3,study3,20,20,1,0,0,same,NA,Stephan_etal_1981_TableVIII,Stephan_etal_1981_TableVIII
Saimiri_sciureus,Saimiri sciureus,FALSE,Nucleus subthalamicus Luysi,Nucleus_subthalamicus,Nucleus_subthalamicus_Vol.mm3,study3,11.5,11.5,1,0,0,same,NA,Stephan_etal_1981_TableVIII,Stephan_etal_1981_TableVIII
Tarsius_syrichta,Tarsius sp.,FALSE,Nucleus subthalamicus Luysi,Nucleus_subthalamicus,Nucleus_subthalamicus_Vol.mm3,study3,1.09,1.09,1,0,0,same,NA,Stephan_etal_1981_TableVIII,Stephan_etal_1981_TableVIII
Ateles_geoffroyi,Ateles geoffroyi,FALSE,Capsula interna,Capsula_interna,Capsula_interna_Vol.mm3,study3,570,570,1,0,0,same,NA,Stephan_etal_1981_TableVIII,Stephan_etal_1981_TableVIII
Avahi_laniger,Avahi laniger,FALSE,Capsula interna,Capsula_interna,Capsula_interna_Vol.mm3,study3,105,NA,NA,NA,NA,Stephan_only,NA,Stephan_etal_1981 [restricted: Stephan_1981.csv],NA
Callithrix_pygmaea,Callithrix pygmaea,FALSE,Capsula interna,Capsula_interna,Capsula_interna_Vol.mm3,study3,21.8,21.8,1,0,0,same,NA,Stephan_etal_1981_TableVIII,Stephan_etal_1981_TableVIII
Cebus_albifrons,Cebus albifrons,FALSE,Capsula interna,Capsula_interna,Capsula_interna_Vol.mm3,study3,549,549,1,0,0,same,NA,Stephan_etal_1981_TableVIII,Stephan_etal_1981_TableVIII
Galagoides_demidoff,Galagoides demidoff,FALSE,Capsula interna,Capsula_interna,Capsula_interna_Vol.mm3,study3,18.4,18.4,1,0,0,same,NA,Stephan_etal_1981_TableVIII,Stephan_etal_1981_TableVIII
Gorilla_gorilla,Gorilla sp.,FALSE,Capsula interna,Capsula_interna,Capsula_interna_Vol.mm3,study3,2471,2471,1,0,0,same,NA,Stephan_etal_1981_TableVIII,Stephan_etal_1981_TableVIII
Homo_sapiens,Homo sapiens,FALSE,Capsula interna,Capsula_interna,Capsula_interna_Vol.mm3,study3,7008,7008,1,0,0,same,NA,Stephan_etal_1981_TableVIII,Stephan_etal_1981_TableVIII
Hylobates_lar,Hylobates lar,FALSE,Capsula interna,Capsula_interna,Capsula_interna_Vol.mm3,study3,693,693,1,0,0,same,NA,Stephan_etal_1981_TableVIII,Stephan_etal_1981_TableVIII
Lophocebus_albigena,Lophocebus albigena,FALSE,Capsula interna,Capsula_interna,Capsula_interna_Vol.mm3,study3,708,708,1,0,0,same,NA,Stephan_etal_1981_TableVIII,Stephan_etal_1981_TableVIII
Loris_tardigradus,Loris tardigradus,FALSE,Capsula interna,Capsula_interna,Capsula_interna_Vol.mm3,study3,46.3,46.3,1,0,0,same,NA,Stephan_etal_1981_TableVIII,Stephan_etal_1981_TableVIII
Pan_troglodytes,Pan troglodytes,FALSE,Capsula interna,Capsula_interna,Capsula_interna_Vol.mm3,study3,2510,2510,1,0,0,same,NA,Stephan_etal_1981_TableVIII,Stephan_etal_1981_TableVIII
Perodicticus_potto,Perodicticus potto,FALSE,Capsula interna,Capsula_interna,Capsula_interna_Vol.mm3,study3,107,107,1,0,0,same,NA,Stephan_etal_1981_TableVIII,Stephan_etal_1981_TableVIII
Piliocolobus_badius,Piliocolobus badius,FALSE,Capsula interna,Capsula_interna,Capsula_interna_Vol.mm3,study3,460,460,1,0,0,same,NA,Stephan_etal_1981_TableVIII,Stephan_etal_1981_TableVIII
Saguinus_oedipus,Saguinus oedipus,FALSE,Capsula interna,Capsula_interna,Capsula_interna_Vol.mm3,study3,62.7,62.7,1,0,0,same,NA,Stephan_etal_1981_TableVIII,Stephan_etal_1981_TableVIII
Avahi_occidentalis,Avahi occidentalis,FALSE,Capsula interna,Capsula_interna,Capsula_interna_Vol.mm3,study3,NA,105,NA,NA,NA,wide_only,NA,NA,Stephan_etal_1981_TableVIII
Cercopithecus_ascanius,Cercopithecus ascanius,FALSE,Capsula interna,Capsula_interna,Capsula_interna_Vol.mm3,study3,421,421,1,0,0,same,NA,Stephan_etal_1981_TableVIII,Stephan_etal_1981_TableVIII
Cheirogaleus_major,Cheirogaleus major,FALSE,Capsula interna,Capsula_interna,Capsula_interna_Vol.mm3,study3,48.6,48.6,1,0,0,same,NA,Stephan_etal_1981_TableVIII,Stephan_etal_1981_TableVIII
Eulemur_fulvus,Eulemur fulvus,FALSE,Capsula interna,Capsula_interna,Capsula_interna_Vol.mm3,study3,248,248,1,0,0,same,NA,Stephan_etal_1981_TableVIII,Stephan_etal_1981_TableVIII
Lagothrix_lagotricha,Lagothrix lagothricha,FALSE,Capsula interna,Capsula_interna,Capsula_interna_Vol.mm3,study3,612,612,1,0,0,same,NA,Stephan_etal_1981_TableVIII,Stephan_etal_1981_TableVIII
Lepilemur_ruficaudatus,Lepilemur ruficaudatus,FALSE,Capsula interna,Capsula_interna,Capsula_interna_Vol.mm3,study3,63,63,1,0,0,same,NA,Stephan_etal_1981_TableVIII,Stephan_etal_1981_TableVIII
Microcebus_murinus,Microcebus murinus,FALSE,Capsula interna,Capsula_interna,Capsula_interna_Vol.mm3,study3,9.08,9.08,1,0,0,same,NA,Stephan_etal_1981_TableVIII,Stephan_etal_1981_TableVIII
Nasalis_larvatus,Nasalis larvatus,FALSE,Capsula interna,Capsula_interna,Capsula_interna_Vol.mm3,study3,564,564,1,0,0,same,NA,Stephan_etal_1981_TableVIII,Stephan_etal_1981_TableVIII
Otolemur_crassicaudatus,Otolemur crassicaudatus,FALSE,Capsula interna,Capsula_interna,Capsula_interna_Vol.mm3,study3,74.6,74.6,1,0,0,same,NA,Stephan_etal_1981_TableVIII,Stephan_etal_1981_TableVIII
Papio_anubis,Papio anubis,FALSE,Capsula interna,Capsula_interna,Capsula_interna_Vol.mm3,study3,1257,1257,1,0,0,same,NA,Stephan_etal_1981_TableVIII,Stephan_etal_1981_TableVIII
Propithecus_verreauxi,Propithecus verreauxi,FALSE,Capsula interna,Capsula_interna,Capsula_interna_Vol.mm3,study3,324,324,1,0,0,same,NA,Stephan_etal_1981_TableVIII,Stephan_etal_1981_TableVIII
Saimiri_sciureus,Saimiri sciureus,FALSE,Capsula interna,Capsula_interna,Capsula_interna_Vol.mm3,study3,132,132,1,0,0,same,NA,Stephan_etal_1981_TableVIII,Stephan_etal_1981_TableVIII
Tarsius_syrichta,Tarsius sp.,FALSE,Capsula interna,Capsula_interna,Capsula_interna_Vol.mm3,study3,16.7,16.7,1,0,0,same,NA,Stephan_etal_1981_TableVIII,Stephan_etal_1981_TableVIII
Ateles_geoffroyi,Ateles geoffroyi,FALSE,Striatum,Striatum,Striatum_Vol.mm3,study3,4950,4950,1,0,0,same,NA,Stephan_etal_1981_TableVI,Stephan_etal_1981_TableVI
Avahi_laniger,Avahi laniger,FALSE,Striatum,Striatum,Striatum_Vol.mm3,study3,524,524,1,0,0,same,NA,Stephan_etal_1981_TableV,Stephan_etal_1981_TableV
Callithrix_pygmaea,Callithrix pygmaea,FALSE,Striatum,Striatum,Striatum_Vol.mm3,study3,174,174,1,0,0,same,NA,Stephan_etal_1981_TableVI,Stephan_etal_1981_TableVI
Cebus_albifrons,Cebus albifrons,FALSE,Striatum,Striatum,Striatum_Vol.mm3,study3,3258,3258,1,0,0,same,NA,Stephan_etal_1981_TableVI,Stephan_etal_1981_TableVI
Cercopithecus_mitis,Cercopithecus mitis,FALSE,Striatum,Striatum,Striatum_Vol.mm3,study3,2733,2733,1,0,0,same,NA,Stephan_etal_1981_TableVI,Stephan_etal_1981_TableVI
Galagoides_demidoff,Galagoides demidoff,FALSE,Striatum,Striatum,Striatum_Vol.mm3,study3,169,169,1,0,0,same,NA,Stephan_etal_1981_TableV,Stephan_etal_1981_TableV
Gorilla_gorilla,Gorilla sp.,FALSE,Striatum,Striatum,Striatum_Vol.mm3,study3,14567,14567,1,0,0,same,NA,Stephan_etal_1981_TableVI,Stephan_etal_1981_TableVI
Homo_sapiens,Homo sapiens,FALSE,Striatum,Striatum,Striatum_Vol.mm3,study3,28689,28689,1,0,0,same,NA,Stephan_etal_1981_TableVI,Stephan_etal_1981_TableVI
Hylobates_lar,Hylobates lar,FALSE,Striatum,Striatum,Striatum_Vol.mm3,study3,4784,4784,1,0,0,same,NA,Stephan_etal_1981_TableVI,Stephan_etal_1981_TableVI
Indri_indri,Indri indri,FALSE,Striatum,Striatum,Striatum_Vol.mm3,study3,1855,1855,1,0,0,same,NA,Stephan_etal_1981_TableV,Stephan_etal_1981_TableV
Lophocebus_albigena,Lophocebus albigena,FALSE,Striatum,Striatum,Striatum_Vol.mm3,study3,4146,4146,1,0,0,same,NA,Stephan_etal_1981_TableVI,Stephan_etal_1981_TableVI
Loris_tardigradus,Loris tardigradus,FALSE,Striatum,Striatum,Striatum_Vol.mm3,study3,351,351,1,0,0,same,NA,Stephan_etal_1981_TableV,Stephan_etal_1981_TableV
Pan_troglodytes,Pan troglodytes,FALSE,Striatum,Striatum,Striatum_Vol.mm3,study3,12246,12246,1,0,0,same,NA,Stephan_etal_1981_TableVI,Stephan_etal_1981_TableVI
Perodicticus_potto,Perodicticus potto,FALSE,Striatum,Striatum,Striatum_Vol.mm3,study3,712,712,1,0,0,same,NA,Stephan_etal_1981_TableV,Stephan_etal_1981_TableV
Piliocolobus_badius,Piliocolobus badius,FALSE,Striatum,Striatum,Striatum_Vol.mm3,study3,3217,3217,1,0,0,same,NA,Stephan_etal_1981_TableVI,Stephan_etal_1981_TableVI
Pongo_abelii,Pongo sp.,TRUE,Striatum,Striatum,Striatum_Vol.mm3,study3,NA,11500,NA,NA,NA,wide_only,NA,NA,Zilles_Rehkämper_1988_Table12-2
Pongo_pygmaeus,Pongo sp.,TRUE,Striatum,Striatum,Striatum_Vol.mm3,study3,11500,11500,1,0,0,same,NA,Zilles_Rehkämper_1988_Table12-2,Zilles_Rehkämper_1988_Table12-2
Saguinus_oedipus,Saguinus oedipus,FALSE,Striatum,Striatum,Striatum_Vol.mm3,study3,453,453,1,0,0,same,NA,Stephan_etal_1981_TableVI,Stephan_etal_1981_TableVI
Varecia_variegata,Varecia variegata,FALSE,Striatum,Striatum,Striatum_Vol.mm3,study3,1591,1591,1,0,0,same,NA,Stephan_etal_1981_TableV,Stephan_etal_1981_TableV
Alouatta_seniculus,Alouatta seniculus,FALSE,Striatum,Striatum,Striatum_Vol.mm3,study3,2829,2829,1,0,0,same,NA,Stephan_etal_1981_TableVI,Stephan_etal_1981_TableVI
Aotus_trivirgatus,Aotus trivirgatus,FALSE,Striatum,Striatum,Striatum_Vol.mm3,study3,862,862,1,0,0,same,NA,Stephan_etal_1981_TableVI,Stephan_etal_1981_TableVI
Avahi_occidentalis,Avahi occidentalis,FALSE,Striatum,Striatum,Striatum_Vol.mm3,study3,478,478,1,0,0,same,NA,Stephan_etal_1981_TableV,Stephan_etal_1981_TableV
Callimico_goeldii,Callimico goeldii,FALSE,Striatum,Striatum,Striatum_Vol.mm3,study3,493,493,1,0,0,same,NA,Stephan_etal_1981_TableVI,Stephan_etal_1981_TableVI
Callithrix_jacchus,Callithrix jacchus,FALSE,Striatum,Striatum,Striatum_Vol.mm3,study3,372,372,1,0,0,same,NA,Stephan_etal_1981_TableVI,Stephan_etal_1981_TableVI
Cercopithecus_ascanius,Cercopithecus ascanius,FALSE,Striatum,Striatum,Striatum_Vol.mm3,study3,2827,2827,1,0,0,same,NA,Stephan_etal_1981_TableVI,Stephan_etal_1981_TableVI
Cheirogaleus_major,Cheirogaleus major,FALSE,Striatum,Striatum,Striatum_Vol.mm3,study3,327,327,1,0,0,same,NA,Stephan_etal_1981_TableV,Stephan_etal_1981_TableV
Cheirogaleus_medius,Cheirogaleus medius,FALSE,Striatum,Striatum,Striatum_Vol.mm3,study3,145,145,1,0,0,same,NA,Stephan_etal_1981_TableV,Stephan_etal_1981_TableV
Daubentonia_madagascariensis,Daubentonia madagascariensis,FALSE,Striatum,Striatum,Striatum_Vol.mm3,study3,2765,2765,1,0,0,same,NA,Stephan_etal_1981_TableV,Stephan_etal_1981_TableV
Erythrocebus_patas,Erythrocebus patas,FALSE,Striatum,Striatum,Striatum_Vol.mm3,study3,3624,3624,1,0,0,same,NA,Stephan_etal_1981_TableVI,Stephan_etal_1981_TableVI
Eulemur_fulvus,Eulemur fulvus,FALSE,Striatum,Striatum,Striatum_Vol.mm3,study3,1215,1215,1,0,0,same,NA,Stephan_etal_1981_TableV,Stephan_etal_1981_TableV
Galago_senegalensis,Galago senegalensis,FALSE,Striatum,Striatum,Striatum_Vol.mm3,study3,210,210,1,0,0,same,NA,Stephan_etal_1981_TableV,Stephan_etal_1981_TableV
Lagothrix_lagotricha,Lagothrix lagothricha,FALSE,Striatum,Striatum,Striatum_Vol.mm3,study3,4947,4947,1,0,0,same,NA,Stephan_etal_1981_TableVI,Stephan_etal_1981_TableVI
Lepilemur_ruficaudatus,Lepilemur ruficaudatus,FALSE,Striatum,Striatum,Striatum_Vol.mm3,study3,366,366,1,0,0,same,NA,Stephan_etal_1981_TableV,Stephan_etal_1981_TableV
Macaca_mulatta,Macaca mulatta,FALSE,Striatum,Striatum,Striatum_Vol.mm3,study3,4032,4032,1,0,0,same,NA,Stephan_etal_1981_TableVI,Stephan_etal_1981_TableVI
Microcebus_murinus,Microcebus murinus,FALSE,Striatum,Striatum,Striatum_Vol.mm3,study3,85.7,85.7,1,0,0,same,NA,Stephan_etal_1981_TableV,Stephan_etal_1981_TableV
Miopithecus_talapoin,Miopithecus talapoin,FALSE,Striatum,Striatum,Striatum_Vol.mm3,study3,1908,1908,1,0,0,same,NA,Stephan_etal_1981_TableVI,Stephan_etal_1981_TableVI
Nasalis_larvatus,Nasalis larvatus,FALSE,Striatum,Striatum,Striatum_Vol.mm3,study3,3735,3735,1,0,0,same,NA,Stephan_etal_1981_TableVI,Stephan_etal_1981_TableVI
Nycticebus_coucang,Nycticebus coucang,FALSE,Striatum,Striatum,Striatum_Vol.mm3,study3,760,760,1,0,0,same,NA,Stephan_etal_1981_TableV,Stephan_etal_1981_TableV
Otolemur_crassicaudatus,Otolemur crassicaudatus,FALSE,Striatum,Striatum,Striatum_Vol.mm3,study3,556,556,1,0,0,same,NA,Stephan_etal_1981_TableV,Stephan_etal_1981_TableV
Papio_anubis,Papio anubis,FALSE,Striatum,Striatum,Striatum_Vol.mm3,study3,7182,7182,1,0,0,same,NA,Stephan_etal_1981_TableVI,Stephan_etal_1981_TableVI
Pithecia_monachus,Pithecia monachus,FALSE,Striatum,Striatum,Striatum_Vol.mm3,study3,1918,1918,1,0,0,same,NA,Stephan_etal_1981_TableVI,Stephan_etal_1981_TableVI
Plecturocebus_moloch,Callicebus moloch,FALSE,Striatum,Striatum,Striatum_Vol.mm3,study3,920,920,1,0,0,same,NA,Stephan_etal_1981_TableVI,Stephan_etal_1981_TableVI
Propithecus_verreauxi,Propithecus verreauxi,FALSE,Striatum,Striatum,Striatum_Vol.mm3,study3,1411,1411,1,0,0,same,NA,Stephan_etal_1981_TableV,Stephan_etal_1981_TableV
Pygathrix_nemaeus,Pygathrix nemaeus,FALSE,Striatum,Striatum,Striatum_Vol.mm3,study3,3166,3166,1,0,0,same,NA,Stephan_etal_1981_TableVI,Stephan_etal_1981_TableVI
Saguinus_midas,Saguinus midas,FALSE,Striatum,Striatum,Striatum_Vol.mm3,study3,471,471,1,0,0,same,NA,Stephan_etal_1981_TableVI,Stephan_etal_1981_TableVI
Saimiri_sciureus,Saimiri sciureus,FALSE,Striatum,Striatum,Striatum_Vol.mm3,study3,1042,1042,1,0,0,same,NA,Stephan_etal_1981_TableVI,Stephan_etal_1981_TableVI
Tarsius_syrichta,Tarsius sp.,FALSE,Striatum,Striatum,Striatum_Vol.mm3,study3,133,133,1,0,0,same,NA,Stephan_etal_1981_TableV,Stephan_etal_1981_TableV
Ateles_geoffroyi,Ateles geoffroyi,FALSE,Area striata grey,ASG_Sousa,Area_striata_grey_matter_Vol.mm3,study3,3753,3753,1,0,0,same,NA,deSousa_etal_2010 [restricted: Visual_volumes.xlsx],Frahm_etal_1984_Table1
Avahi_laniger,Avahi laniger,FALSE,Area striata grey,ASG_Sousa,Area_striata_grey_matter_Vol.mm3,study3,475,475,1,0,0,same,NA,deSousa_etal_2010 [restricted: deSousa_2010.csv],Frahm_etal_1984_Table1
Callithrix_pygmaea,Callithrix pygmaea,FALSE,Area striata grey,ASG_Sousa,Area_striata_grey_matter_Vol.mm3,study3,363,363,1,0,0,same,NA,deSousa_etal_2010 [restricted: Visual_volumes.xlsx],Frahm_etal_1984_Table1
Cebus_albifrons,Cebus albifrons,FALSE,Area striata grey,ASG_Sousa,Area_striata_grey_matter_Vol.mm3,study3,3764,3764,1,0,0,same,NA,deSousa_etal_2010_SupTable2,Frahm_etal_1984_Table1
Cercopithecus_mitis,Cercopithecus mitis,FALSE,Area striata grey,ASG_Sousa,Area_striata_grey_matter_Vol.mm3,study3,4232,4232,1,0,0,same,NA,deSousa_etal_2010_SupTable2,Frahm_etal_1984_Table1
Galagoides_demidoff,Galagoides demidoff,FALSE,Area striata grey,ASG_Sousa,Area_striata_grey_matter_Vol.mm3,study3,214,214,1,0,0,same,NA,deSousa_etal_2010 [restricted: Visual_volumes.xlsx],Frahm_etal_1984_Table1
Gorilla_gorilla,Gorilla sp.,FALSE,Area striata grey,ASG_Sousa,Area_striata_grey_matter_Vol.mm3,study3,9129,12062,1.3212838207908861,32.12838207908862,0.2431603382523628,DIFFERENT,NA,deSousa_etal_2010_SupTable2,Frahm_etal_1984_Table1
Homo_sapiens,Homo sapiens,FALSE,Area striata grey,ASG_Sousa,Area_striata_grey_matter_Vol.mm3,study3,15247.5,14787,0.9697983275946876,-3.0201672405312348,0.030201672405312345,DIFFERENT,NA,deSousa_etal_2010_SupTable2,Frahm_etal_1984_Table1
Hylobates_lar,Hylobates lar,FALSE,Area striata grey,ASG_Sousa,Area_striata_grey_matter_Vol.mm3,study3,4086.7,4574,1.1192404629652286,11.92404629652287,0.10653694796676873,DIFFERENT,NA,deSousa_etal_2010_SupTable2,Frahm_etal_1984_Table1
Indri_indri,Indri indri,FALSE,Area striata grey,ASG_Sousa,Area_striata_grey_matter_Vol.mm3,study3,1648,1648,1,0,0,same,NA,deSousa_etal_2010 [restricted: Visual_volumes.xlsx],Frahm_etal_1984_Table1
Lophocebus_albigena,Lophocebus albigena,FALSE,Area striata grey,ASG_Sousa,Area_striata_grey_matter_Vol.mm3,study3,5420,5420,1,0,0,same,NA,deSousa_etal_2010_SupTable2,Frahm_etal_1984_Table1
Loris_tardigradus,Loris tardigradus,FALSE,Area striata grey,ASG_Sousa,Area_striata_grey_matter_Vol.mm3,study3,529,529,1,0,0,same,NA,deSousa_etal_2010 [restricted: deSousa_2010.csv],Frahm_etal_1984_Table1
Pan_paniscus,Pan paniscus,FALSE,Area striata grey,ASG_Sousa,Area_striata_grey_matter_Vol.mm3,study3,11606.5,NA,NA,NA,NA,Stephan_only,NA,deSousa_etal_2010_SupTable2,NA
Pan_troglodytes,Pan troglodytes,FALSE,Area striata grey,ASG_Sousa,Area_striata_grey_matter_Vol.mm3,study3,8268.3,10593,1.2811581582671168,28.115815826711668,0.2194562446898896,DIFFERENT,NA,deSousa_etal_2010_SupTable2,Frahm_etal_1984_Table1
Perodicticus_potto,Perodicticus potto,FALSE,Area striata grey,ASG_Sousa,Area_striata_grey_matter_Vol.mm3,study3,495,495,1,0,0,same,NA,deSousa_etal_2010_SupTable2,Frahm_etal_1984_Table1
Piliocolobus_badius,Piliocolobus badius,FALSE,Area striata grey,ASG_Sousa,Area_striata_grey_matter_Vol.mm3,study3,3053,3053,1,0,0,same,NA,deSousa_etal_2010 [restricted: Visual_volumes.xlsx],Frahm_etal_1984_Table1
Pongo_abelii,Pongo sp.,TRUE,Area striata grey,ASG_Sousa,Area_striata_grey_matter_Vol.mm3,study3,NA,8400,NA,NA,NA,wide_only,NA,NA,Zilles_Rehkämper_1988_Table12-2
Pongo_pygmaeus,Pongo sp.,TRUE,Area striata grey,ASG_Sousa,Area_striata_grey_matter_Vol.mm3,study3,8233.7,8400,1.0201974810838383,2.019748108383828,0.01979761904761896,DIFFERENT,NA,deSousa_etal_2010_SupTable2,Zilles_Rehkämper_1988_Table12-2
Saguinus_oedipus,Saguinus oedipus,FALSE,Area striata grey,ASG_Sousa,Area_striata_grey_matter_Vol.mm3,study3,807,807,1,0,0,same,NA,deSousa_etal_2010_SupTable2,Frahm_etal_1984_Table1
Symphalangus_syndactylus,Symphalangus syndactylus,FALSE,Area striata grey,ASG_Sousa,Area_striata_grey_matter_Vol.mm3,study3,5468.9,NA,NA,NA,NA,Stephan_only,NA,deSousa_etal_2010_SupTable2,NA
Varecia_variegata,Varecia variegata,FALSE,Area striata grey,ASG_Sousa,Area_striata_grey_matter_Vol.mm3,study3,1745,1745,1,0,0,same,NA,deSousa_etal_2010 [restricted: Visual_volumes.xlsx],Frahm_etal_1984_Table1
Alouatta_seniculus,Alouatta seniculus,FALSE,Area striata grey,ASG_Sousa,Area_striata_grey_matter_Vol.mm3,study3,1918,1918,1,0,0,same,NA,deSousa_etal_2010_SupTable2,Frahm_etal_1984_Table1
Aotus_trivirgatus,Aotus trivirgatus,FALSE,Area striata grey,ASG_Sousa,Area_striata_grey_matter_Vol.mm3,study3,996,996,1,0,0,same,NA,deSousa_etal_2010_SupTable2,Frahm_etal_1984_Table1
Avahi_occidentalis,Avahi occidentalis,FALSE,Area striata grey,ASG_Sousa,Area_striata_grey_matter_Vol.mm3,study3,450,450,1,0,0,same,NA,deSousa_etal_2010 [restricted: deSousa_2010.csv],Frahm_etal_1984_Table1
Callithrix_jacchus,Callithrix jacchus,FALSE,Area striata grey,ASG_Sousa,Area_striata_grey_matter_Vol.mm3,study3,566,566,1,0,0,same,NA,deSousa_etal_2010 [restricted: Visual_volumes.xlsx],Frahm_etal_1984_Table1
Cercopithecus_ascanius,Cercopithecus ascanius,FALSE,Area striata grey,ASG_Sousa,Area_striata_grey_matter_Vol.mm3,study3,4272,4272,1,0,0,same,NA,deSousa_etal_2010_SupTable2,Frahm_etal_1984_Table1
Cheirogaleus_major,Cheirogaleus major,FALSE,Area striata grey,ASG_Sousa,Area_striata_grey_matter_Vol.mm3,study3,433,433,1,0,0,same,NA,deSousa_etal_2010 [restricted: Visual_volumes.xlsx],Frahm_etal_1984_Table1
Cheirogaleus_medius,Cheirogaleus medius,FALSE,Area striata grey,ASG_Sousa,Area_striata_grey_matter_Vol.mm3,study3,199,199,1,0,0,same,NA,deSousa_etal_2010_SupTable2,Frahm_etal_1984_Table1
Daubentonia_madagascariensis,Daubentonia madagascariensis,FALSE,Area striata grey,ASG_Sousa,Area_striata_grey_matter_Vol.mm3,study3,1113,1113,1,0,0,same,NA,deSousa_etal_2010 [restricted: Visual_volumes.xlsx],Frahm_etal_1984_Table1
Eulemur_fulvus,Eulemur fulvus,FALSE,Area striata grey,ASG_Sousa,Area_striata_grey_matter_Vol.mm3,study3,1253,1253,1,0,0,same,NA,deSousa_etal_2010 [restricted: Visual_volumes.xlsx],Frahm_etal_1984_Table1
Galago_senegalensis,Galago senegalensis,FALSE,Area striata grey,ASG_Sousa,Area_striata_grey_matter_Vol.mm3,study3,301,301,1,0,0,same,NA,deSousa_etal_2010_SupTable2,Frahm_etal_1984_Table1
Lagothrix_lagotricha,Lagothrix lagothricha,FALSE,Area striata grey,ASG_Sousa,Area_striata_grey_matter_Vol.mm3,study3,4856,4856,1,0,0,same,NA,deSousa_etal_2010 [restricted: deSousa_2010.csv],Frahm_etal_1984_Table1
Lepilemur_ruficaudatus,Lepilemur ruficaudatus,FALSE,Area striata grey,ASG_Sousa,Area_striata_grey_matter_Vol.mm3,study3,326,326,1,0,0,same,NA,deSousa_etal_2010 [restricted: Visual_volumes.xlsx],Frahm_etal_1984_Table1
Macaca_fascicularis,Macaca fascicularis,FALSE,Area striata grey,ASG_Sousa,Area_striata_grey_matter_Vol.mm3,study3,2713.3,NA,NA,NA,NA,Stephan_only,NA,deSousa_etal_2010_SupTable2,NA
Macaca_mulatta,Macaca mulatta,FALSE,Area striata grey,ASG_Sousa,Area_striata_grey_matter_Vol.mm3,study3,5343,5343,1,0,0,same,NA,deSousa_etal_2010_SupTable2,Frahm_etal_1984_Table1
Microcebus_murinus,Microcebus murinus,FALSE,Area striata grey,ASG_Sousa,Area_striata_grey_matter_Vol.mm3,study3,136,136,1,0,0,same,NA,deSousa_etal_2010 [restricted: deSousa_2010.csv],Frahm_etal_1984_Table1
Miopithecus_talapoin,Miopithecus talapoin,FALSE,Area striata grey,ASG_Sousa,Area_striata_grey_matter_Vol.mm3,study3,2339,2339,1,0,0,same,NA,deSousa_etal_2010 [restricted: Visual_volumes.xlsx],Frahm_etal_1984_Table1
Nycticebus_coucang,Nycticebus coucang,FALSE,Area striata grey,ASG_Sousa,Area_striata_grey_matter_Vol.mm3,study3,696,696,1,0,0,same,NA,deSousa_etal_2010_SupTable2,Frahm_etal_1984_Table1
Otolemur_crassicaudatus,Otolemur crassicaudatus,FALSE,Area striata grey,ASG_Sousa,Area_striata_grey_matter_Vol.mm3,study3,479,479,1,0,0,same,NA,deSousa_etal_2010 [restricted: Visual_volumes.xlsx],Frahm_etal_1984_Table1
Papio_anubis,Papio anubis,FALSE,Area striata grey,ASG_Sousa,Area_striata_grey_matter_Vol.mm3,study3,10001,10001,1,0,0,same,NA,deSousa_etal_2010_SupTable2,Frahm_etal_1984_Table1
Pithecia_monachus,Pithecia monachus,FALSE,Area striata grey,ASG_Sousa,Area_striata_grey_matter_Vol.mm3,study3,1679,1679,1,0,0,same,NA,deSousa_etal_2010 [restricted: deSousa_2010.csv],Frahm_etal_1984_Table1
Plecturocebus_moloch,Callicebus moloch,FALSE,Area striata grey,ASG_Sousa,Area_striata_grey_matter_Vol.mm3,study3,1201,1201,1,0,0,same,NA,deSousa_etal_2010_SupTable2,Frahm_etal_1984_Table1
Propithecus_verreauxi,Propithecus verreauxi,FALSE,Area striata grey,ASG_Sousa,Area_striata_grey_matter_Vol.mm3,study3,1106,1106,1,0,0,same,NA,deSousa_etal_2010_SupTable2,Frahm_etal_1984_Table1
Saguinus_midas,Saguinus midas,FALSE,Area striata grey,ASG_Sousa,Area_striata_grey_matter_Vol.mm3,study3,841,841,1,0,0,same,NA,deSousa_etal_2010 [restricted: deSousa_2010.csv],Frahm_etal_1984_Table1
Saimiri_sciureus,Saimiri sciureus,FALSE,Area striata grey,ASG_Sousa,Area_striata_grey_matter_Vol.mm3,study3,1884,1884,1,0,0,same,NA,deSousa_etal_2010_SupTable2,Frahm_etal_1984_Table1
Tarsius_syrichta,Tarsius sp.,FALSE,Area striata grey,ASG_Sousa,Area_striata_grey_matter_Vol.mm3,study3,349,349,1,0,0,same,NA,deSousa_etal_2010 [restricted: Visual_volumes.xlsx],Frahm_etal_1984_Table1
Callithrix_pygmaea,Callithrix pygmaea,FALSE,Neocortex grey,NeoG_Frahm,Neocortex_grey_matter_Vol.mm3,study3,2139,2139,1,0,0,same,NA,Frahm_etal_1982_Table2,Frahm_etal_1982_Table2
Cebus_albifrons,Cebus albifrons,FALSE,Neocortex grey,NeoG_Frahm,Neocortex_grey_matter_Vol.mm3,study3,30630,30630,1,0,0,same,NA,Frahm_etal_1982_Table2,Frahm_etal_1982_Table2
Galagoides_demidoff,Galagoides demidoff,FALSE,Neocortex grey,NeoG_Frahm,Neocortex_grey_matter_Vol.mm3,study3,1417,1417,1,0,0,same,NA,Frahm_etal_1982_Table2,Frahm_etal_1982_Table2
Homo_sapiens,Homo sapiens,FALSE,Neocortex grey,NeoG_Frahm,Neocortex_grey_matter_Vol.mm3,study3,584706,584706,1,0,0,same,NA,Frahm_etal_1982_Table2,Frahm_etal_1982_Table2
Hylobates_lar,Hylobates lar,FALSE,Neocortex grey,NeoG_Frahm,Neocortex_grey_matter_Vol.mm3,study3,46646,46646,1,0,0,same,NA,Frahm_etal_1982_Table2,Frahm_etal_1982_Table2
Indri_indri,Indri indri,FALSE,Neocortex grey,NeoG_Frahm,Neocortex_grey_matter_Vol.mm3,study3,15891,15891,1,0,0,same,NA,Frahm_etal_1982_Table2,Frahm_etal_1982_Table2
Pan_troglodytes,Pan troglodytes,FALSE,Neocortex grey,NeoG_Frahm,Neocortex_grey_matter_Vol.mm3,study3,172597,172597,1,0,0,same,NA,Frahm_etal_1982_Table2,Frahm_etal_1982_Table2
Piliocolobus_badius,Piliocolobus badius,FALSE,Neocortex grey,NeoG_Frahm,Neocortex_grey_matter_Vol.mm3,study3,36575,36575,1,0,0,same,NA,Frahm_etal_1982_Table2,Frahm_etal_1982_Table2
Pongo_abelii,Pongo sp.,TRUE,Neocortex grey,NeoG_Frahm,Neocortex_grey_matter_Vol.mm3,study3,NA,129900,NA,NA,NA,wide_only,NA,NA,Zilles_Rehkämper_1988_Table12-2
Pongo_pygmaeus,Pongo sp.,TRUE,Neocortex grey,NeoG_Frahm,Neocortex_grey_matter_Vol.mm3,study3,138300,129900,0.9392624728850325,-6.073752711496746,0.06073752711496746,DIFFERENT,NA,Frahm_etal_1982 [restricted: Frahm_1982.csv],Zilles_Rehkämper_1988_Table12-2
Alouatta_seniculus,Alouatta seniculus,FALSE,Neocortex grey,NeoG_Frahm,Neocortex_grey_matter_Vol.mm3,study3,21791,21791,1,0,0,same,NA,Frahm_etal_1982_Table2,Frahm_etal_1982_Table2
Aotus_trivirgatus,Aotus trivirgatus,FALSE,Neocortex grey,NeoG_Frahm,Neocortex_grey_matter_Vol.mm3,study3,7776,7776,1,0,0,same,NA,Frahm_etal_1982_Table2,Frahm_etal_1982_Table2
Avahi_occidentalis,Avahi occidentalis,FALSE,Neocortex grey,NeoG_Frahm,Neocortex_grey_matter_Vol.mm3,study3,3666,3666,1,0,0,same,NA,Frahm_etal_1982_Table2,Frahm_etal_1982_Table2
Callithrix_jacchus,Callithrix jacchus,FALSE,Neocortex grey,NeoG_Frahm,Neocortex_grey_matter_Vol.mm3,study3,3564,3564,1,0,0,same,NA,Frahm_etal_1982_Table2,Frahm_etal_1982_Table2
Cercopithecus_ascanius,Cercopithecus ascanius,FALSE,Neocortex grey,NeoG_Frahm,Neocortex_grey_matter_Vol.mm3,study3,32114,32114,1,0,0,same,NA,Frahm_etal_1982_Table2,Frahm_etal_1982_Table2
Daubentonia_madagascariensis,Daubentonia madagascariensis,FALSE,Neocortex grey,NeoG_Frahm,Neocortex_grey_matter_Vol.mm3,study3,17074,17074,1,0,0,same,NA,Frahm_etal_1982_Table2,Frahm_etal_1982_Table2
Eulemur_fulvus,Eulemur fulvus,FALSE,Neocortex grey,NeoG_Frahm,Neocortex_grey_matter_Vol.mm3,study3,9172,9172,1,0,0,same,NA,Frahm_etal_1982_Table2,Frahm_etal_1982_Table2
Lagothrix_lagotricha,Lagothrix lagothricha,FALSE,Neocortex grey,NeoG_Frahm,Neocortex_grey_matter_Vol.mm3,study3,49147,49147,1,0,0,same,NA,Frahm_etal_1982_Table2,Frahm_etal_1982_Table2
Lepilemur_ruficaudatus,Lepilemur ruficaudatus,FALSE,Neocortex grey,NeoG_Frahm,Neocortex_grey_matter_Vol.mm3,study3,2805,2805,1,0,0,same,NA,Frahm_etal_1982_Table2,Frahm_etal_1982_Table2
Microcebus_murinus,Microcebus murinus,FALSE,Neocortex grey,NeoG_Frahm,Neocortex_grey_matter_Vol.mm3,study3,674.2,674.2,1,0,0,same,NA,Frahm_etal_1982_Table2,Frahm_etal_1982_Table2
Nycticebus_coucang,Nycticebus coucang,FALSE,Neocortex grey,NeoG_Frahm,Neocortex_grey_matter_Vol.mm3,study3,4952,4952,1,0,0,same,NA,Frahm_etal_1982_Table2,Frahm_etal_1982_Table2
Papio_anubis,Papio anubis,FALSE,Neocortex grey,NeoG_Frahm,Neocortex_grey_matter_Vol.mm3,study3,85726,85726,1,0,0,same,NA,Frahm_etal_1982_Table2,Frahm_etal_1982_Table2
Propithecus_verreauxi,Propithecus verreauxi,FALSE,Neocortex grey,NeoG_Frahm,Neocortex_grey_matter_Vol.mm3,study3,9835,9835,1,0,0,same,NA,Frahm_etal_1982_Table2,Frahm_etal_1982_Table2
Saimiri_sciureus,Saimiri sciureus,FALSE,Neocortex grey,NeoG_Frahm,Neocortex_grey_matter_Vol.mm3,study3,11832,11832,1,0,0,same,NA,Frahm_etal_1982_Table2,Frahm_etal_1982_Table2
Tarsius_syrichta,Tarsius sp.,FALSE,Neocortex grey,NeoG_Frahm,Neocortex_grey_matter_Vol.mm3,study3,1631,1631,1,0,0,same,NA,Frahm_etal_1982_Table2,Frahm_etal_1982_Table2
Ateles_geoffroyi,Ateles geoffroyi,FALSE,Mesencephalon,Mesencephalon,Mesencephalon_Vol.mm3,study3,1482,1482,1,0,0,same,NA,Stephan_etal_1981_TableIII,Stephan_etal_1981_TableIII
Avahi_laniger,Avahi laniger,FALSE,Mesencephalon,Mesencephalon,Mesencephalon_Vol.mm3,study3,343,343,1,0,0,same,NA,Stephan_etal_1981_TableII,Stephan_etal_1981_TableII
Callithrix_pygmaea,Callithrix pygmaea,FALSE,Mesencephalon,Mesencephalon,Mesencephalon_Vol.mm3,study3,192,192,1,0,0,same,NA,Stephan_etal_1981_TableIII,Stephan_etal_1981_TableIII
Cebus_albifrons,Cebus albifrons,FALSE,Mesencephalon,Mesencephalon,Mesencephalon_Vol.mm3,study3,1221,1221,1,0,0,same,NA,Stephan_etal_1981_TableIII,Stephan_etal_1981_TableIII
Cercopithecus_mitis,Cercopithecus mitis,FALSE,Mesencephalon,Mesencephalon,Mesencephalon_Vol.mm3,study3,1354,1354,1,0,0,same,NA,Stephan_etal_1981_TableIII,Stephan_etal_1981_TableIII
Galagoides_demidoff,Galagoides demidoff,FALSE,Mesencephalon,Mesencephalon,Mesencephalon_Vol.mm3,study3,135,135,1,0,0,same,NA,Stephan_etal_1981_TableII,Stephan_etal_1981_TableII
Gorilla_gorilla,Gorilla sp.,FALSE,Mesencephalon,Mesencephalon,Mesencephalon_Vol.mm3,study3,4352,4352,1,0,0,same,NA,Stephan_etal_1981_TableIII,Stephan_etal_1981_TableIII
Homo_sapiens,Homo sapiens,FALSE,Mesencephalon,Mesencephalon,Mesencephalon_Vol.mm3,study3,8087,8087,1,0,0,same,NA,Stephan_etal_1981_TableIII,Stephan_etal_1981_TableIII
Hylobates_lar,Hylobates lar,FALSE,Mesencephalon,Mesencephalon,Mesencephalon_Vol.mm3,study3,1459,1459,1,0,0,same,NA,Stephan_etal_1981_TableIII,Stephan_etal_1981_TableIII
Indri_indri,Indri indri,FALSE,Mesencephalon,Mesencephalon,Mesencephalon_Vol.mm3,study3,978,978,1,0,0,same,NA,Stephan_etal_1981_TableII,Stephan_etal_1981_TableII
Lophocebus_albigena,Lophocebus albigena,FALSE,Mesencephalon,Mesencephalon,Mesencephalon_Vol.mm3,study3,1770,1770,1,0,0,same,NA,Stephan_etal_1981_TableIII,Stephan_etal_1981_TableIII
Loris_tardigradus,Loris tardigradus,FALSE,Mesencephalon,Mesencephalon,Mesencephalon_Vol.mm3,study3,220,220,1,0,0,same,NA,Stephan_etal_1981_TableII,Stephan_etal_1981_TableII
Pan_troglodytes,Pan troglodytes,FALSE,Mesencephalon,Mesencephalon,Mesencephalon_Vol.mm3,study3,3739,3739,1,0,0,same,NA,Stephan_etal_1981_TableIII,Stephan_etal_1981_TableIII
Perodicticus_potto,Perodicticus potto,FALSE,Mesencephalon,Mesencephalon,Mesencephalon_Vol.mm3,study3,391,391,1,0,0,same,NA,Stephan_etal_1981_TableII,Stephan_etal_1981_TableII
Piliocolobus_badius,Piliocolobus badius,FALSE,Mesencephalon,Mesencephalon,Mesencephalon_Vol.mm3,study3,1333,1333,1,0,0,same,NA,Stephan_etal_1981_TableIII,Stephan_etal_1981_TableIII
Pongo_abelii,Pongo sp.,TRUE,Mesencephalon,Mesencephalon,Mesencephalon_Vol.mm3,study3,NA,4000,NA,NA,NA,wide_only,NA,NA,Zilles_Rehkämper_1988_Table12-2
Pongo_pygmaeus,Pongo sp.,TRUE,Mesencephalon,Mesencephalon,Mesencephalon_Vol.mm3,study3,4000,4000,1,0,0,same,NA,Zilles_Rehkämper_1988_Table12-2,Zilles_Rehkämper_1988_Table12-2
Saguinus_oedipus,Saguinus oedipus,FALSE,Mesencephalon,Mesencephalon,Mesencephalon_Vol.mm3,study3,333,333,1,0,0,same,NA,Stephan_etal_1981_TableIII,Stephan_etal_1981_TableIII
Varecia_variegata,Varecia variegata,FALSE,Mesencephalon,Mesencephalon,Mesencephalon_Vol.mm3,study3,1018,1018,1,0,0,same,NA,Stephan_etal_1981_TableII,Stephan_etal_1981_TableII
Alouatta_seniculus,Alouatta seniculus,FALSE,Mesencephalon,Mesencephalon,Mesencephalon_Vol.mm3,study3,986,986,1,0,0,same,NA,Stephan_etal_1981_TableIII,Stephan_etal_1981_TableIII
Aotus_trivirgatus,Aotus trivirgatus,FALSE,Mesencephalon,Mesencephalon,Mesencephalon_Vol.mm3,study3,409,409,1,0,0,same,NA,Stephan_etal_1981_TableIII,Stephan_etal_1981_TableIII
Avahi_occidentalis,Avahi occidentalis,FALSE,Mesencephalon,Mesencephalon,Mesencephalon_Vol.mm3,study3,345,345,1,0,0,same,NA,Stephan_etal_1981_TableII,Stephan_etal_1981_TableII
Callimico_goeldii,Callimico goeldii,FALSE,Mesencephalon,Mesencephalon,Mesencephalon_Vol.mm3,study3,340,340,1,0,0,same,NA,Stephan_etal_1981_TableIII,Stephan_etal_1981_TableIII
Callithrix_jacchus,Callithrix jacchus,FALSE,Mesencephalon,Mesencephalon,Mesencephalon_Vol.mm3,study3,295,295,1,0,0,same,NA,Stephan_etal_1981_TableIII,Stephan_etal_1981_TableIII
Cercopithecus_ascanius,Cercopithecus ascanius,FALSE,Mesencephalon,Mesencephalon,Mesencephalon_Vol.mm3,study3,1162,1162,1,0,0,same,NA,Stephan_etal_1981_TableIII,Stephan_etal_1981_TableIII
Cheirogaleus_major,Cheirogaleus major,FALSE,Mesencephalon,Mesencephalon,Mesencephalon_Vol.mm3,study3,241,241,1,0,0,same,NA,Stephan_etal_1981_TableII,Stephan_etal_1981_TableII
Cheirogaleus_medius,Cheirogaleus medius,FALSE,Mesencephalon,Mesencephalon,Mesencephalon_Vol.mm3,study3,145,145,1,0,0,same,NA,Stephan_etal_1981_TableII,Stephan_etal_1981_TableII
Daubentonia_madagascariensis,Daubentonia madagascariensis,FALSE,Mesencephalon,Mesencephalon,Mesencephalon_Vol.mm3,study3,897,897,1,0,0,same,NA,Stephan_etal_1981_TableII,Stephan_etal_1981_TableII
Erythrocebus_patas,Erythrocebus patas,FALSE,Mesencephalon,Mesencephalon,Mesencephalon_Vol.mm3,study3,1621,1621,1,0,0,same,NA,Stephan_etal_1981_TableIII,Stephan_etal_1981_TableIII
Eulemur_fulvus,Eulemur fulvus,FALSE,Mesencephalon,Mesencephalon,Mesencephalon_Vol.mm3,study3,590,590,1,0,0,same,NA,Stephan_etal_1981_TableII,Stephan_etal_1981_TableII
Galago_senegalensis,Galago senegalensis,FALSE,Mesencephalon,Mesencephalon,Mesencephalon_Vol.mm3,study3,205,205,1,0,0,same,NA,Stephan_etal_1981_TableII,Stephan_etal_1981_TableII
Lagothrix_lagotricha,Lagothrix lagothricha,FALSE,Mesencephalon,Mesencephalon,Mesencephalon_Vol.mm3,study3,1582,1582,1,0,0,same,NA,Stephan_etal_1981_TableIII,Stephan_etal_1981_TableIII
Lepilemur_ruficaudatus,Lepilemur ruficaudatus,FALSE,Mesencephalon,Mesencephalon,Mesencephalon_Vol.mm3,study3,260,260,1,0,0,same,NA,Stephan_etal_1981_TableII,Stephan_etal_1981_TableII
Macaca_mulatta,Macaca mulatta,FALSE,Mesencephalon,Mesencephalon,Mesencephalon_Vol.mm3,study3,1380,1380,1,0,0,same,NA,Stephan_etal_1981_TableIII,Stephan_etal_1981_TableIII
Microcebus_murinus,Microcebus murinus,FALSE,Mesencephalon,Mesencephalon,Mesencephalon_Vol.mm3,study3,85.2,85.2,1,0,0,same,NA,Stephan_etal_1981_TableII,Stephan_etal_1981_TableII
Miopithecus_talapoin,Miopithecus talapoin,FALSE,Mesencephalon,Mesencephalon,Mesencephalon_Vol.mm3,study3,826,826,1,0,0,same,NA,Stephan_etal_1981_TableIII,Stephan_etal_1981_TableIII
Nasalis_larvatus,Nasalis larvatus,FALSE,Mesencephalon,Mesencephalon,Mesencephalon_Vol.mm3,study3,1556,1556,1,0,0,same,NA,Stephan_etal_1981_TableIII,Stephan_etal_1981_TableIII
Nycticebus_coucang,Nycticebus coucang,FALSE,Mesencephalon,Mesencephalon,Mesencephalon_Vol.mm3,study3,345,345,1,0,0,same,NA,Stephan_etal_1981_TableII,Stephan_etal_1981_TableII
Otolemur_crassicaudatus,Otolemur crassicaudatus,FALSE,Mesencephalon,Mesencephalon,Mesencephalon_Vol.mm3,study3,384,384,1,0,0,same,NA,Stephan_etal_1981_TableII,Stephan_etal_1981_TableII
Papio_anubis,Papio anubis,FALSE,Mesencephalon,Mesencephalon,Mesencephalon_Vol.mm3,study3,2711,2711,1,0,0,same,NA,Stephan_etal_1981_TableIII,Stephan_etal_1981_TableIII
Pithecia_monachus,Pithecia monachus,FALSE,Mesencephalon,Mesencephalon,Mesencephalon_Vol.mm3,study3,745,745,1,0,0,same,NA,Stephan_etal_1981_TableIII,Stephan_etal_1981_TableIII
Plecturocebus_moloch,Callicebus moloch,FALSE,Mesencephalon,Mesencephalon,Mesencephalon_Vol.mm3,study3,530,530,1,0,0,same,NA,Stephan_etal_1981_TableIII,Stephan_etal_1981_TableIII
Propithecus_verreauxi,Propithecus verreauxi,FALSE,Mesencephalon,Mesencephalon,Mesencephalon_Vol.mm3,study3,780,780,1,0,0,same,NA,Stephan_etal_1981_TableII,Stephan_etal_1981_TableII
Pygathrix_nemaeus,Pygathrix nemaeus,FALSE,Mesencephalon,Mesencephalon,Mesencephalon_Vol.mm3,study3,1345,1345,1,0,0,same,NA,Stephan_etal_1981_TableIII,Stephan_etal_1981_TableIII
Saguinus_midas,Saguinus midas,FALSE,Mesencephalon,Mesencephalon,Mesencephalon_Vol.mm3,study3,332,332,1,0,0,same,NA,Stephan_etal_1981_TableIII,Stephan_etal_1981_TableIII
Saimiri_sciureus,Saimiri sciureus,FALSE,Mesencephalon,Mesencephalon,Mesencephalon_Vol.mm3,study3,526,526,1,0,0,same,NA,Stephan_etal_1981_TableIII,Stephan_etal_1981_TableIII
Tarsius_syrichta,Tarsius sp.,FALSE,Mesencephalon,Mesencephalon,Mesencephalon_Vol.mm3,study3,197,197,1,0,0,same,NA,Stephan_etal_1981_TableII,Stephan_etal_1981_TableII
Ateles_geoffroyi,Ateles geoffroyi,FALSE,Cerebellum,Cerebellum,Cerebellum_Vol.mm3,study3,12438,12438,1,0,0,same,NA,Stephan_etal_1981_TableIII,Stephan_etal_1981_TableIII
Avahi_laniger,Avahi laniger,FALSE,Cerebellum,Cerebellum,Cerebellum_Vol.mm3,study3,1489,1489,1,0,0,same,NA,Stephan_etal_1981_TableII,Stephan_etal_1981_TableII
Callithrix_pygmaea,Callithrix pygmaea,FALSE,Cerebellum,Cerebellum,Cerebellum_Vol.mm3,study3,468,468,1,0,0,same,NA,Stephan_etal_1981_TableIII,Stephan_etal_1981_TableIII
Cebus_albifrons,Cebus albifrons,FALSE,Cerebellum,Cerebellum,Cerebellum_Vol.mm3,study3,7871,7871,1,0,0,same,NA,Stephan_etal_1981_TableIII,Stephan_etal_1981_TableIII
Cercopithecus_mitis,Cercopithecus mitis,FALSE,Cerebellum,Cerebellum,Cerebellum_Vol.mm3,study3,6758,6758,1,0,0,same,NA,Stephan_etal_1981_TableIII,Stephan_etal_1981_TableIII
Galagoides_demidoff,Galagoides demidoff,FALSE,Cerebellum,Cerebellum,Cerebellum_Vol.mm3,study3,413,413,1,0,0,same,NA,Stephan_etal_1981_TableII,Stephan_etal_1981_TableII
Gorilla_gorilla,Gorilla sp.,FALSE,Cerebellum,Cerebellum,Cerebellum_Vol.mm3,study3,69249,69249,1,0,0,same,NA,Stephan_etal_1981_TableIII,Stephan_etal_1981_TableIII
Homo_sapiens,Homo sapiens,FALSE,Cerebellum,Cerebellum,Cerebellum_Vol.mm3,study3,137421,137421,1,0,0,same,NA,Stephan_etal_1981_TableIII,Stephan_etal_1981_TableIII
Hylobates_lar,Hylobates lar,FALSE,Cerebellum,Cerebellum,Cerebellum_Vol.mm3,study3,12078,12078,1,0,0,same,NA,Stephan_etal_1981_TableIII,Stephan_etal_1981_TableIII
Indri_indri,Indri indri,FALSE,Cerebellum,Cerebellum,Cerebellum_Vol.mm3,study3,5504,5504,1,0,0,same,NA,Stephan_etal_1981_TableII,Stephan_etal_1981_TableII
Lophocebus_albigena,Lophocebus albigena,FALSE,Cerebellum,Cerebellum,Cerebellum_Vol.mm3,study3,10726,10726,1,0,0,same,NA,Stephan_etal_1981_TableIII,Stephan_etal_1981_TableIII
Loris_tardigradus,Loris tardigradus,FALSE,Cerebellum,Cerebellum,Cerebellum_Vol.mm3,study3,728,728,1,0,0,same,NA,Stephan_etal_1981_TableII,Stephan_etal_1981_TableII
Pan_troglodytes,Pan troglodytes,FALSE,Cerebellum,Cerebellum,Cerebellum_Vol.mm3,study3,43663,43663,1,0,0,same,NA,Stephan_etal_1981_TableIII,Stephan_etal_1981_TableIII
Perodicticus_potto,Perodicticus potto,FALSE,Cerebellum,Cerebellum,Cerebellum_Vol.mm3,study3,1699,1699,1,0,0,same,NA,Stephan_etal_1981_TableII,Stephan_etal_1981_TableII
Piliocolobus_badius,Piliocolobus badius,FALSE,Cerebellum,Cerebellum,Cerebellum_Vol.mm3,study3,8648,8648,1,0,0,same,NA,Stephan_etal_1981_TableIII,Stephan_etal_1981_TableIII
Pongo_abelii,Pongo sp.,TRUE,Cerebellum,Cerebellum,Cerebellum_Vol.mm3,study3,NA,42900,NA,NA,NA,wide_only,NA,NA,Zilles_Rehkämper_1988_Table12-2
Pongo_pygmaeus,Pongo sp.,TRUE,Cerebellum,Cerebellum,Cerebellum_Vol.mm3,study3,42900,42900,1,0,0,same,NA,Zilles_Rehkämper_1988_Table12-2,Zilles_Rehkämper_1988_Table12-2
Saguinus_oedipus,Saguinus oedipus,FALSE,Cerebellum,Cerebellum,Cerebellum_Vol.mm3,study3,984,984,1,0,0,same,NA,Stephan_etal_1981_TableIII,Stephan_etal_1981_TableIII
Varecia_variegata,Varecia variegata,FALSE,Cerebellum,Cerebellum,Cerebellum_Vol.mm3,study3,4286,4286,1,0,0,same,NA,Stephan_etal_1981_TableII,Stephan_etal_1981_TableII
Alouatta_seniculus,Alouatta seniculus,FALSE,Cerebellum,Cerebellum,Cerebellum_Vol.mm3,study3,5699,5699,1,0,0,same,NA,Stephan_etal_1981_TableIII,Stephan_etal_1981_TableIII
Aotus_trivirgatus,Aotus trivirgatus,FALSE,Cerebellum,Cerebellum,Cerebellum_Vol.mm3,study3,1873,1873,1,0,0,same,NA,Stephan_etal_1981_TableIII,Stephan_etal_1981_TableIII
Avahi_occidentalis,Avahi occidentalis,FALSE,Cerebellum,Cerebellum,Cerebellum_Vol.mm3,study3,1383,1383,1,0,0,same,NA,Stephan_etal_1981_TableII,Stephan_etal_1981_TableII
Callimico_goeldii,Callimico goeldii,FALSE,Cerebellum,Cerebellum,Cerebellum_Vol.mm3,study3,1240,1240,1,0,0,same,NA,Stephan_etal_1981_TableIII,Stephan_etal_1981_TableIII
Callithrix_jacchus,Callithrix jacchus,FALSE,Cerebellum,Cerebellum,Cerebellum_Vol.mm3,study3,757,757,1,0,0,same,NA,Stephan_etal_1981_TableIII,Stephan_etal_1981_TableIII
Cercopithecus_ascanius,Cercopithecus ascanius,FALSE,Cerebellum,Cerebellum,Cerebellum_Vol.mm3,study3,5828,5828,1,0,0,same,NA,Stephan_etal_1981_TableIII,Stephan_etal_1981_TableIII
Cheirogaleus_major,Cheirogaleus major,FALSE,Cerebellum,Cerebellum,Cerebellum_Vol.mm3,study3,947,947,1,0,0,same,NA,Stephan_etal_1981_TableII,Stephan_etal_1981_TableII
Cheirogaleus_medius,Cheirogaleus medius,FALSE,Cerebellum,Cerebellum,Cerebellum_Vol.mm3,study3,437,437,1,0,0,same,NA,Stephan_etal_1981_TableII,Stephan_etal_1981_TableII
Daubentonia_madagascariensis,Daubentonia madagascariensis,FALSE,Cerebellum,Cerebellum,Cerebellum_Vol.mm3,study3,6461,6461,1,0,0,same,NA,Stephan_etal_1981_TableII,Stephan_etal_1981_TableII
Erythrocebus_patas,Erythrocebus patas,FALSE,Cerebellum,Cerebellum,Cerebellum_Vol.mm3,study3,8738,8738,1,0,0,same,NA,Stephan_etal_1981_TableIII,Stephan_etal_1981_TableIII
Eulemur_fulvus,Eulemur fulvus,FALSE,Cerebellum,Cerebellum,Cerebellum_Vol.mm3,study3,3328,3328,1,0,0,same,NA,Stephan_etal_1981_TableII,Stephan_etal_1981_TableII
Galago_senegalensis,Galago senegalensis,FALSE,Cerebellum,Cerebellum,Cerebellum_Vol.mm3,study3,672,672,1,0,0,same,NA,Stephan_etal_1981_TableII,Stephan_etal_1981_TableII
Lagothrix_lagotricha,Lagothrix lagothricha,FALSE,Cerebellum,Cerebellum,Cerebellum_Vol.mm3,study3,11268,11268,1,0,0,same,NA,Stephan_etal_1981_TableIII,Stephan_etal_1981_TableIII
Lepilemur_ruficaudatus,Lepilemur ruficaudatus,FALSE,Cerebellum,Cerebellum,Cerebellum_Vol.mm3,study3,1165,1165,1,0,0,same,NA,Stephan_etal_1981_TableII,Stephan_etal_1981_TableII
Macaca_mulatta,Macaca mulatta,FALSE,Cerebellum,Cerebellum,Cerebellum_Vol.mm3,study3,8965,8965,1,0,0,same,NA,Stephan_etal_1981_TableIII,Stephan_etal_1981_TableIII
Microcebus_murinus,Microcebus murinus,FALSE,Cerebellum,Cerebellum,Cerebellum_Vol.mm3,study3,234,234,1,0,0,same,NA,Stephan_etal_1981_TableII,Stephan_etal_1981_TableII
Miopithecus_talapoin,Miopithecus talapoin,FALSE,Cerebellum,Cerebellum,Cerebellum_Vol.mm3,study3,3374,3374,1,0,0,same,NA,Stephan_etal_1981_TableIII,Stephan_etal_1981_TableIII
Nasalis_larvatus,Nasalis larvatus,FALSE,Cerebellum,Cerebellum,Cerebellum_Vol.mm3,study3,12113,12113,1,0,0,same,NA,Stephan_etal_1981_TableIII,Stephan_etal_1981_TableIII
Nycticebus_coucang,Nycticebus coucang,FALSE,Cerebellum,Cerebellum,Cerebellum_Vol.mm3,study3,1310,1310,1,0,0,same,NA,Stephan_etal_1981_TableII,Stephan_etal_1981_TableII
Otolemur_crassicaudatus,Otolemur crassicaudatus,FALSE,Cerebellum,Cerebellum,Cerebellum_Vol.mm3,study3,1414,1414,1,0,0,same,NA,Stephan_etal_1981_TableII,Stephan_etal_1981_TableII
Papio_anubis,Papio anubis,FALSE,Cerebellum,Cerebellum,Cerebellum_Vol.mm3,study3,18683,18683,1,0,0,same,NA,Stephan_etal_1981_TableIII,Stephan_etal_1981_TableIII
Pithecia_monachus,Pithecia monachus,FALSE,Cerebellum,Cerebellum,Cerebellum_Vol.mm3,study3,3908,3908,1,0,0,same,NA,Stephan_etal_1981_TableIII,Stephan_etal_1981_TableIII
Plecturocebus_moloch,Callicebus moloch,FALSE,Cerebellum,Cerebellum,Cerebellum_Vol.mm3,study3,1622,1622,1,0,0,same,NA,Stephan_etal_1981_TableIII,Stephan_etal_1981_TableIII
Propithecus_verreauxi,Propithecus verreauxi,FALSE,Cerebellum,Cerebellum,Cerebellum_Vol.mm3,study3,3957,3957,1,0,0,same,NA,Stephan_etal_1981_TableII,Stephan_etal_1981_TableII
Pygathrix_nemaeus,Pygathrix nemaeus,FALSE,Cerebellum,Cerebellum,Cerebellum_Vol.mm3,study3,8063,8063,1,0,0,same,NA,Stephan_etal_1981_TableIII,Stephan_etal_1981_TableIII
Saguinus_midas,Saguinus midas,FALSE,Cerebellum,Cerebellum,Cerebellum_Vol.mm3,study3,1061,1061,1,0,0,same,NA,Stephan_etal_1981_TableIII,Stephan_etal_1981_TableIII
Saimiri_sciureus,Saimiri sciureus,FALSE,Cerebellum,Cerebellum,Cerebellum_Vol.mm3,study3,2260,2260,1,0,0,same,NA,Stephan_etal_1981_TableIII,Stephan_etal_1981_TableIII
Tarsius_syrichta,Tarsius sp.,FALSE,Cerebellum,Cerebellum,Cerebellum_Vol.mm3,study3,428,428,1,0,0,same,NA,Stephan_etal_1981_TableII,Stephan_etal_1981_TableII
Ateles_geoffroyi,Ateles geoffroyi,FALSE,Hippocampus,Hippocampus,Hippocampus_Vol.mm3,study3,1366,1366,1,0,0,same,NA,Stephan_etal_1981_TableVI,Stephan_etal_1981_TableVI
Avahi_laniger,Avahi laniger,FALSE,Hippocampus,Hippocampus,Hippocampus_Vol.mm3,study3,526,526,1,0,0,same,NA,Stephan_etal_1981_TableV,Stephan_etal_1981_TableV
Callithrix_pygmaea,Callithrix pygmaea,FALSE,Hippocampus,Hippocampus,Hippocampus_Vol.mm3,study3,133,133,1,0,0,same,NA,Stephan_etal_1981_TableVI,Stephan_etal_1981_TableVI
Cebus_albifrons,Cebus albifrons,FALSE,Hippocampus,Hippocampus,Hippocampus_Vol.mm3,study3,890,890,1,0,0,same,NA,Stephan_etal_1981_TableVI,Stephan_etal_1981_TableVI
Cercopithecus_mitis,Cercopithecus mitis,FALSE,Hippocampus,Hippocampus,Hippocampus_Vol.mm3,study3,1366,1366,1,0,0,same,NA,Stephan_etal_1981_TableVI,Stephan_etal_1981_TableVI
Galagoides_demidoff,Galagoides demidoff,FALSE,Hippocampus,Hippocampus,Hippocampus_Vol.mm3,study3,152,152,1,0,0,same,NA,Stephan_etal_1981_TableV,Stephan_etal_1981_TableV
Gorilla_gorilla,Gorilla sp.,FALSE,Hippocampus,Hippocampus,Hippocampus_Vol.mm3,study3,4781,4781,1,0,0,same,NA,Stephan_etal_1981_TableVI,Stephan_etal_1981_TableVI
Homo_sapiens,Homo sapiens,FALSE,Hippocampus,Hippocampus,Hippocampus_Vol.mm3,study3,10287,10287,1,0,0,same,NA,Stephan_etal_1981_TableVI,Stephan_etal_1981_TableVI
Hylobates_lar,Hylobates lar,FALSE,Hippocampus,Hippocampus,Hippocampus_Vol.mm3,study3,2673,2673,1,0,0,same,NA,Stephan_etal_1981_TableVI,Stephan_etal_1981_TableVI
Indri_indri,Indri indri,FALSE,Hippocampus,Hippocampus,Hippocampus_Vol.mm3,study3,1520,1520,1,0,0,same,NA,Stephan_etal_1981_TableV,Stephan_etal_1981_TableV
Lophocebus_albigena,Lophocebus albigena,FALSE,Hippocampus,Hippocampus,Hippocampus_Vol.mm3,study3,1485,1485,1,0,0,same,NA,Stephan_etal_1981_TableVI,Stephan_etal_1981_TableVI
Loris_tardigradus,Loris tardigradus,FALSE,Hippocampus,Hippocampus,Hippocampus_Vol.mm3,study3,191,191,1,0,0,same,NA,Stephan_etal_1981_TableV,Stephan_etal_1981_TableV
Pan_troglodytes,Pan troglodytes,FALSE,Hippocampus,Hippocampus,Hippocampus_Vol.mm3,study3,3779,3779,1,0,0,same,NA,Stephan_etal_1981_TableVI,Stephan_etal_1981_TableVI
Perodicticus_potto,Perodicticus potto,FALSE,Hippocampus,Hippocampus,Hippocampus_Vol.mm3,study3,607,607,1,0,0,same,NA,Stephan_etal_1981_TableV,Stephan_etal_1981_TableV
Piliocolobus_badius,Piliocolobus badius,FALSE,Hippocampus,Hippocampus,Hippocampus_Vol.mm3,study3,1671,1671,1,0,0,same,NA,Stephan_etal_1981_TableVI,Stephan_etal_1981_TableVI
Pongo_abelii,Pongo sp.,TRUE,Hippocampus,Hippocampus,Hippocampus_Vol.mm3,study3,NA,2700,NA,NA,NA,wide_only,NA,NA,Zilles_Rehkämper_1988_Table12-2
Pongo_pygmaeus,Pongo sp.,TRUE,Hippocampus,Hippocampus,Hippocampus_Vol.mm3,study3,2700,2700,1,0,0,same,NA,Zilles_Rehkämper_1988_Table12-2,Zilles_Rehkämper_1988_Table12-2
Saguinus_oedipus,Saguinus oedipus,FALSE,Hippocampus,Hippocampus,Hippocampus_Vol.mm3,study3,262,262,1,0,0,same,NA,Stephan_etal_1981_TableVI,Stephan_etal_1981_TableVI
Varecia_variegata,Varecia variegata,FALSE,Hippocampus,Hippocampus,Hippocampus_Vol.mm3,study3,1404,1404,1,0,0,same,NA,Stephan_etal_1981_TableV,Stephan_etal_1981_TableV
Alouatta_seniculus,Alouatta seniculus,FALSE,Hippocampus,Hippocampus,Hippocampus_Vol.mm3,study3,1320,1320,1,0,0,same,NA,Stephan_etal_1981_TableVI,Stephan_etal_1981_TableVI
Aotus_trivirgatus,Aotus trivirgatus,FALSE,Hippocampus,Hippocampus,Hippocampus_Vol.mm3,study3,539,539,1,0,0,same,NA,Stephan_etal_1981_TableVI,Stephan_etal_1981_TableVI
Avahi_occidentalis,Avahi occidentalis,FALSE,Hippocampus,Hippocampus,Hippocampus_Vol.mm3,study3,476,476,1,0,0,same,NA,Stephan_etal_1981_TableV,Stephan_etal_1981_TableV
Callimico_goeldii,Callimico goeldii,FALSE,Hippocampus,Hippocampus,Hippocampus_Vol.mm3,study3,281,281,1,0,0,same,NA,Stephan_etal_1981_TableVI,Stephan_etal_1981_TableVI
Callithrix_jacchus,Callithrix jacchus,FALSE,Hippocampus,Hippocampus,Hippocampus_Vol.mm3,study3,221,221,1,0,0,same,NA,Stephan_etal_1981_TableVI,Stephan_etal_1981_TableVI
Cercopithecus_ascanius,Cercopithecus ascanius,FALSE,Hippocampus,Hippocampus,Hippocampus_Vol.mm3,study3,1189,1189,1,0,0,same,NA,Stephan_etal_1981_TableVI,Stephan_etal_1981_TableVI
Cheirogaleus_major,Cheirogaleus major,FALSE,Hippocampus,Hippocampus,Hippocampus_Vol.mm3,study3,347,347,1,0,0,same,NA,Stephan_etal_1981_TableV,Stephan_etal_1981_TableV
Cheirogaleus_medius,Cheirogaleus medius,FALSE,Hippocampus,Hippocampus,Hippocampus_Vol.mm3,study3,174,174,1,0,0,same,NA,Stephan_etal_1981_TableV,Stephan_etal_1981_TableV
Daubentonia_madagascariensis,Daubentonia madagascariensis,FALSE,Hippocampus,Hippocampus,Hippocampus_Vol.mm3,study3,1776,1776,1,0,0,same,NA,Stephan_etal_1981_TableV,Stephan_etal_1981_TableV
Erythrocebus_patas,Erythrocebus patas,FALSE,Hippocampus,Hippocampus,Hippocampus_Vol.mm3,study3,1591,1591,1,0,0,same,NA,Stephan_etal_1981_TableVI,Stephan_etal_1981_TableVI
Eulemur_fulvus,Eulemur fulvus,FALSE,Hippocampus,Hippocampus,Hippocampus_Vol.mm3,study3,752,752,1,0,0,same,NA,Stephan_etal_1981_TableV,Stephan_etal_1981_TableV
Galago_senegalensis,Galago senegalensis,FALSE,Hippocampus,Hippocampus,Hippocampus_Vol.mm3,study3,261,261,1,0,0,same,NA,Stephan_etal_1981_TableV,Stephan_etal_1981_TableV
Lagothrix_lagotricha,Lagothrix lagothricha,FALSE,Hippocampus,Hippocampus,Hippocampus_Vol.mm3,study3,1586,1586,1,0,0,same,NA,Stephan_etal_1981_TableVI,Stephan_etal_1981_TableVI
Lepilemur_ruficaudatus,Lepilemur ruficaudatus,FALSE,Hippocampus,Hippocampus,Hippocampus_Vol.mm3,study3,392,392,1,0,0,same,NA,Stephan_etal_1981_TableV,Stephan_etal_1981_TableV
Macaca_mulatta,Macaca mulatta,FALSE,Hippocampus,Hippocampus,Hippocampus_Vol.mm3,study3,1353,1353,1,0,0,same,NA,Stephan_etal_1981_TableVI,Stephan_etal_1981_TableVI
Microcebus_murinus,Microcebus murinus,FALSE,Hippocampus,Hippocampus,Hippocampus_Vol.mm3,study3,100,100,1,0,0,same,NA,Stephan_etal_1981_TableV,Stephan_etal_1981_TableV
Miopithecus_talapoin,Miopithecus talapoin,FALSE,Hippocampus,Hippocampus,Hippocampus_Vol.mm3,study3,705,705,1,0,0,same,NA,Stephan_etal_1981_TableVI,Stephan_etal_1981_TableVI
Nasalis_larvatus,Nasalis larvatus,FALSE,Hippocampus,Hippocampus,Hippocampus_Vol.mm3,study3,1966,1966,1,0,0,same,NA,Stephan_etal_1981_TableVI,Stephan_etal_1981_TableVI
Nycticebus_coucang,Nycticebus coucang,FALSE,Hippocampus,Hippocampus,Hippocampus_Vol.mm3,study3,566,566,1,0,0,same,NA,Stephan_etal_1981_TableV,Stephan_etal_1981_TableV
Otolemur_crassicaudatus,Otolemur crassicaudatus,FALSE,Hippocampus,Hippocampus,Hippocampus_Vol.mm3,study3,461,461,1,0,0,same,NA,Stephan_etal_1981_TableV,Stephan_etal_1981_TableV
Papio_anubis,Papio anubis,FALSE,Hippocampus,Hippocampus,Hippocampus_Vol.mm3,study3,3398,3398,1,0,0,same,NA,Stephan_etal_1981_TableVI,Stephan_etal_1981_TableVI
Pithecia_monachus,Pithecia monachus,FALSE,Hippocampus,Hippocampus,Hippocampus_Vol.mm3,study3,834,834,1,0,0,same,NA,Stephan_etal_1981_TableVI,Stephan_etal_1981_TableVI
Plecturocebus_moloch,Callicebus moloch,FALSE,Hippocampus,Hippocampus,Hippocampus_Vol.mm3,study3,588,588,1,0,0,same,NA,Stephan_etal_1981_TableVI,Stephan_etal_1981_TableVI
Propithecus_verreauxi,Propithecus verreauxi,FALSE,Hippocampus,Hippocampus,Hippocampus_Vol.mm3,study3,1043,1043,1,0,0,same,NA,Stephan_etal_1981_TableV,Stephan_etal_1981_TableV
Pygathrix_nemaeus,Pygathrix nemaeus,FALSE,Hippocampus,Hippocampus,Hippocampus_Vol.mm3,study3,2295,2295,1,0,0,same,NA,Stephan_etal_1981_TableVI,Stephan_etal_1981_TableVI
Saguinus_midas,Saguinus midas,FALSE,Hippocampus,Hippocampus,Hippocampus_Vol.mm3,study3,280,280,1,0,0,same,NA,Stephan_etal_1981_TableVI,Stephan_etal_1981_TableVI
Saimiri_sciureus,Saimiri sciureus,FALSE,Hippocampus,Hippocampus,Hippocampus_Vol.mm3,study3,352,352,1,0,0,same,NA,Stephan_etal_1981_TableVI,Stephan_etal_1981_TableVI
Tarsius_syrichta,Tarsius sp.,FALSE,Hippocampus,Hippocampus,Hippocampus_Vol.mm3,study3,153,153,1,0,0,same,NA,Stephan_etal_1981_TableV,Stephan_etal_1981_TableV
Ateles_geoffroyi,Ateles geoffroyi,FALSE,Nucleus dentatus cerebelli,Lateral_cerebellar_nuclei,Lateral_cerebellar_nuclei_Vol.mm3,study3,114.79,114.79,1,0,0,same,NA,Matano_etal_1985_a_Table1,Matano_etal_1985_a_Table1
Avahi_laniger,Avahi laniger,FALSE,Nucleus dentatus cerebelli,Lateral_cerebellar_nuclei,Lateral_cerebellar_nuclei_Vol.mm3,study3,14.46,14.46,1,0,0,same,NA,Matano_etal_1985_a_Table1,Matano_etal_1985_a_Table1
Callithrix_pygmaea,Callithrix pygmaea,FALSE,Nucleus dentatus cerebelli,Lateral_cerebellar_nuclei,Lateral_cerebellar_nuclei_Vol.mm3,study3,4.35,4.35,1,0,0,same,NA,Matano_etal_1985_a_Table1,Matano_etal_1985_a_Table1
Cebus_albifrons,Cebus albifrons,FALSE,Nucleus dentatus cerebelli,Lateral_cerebellar_nuclei,Lateral_cerebellar_nuclei_Vol.mm3,study3,99.52,99.52,1,0,0,same,NA,Matano_etal_1985_a_Table1,Matano_etal_1985_a_Table1
Cercopithecus_mitis,Cercopithecus mitis,FALSE,Nucleus dentatus cerebelli,Lateral_cerebellar_nuclei,Lateral_cerebellar_nuclei_Vol.mm3,study3,82.38,82.38,1,0,0,same,NA,Matano_etal_1985_a_Table1,Matano_etal_1985_a_Table1
Galagoides_demidoff,Galagoides demidoff,FALSE,Nucleus dentatus cerebelli,Lateral_cerebellar_nuclei,Lateral_cerebellar_nuclei_Vol.mm3,study3,3.06,3.06,1,0,0,same,NA,Matano_etal_1985_a_Table1,Matano_etal_1985_a_Table1
Gorilla_gorilla,Gorilla sp.,FALSE,Nucleus dentatus cerebelli,Lateral_cerebellar_nuclei,Lateral_cerebellar_nuclei_Vol.mm3,study3,534.6,534.6,1,0,0,same,NA,Matano_etal_1985_a_Table1,Matano_etal_1985_a_Table1
Homo_sapiens,Homo sapiens,FALSE,Nucleus dentatus cerebelli,Lateral_cerebellar_nuclei,Lateral_cerebellar_nuclei_Vol.mm3,study3,1166.9,1166.9,1,0,0,same,NA,Matano_etal_1985_a_Table1,Matano_etal_1985_a_Table1
Hylobates_lar,Hylobates lar,FALSE,Nucleus dentatus cerebelli,Lateral_cerebellar_nuclei,Lateral_cerebellar_nuclei_Vol.mm3,study3,141.08,141.08,1,0,0,same,NA,Matano_etal_1985_a_Table1,Matano_etal_1985_a_Table1
Indri_indri,Indri indri,FALSE,Nucleus dentatus cerebelli,Lateral_cerebellar_nuclei,Lateral_cerebellar_nuclei_Vol.mm3,study3,56.31,56.31,1,0,0,same,NA,Matano_etal_1985_a_Table1,Matano_etal_1985_a_Table1
Lophocebus_albigena,Lophocebus albigena,FALSE,Nucleus dentatus cerebelli,Lateral_cerebellar_nuclei,Lateral_cerebellar_nuclei_Vol.mm3,study3,113.33,113.33,1,0,0,same,NA,Matano_etal_1985_a_Table1,Matano_etal_1985_a_Table1
Loris_tardigradus,Loris tardigradus,FALSE,Nucleus dentatus cerebelli,Lateral_cerebellar_nuclei,Lateral_cerebellar_nuclei_Vol.mm3,study3,5.76,5.76,1,0,0,same,NA,Matano_etal_1985_a_Table1,Matano_etal_1985_a_Table1
Pan_troglodytes,Pan troglodytes,FALSE,Nucleus dentatus cerebelli,Lateral_cerebellar_nuclei,Lateral_cerebellar_nuclei_Vol.mm3,study3,455.83,455.83,1,0,0,same,NA,Matano_etal_1985_a_Table1,Matano_etal_1985_a_Table1
Perodicticus_potto,Perodicticus potto,FALSE,Nucleus dentatus cerebelli,Lateral_cerebellar_nuclei,Lateral_cerebellar_nuclei_Vol.mm3,study3,12.25,12.25,1,0,0,same,NA,Matano_etal_1985_a_Table1,Matano_etal_1985_a_Table1
Piliocolobus_badius,Piliocolobus badius,FALSE,Nucleus dentatus cerebelli,Lateral_cerebellar_nuclei,Lateral_cerebellar_nuclei_Vol.mm3,study3,98.52,98.52,1,0,0,same,NA,Matano_etal_1985_a_Table1,Matano_etal_1985_a_Table1
Saguinus_oedipus,Saguinus oedipus,FALSE,Nucleus dentatus cerebelli,Lateral_cerebellar_nuclei,Lateral_cerebellar_nuclei_Vol.mm3,study3,8.8,8.8,1,0,0,same,NA,Matano_etal_1985_a_Table1,Matano_etal_1985_a_Table1
Varecia_variegata,Varecia variegata,FALSE,Nucleus dentatus cerebelli,Lateral_cerebellar_nuclei,Lateral_cerebellar_nuclei_Vol.mm3,study3,37.45,37.45,1,0,0,same,NA,Matano_etal_1985_a_Table1,Matano_etal_1985_a_Table1
Alouatta_seniculus,Alouatta seniculus,FALSE,Nucleus dentatus cerebelli,Lateral_cerebellar_nuclei,Lateral_cerebellar_nuclei_Vol.mm3,study3,59.75,59.75,1,0,0,same,NA,Matano_etal_1985_a_Table1,Matano_etal_1985_a_Table1
Aotus_trivirgatus,Aotus trivirgatus,FALSE,Nucleus dentatus cerebelli,Lateral_cerebellar_nuclei,Lateral_cerebellar_nuclei_Vol.mm3,study3,17.02,17.02,1,0,0,same,NA,Matano_etal_1985_a_Table1,Matano_etal_1985_a_Table1
Avahi_occidentalis,Avahi occidentalis,FALSE,Nucleus dentatus cerebelli,Lateral_cerebellar_nuclei,Lateral_cerebellar_nuclei_Vol.mm3,study3,11.3,11.3,1,0,0,same,NA,Matano_etal_1985_a_Table1,Matano_etal_1985_a_Table1
Callithrix_jacchus,Callithrix jacchus,FALSE,Nucleus dentatus cerebelli,Lateral_cerebellar_nuclei,Lateral_cerebellar_nuclei_Vol.mm3,study3,7.93,7.93,1,0,0,same,NA,Matano_etal_1985_a_Table1,Matano_etal_1985_a_Table1
Cercopithecus_ascanius,Cercopithecus ascanius,FALSE,Nucleus dentatus cerebelli,Lateral_cerebellar_nuclei,Lateral_cerebellar_nuclei_Vol.mm3,study3,67.67,67.67,1,0,0,same,NA,Matano_etal_1985_a_Table1,Matano_etal_1985_a_Table1
Cheirogaleus_major,Cheirogaleus major,FALSE,Nucleus dentatus cerebelli,Lateral_cerebellar_nuclei,Lateral_cerebellar_nuclei_Vol.mm3,study3,9.95,9.95,1,0,0,same,NA,Matano_etal_1985_a_Table1,Matano_etal_1985_a_Table1
Cheirogaleus_medius,Cheirogaleus medius,FALSE,Nucleus dentatus cerebelli,Lateral_cerebellar_nuclei,Lateral_cerebellar_nuclei_Vol.mm3,study3,4.27,4.27,1,0,0,same,NA,Matano_etal_1985_a_Table1,Matano_etal_1985_a_Table1
Daubentonia_madagascariensis,Daubentonia madagascariensis,FALSE,Nucleus dentatus cerebelli,Lateral_cerebellar_nuclei,Lateral_cerebellar_nuclei_Vol.mm3,study3,61.03,61.03,1,0,0,same,NA,Matano_etal_1985_a_Table1,Matano_etal_1985_a_Table1
Erythrocebus_patas,Erythrocebus patas,FALSE,Nucleus dentatus cerebelli,Lateral_cerebellar_nuclei,Lateral_cerebellar_nuclei_Vol.mm3,study3,126.31,126.31,1,0,0,same,NA,Matano_etal_1985_a_Table1,Matano_etal_1985_a_Table1
Eulemur_fulvus,Eulemur fulvus,FALSE,Nucleus dentatus cerebelli,Lateral_cerebellar_nuclei,Lateral_cerebellar_nuclei_Vol.mm3,study3,32.05,32.05,1,0,0,same,NA,Matano_etal_1985_a_Table1,Matano_etal_1985_a_Table1
Galago_senegalensis,Galago senegalensis,FALSE,Nucleus dentatus cerebelli,Lateral_cerebellar_nuclei,Lateral_cerebellar_nuclei_Vol.mm3,study3,4.4,4.4,1,0,0,same,NA,Matano_etal_1985_a_Table1,Matano_etal_1985_a_Table1
Lagothrix_lagotricha,Lagothrix lagothricha,FALSE,Nucleus dentatus cerebelli,Lateral_cerebellar_nuclei,Lateral_cerebellar_nuclei_Vol.mm3,study3,108.57,108.57,1,0,0,same,NA,Matano_etal_1985_a_Table1,Matano_etal_1985_a_Table1
Lepilemur_ruficaudatus,Lepilemur ruficaudatus,FALSE,Nucleus dentatus cerebelli,Lateral_cerebellar_nuclei,Lateral_cerebellar_nuclei_Vol.mm3,study3,9.35,9.35,1,0,0,same,NA,Matano_etal_1985_a_Table1,Matano_etal_1985_a_Table1
Macaca_mulatta,Macaca mulatta,FALSE,Nucleus dentatus cerebelli,Lateral_cerebellar_nuclei,Lateral_cerebellar_nuclei_Vol.mm3,study3,106.94,106.94,1,0,0,same,NA,Matano_etal_1985_a_Table1,Matano_etal_1985_a_Table1
Microcebus_murinus,Microcebus murinus,FALSE,Nucleus dentatus cerebelli,Lateral_cerebellar_nuclei,Lateral_cerebellar_nuclei_Vol.mm3,study3,2.11,2.11,1,0,0,same,NA,Matano_etal_1985_a_Table1,Matano_etal_1985_a_Table1
Miopithecus_talapoin,Miopithecus talapoin,FALSE,Nucleus dentatus cerebelli,Lateral_cerebellar_nuclei,Lateral_cerebellar_nuclei_Vol.mm3,study3,33.84,33.84,1,0,0,same,NA,Matano_etal_1985_a_Table1,Matano_etal_1985_a_Table1
Nasalis_larvatus,Nasalis larvatus,FALSE,Nucleus dentatus cerebelli,Lateral_cerebellar_nuclei,Lateral_cerebellar_nuclei_Vol.mm3,study3,149.33,149.33,1,0,0,same,NA,Matano_etal_1985_a_Table1,Matano_etal_1985_a_Table1
Nycticebus_coucang,Nycticebus coucang,FALSE,Nucleus dentatus cerebelli,Lateral_cerebellar_nuclei,Lateral_cerebellar_nuclei_Vol.mm3,study3,14.03,14.03,1,0,0,same,NA,Matano_etal_1985_a_Table1,Matano_etal_1985_a_Table1
Otolemur_crassicaudatus,Otolemur crassicaudatus,FALSE,Nucleus dentatus cerebelli,Lateral_cerebellar_nuclei,Lateral_cerebellar_nuclei_Vol.mm3,study3,9.64,9.64,1,0,0,same,NA,Matano_etal_1985_a_Table1,Matano_etal_1985_a_Table1
Papio_anubis,Papio anubis,FALSE,Nucleus dentatus cerebelli,Lateral_cerebellar_nuclei,Lateral_cerebellar_nuclei_Vol.mm3,study3,220.35,220.35,1,0,0,same,NA,Matano_etal_1985_a_Table1,Matano_etal_1985_a_Table1
Pithecia_monachus,Pithecia monachus,FALSE,Nucleus dentatus cerebelli,Lateral_cerebellar_nuclei,Lateral_cerebellar_nuclei_Vol.mm3,study3,53.67,53.67,1,0,0,same,NA,Matano_etal_1985_a_Table1,Matano_etal_1985_a_Table1
Plecturocebus_moloch,Callicebus moloch,FALSE,Nucleus dentatus cerebelli,Lateral_cerebellar_nuclei,Lateral_cerebellar_nuclei_Vol.mm3,study3,21.24,21.24,1,0,0,same,NA,Matano_etal_1985_a_Table1,Matano_etal_1985_a_Table1
Propithecus_verreauxi,Propithecus verreauxi,FALSE,Nucleus dentatus cerebelli,Lateral_cerebellar_nuclei,Lateral_cerebellar_nuclei_Vol.mm3,study3,39.46,39.46,1,0,0,same,NA,Matano_etal_1985_a_Table1,Matano_etal_1985_a_Table1
Pygathrix_nemaeus,Pygathrix nemaeus,FALSE,Nucleus dentatus cerebelli,Lateral_cerebellar_nuclei,Lateral_cerebellar_nuclei_Vol.mm3,study3,137.05,137.05,1,0,0,same,NA,Matano_etal_1985_a_Table1,Matano_etal_1985_a_Table1
Saguinus_midas,Saguinus midas,FALSE,Nucleus dentatus cerebelli,Lateral_cerebellar_nuclei,Lateral_cerebellar_nuclei_Vol.mm3,study3,7.75,7.75,1,0,0,same,NA,Matano_etal_1985_a_Table1,Matano_etal_1985_a_Table1
Saimiri_sciureus,Saimiri sciureus,FALSE,Nucleus dentatus cerebelli,Lateral_cerebellar_nuclei,Lateral_cerebellar_nuclei_Vol.mm3,study3,27.2,27.2,1,0,0,same,NA,Matano_etal_1985_a_Table1,Matano_etal_1985_a_Table1
Tarsius_syrichta,Tarsius sp.,FALSE,Nucleus dentatus cerebelli,Lateral_cerebellar_nuclei,Lateral_cerebellar_nuclei_Vol.mm3,study3,3.37,3.37,1,0,0,same,NA,Matano_etal_1985_a_Table1,Matano_etal_1985_a_Table1
