"EI_definition","variable","n_regions","beta","se","t_value","p_value","r_squared","adj_r_squared","status","p_adj_BH"
"Broad all-region E:I (MSN excluded)","EI_ratio",23,0.0108862190589886,0.256836464972522,0.0423858000854874,0.966591574188909,8.55429698165257e-05,-0.0475294311744781,"tested",0.966591574188909
"Broad all-region E:I (MSN included)","EI_ratio",23,0.0326290864307044,0.252772522034489,0.12908478408999,0.898518909172238,0.000792841450496886,-0.0467884518137653,"tested",0.966591574188909
"Jorstad-like cortical E:I","EI_ratio",7,5.39939079473213,1.38313965703886,3.90372061653672,0.0113666095551555,0.752952643938856,0.703543172726627,"tested",0.0340998286654666
