"n","spearman_rho_type1","pearson_r_type1","spearman_p_type1","pearson_p_type1"
23,0.331025968088485,0.40193342126594,0.122858463964247,0.0572785345280506
