area,gene,p_val,avg_log2FC,pct.1,pct.2,p_val_adj
ACC,CALN1,3.05E-122,1.512115497,0.996,0.848,1.54E-117
ACC,PCDH17,1.31E-102,0.944815873,0.968,0.678,6.58E-98
ACC,FAM65B,8.62E-99,0.832812234,0.963,0.743,4.33E-94
ACC,KCNG2,4.42E-95,1.039493423,0.895,0.289,2.22E-90
ACC,CADM1,2.32E-88,1.028734931,0.999,0.986,1.17E-83
ACC,GABRQ,4.18E-88,0.493377899,0.674,0.08,2.10E-83
ACC,CMTM8,5.68E-88,0.717033287,0.879,0.328,2.86E-83
ACC,CCBE1,4.31E-87,0.988483296,0.986,0.716,2.17E-82
ACC,CPNE8,7.84E-85,0.880063184,0.953,0.616,3.94E-80
ACC,LSAMP,1.25E-83,1.05830309,1,0.836,6.29E-79
ACC,KLHL32,3.88E-83,0.734058168,0.996,0.988,1.95E-78
ACC,GRID2,7.09E-83,0.983197013,0.999,0.973,3.56E-78
ACC,KCNB2,2.63E-82,1.007087937,0.995,0.824,1.32E-77
ACC,GRIK4,4.71E-79,0.947864184,0.988,0.807,2.37E-74
ACC,MEIS3,1.47E-78,0.612814014,0.84,0.297,7.41E-74
ACC,DNAH6,7.67E-72,0.709757452,0.933,0.693,3.86E-67
ACC,SHISA9,1.60E-70,1.001057181,0.892,0.45,8.04E-66
ACC,COL21A1,2.16E-70,0.957964856,0.982,0.574,1.09E-65
ACC,EGFEM1P,1.38E-68,1.049481906,0.882,0.43,6.93E-64
ACC,PDE1A,7.93E-68,0.697606672,0.999,0.914,3.99E-63
ACC,BAIAP3,3.45E-67,0.4483127,0.682,0.217,1.73E-62
ACC,RUNX1T1,6.97E-66,0.696666115,0.922,0.595,3.50E-61
ACC,SYT17,3.73E-65,0.579175009,0.905,0.549,1.87E-60
ACC,GNG4,1.03E-62,0.658472967,0.911,0.445,5.19E-58
ACC,LINC01476,2.51E-62,0.462675515,0.719,0.289,1.26E-57
ACC,FRMD6,3.56E-62,0.637605524,0.889,0.601,1.79E-57
ACC,ZDHHC23,4.56E-62,0.581481884,0.958,0.846,2.29E-57
ACC,PLCH1,2.32E-61,0.789071752,0.963,0.632,1.17E-56
ACC,RREB1,3.62E-61,0.599302706,0.818,0.334,1.82E-56
ACC,DPYD,1.12E-60,0.669313086,0.985,0.954,5.65E-56
ACC,PTPRT,1.36E-60,0.622646688,0.839,0.455,6.83E-56
ACC,RASAL1,1.51E-60,0.372078863,0.709,0.228,7.59E-56
ACC,DAB1,2.77E-59,0.726810359,0.998,0.989,1.39E-54
ACC,LYPD1,4.79E-59,0.410536493,0.657,0.176,2.41E-54
ACC,DCHS2,9.80E-58,0.63834853,0.948,0.617,4.93E-53
ACC,KHDRBS2,9.94E-58,0.521004871,0.999,0.998,5.00E-53
ACC,BCYRN1,2.08E-57,1.192883676,0.989,0.831,1.05E-52
ACC,ATP6V1C2,2.84E-57,0.495616299,0.853,0.505,1.43E-52
ACC,GPC6,3.42E-56,0.762749585,0.997,0.876,1.72E-51
ACC,CELF5,1.48E-55,0.52941884,0.981,0.925,7.44E-51
ACC,SCN3B,2.72E-55,0.400482403,0.736,0.287,1.37E-50
ACC,GREM2,3.38E-55,0.641473356,0.937,0.772,1.70E-50
ACC,CACNB2,2.91E-54,0.684813594,0.991,0.962,1.46E-49
ACC,ST8SIA2,2.95E-54,0.574139282,0.818,0.379,1.49E-49
ACC,ADAMTS19,7.51E-54,0.563028331,0.987,0.917,3.78E-49
ACC,CACNA1E,1.57E-53,0.680359031,0.975,0.77,7.87E-49
ACC,PTPRR,1.88E-53,0.568276739,0.988,0.977,9.47E-49
ACC,RPH3A,4.14E-53,0.417003818,0.86,0.547,2.08E-48
ACC,TCERG1L,6.48E-53,0.647178545,0.987,0.908,3.26E-48
ACC,LOC105374057,6.79E-53,0.524551181,0.895,0.544,3.41E-48
ACC,MAN2A1,7.98E-53,0.666284122,0.967,0.82,4.01E-48
ACC,CTBP2,1.94E-52,0.515182166,0.967,0.794,9.76E-48
ACC,EMID1,7.66E-52,0.263209629,0.536,0.117,3.85E-47
ACC,KCNK13,1.25E-51,0.350573447,0.461,0.1,6.28E-47
ACC,KCNT2,1.48E-51,0.563698442,0.978,0.883,7.45E-47
ACC,GRIA1,1.82E-51,0.517861228,0.999,0.995,9.14E-47
ACC,C1orf95,7.66E-51,0.338647912,0.54,0.137,3.85E-46
ACC,MIR137HG,7.04E-50,0.57715018,0.985,0.953,3.54E-45
ACC,MAP7,1.10E-49,0.449382584,0.99,0.989,5.53E-45
ACC,SRGAP1,3.26E-49,0.492636808,0.802,0.46,1.64E-44
ACC,TMEM2,5.02E-49,0.486893314,0.956,0.862,2.53E-44
ACC,ITGA6,6.10E-49,0.473681759,0.777,0.406,3.07E-44
ACC,NIN,1.01E-47,0.333595969,0.995,0.992,5.06E-43
ACC,MAP3K5,5.33E-47,0.501967717,0.984,0.956,2.68E-42
ACC,DOK6,5.09E-46,0.601903049,0.993,0.958,2.56E-41
ACC,LMF1,1.30E-45,0.592709581,0.996,0.96,6.55E-41
ACC,MYRIP,1.38E-45,0.580746302,0.981,0.891,6.92E-41
ACC,ATP2B4,1.67E-45,0.53812669,0.974,0.903,8.42E-41
ACC,C12orf42,5.34E-45,0.324791288,0.594,0.177,2.68E-40
ACC,LOC101929163,2.09E-44,0.59866212,0.913,0.628,1.05E-39
ACC,KCNMB4,2.30E-44,0.430418217,0.949,0.871,1.15E-39
ACC,GHR,3.74E-44,0.537528191,0.907,0.682,1.88E-39
ACC,PDE1C,1.16E-43,0.475144853,0.997,0.994,5.81E-39
ACC,CRIM1,3.37E-43,0.533321342,0.915,0.75,1.70E-38
ACC,CELF4,3.65E-43,0.547504551,0.991,0.956,1.83E-38
ACC,LOC101926953,1.37E-42,0.376888022,0.668,0.327,6.87E-38
ACC,LRP2,1.85E-42,0.447358201,0.823,0.554,9.32E-38
ACC,PTPRB,2.86E-42,0.473031298,0.934,0.822,1.44E-37
ACC,MCTP1,7.28E-42,0.525561022,0.996,0.991,3.66E-37
ACC,NDST3,1.10E-41,0.614593296,0.996,0.965,5.53E-37
ACC,LINGO2,2.07E-41,0.669326333,0.983,0.87,1.04E-36
ACC,GNG2,7.04E-41,0.464696873,0.896,0.599,3.54E-36
ACC,SAMD5,1.08E-40,0.57160149,0.626,0.263,5.45E-36
ACC,TMTC1,1.84E-40,0.50865075,0.996,0.994,9.27E-36
ACC,CBFB,2.02E-40,0.322413,0.745,0.416,1.02E-35
ACC,KIRREL3,6.87E-40,0.99126494,0.976,0.828,3.46E-35
ACC,ANKDD1A,3.12E-39,0.429006064,0.949,0.872,1.57E-34
ACC,PAPSS2,8.63E-39,0.280919457,0.572,0.182,4.34E-34
ACC,CEP112,1.57E-38,0.521901816,0.98,0.958,7.91E-34
ACC,ITGA9,2.15E-38,0.471022701,0.918,0.822,1.08E-33
ACC,MMD2,2.30E-38,0.445085473,0.835,0.501,1.15E-33
ACC,MTA3,3.52E-38,0.463292318,0.98,0.966,1.77E-33
ACC,MBOAT2,1.67E-36,0.404167994,0.979,0.963,8.38E-32
ACC,KIAA2012,2.84E-36,0.365080696,0.753,0.454,1.43E-31
ACC,LINC00607,3.29E-36,0.435136619,0.493,0.13,1.66E-31
ACC,GRIN2B,3.42E-36,0.379516852,0.999,0.998,1.72E-31
ACC,SSTR2,5.49E-36,0.393888207,0.889,0.803,2.76E-31
ACC,VWA3A,1.23E-35,0.440029619,0.973,0.914,6.20E-31
ACC,RSU1,3.85E-35,0.329459301,0.931,0.877,1.93E-30
ACC,LARGE,3.95E-35,0.454497781,0.999,0.997,1.99E-30
ACC,SASH1,6.14E-35,0.490898229,0.726,0.399,3.09E-30
ACC,OPCML,1.56E-34,0.489924365,1,0.999,7.85E-30
ACC,CDK17,3.37E-34,0.321257301,0.957,0.939,1.69E-29
ACC,LOC105371846,3.51E-34,0.332712382,0.604,0.304,1.77E-29
ACC,MYO16,4.40E-34,0.43300735,0.993,0.948,2.21E-29
ACC,IGSF11,4.99E-34,0.357325685,0.924,0.811,2.51E-29
ACC,PTPRA,1.41E-33,0.303013724,0.984,0.986,7.11E-29
ACC,FAM13A,1.51E-33,0.442705292,0.963,0.881,7.61E-29
ACC,RAP1GAP,1.61E-33,0.444416032,0.959,0.912,8.09E-29
ACC,RAB27B,1.82E-33,0.432062137,0.948,0.878,9.15E-29
ACC,FAM19A2,2.77E-33,0.566632772,0.877,0.601,1.39E-28
ACC,SLIT1,3.42E-33,0.431927902,0.982,0.889,1.72E-28
ACC,KCNK10,7.46E-33,0.367258866,0.935,0.827,3.75E-28
ACC,PTCH2,9.91E-33,0.316507689,0.844,0.701,4.98E-28
ACC,PITPNC1,1.05E-32,0.508322015,0.909,0.657,5.30E-28
ACC,ZBTB46,1.10E-32,0.334307796,0.8,0.536,5.52E-28
ACC,ASXL3,2.37E-32,0.410521083,0.969,0.924,1.19E-27
ACC,SHROOM3,3.23E-32,0.428424219,0.877,0.73,1.63E-27
ACC,ANKRD30BL,3.64E-32,0.475826242,0.998,0.993,1.83E-27
ACC,SORBS2,9.45E-32,0.375670573,0.993,0.98,4.75E-27
ACC,NPAS2,1.28E-31,0.504743315,0.991,0.947,6.42E-27
ACC,NPY1R,1.62E-31,0.272579476,0.594,0.267,8.13E-27
ACC,LOC101928278,1.92E-31,0.736323857,0.543,0.241,9.65E-27
ACC,SUSD4,6.52E-31,0.414518014,0.993,0.987,3.28E-26
ACC,NOS1AP,1.08E-30,0.366553397,0.984,0.977,5.42E-26
ACC,GAS7,1.44E-30,0.423850713,0.966,0.881,7.22E-26
ACC,MEG3,1.63E-30,0.373802114,1,1,8.18E-26
ACC,ZBBX,1.85E-30,0.27576473,0.814,0.619,9.32E-26
ACC,SYN2,2.02E-30,0.462396542,0.994,0.979,1.02E-25
ACC,ACTR3C,2.81E-30,0.379493938,0.969,0.963,1.42E-25
ACC,TIMP2,4.56E-30,0.278591363,0.729,0.434,2.29E-25
ACC,CELF2,4.64E-30,0.334572311,1,0.999,2.33E-25
ACC,PGAP1,1.11E-29,0.401737517,0.928,0.865,5.59E-25
ACC,RALYL,1.22E-29,0.292948912,0.999,1,6.14E-25
ACC,ATP8B4,3.13E-29,0.258728755,0.467,0.15,1.57E-24
ACC,SLC1A1,3.43E-29,0.322140636,0.92,0.846,1.72E-24
ACC,HLF,5.05E-29,0.319765314,0.801,0.619,2.54E-24
ACC,AGPAT4,9.91E-29,0.392351652,0.956,0.893,4.98E-24
ACC,CPNE4,1.29E-28,0.388215518,0.859,0.694,6.47E-24
ACC,STXBP5L,2.05E-28,0.351439335,1,0.999,1.03E-23
ACC,LOC105369508,2.12E-28,0.66671898,0.828,0.718,1.07E-23
ACC,PDE6B,2.51E-28,0.292326957,0.908,0.835,1.26E-23
ACC,DIAPH2,2.69E-28,0.383248877,0.992,0.983,1.35E-23
ACC,NAV3,3.34E-28,0.384221728,0.999,0.996,1.68E-23
ACC,NPIPB4,4.16E-28,0.313612013,0.999,0.996,2.09E-23
ACC,DNAH5,5.20E-28,0.251133802,0.718,0.548,2.61E-23
ACC,CAP2,6.21E-28,0.283825188,0.984,0.977,3.12E-23
ACC,RNF150,1.42E-27,0.36816172,0.987,0.982,7.12E-23
ACC,CIT,1.69E-27,0.388864747,0.961,0.911,8.52E-23
ACC,NRP2,4.50E-27,0.32012492,0.703,0.337,2.26E-22
ACC,FAM126A,6.56E-27,0.359392813,0.909,0.795,3.30E-22
ACC,SLIT3,1.04E-26,0.47382663,0.998,0.983,5.22E-22
ACC,HDAC9,1.20E-26,0.345950576,0.999,0.999,6.05E-22
ACC,USP43,1.25E-26,0.297956253,0.768,0.554,6.27E-22
ACC,DGKZ,1.58E-26,0.378639736,0.977,0.959,7.96E-22
ACC,SLC37A1,2.10E-26,0.2629969,0.837,0.708,1.06E-21
ACC,SLC8A2,2.36E-26,0.262903252,0.741,0.48,1.18E-21
ACC,PGM2L1,2.65E-26,0.330281575,0.958,0.955,1.33E-21
ACC,PACRG,4.16E-26,0.384916811,0.968,0.933,2.09E-21
ACC,SOBP,4.91E-26,0.364399178,0.981,0.978,2.47E-21
ACC,GRM7,1.40E-25,0.299045898,0.998,0.992,7.02E-21
ACC,SLC25A29,1.43E-25,0.325875977,0.93,0.852,7.21E-21
ACC,GRAMD1C,1.54E-25,0.298111505,0.81,0.607,7.75E-21
ACC,KCNIP1,1.57E-25,0.438744419,0.894,0.614,7.87E-21
ACC,ST6GAL2,1.64E-25,0.267640343,0.626,0.33,8.25E-21
ACC,CACHD1,1.90E-25,0.38561949,0.891,0.758,9.56E-21
ACC,LINC00673,3.62E-25,0.356169135,0.962,0.947,1.82E-20
ACC,NXN,4.06E-25,0.340183055,0.761,0.516,2.04E-20
ACC,AFF3,4.88E-25,0.313765038,0.997,0.997,2.45E-20
ACC,RNF165,6.47E-25,0.349919125,0.923,0.822,3.25E-20
ACC,ACTR3B,8.47E-25,0.283527512,0.945,0.928,4.26E-20
ACC,COL24A1,1.68E-24,0.355825902,0.998,0.987,8.44E-20
ACC,LINC01250,2.28E-24,0.382785338,0.95,0.911,1.15E-19
ACC,PDE2A,2.70E-24,0.272137742,0.924,0.856,1.36E-19
ACC,NCAM1,4.04E-24,0.276020799,0.998,0.996,2.03E-19
ACC,GRM1,4.22E-24,0.41253613,0.95,0.67,2.12E-19
ACC,DGKB,8.21E-24,0.295714117,0.998,0.992,4.13E-19
ACC,RIMBP2,9.94E-24,0.32978664,0.976,0.947,5.00E-19
ACC,FAM163A,1.18E-23,0.301483295,0.707,0.38,5.93E-19
ACC,DENND1A,1.22E-23,0.295216463,0.989,0.984,6.13E-19
ACC,LOC642776,1.32E-23,0.295781608,0.997,0.998,6.62E-19
ACC,OSBPL10,2.98E-23,0.302868333,0.94,0.889,1.50E-18
ACC,NELL2,3.94E-23,0.377701667,0.998,0.996,1.98E-18
ACC,CPE,5.38E-23,0.261457804,0.981,0.985,2.71E-18
ACC,PRKCG,5.46E-23,0.28481937,0.897,0.773,2.75E-18
ACC,MPPED1,5.66E-23,0.314846642,0.975,0.955,2.85E-18
ACC,SULF2,1.10E-22,0.378527036,0.984,0.933,5.54E-18
ACC,PRKAA2,1.11E-22,0.30807395,0.967,0.963,5.59E-18
ACC,LRRTM4,1.29E-22,0.272033773,1,0.998,6.47E-18
ACC,LSAMP-AS1,1.63E-22,0.29062088,0.621,0.396,8.19E-18
ACC,SERPINI1,1.79E-22,0.290712492,0.968,0.969,9.01E-18
ACC,SH3GL3,2.21E-22,0.299790368,0.945,0.905,1.11E-17
ACC,CSGALNACT1,2.64E-22,0.406009423,0.94,0.749,1.33E-17
ACC,ICA1L,2.66E-22,0.298594591,0.99,0.988,1.34E-17
ACC,EPHA6,2.76E-22,0.259030575,0.999,0.996,1.39E-17
ACC,AUTS2,2.78E-22,0.304409068,0.999,0.999,1.40E-17
ACC,GABRA5,3.12E-22,0.307870188,0.88,0.788,1.57E-17
ACC,LIPA,4.10E-22,0.301030602,0.871,0.752,2.06E-17
ACC,CREG2,4.26E-22,0.271073338,0.895,0.848,2.14E-17
ACC,LOC100132891,4.31E-22,0.392575405,0.867,0.674,2.17E-17
ACC,PDE9A,4.92E-22,0.288268344,0.879,0.659,2.47E-17
ACC,ENOX1,5.99E-22,0.28508223,0.998,0.998,3.01E-17
ACC,MAST3,6.26E-22,0.291307379,0.907,0.816,3.15E-17
ACC,CHRM5,6.49E-22,0.277806778,0.554,0.329,3.26E-17
ACC,GALNT16,6.51E-22,0.272010334,0.824,0.708,3.27E-17
ACC,MMP17,7.13E-22,0.277349121,0.799,0.635,3.58E-17
ACC,DIAPH3,7.35E-22,0.268515375,0.465,0.205,3.70E-17
ACC,PAK3,1.46E-21,0.273873993,0.997,0.996,7.35E-17
ACC,ADRA1A,2.82E-21,0.369721257,0.994,0.98,1.42E-16
ACC,ZNF831,3.08E-21,0.274097205,0.747,0.528,1.55E-16
ACC,ERICH1-AS1,4.43E-21,0.269923383,0.995,0.994,2.23E-16
ACC,LOC105377289,4.89E-21,0.252627164,0.749,0.557,2.46E-16
ACC,MAP2K1,7.32E-21,0.268063802,0.931,0.897,3.68E-16
ACC,SEPT11,8.01E-21,0.30023947,0.983,0.972,4.03E-16
ACC,C8orf34,9.24E-21,0.358947798,0.839,0.674,4.65E-16
ACC,KCNAB1,1.15E-20,0.305105899,0.761,0.567,5.79E-16
ACC,LINC00461,1.77E-20,0.283831,0.977,0.978,8.92E-16
ACC,NNAT,2.21E-20,0.400884765,0.709,0.531,1.11E-15
ACC,GPR63,2.32E-20,0.295703102,0.917,0.867,1.17E-15
ACC,ARFGEF3,2.47E-20,0.323933391,0.982,0.979,1.24E-15
ACC,ST3GAL4,3.51E-20,0.317932797,0.667,0.497,1.76E-15
ACC,GNG7,3.77E-20,0.266717379,0.859,0.774,1.90E-15
ACC,CCDC102B,3.94E-20,0.348859735,0.873,0.78,1.98E-15
ACC,RN7SK,4.34E-20,0.32880538,0.68,0.472,2.18E-15
ACC,HIVEP3,6.37E-20,0.372127309,0.993,0.992,3.20E-15
ACC,EXOC6,9.66E-20,0.261698923,0.966,0.964,4.86E-15
ACC,NECAB1,1.39E-19,0.339273628,0.976,0.923,6.98E-15
ACC,KLHL3,2.61E-19,0.255593876,0.966,0.96,1.31E-14
ACC,ANO3,3.26E-19,0.267273403,0.978,0.915,1.64E-14
ACC,XYLT1,3.97E-19,0.35797407,0.997,0.989,1.99E-14
ACC,ADAMTSL1,4.24E-19,1.116700016,0.597,0.438,2.13E-14
ACC,LRRN1,4.44E-19,0.282659562,0.861,0.765,2.23E-14
ACC,TMEM108,5.21E-19,0.316727812,0.996,0.994,2.62E-14
ACC,DGCR5,7.45E-19,0.343640463,0.976,0.949,3.75E-14
ACC,CRYBG3,7.55E-19,0.306314998,0.812,0.668,3.80E-14
ACC,NUAK1,7.78E-19,0.29934706,0.956,0.919,3.91E-14
ACC,ADRBK2,7.86E-19,0.311789526,0.957,0.934,3.95E-14
ACC,COL5A2,1.04E-18,0.355097176,0.981,0.849,5.23E-14
ACC,GABRB1,1.11E-18,0.295607269,0.991,0.966,5.57E-14
ACC,SRRM4,1.31E-18,0.367224511,0.993,0.965,6.57E-14
ACC,SVOP,1.71E-18,0.271405979,0.945,0.905,8.61E-14
ACC,ABR,2.05E-18,0.280356303,0.976,0.96,1.03E-13
ACC,HS3ST4,2.07E-18,0.405701991,0.559,0.391,1.04E-13
ACC,DGKG,2.51E-18,0.302005261,0.974,0.962,1.26E-13
ACC,ZDHHC14,2.66E-18,0.330678413,0.969,0.94,1.34E-13
ACC,PRKAG2,3.24E-18,0.271740107,0.995,0.993,1.63E-13
ACC,SEZ6L,4.49E-18,0.456594489,0.992,0.955,2.26E-13
ACC,GRM8,5.81E-18,0.295223723,0.999,0.994,2.92E-13
ACC,ARL15,6.01E-18,0.255277285,0.997,0.994,3.02E-13
ACC,LOC105377567,9.77E-18,0.291435134,0.985,0.943,4.91E-13
ACC,DLGAP2,1.11E-17,0.31047441,1,0.999,5.59E-13
ACC,NSMF,1.62E-17,0.26724301,0.799,0.645,8.15E-13
ACC,LRFN2,2.11E-17,0.262190044,0.918,0.844,1.06E-12
ACC,OPN4,2.20E-17,0.35356939,0.636,0.405,1.11E-12
ACC,KCNQ2,2.63E-17,0.262693864,0.934,0.884,1.32E-12
ACC,TOX,2.79E-17,0.368444756,0.999,0.99,1.40E-12
ACC,GPR176,3.76E-17,0.255750346,0.846,0.755,1.89E-12
ACC,TNR,6.08E-17,0.3282253,0.992,0.982,3.06E-12
ACC,KIAA1462,6.18E-17,0.296157168,0.773,0.498,3.11E-12
ACC,CSMD2,6.24E-17,0.293582409,0.984,0.981,3.14E-12
ACC,HIVEP1,7.64E-17,0.29297142,0.966,0.957,3.84E-12
ACC,NLGN4Y,8.10E-17,0.400478117,0.813,0.679,4.07E-12
ACC,ATP9A,1.19E-16,0.25177803,0.98,0.972,5.99E-12
ACC,DDAH1,1.26E-16,0.283648941,0.975,0.951,6.32E-12
ACC,TRIM36,1.46E-16,0.267717446,0.944,0.916,7.36E-12
ACC,GRM3,1.51E-16,0.3463846,0.92,0.867,7.58E-12
ACC,LOC100130987,2.62E-16,0.261601931,0.95,0.93,1.32E-11
ACC,LOC101927078,2.84E-16,0.276290993,0.69,0.516,1.43E-11
ACC,CACNA1B,3.05E-16,0.276670725,0.996,0.996,1.53E-11
ACC,GAREM,3.06E-16,0.285405338,0.949,0.942,1.54E-11
ACC,OVCH1-AS1,3.11E-16,0.258681721,0.64,0.475,1.56E-11
ACC,LOC105371832,3.23E-16,0.290988701,0.73,0.556,1.63E-11
ACC,KHDRBS3,5.69E-16,0.250799065,0.998,0.998,2.86E-11
ACC,TENM2,7.46E-16,0.283122253,1,0.995,3.75E-11
ACC,TTTY14,8.17E-16,0.370890869,0.822,0.677,4.11E-11
ACC,MGAT4C,8.43E-16,0.361226509,0.951,0.804,4.24E-11
ACC,PDIA6,9.16E-16,0.289984785,0.883,0.835,4.60E-11
ACC,LOC105369858,1.16E-15,0.362059404,0.751,0.644,5.82E-11
ACC,ADAMTSL3,1.47E-15,0.288640556,0.962,0.85,7.37E-11
ACC,SHANK1,1.62E-15,0.269663501,0.927,0.889,8.16E-11
ACC,SNCA,1.83E-15,0.288157518,0.96,0.912,9.18E-11
ACC,LINC01090,2.10E-15,0.477379197,0.395,0.22,1.06E-10
ACC,OTOGL,2.30E-15,0.34677261,0.809,0.63,1.16E-10
ACC,GABRA3,3.34E-15,0.296387445,0.939,0.902,1.68E-10
ACC,SEC24D,4.40E-15,0.263898422,0.934,0.847,2.21E-10
ACC,CES4A,7.00E-15,0.269906281,0.891,0.85,3.52E-10
ACC,FUT9,8.52E-15,0.273446498,0.991,0.989,4.29E-10
ACC,PTPRO,9.16E-15,0.286799082,0.99,0.977,4.61E-10
ACC,MEGF11,9.28E-15,0.257289783,0.64,0.49,4.67E-10
ACC,ZC3H12B,1.62E-14,0.349367726,0.991,0.986,8.15E-10
ACC,SYT7,1.79E-14,0.278939229,0.958,0.918,8.99E-10
ACC,NFIA,2.82E-14,0.318333382,0.952,0.819,1.42E-09
ACC,CACNG8,5.45E-14,0.274020965,0.97,0.953,2.74E-09
ACC,RYR3,5.76E-14,0.255018285,0.998,0.992,2.89E-09
ACC,CAMK2B,5.79E-14,0.26197028,0.99,0.98,2.91E-09
ACC,GRIN1,1.15E-13,0.301610512,0.979,0.958,5.79E-09
ACC,LMO4,1.27E-13,0.288479456,0.97,0.94,6.38E-09
ACC,LOC105379085,1.56E-13,0.269357438,0.682,0.54,7.86E-09
ACC,CAMK1D,1.91E-13,0.265949189,0.996,0.994,9.59E-09
ACC,PBX1,2.52E-13,0.270759298,0.997,0.997,1.27E-08
ACC,MAMLD1,2.85E-13,0.281591615,0.831,0.699,1.43E-08
ACC,LY6H,3.12E-13,0.301137379,0.831,0.734,1.57E-08
ACC,LOC105377574,7.12E-13,0.279103409,0.951,0.892,3.58E-08
ACC,ATP10A,4.71E-12,0.337071464,0.628,0.466,2.37E-07
ACC,ANKRD30B,7.22E-12,0.331675345,0.507,0.356,3.63E-07
ACC,ACAP3,1.67E-11,0.268780417,0.902,0.861,8.39E-07
ACC,LOC102724676,2.91E-11,0.30785016,0.874,0.794,1.46E-06
ACC,PCSK2,3.24E-11,0.305567441,0.988,0.984,1.63E-06
ACC,XKR4,8.18E-11,0.288243681,0.98,0.97,4.11E-06
ACC,CELF2-AS2,1.02E-10,0.362529689,0.731,0.674,5.15E-06
ACC,IGSF21,1.04E-10,0.312081051,0.989,0.977,5.24E-06
ACC,TMSB10,1.07E-10,0.266872473,0.771,0.694,5.36E-06
ACC,CTNNA3,2.87E-10,0.271497306,0.912,0.891,1.44E-05
ACC,KCND3,2.96E-10,0.270943283,0.949,0.916,1.49E-05
ACC,MEF2C,2.38E-09,0.253682671,0.998,0.996,0.000119505
ACC,LOC401478,6.84E-09,0.451535831,0.764,0.737,0.000344137
ACC,OR2AG2,2.09E-08,0.252896889,0.961,0.949,0.001050981
ACC,SEMA5A,5.13E-08,0.30770944,0.672,0.512,0.002578897
ACC,MPPED2,9.18E-08,0.265916183,0.961,0.937,0.004615799
ACC,C5orf17,8.26E-07,0.291748027,0.395,0.299,0.041540859
ACC,KCNQ1OT1,4.85E-05,0.269394347,0.973,0.974,1
ACC,SORCS3,5.04E-05,0.275229941,0.96,0.811,1
ACC,ND1,0.00411133,0.342666985,0.599,0.596,1
ACC,RNR1,0.004787999,0.305089196,0.749,0.729,1
DFC,GALNT13,6.66E-42,0.48596619,0.957,0.809,3.35E-37
DFC,FSTL5,1.01E-30,0.631600528,0.741,0.499,5.08E-26
DFC,GRIK3,4.12E-28,0.364548311,0.968,0.854,2.07E-23
DFC,ACTN4,5.99E-28,0.295733645,0.937,0.826,3.01E-23
DFC,LOC105378209,1.87E-26,0.385153316,0.561,0.249,9.41E-22
DFC,MIAT,1.27E-24,0.328736262,0.999,0.993,6.38E-20
DFC,EPHA10,5.35E-23,0.33940727,0.96,0.864,2.69E-18
DFC,SNX29,1.03E-22,0.320343276,0.993,0.983,5.17E-18
DFC,LINC00486,4.48E-22,0.423262121,0.978,0.972,2.25E-17
DFC,LINC01322,2.49E-20,0.334848381,0.928,0.837,1.25E-15
DFC,CBLN2,2.74E-20,0.393694392,0.998,0.966,1.38E-15
DFC,WBSCR17,2.62E-19,0.264463946,0.999,0.998,1.32E-14
DFC,LOC101927745,3.60E-19,0.508663022,0.932,0.762,1.81E-14
DFC,CABP1,5.89E-18,0.292897648,0.999,0.999,2.96E-13
DFC,EPB41L2,4.81E-17,0.288444371,0.993,0.987,2.42E-12
DFC,CLEC2L,8.03E-17,0.306940247,0.998,0.99,4.04E-12
DFC,SLC35F3,1.13E-16,0.298585378,0.999,0.996,5.69E-12
DFC,MAPK4,3.97E-16,0.29321534,0.97,0.928,2.00E-11
DFC,ZBTB7C,4.15E-16,0.288325652,0.766,0.571,2.09E-11
DFC,TMEM132C,6.06E-16,0.287441206,0.88,0.678,3.05E-11
DFC,GPC6,6.25E-16,0.482651152,0.996,0.922,3.14E-11
DFC,SEMA3E,8.55E-16,0.302254163,0.454,0.225,4.30E-11
DFC,SLC39A11,4.80E-15,0.259857701,0.993,0.989,2.42E-10
DFC,RBFOX3,1.31E-13,0.250097313,0.996,0.991,6.59E-09
DFC,CHST11,2.90E-13,0.262027247,0.907,0.86,1.46E-08
DFC,PROM1,6.19E-13,0.296580482,0.365,0.172,3.11E-08
DFC,TMTC1,8.60E-13,0.257528543,0.995,0.995,4.32E-08
DFC,RREB1,5.95E-10,0.268851198,0.778,0.521,2.99E-05
DFC,OTOGL,8.13E-10,0.310786423,0.847,0.693,4.09E-05
DFC,ANGPT1,2.69E-09,0.30079449,0.718,0.539,0.000135161
DFC,LOC105371124,5.01E-09,0.280042877,0.89,0.815,0.000252037
DFC,NCAM2,1.00E-08,0.273384025,0.998,0.994,0.000504536
DFC,LOC105373893,1.37E-08,0.291339337,0.743,0.619,0.000690456
DFC,LOC105374529,5.06E-08,0.308235618,0.901,0.873,0.002545831
DFC,LOC105379290,7.87E-08,0.257982096,0.816,0.704,0.00395508
DFC,LOC105371308,1.20E-07,0.269749651,0.438,0.319,0.006039837
DFC,CDH11,3.10E-07,0.2708106,0.957,0.904,0.015606719
DFC,LOC105378334,1.14E-06,0.305557432,0.67,0.6,0.057085026
DFC,TMTC2,4.30E-06,0.273387619,0.988,0.979,0.216035459
DFC,LINC00922,4.39E-06,0.498459157,0.449,0.267,0.220632889
DFC,FAM19A5,7.23E-06,0.299085383,0.926,0.896,0.363670883
DFC,LOC101930091,8.22E-06,0.276845118,0.917,0.902,0.413352346
DFC,LOC105369863,2.31E-05,0.299815673,0.881,0.852,1
DFC,RASGRF2,0.000103552,0.362900953,0.907,0.872,1
DFC,XIST,0.000250803,0.463652041,0.328,0.266,1
M1,CADM2,8.56E-114,0.758750558,1,1,4.31E-109
M1,SRSF5,2.51E-102,0.824077495,0.987,0.921,1.26E-97
M1,LOC284930,5.18E-83,1.228538884,0.919,0.518,2.60E-78
M1,LOC105369894,2.52E-82,0.71159199,0.854,0.383,1.27E-77
M1,SGCZ,9.83E-82,1.490384411,0.951,0.869,4.94E-77
M1,PLCB1,1.08E-78,0.580291589,1,0.999,5.43E-74
M1,ZNF385D,1.23E-78,1.029410822,0.903,0.543,6.17E-74
M1,LOC105369860,1.59E-78,1.101641052,0.804,0.35,8.02E-74
M1,KCNC2,5.96E-73,1.100397466,0.953,0.822,3.00E-68
M1,OSBPL3,6.26E-72,0.6696489,0.991,0.939,3.15E-67
M1,LOC105377180,6.46E-71,0.606443466,0.633,0.133,3.25E-66
M1,LAMA2,9.67E-69,1.332816881,0.79,0.385,4.86E-64
M1,PTPRK,6.02E-68,1.502007199,0.909,0.701,3.03E-63
M1,LOC101929352,6.21E-67,0.982990004,0.818,0.417,3.12E-62
M1,COL11A1,1.01E-66,0.789598113,0.859,0.447,5.08E-62
M1,VWC2,2.76E-65,1.07239174,0.823,0.471,1.39E-60
M1,PCDH9,5.33E-62,1.094955183,0.996,0.991,2.68E-57
M1,ZFPM2,8.66E-62,0.699823633,0.996,0.985,4.36E-57
M1,ATRNL1,1.31E-61,0.498639379,1,1,6.56E-57
M1,B3GALT1,8.24E-61,0.492786832,0.998,0.991,4.14E-56
M1,OR51E2,2.29E-60,0.686975767,0.691,0.244,1.15E-55
M1,NRG1,1.27E-59,0.627444079,1,1,6.39E-55
M1,LOC105373626,3.66E-57,0.501031921,0.624,0.166,1.84E-52
M1,ARHGAP10,1.16E-56,0.503687735,0.893,0.589,5.82E-52
M1,TRPM3,1.02E-55,0.891488777,0.946,0.706,5.13E-51
M1,MAGI2,3.87E-54,0.515347945,1,0.999,1.95E-49
M1,MAP2,6.88E-54,0.447090035,0.999,0.999,3.46E-49
M1,SYT1,7.15E-54,0.349935825,0.999,1,3.59E-49
M1,CNTNAP2,1.18E-53,0.616068316,1,1,5.92E-49
M1,ARPP21,1.34E-53,0.492016379,0.999,0.999,6.75E-49
M1,NRP1,8.71E-52,0.60548355,0.994,0.96,4.38E-47
M1,LOC105373627,6.80E-51,0.417271573,0.606,0.171,3.42E-46
M1,BRINP3,1.14E-50,0.878942707,0.966,0.874,5.75E-46
M1,MAML2,4.46E-50,0.809863441,0.834,0.538,2.24E-45
M1,GBE1,2.01E-49,0.497427876,0.894,0.696,1.01E-44
M1,SCN1A,3.55E-49,0.493214422,0.997,0.989,1.79E-44
M1,ZEB1,1.95E-48,0.572497973,0.994,0.978,9.80E-44
M1,MAST4,2.59E-48,0.481553158,0.997,0.996,1.30E-43
M1,BAALC,2.86E-48,0.534285868,0.987,0.973,1.44E-43
M1,TTC14,5.43E-48,0.393786694,0.981,0.968,2.73E-43
M1,SPOCK3,1.67E-47,0.741468257,0.733,0.385,8.40E-43
M1,LOC102724623,3.34E-47,0.662468337,0.986,0.921,1.68E-42
M1,KCNH7,8.81E-47,0.526486004,0.997,0.993,4.43E-42
M1,FMN1,1.14E-45,0.441822219,0.996,0.994,5.71E-41
M1,DPY19L2,1.80E-45,0.484440072,0.981,0.942,9.07E-41
M1,ANKRD26P3,2.73E-45,0.532312934,0.585,0.244,1.37E-40
M1,EPB41,1.03E-44,0.409960537,0.98,0.908,5.20E-40
M1,TMTC2,1.57E-43,0.701300294,0.996,0.976,7.87E-39
M1,ARSJ,2.11E-43,0.384617111,0.503,0.143,1.06E-38
M1,STXBP5-AS1,8.44E-43,0.51586763,0.989,0.937,4.24E-38
M1,EMB,2.04E-42,0.497084574,0.819,0.571,1.03E-37
M1,RORA,2.66E-42,0.718608938,0.993,0.973,1.34E-37
M1,SLC35F3,1.84E-41,0.421099015,0.997,0.996,9.27E-37
M1,GAS2,1.98E-41,0.49629403,0.972,0.909,9.94E-37
M1,HNRNPDL,2.05E-41,0.404869189,0.982,0.936,1.03E-36
M1,WSB1,3.00E-41,0.3776733,0.998,0.983,1.51E-36
M1,PNISR,3.02E-41,0.391400852,0.99,0.977,1.52E-36
M1,TMEFF2,3.58E-41,0.554731159,0.995,0.981,1.80E-36
M1,ULK3,4.48E-41,0.389339307,0.942,0.855,2.25E-36
M1,RELL2,1.10E-40,0.319184569,0.879,0.714,5.54E-36
M1,SRSF7,2.25E-40,0.553236726,0.983,0.91,1.13E-35
M1,CADPS2,2.62E-39,0.631463322,0.985,0.823,1.32E-34
M1,MIR4500HG,3.45E-39,0.750488805,0.852,0.646,1.73E-34
M1,MIR124-2HG,5.07E-39,0.325867224,0.996,0.981,2.55E-34
M1,DCC,7.59E-39,1.106740482,0.656,0.435,3.82E-34
M1,SLC2A13,3.53E-38,0.460204098,0.991,0.982,1.78E-33
M1,CDH7,3.95E-38,0.605743449,0.752,0.381,1.98E-33
M1,CCDC85A,5.94E-38,0.876992453,0.83,0.65,2.99E-33
M1,NAALAD2,9.04E-38,0.492190392,0.979,0.901,4.55E-33
M1,CDH12,1.49E-37,0.829285622,0.885,0.793,7.48E-33
M1,SLIT2,6.97E-37,0.665966122,0.988,0.985,3.50E-32
M1,OLFM3,1.61E-36,0.463898959,0.997,0.985,8.11E-32
M1,LOC440040,6.66E-36,0.482413052,0.987,0.968,3.35E-31
M1,GNAS,8.59E-36,0.436801154,0.983,0.93,4.32E-31
M1,ANKRD36C,1.78E-35,0.330568974,0.987,0.976,8.95E-31
M1,FGF12,2.22E-35,0.312622768,0.999,1,1.11E-30
M1,ROBO1,4.30E-35,0.88958558,0.988,0.946,2.16E-30
M1,LOC105376066,4.36E-35,0.403534616,0.998,0.991,2.19E-30
M1,ARAP2,2.09E-34,0.49511752,0.993,0.974,1.05E-29
M1,HOMER1,2.25E-34,0.578738202,0.998,0.997,1.13E-29
M1,GRIA2,2.78E-34,0.322793645,1,1,1.40E-29
M1,PPIP5K2,5.89E-34,0.456461359,0.986,0.957,2.96E-29
M1,ADGRG6,1.33E-33,0.439470916,0.542,0.214,6.68E-29
M1,CORO6,2.19E-33,0.324379286,0.957,0.915,1.10E-28
M1,LRP1B,3.81E-33,0.414036417,1,1,1.91E-28
M1,ADGRB3,4.01E-33,0.302848241,1,1,2.02E-28
M1,DDX60L,7.86E-33,0.27332814,0.594,0.268,3.95E-28
M1,NCKAP5,8.17E-33,0.807605195,0.859,0.797,4.11E-28
M1,FGF14,8.78E-33,0.300028751,1,1,4.42E-28
M1,C4orf22,2.09E-32,0.467768817,0.973,0.889,1.05E-27
M1,LINC01036,6.93E-32,0.286585484,0.322,0.048,3.49E-27
M1,PCDH15,1.11E-31,0.987899611,0.714,0.493,5.59E-27
M1,ROBO2,1.25E-31,0.337049535,1,1,6.28E-27
M1,LOC105374814,3.02E-31,0.272788023,0.581,0.247,1.52E-26
M1,KIAA1217,1.22E-30,0.567005866,0.964,0.922,6.12E-26
M1,LOC101928856,2.85E-30,0.328815267,0.457,0.164,1.43E-25
M1,ITGB1,3.56E-30,0.291686929,0.853,0.692,1.79E-25
M1,ZNF83,3.94E-30,0.32019764,0.869,0.721,1.98E-25
M1,CNTN4,5.06E-30,0.429089669,0.998,0.997,2.54E-25
M1,CKMT1B,6.59E-30,0.321004669,0.888,0.764,3.31E-25
M1,ACADVL,7.69E-30,0.303189252,0.871,0.697,3.87E-25
M1,EML6,1.30E-29,0.347173908,0.997,0.994,6.54E-25
M1,ETV1,1.47E-29,0.539679552,0.922,0.805,7.40E-25
M1,LOC105369890,1.56E-29,0.384754659,0.57,0.33,7.82E-25
M1,ATP2B1,1.75E-29,0.312228936,0.998,0.997,8.82E-25
M1,PTCHD4,3.34E-29,0.424249465,0.964,0.911,1.68E-24
M1,ESRRG,4.07E-29,0.375314757,0.998,0.998,2.04E-24
M1,SPAG16,6.85E-29,0.422465946,0.993,0.971,3.44E-24
M1,FLT3,7.64E-29,0.268545793,0.742,0.498,3.84E-24
M1,ANXA4,9.11E-29,0.394217198,0.962,0.905,4.58E-24
M1,COL5A2,1.63E-28,0.548704694,0.985,0.889,8.19E-24
M1,PPA2,1.99E-28,0.328387022,0.981,0.95,1.00E-23
M1,BTNL9,2.37E-28,0.460236833,0.529,0.307,1.19E-23
M1,EXTL2,3.46E-28,0.273364022,0.841,0.671,1.74E-23
M1,MCC,3.56E-28,0.413474349,0.584,0.335,1.79E-23
M1,CAPS2,5.75E-28,0.357625602,0.971,0.934,2.89E-23
M1,FHIT,8.70E-28,0.490583445,0.988,0.97,4.37E-23
M1,COLGALT2,9.16E-28,0.292121823,0.972,0.918,4.60E-23
M1,ZC3H12C,1.29E-27,0.382786785,0.925,0.808,6.49E-23
M1,DST,1.46E-27,0.262874994,0.999,0.998,7.33E-23
M1,CHORDC1,1.92E-27,0.291192197,0.913,0.811,9.63E-23
M1,LOC101929294,2.93E-27,0.449431664,0.905,0.78,1.47E-22
M1,NT5DC1,3.34E-27,0.380989573,0.964,0.908,1.68E-22
M1,NFKBIZ,5.34E-27,0.307937598,0.784,0.582,2.68E-22
M1,PAPPA,8.05E-27,0.370457736,0.829,0.552,4.05E-22
M1,CD47,8.11E-27,0.341097444,0.994,0.97,4.08E-22
M1,RAB24,9.48E-27,0.277832468,0.841,0.618,4.77E-22
M1,CNTN6,2.28E-26,0.545470156,0.923,0.846,1.15E-21
M1,PPARGC1A,3.17E-26,0.292641905,0.999,1,1.59E-21
M1,DIP2A,3.54E-26,0.337613312,0.98,0.948,1.78E-21
M1,NOX4,4.45E-26,0.735750818,0.586,0.326,2.24E-21
M1,SEPT4,6.53E-26,0.253198509,0.802,0.601,3.28E-21
M1,ABCA6,6.57E-26,0.324028192,0.903,0.815,3.31E-21
M1,ZNF804B,8.27E-26,0.58337496,0.99,0.987,4.16E-21
M1,ANKRD36,1.10E-25,0.289458605,0.992,0.976,5.54E-21
M1,CTTNBP2,1.48E-25,0.348430146,0.987,0.965,7.42E-21
M1,PIP4K2A,1.82E-25,0.343992948,0.962,0.902,9.15E-21
M1,FHOD3,2.10E-25,0.331438597,0.993,0.981,1.06E-20
M1,VPS13C,2.43E-25,0.286510231,0.985,0.969,1.22E-20
M1,HRH3,3.39E-25,0.2531331,0.669,0.462,1.71E-20
M1,CBLN2,3.95E-25,0.674309208,0.991,0.964,1.99E-20
M1,CUBN,5.71E-25,0.276223241,0.762,0.549,2.87E-20
M1,PTPRZ1,7.22E-25,0.337147665,0.779,0.575,3.63E-20
M1,ACTB,1.14E-24,0.318944297,0.955,0.824,5.72E-20
M1,FZD6,1.18E-24,0.269824211,0.841,0.69,5.95E-20
M1,VWC2L,1.33E-24,0.616210056,0.48,0.229,6.69E-20
M1,LINC01322,1.76E-24,0.542193009,0.914,0.83,8.87E-20
M1,PROS1,4.14E-24,0.443692202,0.939,0.821,2.08E-19
M1,C1orf56,4.85E-24,0.257211811,0.64,0.385,2.44E-19
M1,C22orf34,6.44E-24,0.378362209,0.469,0.177,3.24E-19
M1,TMEM161B-AS1,1.26E-23,0.280546744,0.998,0.993,6.33E-19
M1,SLC26A3,2.11E-23,0.272132941,0.953,0.822,1.06E-18
M1,EPS15,2.15E-23,0.262097791,0.892,0.77,1.08E-18
M1,MGAT5,2.88E-23,0.287847191,0.984,0.956,1.45E-18
M1,HMGN3,5.71E-23,0.31258331,0.954,0.871,2.87E-18
M1,REEP3,6.56E-23,0.294241283,0.932,0.88,3.30E-18
M1,ZNF804A,7.02E-23,0.669179169,0.914,0.855,3.53E-18
M1,DCLK1,7.17E-23,0.297726719,1,0.999,3.61E-18
M1,EIF4A2,9.70E-23,0.307325129,0.973,0.877,4.88E-18
M1,SPARCL1,1.13E-22,0.363811275,0.992,0.968,5.70E-18
M1,CCDC144CP,1.22E-22,0.302047974,0.879,0.781,6.13E-18
M1,OLFM1,1.71E-22,0.341693526,0.964,0.906,8.58E-18
M1,OSBPL6,1.71E-22,0.279918153,0.995,0.991,8.59E-18
M1,LOC105372733,1.71E-22,0.258610481,0.958,0.918,8.60E-18
M1,LIN7A,1.93E-22,0.393615298,0.903,0.788,9.68E-18
M1,ITGA7,2.53E-22,0.305965994,0.905,0.723,1.27E-17
M1,LRRFIP2,3.07E-22,0.261462197,0.979,0.96,1.55E-17
M1,PVRL3,3.19E-22,0.358182702,0.901,0.806,1.61E-17
M1,LINGO1,3.52E-22,0.252083263,0.988,0.977,1.77E-17
M1,RSRP1,3.91E-22,0.254790482,0.985,0.965,1.97E-17
M1,PDE7B,4.03E-22,0.671856777,0.628,0.41,2.03E-17
M1,MEF2A,4.84E-22,0.302358396,0.966,0.918,2.44E-17
M1,KCNJ3,7.35E-22,0.33132673,0.992,0.978,3.70E-17
M1,TPK1,9.26E-22,0.583910081,0.936,0.878,4.66E-17
M1,BBS9,9.50E-22,0.315215562,0.996,0.982,4.78E-17
M1,AFF1,1.14E-21,0.268749884,0.896,0.754,5.72E-17
M1,NTM,1.42E-21,0.345800867,1,1,7.14E-17
M1,NLGN1,1.74E-21,0.318433821,0.999,1,8.76E-17
M1,HNRNPA2B1,2.10E-21,0.25698043,0.964,0.914,1.06E-16
M1,LOC102724069,2.30E-21,0.282782963,0.846,0.721,1.16E-16
M1,LOC105369302,3.42E-21,0.281042839,0.798,0.548,1.72E-16
M1,DTNA,3.54E-21,0.252562603,0.998,0.996,1.78E-16
M1,ANGPT1,5.00E-21,0.474729714,0.766,0.509,2.52E-16
M1,MUM1L1,8.68E-21,0.281105881,0.589,0.364,4.36E-16
M1,LOC101927745,1.32E-20,0.416956458,0.964,0.737,6.66E-16
M1,CALD1,1.89E-20,0.287204407,0.946,0.87,9.52E-16
M1,PCP4,1.99E-20,0.453098138,0.869,0.721,1.00E-15
M1,LINC01158,2.88E-20,0.336628563,0.961,0.9,1.45E-15
M1,DNAI1,4.10E-20,0.281912122,0.864,0.732,2.06E-15
M1,IL1RAP,5.00E-20,0.26577844,0.747,0.512,2.51E-15
M1,NSF,5.21E-20,0.272286793,0.997,0.985,2.62E-15
M1,VPS13D,5.79E-20,0.27736796,0.99,0.988,2.91E-15
M1,LOC105374322,7.60E-20,0.32981757,0.399,0.18,3.82E-15
M1,LINC00922,8.06E-20,0.483930289,0.45,0.248,4.05E-15
M1,PPP2R2B,8.19E-20,0.251517974,0.996,0.997,4.12E-15
M1,DLG1,8.20E-20,0.311583382,0.996,0.992,4.12E-15
M1,C9orf72,8.93E-20,0.253632881,0.892,0.785,4.49E-15
M1,CSRNP3,1.19E-19,0.260023737,0.997,0.996,5.98E-15
M1,MGAT4C,1.20E-19,0.615283032,0.898,0.861,6.02E-15
M1,SAT1,1.55E-19,0.287543515,0.909,0.828,7.81E-15
M1,NR3C1,2.21E-19,0.325757877,0.983,0.973,1.11E-14
M1,CDH10,2.56E-19,0.373791212,0.909,0.879,1.29E-14
M1,MIPOL1,2.87E-19,0.291397075,0.982,0.961,1.44E-14
M1,SEMA3C,4.77E-19,0.293536835,0.527,0.281,2.40E-14
M1,TESPA1,4.82E-19,0.364998082,0.982,0.931,2.42E-14
M1,TDRD3,6.99E-19,0.264253558,0.971,0.932,3.52E-14
M1,NAALADL2-AS2,8.22E-19,0.345338767,0.346,0.086,4.13E-14
M1,CRISPLD1,9.35E-19,0.28762638,0.754,0.615,4.70E-14
M1,PHF20L1,9.75E-19,0.25174535,0.974,0.956,4.90E-14
M1,SATB2,1.11E-18,0.373815904,0.988,0.98,5.56E-14
M1,PAM,1.28E-18,0.3605668,0.994,0.987,6.43E-14
M1,ADAM23,1.38E-18,0.288862412,0.997,0.993,6.95E-14
M1,PLCL1,1.45E-18,0.409716604,0.903,0.836,7.30E-14
M1,ANKRD20A5P,1.91E-18,0.339000891,0.871,0.778,9.58E-14
M1,DENND1B,2.63E-18,0.295468698,0.985,0.961,1.32E-13
M1,LRRK2,3.01E-18,0.304710561,0.871,0.784,1.51E-13
M1,ABCA10,3.92E-18,0.287344227,0.939,0.875,1.97E-13
M1,TLE4,4.32E-18,0.283734586,0.794,0.664,2.17E-13
M1,LINC00836,4.36E-18,0.262547411,0.337,0.127,2.19E-13
M1,NR3C2,5.21E-18,0.340244031,0.99,0.983,2.62E-13
M1,LOC101927335,5.59E-18,0.488194963,0.382,0.195,2.81E-13
M1,TBRG1,1.02E-17,0.310394896,0.977,0.932,5.14E-13
M1,HS3ST5,1.27E-17,0.295963843,0.946,0.838,6.39E-13
M1,BCO2,1.41E-17,0.265967731,0.939,0.9,7.08E-13
M1,UNC13C,1.86E-17,0.330275178,0.943,0.889,9.33E-13
M1,ASPH,3.61E-17,0.362262438,0.955,0.919,1.82E-12
M1,GRIA4,6.41E-17,0.417859175,0.75,0.599,3.22E-12
M1,NCAM2,6.90E-17,0.267338289,0.998,0.994,3.47E-12
M1,TRDMT1,7.12E-17,0.258073661,0.933,0.855,3.58E-12
M1,TMEM132C,8.58E-17,0.315004745,0.855,0.663,4.32E-12
M1,KIF21A,9.73E-17,0.259797997,0.992,0.978,4.89E-12
M1,LOC105370303,1.09E-16,0.306979428,0.833,0.708,5.48E-12
M1,NRIP1,1.18E-16,0.303252672,0.95,0.905,5.95E-12
M1,PLOD2,1.26E-16,0.252994182,0.817,0.663,6.34E-12
M1,TCERG1,2.71E-16,0.266042203,0.964,0.925,1.36E-11
M1,LOC105375931,5.06E-16,0.646249889,0.399,0.234,2.55E-11
M1,CDH6,7.40E-16,0.295984707,0.896,0.828,3.72E-11
M1,USP24,8.20E-16,0.336610232,0.956,0.937,4.12E-11
M1,P3H2,1.18E-15,0.271440464,0.849,0.709,5.94E-11
M1,MEIKIN,1.32E-15,0.296758141,0.91,0.846,6.62E-11
M1,RERG,2.61E-15,0.265407639,0.811,0.666,1.31E-10
M1,SCARA3,7.02E-15,0.263361047,0.949,0.86,3.53E-10
M1,CEP85L,8.04E-15,0.264075783,0.986,0.971,4.04E-10
M1,HS6ST3,8.14E-15,0.357705305,0.977,0.961,4.09E-10
M1,LOC105377567,1.29E-14,0.413685556,0.979,0.957,6.48E-10
M1,LMO3,1.34E-14,0.261369866,0.98,0.967,6.75E-10
M1,LOC100507562,1.61E-14,0.42326278,0.194,0.065,8.12E-10
M1,ZEB2,2.68E-14,0.31116135,0.984,0.941,1.35E-09
M1,MIR181A1HG,4.59E-14,0.297461447,0.868,0.741,2.31E-09
M1,LOC101928383,4.81E-14,0.283577299,0.958,0.918,2.42E-09
M1,LINC01102,7.13E-14,0.326098102,0.812,0.616,3.59E-09
M1,HCN1,8.08E-14,0.268975552,0.999,0.998,4.06E-09
M1,KLF12,1.01E-13,0.316621836,0.861,0.709,5.08E-09
M1,SATB1,1.81E-13,0.256100934,0.946,0.923,9.10E-09
M1,NYAP2,2.89E-13,0.274712397,0.971,0.943,1.45E-08
M1,LOC101929680,3.19E-13,0.255463217,0.912,0.834,1.61E-08
M1,PARP8,3.37E-13,0.33501795,0.987,0.962,1.69E-08
M1,GRIN3A,3.88E-13,0.415694971,0.685,0.561,1.95E-08
M1,NHS,4.71E-13,0.283667483,0.731,0.625,2.37E-08
M1,ANKRD18DP,5.45E-13,0.314694993,0.745,0.592,2.74E-08
M1,PTPRM,8.85E-13,0.299062929,0.983,0.969,4.45E-08
M1,PCDH7,9.43E-13,0.254999806,0.998,0.998,4.74E-08
M1,MALAT1,2.37E-12,0.254979324,1,1,1.19E-07
M1,CHMP1B2P,2.38E-12,0.393230343,0.288,0.114,1.20E-07
M1,ZBTB20,2.61E-12,0.295693465,0.83,0.737,1.31E-07
M1,CAMK2D,3.10E-12,0.300911463,0.97,0.916,1.56E-07
M1,GOLGA8B,3.70E-12,0.261837029,0.963,0.95,1.86E-07
M1,TMX4,4.67E-12,0.262387448,0.935,0.891,2.35E-07
M1,ITGA8,6.04E-12,0.576325936,0.695,0.576,3.04E-07
M1,MYO3A,1.22E-11,0.260101079,0.612,0.451,6.12E-07
M1,LOC105378837,1.39E-11,0.396131946,0.571,0.46,7.01E-07
M1,PCDH11X,1.80E-11,0.344101687,0.622,0.496,9.05E-07
M1,LOC105377406,2.86E-11,0.389738211,0.289,0.137,1.44E-06
M1,LOC285692,1.70E-10,0.254866174,0.71,0.565,8.56E-06
M1,CDH20,3.58E-10,0.276294592,0.995,0.989,1.80E-05
M1,XIST,5.12E-10,0.371308116,0.441,0.235,2.57E-05
M1,NAALADL2,5.35E-10,0.339640292,0.969,0.945,2.69E-05
M1,LOC105375716,5.36E-10,0.382259778,0.459,0.339,2.69E-05
M1,PDE4B,6.65E-10,0.250109144,0.966,0.934,3.35E-05
M1,CSN1S1,9.92E-10,0.401021797,0.37,0.233,4.99E-05
M1,LOC105377177,5.27E-09,0.334718176,0.278,0.136,0.000264808
M1,LOC101928923,7.64E-09,0.839322328,0.656,0.628,0.000384369
M1,THSD4,8.56E-08,0.449106353,0.713,0.673,0.004305623
M1,SV2C,1.57E-07,0.40302546,0.682,0.564,0.007910718
M1,LOC105378030,2.42E-07,0.408322881,0.401,0.271,0.012173486
M1,LOC101928964,9.03E-07,0.597840012,0.736,0.715,0.045423808
M1,SEMA6D,3.36E-06,0.512835838,0.77,0.703,0.168919743
M1,LOC105378031,4.15E-06,0.566275221,0.434,0.318,0.2087555
M1,VAV3,6.43E-06,0.310941948,0.402,0.302,0.323526075
M1,LINC01060,7.90E-06,0.32253558,0.321,0.208,0.397366419
M1,EYS,8.29E-06,1.05209781,0.692,0.757,0.417056979
M1,UNC5D,9.47E-06,0.314465263,0.835,0.776,0.476088408
M1,NPAS3,1.82E-05,0.280693846,0.848,0.845,0.917004141
M1,ASTN2,2.23E-05,0.263184312,0.992,0.988,1
M1,LOC105378657,0.000287959,0.293350037,0.945,0.961,1
M1,LOC105371308,0.000922138,0.269545806,0.367,0.322,1
M1,CDH8,0.000922551,0.320366358,0.916,0.951,1
M1,LOC101929028,0.000993648,0.293104248,0.118,0.077,1
M1,LUZP2,0.002528552,0.725215593,0.719,0.8,1
S1,TRPM3,2.32E-52,0.959539041,0.953,0.72,1.17E-47
S1,CADM2,8.69E-50,0.404831097,1,1,4.37E-45
S1,LOC284930,1.16E-48,0.896788552,0.921,0.543,5.85E-44
S1,LOC105373626,4.65E-43,0.366154559,0.616,0.196,2.34E-38
S1,LOC105373627,1.17E-40,0.351416056,0.608,0.199,5.87E-36
S1,PTPRK,1.43E-40,0.995169914,0.952,0.708,7.17E-36
S1,PLCB1,1.08E-39,0.380992839,1,0.999,5.43E-35
S1,ARHGAP10,1.18E-39,0.424892903,0.922,0.604,5.93E-35
S1,LOC101929352,6.12E-35,0.621441448,0.783,0.448,3.08E-30
S1,KIAA1217,7.05E-35,0.673165178,0.967,0.924,3.54E-30
S1,EML6,3.47E-34,0.414814478,1,0.993,1.75E-29
S1,EPB41,4.39E-34,0.428626933,0.985,0.912,2.21E-29
S1,OSBPL3,9.03E-34,0.45728541,0.993,0.943,4.54E-29
S1,MIAT,6.86E-33,0.309990963,0.997,0.993,3.45E-28
S1,CADPS2,7.19E-33,0.734380569,0.993,0.832,3.62E-28
S1,LOC105369894,4.39E-32,0.392675548,0.79,0.422,2.21E-27
S1,MAML2,5.65E-32,0.72761197,0.833,0.557,2.84E-27
S1,KCNH1,1.86E-31,0.464154937,0.995,0.966,9.37E-27
S1,GRIK3,1.56E-30,0.355526027,0.961,0.851,7.85E-26
S1,NRG1,1.79E-30,0.413728614,1,1,9.01E-26
S1,PAPPA,2.92E-29,0.355685978,0.876,0.563,1.47E-24
S1,RBFOX3,4.73E-29,0.337704966,0.999,0.991,2.38E-24
S1,LOC102724623,5.71E-29,0.464317434,0.987,0.925,2.87E-24
S1,CRTAC1,1.17E-28,0.305717006,0.915,0.765,5.88E-24
S1,LAMA2,2.04E-28,0.825466678,0.736,0.418,1.02E-23
S1,RORA,6.05E-28,0.566564385,0.996,0.974,3.04E-23
S1,MGAT5,1.56E-27,0.472622892,0.991,0.957,7.82E-23
S1,ZNF385D,1.57E-27,0.438893669,0.859,0.572,7.89E-23
S1,CHST11,2.25E-27,0.372205457,0.97,0.85,1.13E-22
S1,C22orf34,1.10E-26,0.377278933,0.479,0.194,5.51E-22
S1,NCKAP5,1.52E-26,0.703011774,0.896,0.796,7.64E-22
S1,FLJ41278,4.95E-26,0.28482699,0.993,0.962,2.49E-21
S1,LOC105369860,2.55E-25,0.502981444,0.725,0.39,1.28E-20
S1,FHOD3,3.37E-25,0.373465316,0.995,0.981,1.69E-20
S1,LDLRAD4,4.41E-25,0.286851266,0.999,0.995,2.22E-20
S1,PCDH9,4.42E-25,0.549369506,0.998,0.991,2.22E-20
S1,BRINP3,1.10E-24,0.483349548,0.976,0.879,5.51E-20
S1,ST3GAL1,1.64E-24,0.3304738,0.991,0.936,8.22E-20
S1,SCN1B,5.52E-24,0.359771462,0.935,0.734,2.78E-19
S1,DPY19L1,7.21E-24,0.27251074,0.936,0.789,3.63E-19
S1,ATRNL1,8.56E-24,0.283894171,1,1,4.30E-19
S1,SGCZ,9.32E-24,0.546586134,0.951,0.874,4.69E-19
S1,BICD1,1.74E-23,0.274788665,0.999,0.995,8.73E-19
S1,PIP4K2A,2.67E-23,0.277542,0.969,0.904,1.34E-18
S1,SYT2,2.99E-23,0.403051552,0.873,0.648,1.50E-18
S1,NRP1,3.64E-23,0.416602023,0.999,0.962,1.83E-18
S1,LOC105374322,5.08E-23,0.285578847,0.452,0.186,2.55E-18
S1,ANXA4,8.80E-23,0.426067333,0.981,0.906,4.43E-18
S1,VWC2,2.09E-22,0.602148623,0.785,0.498,1.05E-17
S1,KLHL29,2.46E-22,0.341344914,0.997,0.975,1.24E-17
S1,GBE1,7.89E-22,0.292302102,0.899,0.708,3.97E-17
S1,CDH12,1.73E-21,0.537031111,0.908,0.796,8.67E-17
S1,TTC39C,2.57E-21,0.286158073,0.993,0.956,1.29E-16
S1,PCP4,3.45E-21,0.572554977,0.911,0.725,1.74E-16
S1,FMN1,7.27E-21,0.312875638,0.999,0.994,3.65E-16
S1,MAST4,1.17E-20,0.351020955,1,0.996,5.87E-16
S1,ANGPT1,1.47E-20,0.289865578,0.821,0.518,7.41E-16
S1,COL11A1,1.47E-20,0.329308949,0.797,0.482,7.41E-16
S1,SPARCL1,2.10E-20,0.40172044,0.998,0.968,1.05E-15
S1,B3GALT1,2.60E-20,0.259672956,0.998,0.992,1.31E-15
S1,LOC105377180,3.88E-20,0.293125399,0.5,0.183,1.95E-15
S1,MAGI2,8.94E-20,0.26726662,1,0.999,4.50E-15
S1,LOC101929294,1.37E-19,0.282141741,0.941,0.783,6.87E-15
S1,LOC105375716,2.00E-19,0.520693005,0.565,0.332,1.01E-14
S1,PPARGC1A,2.09E-19,0.251390949,1,1,1.05E-14
S1,NTM,4.90E-19,0.361655064,1,1,2.46E-14
S1,ZNF804B,6.56E-19,0.480451573,0.995,0.986,3.30E-14
S1,PHLPP1,7.35E-19,0.259756974,0.961,0.887,3.70E-14
S1,CDH7,7.59E-19,0.323349276,0.707,0.411,3.82E-14
S1,LINC01322,7.99E-19,0.530357207,0.952,0.83,4.02E-14
S1,SCN1A,9.37E-19,0.279301574,0.999,0.989,4.71E-14
S1,SRPK1,1.02E-18,0.277535161,0.993,0.963,5.10E-14
S1,GRAMD1B,1.16E-18,0.273789043,0.994,0.976,5.81E-14
S1,TMTC2,1.38E-18,0.474120202,0.997,0.977,6.93E-14
S1,VPS13D,1.84E-18,0.349725856,0.999,0.987,9.26E-14
S1,SPOCK3,2.15E-18,0.613052007,0.671,0.416,1.08E-13
S1,INADL,2.44E-18,0.286138167,0.987,0.969,1.22E-13
S1,BAALC,2.88E-18,0.315761123,0.994,0.973,1.45E-13
S1,HOMER1,3.67E-18,0.354004953,1,0.997,1.85E-13
S1,CCDC85A,8.25E-18,0.53087189,0.821,0.663,4.15E-13
S1,GNAS,8.36E-18,0.40061815,0.995,0.931,4.21E-13
S1,SLIT2,9.21E-18,0.341661833,0.996,0.984,4.63E-13
S1,TMEM132C,1.03E-17,0.350186606,0.872,0.672,5.16E-13
S1,FRMD5,1.27E-17,0.332894228,0.999,0.991,6.37E-13
S1,LOC101927745,1.37E-17,0.403378139,0.965,0.752,6.91E-13
S1,TRERF1,6.62E-17,0.261075965,0.984,0.956,3.33E-12
S1,ADK,8.62E-17,0.25648869,0.999,0.995,4.33E-12
S1,BRINP1,1.21E-16,0.265191072,0.992,0.952,6.08E-12
S1,NOX4,2.06E-16,0.430324294,0.574,0.344,1.03E-11
S1,MCC,3.66E-16,0.332193871,0.574,0.353,1.84E-11
S1,HS3ST5,4.57E-16,0.269489673,0.945,0.845,2.30E-11
S1,KCNC2,5.28E-16,0.515689785,0.936,0.833,2.65E-11
S1,ARHGEF3,7.19E-16,0.251089925,0.996,0.986,3.61E-11
S1,DCLK1,7.55E-16,0.255500847,1,0.999,3.80E-11
S1,ITPR2,8.68E-16,0.276494878,0.953,0.834,4.37E-11
S1,USP9Y,1.04E-15,0.365194145,0.929,0.693,5.25E-11
S1,ZFPM2,2.10E-15,0.272331977,0.995,0.986,1.06E-10
S1,STXBP5-AS1,1.45E-14,0.282328185,0.996,0.939,7.30E-10
S1,SCARA3,2.78E-14,0.262249749,0.955,0.864,1.40E-09
S1,ASTN2,6.30E-14,0.378523406,0.993,0.988,3.17E-09
S1,KLF12,3.40E-13,0.327467372,0.894,0.714,1.71E-08
S1,SPECC1,3.60E-13,0.252494699,0.999,0.99,1.81E-08
S1,PLCL1,4.52E-13,0.280190265,0.919,0.838,2.27E-08
S1,SYN3,6.49E-13,0.384962619,0.84,0.708,3.26E-08
S1,GRIA4,1.45E-12,0.366056222,0.804,0.602,7.30E-08
S1,LOC101928964,2.30E-12,0.5776531,0.801,0.707,1.15E-07
S1,PCDH15,5.00E-12,0.472878933,0.669,0.514,2.51E-07
S1,GAPDH,6.70E-12,0.413743125,0.967,0.856,3.37E-07
S1,PROS1,9.72E-12,0.275691424,0.92,0.831,4.89E-07
S1,ETV1,9.77E-12,0.287731413,0.937,0.81,4.91E-07
S1,FHIT,1.19E-11,0.254638669,0.992,0.971,6.00E-07
S1,NRGN,1.28E-11,0.351981342,0.999,0.99,6.46E-07
S1,LOC101929201,1.56E-11,0.271730834,0.977,0.944,7.84E-07
S1,LINC00922,1.78E-11,0.478259049,0.436,0.263,8.95E-07
S1,SPAG16,4.80E-11,0.25337136,0.993,0.973,2.41E-06
S1,MIR4500HG,1.08E-10,0.308126903,0.821,0.664,5.44E-06
S1,UBB,1.54E-10,0.253529863,0.798,0.626,7.76E-06
S1,NEFL,2.45E-10,0.346030511,0.951,0.856,1.23E-05
S1,HS6ST3,5.06E-10,0.301129683,0.989,0.96,2.54E-05
S1,SV2C,1.28E-09,0.41097916,0.697,0.569,6.44E-05
S1,LOC101928923,4.54E-09,0.927341625,0.71,0.622,0.000228145
S1,VWC2L,5.27E-09,0.300346534,0.444,0.25,0.000265147
S1,DCC,6.49E-09,0.313345952,0.598,0.457,0.000326108
S1,PLXNA4,6.65E-09,0.261203675,0.984,0.977,0.000334272
S1,ZNF804A,1.22E-08,0.250652691,0.935,0.856,0.000614926
S1,LOC105378334,1.16E-07,0.474081759,0.671,0.597,0.005815452
S1,FTH1,1.74E-07,0.381431342,0.994,0.957,0.00873695
S1,PDE7B,1.93E-07,0.306987243,0.621,0.425,0.009706396
S1,SATB2,2.17E-07,0.2815636,0.994,0.98,0.010931706
S1,TPK1,3.09E-06,0.358406974,0.933,0.882,0.155291054
S1,CALM2,6.16E-06,0.252899051,0.996,0.979,0.309708991
S1,LOC105373592,2.10E-05,0.268637681,0.606,0.528,1
S1,CALM1,4.30E-05,0.256467179,0.997,0.983,1
S1,EYS,0.000374165,0.723419561,0.788,0.74,1
S1,THSD4,0.000378572,0.481354769,0.736,0.672,1
S1,ITGA8,0.001565609,0.258328825,0.654,0.589,1
S1,SEMA6D,0.002060011,0.39410425,0.738,0.712,1
MTG,SLC24A2,1.40E-89,1.14908423,0.995,0.855,7.04E-85
MTG,RGS6,1.34E-84,1.31635713,0.992,0.796,6.76E-80
MTG,MARCH1,2.57E-80,1.003393168,0.958,0.63,1.29E-75
MTG,GRIK1,1.54E-69,1.31692347,0.863,0.453,7.72E-65
MTG,PDZD2,5.25E-68,0.892907364,0.986,0.963,2.64E-63
MTG,SORCS1,1.16E-62,0.6522059,0.998,0.987,5.82E-58
MTG,COL12A1,1.28E-58,0.729857414,0.96,0.566,6.43E-54
MTG,NELL1,1.38E-58,0.853882917,0.998,0.916,6.96E-54
MTG,LINC01122,7.84E-58,0.744909487,0.992,0.81,3.94E-53
MTG,GPM6B,1.17E-56,0.486536833,0.998,0.993,5.86E-52
MTG,HTR1F,2.09E-56,0.974303613,0.843,0.352,1.05E-51
MTG,KLHL14,3.79E-55,0.386447384,0.702,0.218,1.90E-50
MTG,OLFM3,1.75E-54,0.542264479,0.998,0.986,8.82E-50
MTG,BICC1,2.11E-54,0.622134084,0.96,0.627,1.06E-49
MTG,SV2C,1.73E-53,0.600039764,0.966,0.555,8.69E-49
MTG,CNTN5,3.02E-53,0.948174388,0.974,0.834,1.52E-48
MTG,FREM2,4.42E-53,0.50953943,0.537,0.095,2.22E-48
MTG,BCL11A,1.45E-52,0.569226199,0.967,0.801,7.31E-48
MTG,EYA4,8.22E-51,0.655946178,0.866,0.353,4.13E-46
MTG,SEMA3D,8.42E-51,0.583193706,0.919,0.529,4.24E-46
MTG,LOC105378209,5.16E-50,0.489504516,0.745,0.241,2.59E-45
MTG,B3GALTL,4.49E-47,0.56405156,0.97,0.833,2.26E-42
MTG,TMOD1,8.67E-46,0.444984393,0.847,0.519,4.36E-41
MTG,GRM1,2.63E-45,0.608904571,0.991,0.776,1.32E-40
MTG,DOCK6,4.62E-44,0.291967017,0.665,0.245,2.32E-39
MTG,HTR2C,5.00E-43,0.981868509,0.621,0.204,2.52E-38
MTG,SLC44A5,3.77E-42,0.646432319,0.908,0.592,1.89E-37
MTG,BRINP2,7.04E-41,0.450208169,0.966,0.862,3.54E-36
MTG,KCNQ3,5.23E-39,0.467320043,1,0.995,2.63E-34
MTG,UNC5C,3.02E-38,0.508700898,0.998,0.967,1.52E-33
MTG,SYNJ2,7.00E-38,0.45097305,0.97,0.812,3.52E-33
MTG,NPAS3,3.76E-37,0.628641332,0.977,0.835,1.89E-32
MTG,NTNG1,4.21E-37,0.383469866,0.997,0.987,2.12E-32
MTG,LOC105378334,5.63E-37,1.036523233,0.83,0.588,2.83E-32
MTG,IPCEF1,1.96E-36,0.495882908,0.9,0.723,9.85E-32
MTG,FMNL2,3.15E-36,0.394554345,1,0.995,1.59E-31
MTG,CA10,4.27E-36,0.600071938,0.91,0.537,2.15E-31
MTG,ADGRL2,4.30E-36,0.494604667,1,0.969,2.16E-31
MTG,RANBP17,4.68E-36,0.426621967,0.966,0.785,2.35E-31
MTG,NTM,9.62E-36,0.466818676,1,1,4.83E-31
MTG,FAM19A1,1.59E-35,0.338429678,1,1,7.99E-31
MTG,IL1RAPL1,5.81E-35,0.410012371,1,0.999,2.92E-30
MTG,LOC100132891,6.51E-35,0.500302332,0.931,0.744,3.27E-30
MTG,TSHZ3,2.31E-34,0.43921785,0.955,0.811,1.16E-29
MTG,VSNL1,3.36E-34,0.410928376,1,0.993,1.69E-29
MTG,EPHA5,3.97E-34,0.523935522,0.989,0.956,1.99E-29
MTG,ADGRL3,5.78E-34,0.370367033,1,0.998,2.90E-29
MTG,CADPS2,1.13E-33,0.65764513,0.995,0.841,5.70E-29
MTG,GRM8,2.41E-33,0.371842234,0.998,0.996,1.21E-28
MTG,LOC101927587,2.67E-33,0.639086743,0.877,0.642,1.34E-28
MTG,FRAS1,3.33E-33,0.497734942,0.998,0.98,1.67E-28
MTG,ZMAT4,4.16E-33,0.376850889,0.998,0.98,2.09E-28
MTG,TMEM178B,5.23E-33,0.403781104,0.998,0.995,2.63E-28
MTG,PRKD1,9.11E-33,0.578932159,0.978,0.795,4.58E-28
MTG,LDB2,1.61E-32,0.286320476,1,0.999,8.08E-28
MTG,GULP1,1.16E-31,0.428640983,0.994,0.949,5.84E-27
MTG,LINC01105,2.05E-31,0.276093376,0.679,0.269,1.03E-26
MTG,PDE4B,5.77E-31,0.626947457,0.995,0.936,2.90E-26
MTG,FHAD1,5.86E-31,0.252396965,0.704,0.341,2.95E-26
MTG,LHFP,2.59E-30,0.477604139,0.992,0.971,1.30E-25
MTG,EXT1,4.31E-30,0.391266525,1,0.994,2.17E-25
MTG,KCNN2,8.38E-30,0.370481966,1,0.996,4.21E-25
MTG,TENM4,2.26E-29,0.406403124,0.998,0.969,1.14E-24
MTG,DGKH,2.87E-29,0.412895184,0.998,0.969,1.44E-24
MTG,GABRB1,3.25E-29,0.405283339,1,0.975,1.63E-24
MTG,UST,4.35E-29,0.369756784,0.679,0.344,2.19E-24
MTG,DIAPH2,1.77E-28,0.377011472,0.998,0.986,8.90E-24
MTG,SEC24D,4.58E-28,0.395865652,0.955,0.879,2.30E-23
MTG,RIT2,5.60E-28,0.457237394,0.994,0.986,2.81E-23
MTG,KCTD1,9.18E-28,0.381543578,0.998,0.983,4.61E-23
MTG,APBA2,8.01E-27,0.286457345,0.998,0.994,4.03E-22
MTG,PARD3,2.40E-26,0.906047614,0.583,0.296,1.20E-21
MTG,TTC6,8.02E-26,0.300287113,0.442,0.154,4.03E-21
MTG,OTOGL,1.54E-25,0.520521881,0.897,0.693,7.74E-21
MTG,CDH22,3.62E-25,0.308487187,0.989,0.934,1.82E-20
MTG,GAS7,6.77E-25,0.413921342,0.981,0.913,3.40E-20
MTG,ST5,1.12E-24,0.320234609,0.869,0.675,5.65E-20
MTG,COL11A1,1.19E-24,0.259978711,0.891,0.491,5.99E-20
MTG,UTRN,1.43E-24,0.742984227,0.936,0.765,7.19E-20
MTG,ERG,2.13E-24,0.627503256,0.864,0.652,1.07E-19
MTG,PLB1,2.32E-24,0.351870132,0.604,0.328,1.17E-19
MTG,ESRRG,3.28E-24,0.30157831,1,0.998,1.65E-19
MTG,KLF12,3.59E-24,0.47745451,0.96,0.719,1.80E-19
MTG,PLXDC2,3.79E-24,0.645886367,0.977,0.783,1.90E-19
MTG,IQSEC1,3.89E-24,0.309119621,1,0.998,1.96E-19
MTG,OSBPL1A,4.07E-24,0.298195209,0.992,0.988,2.04E-19
MTG,KCNN3,6.38E-24,0.310441196,0.65,0.346,3.21E-19
MTG,NDST3,8.04E-24,0.358903116,1,0.976,4.04E-19
MTG,EDIL3,1.16E-23,0.298196528,0.905,0.722,5.84E-19
MTG,PHACTR3,1.22E-23,0.367963445,0.991,0.974,6.14E-19
MTG,PCP4L1,1.99E-23,0.250613779,0.815,0.521,1.00E-18
MTG,LOC105372487,3.48E-23,0.252839119,0.81,0.558,1.75E-18
MTG,MBNL2,4.15E-23,0.31328986,1,0.99,2.09E-18
MTG,CREB5,6.03E-23,0.345346887,0.917,0.734,3.03E-18
MTG,RIN2,8.93E-23,0.274302573,0.678,0.357,4.49E-18
MTG,DCLK2,9.91E-23,0.291351853,0.991,0.972,4.98E-18
MTG,MYO1E,2.38E-22,0.346017072,0.787,0.522,1.20E-17
MTG,SERPINE2,4.36E-22,0.371022414,0.925,0.702,2.19E-17
MTG,ERC2,5.24E-22,0.302990617,1,0.996,2.63E-17
MTG,ETS2,1.46E-21,0.288002244,0.928,0.792,7.33E-17
MTG,SULF2,1.74E-21,0.318951041,0.994,0.952,8.74E-17
MTG,LOC105375988,3.01E-21,0.296307587,0.678,0.377,1.52E-16
MTG,MAPK4,4.72E-21,0.301675617,0.981,0.928,2.37E-16
MTG,COL21A1,1.37E-20,0.464298522,0.983,0.733,6.89E-16
MTG,ST6GALNAC3,2.73E-20,0.293528329,0.991,0.943,1.37E-15
MTG,SYN3,5.63E-20,0.358803464,0.944,0.707,2.83E-15
MTG,DLC1,6.44E-20,0.257325142,0.998,0.985,3.24E-15
MTG,SCN9A,7.67E-20,0.296350567,0.735,0.502,3.86E-15
MTG,NR3C1,2.23E-19,0.254730626,0.995,0.973,1.12E-14
MTG,SSBP3,2.78E-19,0.315278108,0.994,0.964,1.40E-14
MTG,KCNH1,3.15E-19,0.269634895,0.994,0.968,1.58E-14
MTG,AK5,4.65E-19,0.316886503,0.994,0.975,2.34E-14
MTG,STARD13,5.13E-19,0.383576169,0.805,0.628,2.58E-14
MTG,CACNG3,5.56E-19,0.255857169,0.995,0.987,2.80E-14
MTG,MBP,5.92E-19,0.26645466,0.886,0.632,2.98E-14
MTG,RNF152,8.26E-19,0.327454146,0.952,0.805,4.15E-14
MTG,CDH4,8.27E-19,0.250857754,0.854,0.664,4.16E-14
MTG,SHC3,1.02E-18,0.281566828,0.997,0.991,5.11E-14
MTG,CDH20,1.38E-18,0.39585791,0.997,0.99,6.96E-14
MTG,ITPR2,1.46E-18,0.436115564,0.953,0.84,7.34E-14
MTG,ZNF462,1.82E-18,0.279375489,0.804,0.573,9.17E-14
MTG,SORCS3,9.88E-18,0.367965872,0.989,0.867,4.97E-13
MTG,SYT2,1.20E-17,0.256694455,0.877,0.66,6.03E-13
MTG,RARB,2.15E-17,0.25760366,0.667,0.437,1.08E-12
MTG,UNC13B,3.57E-17,0.276917491,0.975,0.932,1.79E-12
MTG,PGM5P2,3.76E-17,0.265661786,0.762,0.549,1.89E-12
MTG,LOC105373592,4.22E-17,0.686297893,0.71,0.524,2.12E-12
MTG,RASGRF1,7.33E-17,0.258476207,0.994,0.954,3.69E-12
MTG,CABP1,8.88E-17,0.25962021,1,0.999,4.46E-12
MTG,MKX,1.03E-16,0.26149802,0.808,0.647,5.16E-12
MTG,FAM49A,3.56E-16,0.257547438,0.991,0.951,1.79E-11
MTG,ATP2B2,4.53E-16,0.252731676,1,0.996,2.28E-11
MTG,EPHA6,6.48E-16,0.401766292,1,0.997,3.26E-11
MTG,XIST,8.53E-16,0.812791959,0.439,0.259,4.29E-11
MTG,PLXNA2,8.59E-16,0.286343135,0.917,0.801,4.32E-11
MTG,LOC101928792,1.28E-15,0.267038096,0.343,0.105,6.44E-11
MTG,SLIT1,2.53E-15,0.255766169,0.988,0.925,1.27E-10
MTG,LOC105371308,2.89E-15,0.332060419,0.509,0.316,1.46E-10
MTG,GPR137C,4.77E-15,0.260815602,0.964,0.883,2.40E-10
MTG,COL26A1,5.98E-15,0.271145742,0.981,0.924,3.01E-10
MTG,PCDH9,7.35E-15,0.263425132,1,0.992,3.70E-10
MTG,SYNPO2,1.69E-14,0.272574854,0.969,0.959,8.52E-10
MTG,CELF4,1.76E-14,0.25121627,0.992,0.97,8.85E-10
MTG,LRRK1,2.21E-14,0.273274015,0.984,0.949,1.11E-09
MTG,LINC00457,3.48E-14,0.297653264,0.53,0.347,1.75E-09
MTG,CHST8,3.60E-14,0.254243837,0.98,0.935,1.81E-09
MTG,AGBL1,1.51E-13,0.483091031,0.706,0.499,7.62E-09
MTG,GABRG3,3.18E-13,0.415475986,0.991,0.92,1.60E-08
MTG,RXFP2,6.48E-13,0.270777665,0.179,0.042,3.26E-08
MTG,PTCHD1-AS,8.23E-13,0.260027069,0.995,0.994,4.14E-08
MTG,LOC101928095,9.84E-13,0.263785743,0.972,0.939,4.95E-08
MTG,LOC105373893,1.33E-12,0.350372056,0.815,0.616,6.67E-08
MTG,CSGALNACT1,1.49E-12,0.27619322,0.95,0.823,7.47E-08
MTG,SEZ6L,1.52E-12,0.333345079,0.998,0.969,7.64E-08
MTG,NEK10,2.72E-12,0.258259484,0.994,0.98,1.37E-07
MTG,DPP10,3.19E-12,0.298680862,1,1,1.60E-07
MTG,SNCA,1.43E-11,0.25764022,0.986,0.929,7.21E-07
MTG,POU6F2,1.83E-10,0.439046013,0.555,0.381,9.18E-06
MTG,L3MBTL4,8.82E-10,0.363706264,0.69,0.553,4.44E-05
MTG,GREB1L,3.92E-09,0.303049826,0.681,0.526,0.000197236
MTG,CALCRL,3.42E-08,0.297066501,0.238,0.118,0.001719526
MTG,INPP4B,4.13E-08,0.502768557,0.956,0.925,0.002075146
MTG,PTPRG,2.06E-05,0.292295132,0.974,0.942,1
MTG,COX1,0.003812888,0.358841039,0.754,0.84,1
A1,FAM160A1,4.54E-82,0.962448251,0.86,0.35,2.29E-77
A1,RGS6,2.23E-77,1.582142995,0.989,0.801,1.12E-72
A1,HTR1F,3.60E-74,1.272473182,0.906,0.36,1.81E-69
A1,ERG,1.51E-72,1.232651836,0.964,0.651,7.60E-68
A1,LHFP,2.49E-56,0.782041883,0.998,0.971,1.25E-51
A1,HTR2C,1.99E-51,1.195036409,0.71,0.208,1.00E-46
A1,STXBP6,3.96E-49,0.838616145,0.755,0.325,1.99E-44
A1,EYA4,5.05E-49,0.659649612,0.864,0.365,2.54E-44
A1,COL12A1,2.33E-48,0.673167387,0.953,0.575,1.17E-43
A1,MARCH1,2.46E-48,1.272467689,0.893,0.641,1.24E-43
A1,SPAG6,2.31E-47,0.330250993,0.695,0.212,1.16E-42
A1,BICC1,3.92E-47,0.660467119,0.891,0.638,1.97E-42
A1,TMOD1,8.57E-45,0.479060944,0.844,0.526,4.31E-40
A1,SORCS1,1.99E-43,0.58860807,0.998,0.988,9.99E-39
A1,SV2C,2.06E-41,0.524114057,0.94,0.566,1.04E-36
A1,BMPR1B,3.32E-39,0.552127954,0.561,0.164,1.67E-34
A1,LINC00457,4.85E-39,0.871197466,0.699,0.342,2.44E-34
A1,SYNJ2,1.42E-35,0.461657512,0.967,0.816,7.12E-31
A1,PLXDC2,2.39E-34,0.807639195,0.944,0.789,1.20E-29
A1,FOXO1,2.76E-34,0.350408704,0.488,0.146,1.39E-29
A1,C16orf52,9.66E-34,0.397677229,0.998,0.979,4.86E-29
A1,LINC01122,1.48E-33,0.583896193,0.947,0.816,7.46E-29
A1,CADPS2,6.05E-32,0.666029744,0.998,0.844,3.04E-27
A1,VSNL1,6.20E-32,0.393327019,1,0.993,3.12E-27
A1,B3GALTL,1.71E-31,0.476897717,0.969,0.836,8.58E-27
A1,GALNT18,3.14E-31,0.494348072,0.904,0.727,1.58E-26
A1,ONECUT1,5.41E-31,0.331981378,0.374,0.054,2.72E-26
A1,ESRRG,7.02E-30,0.413217353,1,0.998,3.53E-25
A1,GNA14,1.28E-29,0.589659819,0.791,0.467,6.42E-25
A1,UNC13B,1.56E-29,0.407960164,0.978,0.933,7.87E-25
A1,PDE4B,1.86E-28,0.744883928,0.989,0.937,9.36E-24
A1,SLC38A11,3.37E-28,0.418016937,0.586,0.245,1.70E-23
A1,PHLPP1,4.35E-28,0.346614709,0.98,0.891,2.19E-23
A1,KLF12,2.07E-27,0.533384618,0.947,0.725,1.04E-22
A1,ATP10A,8.64E-27,0.34818595,0.873,0.518,4.35E-22
A1,SWAP70,2.46E-26,0.277201027,0.889,0.676,1.24E-21
A1,SH3D19,4.53E-26,0.365750974,0.991,0.964,2.28E-21
A1,NELL1,4.83E-26,0.547669294,0.98,0.919,2.43E-21
A1,KCNH1,6.72E-26,0.482376859,0.996,0.969,3.38E-21
A1,LOC105377484,1.88E-25,0.385475969,0.935,0.809,9.47E-21
A1,CDH20,2.44E-25,0.479667128,1,0.99,1.23E-20
A1,GPM6B,3.05E-25,0.330962117,1,0.993,1.54E-20
A1,UTRN,5.03E-25,1.047064471,0.893,0.771,2.53E-20
A1,LOC105370158,6.00E-25,0.435256087,0.588,0.281,3.02E-20
A1,TENM4,1.23E-24,0.474410393,0.996,0.97,6.21E-20
A1,TTC6,2.08E-24,0.287892631,0.445,0.161,1.05E-19
A1,TMEM178B,2.84E-24,0.343657278,1,0.995,1.43E-19
A1,ARID1B,8.69E-24,0.293125145,1,0.994,4.37E-19
A1,SYT2,1.61E-23,0.379692518,0.935,0.661,8.10E-19
A1,SCN9A,1.65E-23,0.497745814,0.737,0.507,8.29E-19
A1,CHN1,2.86E-23,0.298338148,1,0.997,1.44E-18
A1,FMNL2,7.70E-23,0.321311012,1,0.995,3.87E-18
A1,GSE1,9.32E-23,0.341524589,0.978,0.884,4.69E-18
A1,CDK6,1.15E-22,0.345968929,0.987,0.935,5.79E-18
A1,PARD3,1.62E-22,0.706888687,0.552,0.304,8.16E-18
A1,FAM189A2,2.62E-22,0.296476401,0.37,0.086,1.32E-17
A1,MAMDC2,2.81E-22,0.299042769,0.862,0.62,1.41E-17
A1,UNC5C,7.14E-22,0.421814748,1,0.968,3.59E-17
A1,PCDH9,8.75E-22,0.463193972,1,0.992,4.40E-17
A1,ERC2,8.81E-22,0.393979105,1,0.996,4.43E-17
A1,INPP4B,1.51E-21,0.82079799,0.96,0.925,7.59E-17
A1,ALCAM,3.45E-21,0.418720259,0.958,0.856,1.73E-16
A1,ZNF462,1.94E-20,0.368302185,0.775,0.579,9.75E-16
A1,MBP,6.34E-20,0.295742824,0.855,0.639,3.19E-15
A1,MBNL2,6.89E-20,0.301561087,1,0.991,3.46E-15
A1,KCTD8,8.00E-20,0.461659827,0.71,0.452,4.02E-15
A1,LOC105370822,1.61E-19,0.328776122,0.403,0.128,8.10E-15
A1,SEMA6A,5.13E-19,0.321285834,0.969,0.863,2.58E-14
A1,FAM19A1,5.61E-19,0.271132812,1,1,2.82E-14
A1,IL1RAPL1,9.66E-19,0.300637728,1,0.999,4.86E-14
A1,SH3PXD2A,2.99E-18,0.307436275,0.989,0.959,1.51E-13
A1,CALCRL,3.92E-18,0.458218449,0.345,0.115,1.97E-13
A1,PPM1H,4.27E-18,0.252498685,0.987,0.932,2.15E-13
A1,CNTNAP5,4.34E-18,0.370916041,1,1,2.18E-13
A1,LOC102724782,5.84E-18,0.276767886,0.982,0.909,2.93E-13
A1,PHYHIPL,8.86E-18,0.275719614,0.984,0.942,4.46E-13
A1,SLC44A5,9.91E-18,0.78023856,0.773,0.606,4.98E-13
A1,TRHDE,3.69E-17,0.588247583,0.499,0.249,1.85E-12
A1,ELL2,5.10E-17,0.374481396,0.969,0.89,2.57E-12
A1,KIF13A,5.71E-17,0.355116283,0.875,0.71,2.87E-12
A1,ITPR2,8.49E-17,0.521955367,0.949,0.843,4.27E-12
A1,DCLK2,9.30E-17,0.278583565,0.993,0.972,4.67E-12
A1,MYO1E,1.67E-16,0.335617739,0.753,0.53,8.40E-12
A1,LOC101928923,1.88E-16,0.611470411,0.842,0.621,9.45E-12
A1,GPR137C,1.96E-16,0.313813979,0.971,0.884,9.83E-12
A1,SYN3,2.23E-16,0.320573986,0.931,0.713,1.12E-11
A1,RANBP17,2.93E-16,0.331319641,0.955,0.79,1.47E-11
A1,GAS7,6.19E-16,0.258930975,0.976,0.915,3.11E-11
A1,CUX2,9.54E-16,0.548582586,0.421,0.193,4.80E-11
A1,EXT1,2.75E-15,0.300732962,1,0.994,1.38E-10
A1,NCALD,4.06E-15,0.565786872,0.579,0.364,2.04E-10
A1,PTPN4,4.06E-15,0.25781234,0.998,0.987,2.04E-10
A1,DGKH,4.68E-15,0.262240895,0.996,0.97,2.35E-10
A1,EPHA5,6.48E-15,0.383555336,0.993,0.957,3.26E-10
A1,GRM1,7.92E-15,0.388429985,0.94,0.784,3.98E-10
A1,NEGR1,8.67E-15,0.292781993,1,0.999,4.36E-10
A1,RERG,2.80E-14,0.319731871,0.869,0.682,1.41E-09
A1,RFC3,3.73E-14,0.277777212,0.835,0.635,1.87E-09
A1,RIT2,3.95E-14,0.369432209,1,0.986,1.99E-09
A1,APBA1,4.60E-14,0.274639672,0.996,0.95,2.31E-09
A1,INADL,6.40E-14,0.286281875,0.991,0.97,3.22E-09
A1,SLC12A8,8.95E-14,0.257766876,0.851,0.656,4.50E-09
A1,CNTN5,1.29E-13,0.501121545,0.94,0.839,6.47E-09
A1,ATP2B2,2.08E-13,0.26321553,1,0.996,1.04E-08
A1,SNCA,2.49E-13,0.279758781,0.978,0.931,1.25E-08
A1,MGAT5,4.16E-13,0.323090533,0.989,0.959,2.09E-08
A1,TSHZ3,4.91E-13,0.308682947,0.904,0.817,2.47E-08
A1,CREB5,1.17E-12,0.265659525,0.891,0.74,5.87E-08
A1,PARM1,1.42E-12,0.326968441,0.88,0.739,7.14E-08
A1,LOC105377699,2.38E-12,0.593411498,0.465,0.236,1.19E-07
A1,LPP,2.49E-12,0.318393703,1,0.991,1.25E-07
A1,HS6ST3,3.04E-12,0.687801989,0.991,0.962,1.53E-07
A1,BRINP2,7.19E-12,0.270246928,0.944,0.865,3.62E-07
A1,RNF152,1.88E-11,0.302541085,0.938,0.809,9.46E-07
A1,NTNG1,2.96E-11,0.298899383,0.998,0.987,1.49E-06
A1,GREB1L,3.65E-11,0.295338681,0.71,0.528,1.83E-06
A1,GRIK1,6.09E-11,0.343824118,0.641,0.475,3.06E-06
A1,BRINP1,1.05E-10,0.284117798,0.991,0.955,5.30E-06
A1,ENC1,1.59E-10,0.257555181,0.989,0.952,8.00E-06
A1,EDIL3,1.96E-10,0.277709546,0.902,0.727,9.85E-06
A1,RASGRF2,5.14E-10,0.350247296,0.942,0.872,2.58E-05
A1,GULP1,5.48E-10,0.330863794,0.993,0.95,2.76E-05
A1,SERPINE2,2.15E-09,0.290064718,0.817,0.713,0.000108058
A1,NTM,2.25E-09,0.255298025,1,1,0.000113336
A1,LOC101929680,2.47E-09,0.284095193,0.938,0.843,0.000124426
A1,FAM19A2,4.33E-09,0.417753992,0.831,0.715,0.000217763
A1,LOC105373592,4.67E-09,0.552898467,0.693,0.529,0.000234685
A1,XIST,9.67E-09,0.722002629,0.408,0.264,0.000486102
A1,CA10,2.41E-08,0.518339002,0.668,0.559,0.001210102
A1,PDE3A,2.57E-08,0.280956699,0.55,0.415,0.001291807
A1,PCDH9-AS2,3.67E-08,0.264729639,0.82,0.661,0.001843277
A1,PDZD2,3.02E-07,0.423525789,0.978,0.964,0.015169625
A1,PLD5,6.36E-07,0.302952646,0.639,0.522,0.031972364
A1,PTPRG,7.12E-07,0.314956621,0.98,0.943,0.035780226
A1,PHACTR2,9.45E-07,0.283927547,0.795,0.674,0.047507511
A1,FRAS1,5.68E-05,0.329734631,0.984,0.981,1
A1,LOC105378334,0.000105949,0.526945148,0.702,0.601,1
A1,STARD13,0.00026269,0.250840704,0.748,0.635,1
A1,PCDH11X,0.000501352,0.321347577,0.621,0.513,1
A1,CALM2,0.000842617,0.289224227,0.991,0.98,1
A1,POU6F2,0.000983031,0.2720018,0.488,0.389,1
AnG,LOC105378209,1.08E-46,0.586555665,0.871,0.267,5.42E-42
AnG,GRIK1,1.99E-46,1.275166383,0.923,0.475,1.00E-41
AnG,SLC24A2,1.39E-45,1.218575849,0.994,0.863,6.99E-41
AnG,EYA4,5.79E-40,0.981072252,0.955,0.38,2.91E-35
AnG,CADPS2,1.21E-36,1.107462962,1,0.849,6.09E-32
AnG,LINC01105,5.12E-34,0.329643811,0.8,0.289,2.58E-29
AnG,VSNL1,2.49E-30,0.670018995,1,0.993,1.25E-25
AnG,LOC105375988,5.51E-30,0.499812187,0.819,0.391,2.77E-25
AnG,SV2C,6.68E-30,0.654751932,0.994,0.578,3.36E-25
AnG,ADGRL2,4.10E-28,0.690447005,1,0.97,2.06E-23
AnG,PCDH11Y,2.38E-27,0.883906622,0.955,0.574,1.19E-22
AnG,RGS6,7.25E-27,1.061249874,0.987,0.807,3.65E-22
AnG,PCP4L1,1.32E-25,0.389660785,0.916,0.536,6.61E-21
AnG,LOC101927880,2.40E-25,0.30272823,0.639,0.23,1.20E-20
AnG,NELL1,2.50E-25,0.798623795,1,0.921,1.26E-20
AnG,CHN1,4.28E-25,0.512936258,1,0.997,2.15E-20
AnG,LINC01122,7.35E-25,0.579220725,0.994,0.82,3.69E-20
AnG,ITPR2,1.29E-24,0.772131451,1,0.846,6.50E-20
AnG,SRPK1,2.73E-24,0.533660202,1,0.966,1.37E-19
AnG,LOC101927587,3.10E-24,0.793924713,0.942,0.654,1.56E-19
AnG,LRP4,5.40E-24,0.639199762,0.961,0.837,2.71E-19
AnG,DOCK6,7.76E-24,0.264977102,0.645,0.269,3.90E-19
AnG,MYO1E,8.86E-24,0.682625664,0.858,0.535,4.46E-19
AnG,COL12A1,3.13E-23,0.576285084,0.929,0.588,1.57E-18
AnG,SLC44A5,1.18E-22,0.740193897,0.942,0.609,5.92E-18
AnG,NTNG1,2.56E-21,0.548745148,1,0.987,1.29E-16
AnG,SEMA3D,7.76E-21,0.451407612,0.916,0.551,3.90E-16
AnG,LOC105378334,1.86E-20,1.162649822,0.852,0.602,9.35E-16
AnG,SORCS1,3.92E-20,0.527951985,1,0.988,1.97E-15
AnG,LOC105369279,5.38E-20,0.268086875,0.703,0.304,2.70E-15
AnG,HTR1F,3.96E-19,0.763518896,0.768,0.381,1.99E-14
AnG,MARCH1,6.85E-19,0.525201067,0.955,0.648,3.44E-14
AnG,PARD3,1.29E-18,0.816868524,0.658,0.311,6.49E-14
AnG,NTM,2.04E-18,0.468470203,1,1,1.03E-13
AnG,LOC105370559,2.35E-18,0.278597338,0.645,0.238,1.18E-13
AnG,BRINP2,2.84E-18,0.434236454,0.994,0.867,1.43E-13
AnG,GULP1,3.34E-18,0.54454545,1,0.951,1.68E-13
AnG,B3GALTL,4.69E-18,0.390242367,0.981,0.841,2.36E-13
AnG,OLFM3,5.87E-18,0.405331892,1,0.987,2.95E-13
AnG,OSBPL1A,1.82E-17,0.332763922,1,0.988,9.15E-13
AnG,LOC102724923,2.37E-17,0.355303218,0.91,0.644,1.19E-12
AnG,UTRN,2.47E-17,0.755759437,0.981,0.774,1.24E-12
AnG,BCL11A,3.73E-17,0.383221939,0.981,0.81,1.88E-12
AnG,FREM2,6.20E-17,0.3462505,0.426,0.122,3.12E-12
AnG,PEBP1,1.13E-16,0.689196463,0.981,0.89,5.69E-12
AnG,NPAS3,1.18E-16,0.416407347,0.974,0.843,5.96E-12
AnG,KCTD8,1.60E-16,0.461326679,0.871,0.458,8.03E-12
AnG,NFATC2,3.75E-16,0.283143797,0.69,0.348,1.88E-11
AnG,SPARCL1,3.97E-16,0.595235154,1,0.972,2.00E-11
AnG,SWAP70,5.61E-16,0.27665394,0.897,0.683,2.82E-11
AnG,CALM2,6.02E-16,0.612761266,0.994,0.981,3.03E-11
AnG,OPRM1,1.64E-15,0.28490011,0.716,0.373,8.25E-11
AnG,SYT2,1.89E-15,0.395447022,0.948,0.671,9.51E-11
AnG,PLXDC2,2.48E-15,0.679390597,1,0.794,1.25E-10
AnG,ECM1,2.58E-15,0.261410775,0.774,0.421,1.30E-10
AnG,DDX24,2.94E-15,0.36845091,0.974,0.886,1.48E-10
AnG,VAV3,4.42E-15,0.465417208,0.684,0.313,2.22E-10
AnG,INA,4.42E-15,0.300288586,0.897,0.677,2.22E-10
AnG,TMEM14A,4.49E-15,0.334771887,0.981,0.927,2.26E-10
AnG,SPECC1,5.17E-15,0.329536718,1,0.991,2.60E-10
AnG,CA10,5.32E-15,0.412485723,0.942,0.557,2.68E-10
AnG,KLF12,5.73E-15,0.5270337,0.968,0.732,2.88E-10
AnG,LOC102723370,6.04E-15,0.252970584,0.452,0.15,3.04E-10
AnG,CDKN2B-AS1,9.95E-15,0.296605104,0.335,0.093,5.00E-10
AnG,GNG3,1.03E-14,0.423595751,0.865,0.589,5.19E-10
AnG,NAP1L1,1.17E-14,0.322222704,0.987,0.982,5.86E-10
AnG,LOC105374518,1.33E-14,0.367200454,0.897,0.684,6.70E-10
AnG,AP1S2,1.54E-14,0.359763021,0.858,0.622,7.72E-10
AnG,C11orf87,1.91E-14,0.257395828,0.942,0.811,9.62E-10
AnG,LOC105370247,2.11E-14,0.271154922,0.742,0.43,1.06E-09
AnG,PRKAR2B,2.29E-14,0.329237175,0.987,0.915,1.15E-09
AnG,ARL4C,2.84E-14,0.284195922,0.865,0.578,1.43E-09
AnG,SORL1,2.91E-14,0.286013059,0.994,0.992,1.46E-09
AnG,MAMDC2,3.17E-14,0.292628257,0.935,0.627,1.59E-09
AnG,GPM6B,3.20E-14,0.365035861,1,0.993,1.61E-09
AnG,LOC102724058,3.29E-14,0.302948899,0.839,0.559,1.65E-09
AnG,SHC3,3.87E-14,0.342969521,1,0.991,1.95E-09
AnG,TRPM3,3.96E-14,0.604281383,0.923,0.746,1.99E-09
AnG,SNCG,4.64E-14,0.569828995,0.955,0.808,2.33E-09
AnG,CCDC91,4.65E-14,0.340697891,0.994,0.982,2.34E-09
AnG,LOC105375175,5.59E-14,0.26390518,0.471,0.154,2.81E-09
AnG,LOC105377632,5.70E-14,0.265249871,0.6,0.284,2.87E-09
AnG,BICC1,5.77E-14,0.289942428,0.89,0.647,2.90E-09
AnG,TMOD1,5.83E-14,0.373577151,0.819,0.538,2.93E-09
AnG,MBP,6.39E-14,0.347191863,0.948,0.645,3.21E-09
AnG,ADGRL3,7.18E-14,0.358501176,1,0.998,3.61E-09
AnG,PRKD1,9.82E-14,0.475365293,0.994,0.805,4.94E-09
AnG,LOC101929680,1.26E-13,0.504487724,0.961,0.846,6.32E-09
AnG,PIP5K1B,1.46E-13,0.379698405,1,0.829,7.32E-09
AnG,CNTN5,1.90E-13,0.537130943,0.948,0.842,9.57E-09
AnG,SNCB,2.14E-13,0.450875672,0.897,0.663,1.08E-08
AnG,FRAS1,2.26E-13,0.499094964,1,0.981,1.14E-08
AnG,UNC5C,3.16E-13,0.42292839,1,0.969,1.59E-08
AnG,LOC105369862,3.55E-13,0.301197086,0.916,0.728,1.78E-08
AnG,NGRN,4.14E-13,0.401756775,0.89,0.732,2.08E-08
AnG,ELL2,6.56E-13,0.335222499,0.974,0.892,3.30E-08
AnG,NAP1L5,8.92E-13,0.283730975,0.794,0.538,4.48E-08
AnG,LOC105379057,1.24E-12,0.339834812,0.832,0.504,6.24E-08
AnG,LOC105373893,1.53E-12,0.443663223,0.89,0.625,7.69E-08
AnG,EID1,1.98E-12,0.321630295,0.877,0.757,9.97E-08
AnG,RAPGEF5,2.21E-12,0.274171301,1,0.998,1.11E-07
AnG,COL19A1,2.61E-12,0.265573099,0.961,0.76,1.31E-07
AnG,LOC727925,3.77E-12,0.299665554,0.877,0.653,1.90E-07
AnG,C16orf52,4.43E-12,0.338621482,0.987,0.98,2.23E-07
AnG,PCDH9-AS2,5.16E-12,0.424890973,0.871,0.665,2.59E-07
AnG,SCN9A,6.65E-12,0.557304429,0.748,0.515,3.34E-07
AnG,CALM3,9.60E-12,0.564059295,0.981,0.923,4.83E-07
AnG,LOC105373592,1.11E-11,0.521196606,0.774,0.533,5.57E-07
AnG,ESRRG,1.26E-11,0.28296875,1,0.998,6.33E-07
AnG,NRN1,1.33E-11,0.272959825,0.948,0.793,6.70E-07
AnG,GRIA4,1.35E-11,0.320232934,0.916,0.621,6.78E-07
AnG,TSPAN5,1.53E-11,0.29656829,1,0.992,7.72E-07
AnG,NEFL,1.57E-11,0.543018107,0.948,0.866,7.89E-07
AnG,MAP1LC3A,1.67E-11,0.354263967,0.968,0.887,8.38E-07
AnG,CHCHD2,1.90E-11,0.29481992,0.852,0.621,9.56E-07
AnG,LOC102724782,1.96E-11,0.362969647,0.968,0.912,9.87E-07
AnG,CDK14,2.38E-11,0.335581086,1,0.993,1.20E-06
AnG,NGFRAP1,2.40E-11,0.368944608,0.968,0.885,1.20E-06
AnG,GRM1,2.43E-11,0.348552837,1,0.788,1.22E-06
AnG,MAP1A,2.64E-11,0.397631188,0.923,0.787,1.32E-06
AnG,UQCR10,3.16E-11,0.352181814,0.871,0.667,1.59E-06
AnG,ISCU,3.91E-11,0.417870632,0.948,0.845,1.97E-06
AnG,SLC5A4,4.12E-11,0.306093633,0.819,0.601,2.07E-06
AnG,CEND1,4.35E-11,0.448208617,0.961,0.855,2.19E-06
AnG,RNF152,5.46E-11,0.315127087,0.955,0.813,2.74E-06
AnG,UQCRH,6.53E-11,0.309791374,0.961,0.853,3.28E-06
AnG,CYCS,6.54E-11,0.334682825,0.942,0.814,3.29E-06
AnG,LOC105374516,8.00E-11,0.280892003,0.865,0.67,4.02E-06
AnG,HTR2C,8.07E-11,0.514693087,0.516,0.229,4.06E-06
AnG,ATP6V1F,8.14E-11,0.365520259,0.839,0.625,4.09E-06
AnG,NDST3,8.69E-11,0.308878497,1,0.978,4.37E-06
AnG,ADCY8,9.83E-11,0.282307842,0.955,0.757,4.94E-06
AnG,SAP18,1.11E-10,0.255664984,0.826,0.551,5.60E-06
AnG,PAK1,1.22E-10,0.283064618,1,0.984,6.12E-06
AnG,PIN1,2.18E-10,0.295743466,0.961,0.832,1.09E-05
AnG,EIF1B,2.21E-10,0.282756017,0.91,0.709,1.11E-05
AnG,LOC105375724,2.22E-10,0.325550189,0.916,0.8,1.11E-05
AnG,ATP6V0C,2.32E-10,0.374794905,0.961,0.84,1.17E-05
AnG,NEFM,2.33E-10,0.489469692,0.955,0.867,1.17E-05
AnG,NRGN,2.49E-10,0.468838279,0.994,0.991,1.25E-05
AnG,LRTM1,2.72E-10,0.27131496,0.897,0.743,1.37E-05
AnG,USP9Y,2.83E-10,0.307163531,0.987,0.717,1.42E-05
AnG,KTN1,3.32E-10,0.253077691,0.994,0.95,1.67E-05
AnG,GABARAP,6.01E-10,0.261127781,0.897,0.708,3.02E-05
AnG,FAM127A,6.54E-10,0.277583319,0.826,0.594,3.29E-05
AnG,NAPB,7.66E-10,0.278121785,0.948,0.872,3.85E-05
AnG,LHFP,1.06E-09,0.312551887,1,0.972,5.31E-05
AnG,EDIL3,1.09E-09,0.343521195,0.942,0.732,5.49E-05
AnG,HSP90AB1,1.10E-09,0.425525078,0.968,0.897,5.55E-05
AnG,RNF144A,1.39E-09,0.255295426,0.987,0.959,6.98E-05
AnG,LOC101929064,1.42E-09,0.288564936,0.942,0.793,7.16E-05
AnG,TPI1,1.51E-09,0.358691085,0.832,0.664,7.60E-05
AnG,RANBP17,1.55E-09,0.328943137,0.935,0.796,7.78E-05
AnG,PHACTR2,1.74E-09,0.300608993,0.858,0.677,8.73E-05
AnG,PFN2,1.76E-09,0.304453097,0.91,0.792,8.85E-05
AnG,BEX1,1.80E-09,0.365465346,0.916,0.809,9.03E-05
AnG,RGS4,1.90E-09,0.400659355,0.942,0.893,9.58E-05
AnG,CFL1,2.03E-09,0.374508436,0.865,0.651,0.000101959
AnG,ERG,2.21E-09,0.652625235,0.871,0.663,0.000110941
AnG,LOC101927280,2.32E-09,0.252599101,0.626,0.325,0.000116454
AnG,BEX2,2.39E-09,0.28485063,0.955,0.83,0.000120026
AnG,HERC2P2,2.47E-09,0.257955674,0.903,0.814,0.000124189
AnG,LOC105371832,2.49E-09,0.840149893,0.774,0.629,0.000125038
AnG,ALDOA,2.56E-09,0.393300428,0.968,0.796,0.000128872
AnG,ALDOC,2.66E-09,0.291290637,0.748,0.534,0.000133945
AnG,LOC105374529,2.70E-09,0.432826168,0.942,0.875,0.000135903
AnG,SRP14,2.96E-09,0.351805748,0.852,0.678,0.000149081
AnG,GABARAPL2,3.06E-09,0.283818534,0.858,0.646,0.000153675
AnG,EPHA5,3.31E-09,0.425484267,0.987,0.958,0.000166511
AnG,PHYHIPL,3.35E-09,0.263273424,0.974,0.944,0.000168312
AnG,CALM1,3.49E-09,0.545605542,1,0.985,0.000175672
AnG,TOMM20,3.80E-09,0.297838961,0.935,0.833,0.000190928
AnG,SEPW1,3.82E-09,0.402069348,0.961,0.911,0.000191995
AnG,LOC105374524,4.90E-09,0.250222541,0.31,0.116,0.000246221
AnG,YPEL3,5.28E-09,0.31397556,0.923,0.84,0.000265682
AnG,MALAT1,5.36E-09,0.361033036,1,1,0.000269502
AnG,SEC24D,5.43E-09,0.25304444,0.948,0.884,0.000273195
AnG,UTY,5.72E-09,0.292644045,0.974,0.705,0.00028758
AnG,KCNQ3,8.28E-09,0.251605673,1,0.995,0.000416173
AnG,NDRG4,1.07E-08,0.310347474,0.974,0.938,0.000539067
AnG,PTCHD1-AS,1.37E-08,0.26018305,1,0.994,0.000690338
AnG,IL1RAPL1,1.55E-08,0.268283319,1,0.999,0.000779806
AnG,NHP2L1,1.86E-08,0.254483508,0.877,0.681,0.000934805
AnG,NETO1,2.23E-08,0.361812398,0.961,0.804,0.001122728
AnG,ATP5B,2.26E-08,0.277622477,0.929,0.759,0.001135225
AnG,DPP10-AS3,2.35E-08,0.275366175,0.794,0.582,0.001182096
AnG,FTH1,2.42E-08,0.483559089,0.994,0.961,0.001217385
AnG,ITM2B,2.48E-08,0.301289568,0.974,0.927,0.001246313
AnG,DIRAS1,2.51E-08,0.273280557,0.852,0.635,0.001260343
AnG,NME7,2.70E-08,0.271408451,1,0.988,0.001355431
AnG,GPX4,3.18E-08,0.341278802,0.871,0.67,0.001597266
AnG,SOD1,3.66E-08,0.299197814,0.897,0.782,0.001841541
AnG,MDH1,5.60E-08,0.266010919,0.974,0.953,0.002816367
AnG,YWHAG,5.95E-08,0.279358377,0.994,0.934,0.00299151
AnG,EPM2A,6.53E-08,0.306460588,0.961,0.839,0.003282758
AnG,LRRK1,6.83E-08,0.269719312,0.981,0.951,0.003433296
AnG,RMST,7.24E-08,0.322268199,0.316,0.12,0.003641378
AnG,PCP4,8.29E-08,0.276773031,0.91,0.744,0.004167411
AnG,KCNN2,8.81E-08,0.258180249,1,0.996,0.004428279
AnG,FRMD5,9.46E-08,0.298458717,1,0.992,0.004754366
AnG,TRHDE,9.46E-08,0.414559725,0.51,0.257,0.004755169
AnG,GPR137C,1.06E-07,0.256147607,0.981,0.887,0.005333636
AnG,GAPDH,1.49E-07,0.448990659,0.961,0.868,0.007497442
AnG,SCN1B,1.60E-07,0.281660416,0.916,0.755,0.008046236
AnG,WBP2,1.70E-07,0.280769572,0.794,0.613,0.00852464
AnG,VAMP2,1.84E-07,0.368964322,0.968,0.933,0.009236745
AnG,LOC101927756,1.85E-07,0.263644761,0.897,0.758,0.009314597
AnG,SNCA,2.23E-07,0.297550812,0.987,0.932,0.011213679
AnG,RAB3A,2.33E-07,0.287952515,0.852,0.658,0.011693699
AnG,LOC101929278,2.37E-07,0.279863977,0.826,0.589,0.011904886
AnG,ATP6V0E2,3.81E-07,0.279742616,0.916,0.795,0.019156206
AnG,UBC,3.81E-07,0.320412271,0.897,0.744,0.019157355
AnG,GREB1L,4.53E-07,0.271502215,0.761,0.534,0.022772884
AnG,UBB,4.57E-07,0.266282638,0.819,0.644,0.022959503
AnG,EIF1,4.78E-07,0.277321094,0.929,0.816,0.024033869
AnG,CDH20,4.83E-07,0.323826747,1,0.99,0.024279223
AnG,TUBA1B,5.21E-07,0.428158803,0.981,0.941,0.02619987
AnG,LOC101928964,5.66E-07,0.412080272,0.903,0.715,0.028434968
AnG,GMCL1,8.50E-07,0.304186903,0.987,0.935,0.042734578
AnG,YWHAH,1.07E-06,0.29546779,0.968,0.92,0.053877512
AnG,CTNNA3,1.10E-06,0.295884797,0.961,0.899,0.055293433
AnG,EIF4A2,1.11E-06,0.285550567,0.961,0.893,0.05575127
AnG,IPCEF1,1.12E-06,0.35936622,0.89,0.734,0.056277708
AnG,NRG1,1.84E-06,0.266067313,1,1,0.092556833
AnG,CHCHD10,1.84E-06,0.269722884,0.942,0.861,0.092716232
AnG,RIT2,1.86E-06,0.263160048,1,0.986,0.093453468
AnG,HINT1,2.24E-06,0.265924018,0.91,0.837,0.112810166
AnG,OAZ1,2.35E-06,0.375892795,0.942,0.854,0.11802739
AnG,DYNLL1,2.64E-06,0.292600205,0.974,0.918,0.132980485
AnG,RCAN2,2.86E-06,0.271666434,0.994,0.983,0.143704142
AnG,SKP1,3.31E-06,0.263690383,0.903,0.816,0.166199187
AnG,AP2M1,3.38E-06,0.274445476,0.968,0.826,0.169988539
AnG,ATP5G3,4.88E-06,0.291379429,0.897,0.733,0.245604663
AnG,CALCRL,6.63E-06,0.611516565,0.284,0.124,0.333257483
AnG,ACTB,1.08E-05,0.399578031,0.935,0.846,0.545364644
AnG,PCDH9,1.09E-05,0.315341207,1,0.992,0.546849435
AnG,PDZD2,2.38E-05,0.327447813,0.987,0.964,1
AnG,THY1,2.41E-05,0.331523137,0.955,0.927,1
AnG,YWHAB,2.71E-05,0.336734121,0.948,0.903,1
AnG,GNA14,2.73E-05,0.373446835,0.716,0.48,1
AnG,CDH18,4.88E-05,0.536628762,1,0.993,1
AnG,ATP1B1,6.86E-05,0.251873818,0.987,0.984,1
AnG,POU6F2,7.30E-05,0.414934647,0.594,0.39,1
AnG,CKB,8.15E-05,0.409417431,0.994,0.955,1
AnG,LOC441242,0.000241227,0.251495099,0.981,0.938,1
AnG,GABRG3,0.000416938,0.255575388,1,0.924,1
AnG,UCHL1,0.00043725,0.299473145,0.981,0.955,1
AnG,STMN2,0.001039455,0.284829456,0.994,0.982,1
AnG,INPP4B,0.001468174,0.369067221,0.961,0.926,1
AnG,PDE4B,0.001965173,0.335413129,0.987,0.939,1
AnG,COX2,0.003552642,0.551329602,0.903,0.814,1
AnG,ND3,0.004219598,0.263215099,0.677,0.539,1
AnG,COX1,0.00795379,0.290777212,0.923,0.832,1
V1,TRHDE,5.72E-122,2.042695296,0.98,0.237,2.87E-117
V1,SLC44A5,1.39E-121,2.746731461,1,0.601,6.97E-117
V1,KCTD8,1.68E-121,2.339917951,0.997,0.447,8.47E-117
V1,LOC101929095,2.77E-114,3.549504311,0.986,0.587,1.39E-109
V1,NELL1,3.03E-107,1.788680205,0.997,0.919,1.52E-102
V1,HTR1F,1.06E-106,1.66295251,0.986,0.367,5.33E-102
V1,NTNG1,9.17E-105,1.322032323,1,0.987,4.61E-100
V1,RGS6,1.23E-104,2.167485552,0.99,0.804,6.18E-100
V1,PPAPDC1A,2.38E-101,0.90897626,0.82,0.127,1.20E-96
V1,PCDH11X,1.14E-99,1.963529276,0.983,0.502,5.73E-95
V1,PLXDC2,2.26E-99,1.6410447,0.997,0.79,1.14E-94
V1,ANK1,2.37E-99,1.029331078,0.908,0.214,1.19E-94
V1,CALCRL,1.36E-98,1.01308377,0.844,0.101,6.85E-94
V1,VAV3,1.86E-98,1.336491885,0.946,0.298,9.38E-94
V1,BICD1,4.51E-97,1.043400178,0.997,0.996,2.27E-92
V1,ERG,3.15E-96,1.652634782,0.993,0.656,1.58E-91
V1,CLSTN2,5.62E-96,1.35813902,1,0.992,2.83E-91
V1,DOK5,5.39E-94,0.928358117,0.875,0.222,2.71E-89
V1,EYA4,1.16E-93,1.234412531,0.98,0.37,5.81E-89
V1,CA10,1.20E-93,1.475596296,0.986,0.55,6.03E-89
V1,BMPR1B,5.71E-93,1.127527519,0.854,0.161,2.87E-88
V1,TENM4,2.29E-92,1.267644305,0.997,0.971,1.15E-87
V1,LOC105377699,4.38E-90,1.451150325,0.854,0.227,2.20E-85
V1,TRHDE-AS1,9.30E-90,0.540904696,0.783,0.098,4.67E-85
V1,LINC00504,8.01E-89,1.268372441,0.871,0.305,4.03E-84
V1,KCNQ3,3.92E-88,1.245653143,1,0.995,1.97E-83
V1,SYT10,1.16E-87,0.887366668,0.786,0.097,5.85E-83
V1,FGF11,1.17E-86,0.361831767,0.624,0.007,5.91E-82
V1,KLF12,4.49E-86,1.304834081,0.993,0.727,2.26E-81
V1,CDH7,1.22E-85,1.2586086,0.966,0.429,6.11E-81
V1,HS3ST5,4.03E-85,1.415979536,0.986,0.852,2.03E-80
V1,C1QTNF7,1.04E-84,1.020915809,0.8,0.167,5.25E-80
V1,PTCHD4,1.95E-83,1.425581432,0.986,0.918,9.78E-79
V1,FHOD3,2.15E-79,1.028616284,1,0.982,1.08E-74
V1,SPARCL1,5.11E-79,1.132785333,1,0.971,2.57E-74
V1,NEAT1,3.81E-77,1.51637174,0.78,0.188,1.91E-72
V1,UTRN,8.20E-77,1.304358891,0.98,0.77,4.12E-72
V1,SLC24A2,1.12E-76,1.197643526,0.997,0.861,5.64E-72
V1,LOC105373497,1.46E-76,0.571780363,0.725,0.114,7.33E-72
V1,MGAT5,1.52E-76,1.20915156,0.997,0.96,7.67E-72
V1,FAM189A2,5.87E-76,0.812795241,0.695,0.079,2.95E-71
V1,SYN3,1.87E-75,1.391291569,0.99,0.715,9.42E-71
V1,GRAMD3,3.14E-75,0.635386072,0.79,0.223,1.58E-70
V1,LOC101929680,6.93E-75,1.028028053,0.986,0.843,3.48E-70
V1,C16orf52,1.54E-74,0.811966181,0.997,0.979,7.76E-70
V1,RELN,1.20E-73,1.045969962,0.763,0.219,6.05E-69
V1,GRIN2D,6.76E-73,0.634441276,0.753,0.172,3.40E-68
V1,HTR2C,5.05E-72,1.484543489,0.797,0.215,2.54E-67
V1,RYR2,8.85E-72,0.624129746,1,1,4.45E-67
V1,FRAS1,1.63E-71,1.009289467,0.997,0.981,8.18E-67
V1,TMTC4,1.63E-71,0.909358458,0.949,0.571,8.19E-67
V1,SYT2,2.10E-70,0.959302961,0.98,0.665,1.06E-65
V1,ABHD3,3.38E-70,0.871587809,0.936,0.622,1.70E-65
V1,TENM2,3.85E-70,0.954831903,0.997,0.997,1.94E-65
V1,CDH20,5.57E-69,0.94305643,1,0.99,2.80E-64
V1,RNF152,6.11E-69,1.060452752,0.98,0.81,3.07E-64
V1,GALNT14,6.88E-69,1.115219506,0.953,0.699,3.46E-64
V1,ELAVL2,2.19E-68,0.743401694,0.976,0.911,1.10E-63
V1,GNA14,3.11E-68,1.703393874,0.871,0.47,1.56E-63
V1,RMST,7.40E-67,1.363730958,0.631,0.106,3.72E-62
V1,LINC01105,1.01E-66,0.601213464,0.831,0.28,5.08E-62
V1,USP24,3.41E-66,0.840239836,0.986,0.939,1.71E-61
V1,MSI2,3.81E-66,0.846080138,0.986,0.959,1.92E-61
V1,SLC35F1,6.72E-66,0.94775552,1,0.995,3.38E-61
V1,EPHB1,2.14E-65,0.977139782,0.946,0.777,1.08E-60
V1,ASTN2,1.13E-64,1.012214924,1,0.988,5.69E-60
V1,LOC105377697,2.94E-64,0.448026828,0.614,0.056,1.48E-59
V1,LOC105378517,1.16E-63,0.628697817,0.793,0.277,5.85E-59
V1,BEAN1,4.79E-63,0.727402621,0.875,0.472,2.41E-58
V1,GULP1,6.52E-63,1.135897613,0.99,0.951,3.28E-58
V1,SH3PXD2A,1.57E-62,0.812165872,0.993,0.96,7.92E-58
V1,MIR31HG,4.66E-62,0.532654501,0.651,0.124,2.34E-57
V1,ENPEP,6.07E-62,0.515927304,0.698,0.176,3.05E-57
V1,EHF,7.74E-62,0.422176534,0.583,0.078,3.89E-57
V1,BRINP1,7.85E-62,0.875155566,0.983,0.956,3.95E-57
V1,TNS1,2.50E-61,0.474676293,0.698,0.17,1.26E-56
V1,ASPH,5.28E-61,0.738126587,0.969,0.924,2.65E-56
V1,RORA,8.08E-61,1.099923422,0.99,0.976,4.06E-56
V1,ESRRG,1.08E-60,0.684173854,0.997,0.998,5.42E-56
V1,STARD13,1.53E-60,0.93787096,0.919,0.631,7.71E-56
V1,DLG5,4.20E-60,0.92281277,0.912,0.621,2.11E-55
V1,CNTNAP5,4.70E-59,0.676469757,1,1,2.36E-54
V1,BDKRB2,1.21E-58,0.455952496,0.654,0.132,6.09E-54
V1,CDH18,1.38E-58,1.134791562,1,0.992,6.92E-54
V1,LPP,1.39E-58,0.660600607,0.997,0.991,6.99E-54
V1,EPHA4,2.14E-58,0.792406561,0.983,0.949,1.08E-53
V1,GNA14-AS1,5.81E-58,0.998982163,0.732,0.223,2.92E-53
V1,CDK14,7.82E-58,0.63816408,0.997,0.993,3.93E-53
V1,RBFOX1,9.34E-58,0.436871503,1,1,4.69E-53
V1,SCN9A,9.57E-58,0.843613625,0.881,0.506,4.81E-53
V1,SHISA6,2.46E-57,1.284145376,0.888,0.624,1.23E-52
V1,LOC105369345,5.76E-57,0.733569548,0.563,0.076,2.90E-52
V1,EPB41L4A,1.29E-56,0.798602321,0.647,0.148,6.49E-52
V1,C9orf3,5.47E-56,0.613031942,1,0.988,2.75E-51
V1,SGCZ,1.41E-55,1.3594923,0.997,0.88,7.07E-51
V1,HCLS1,1.86E-55,0.256348072,0.525,0.049,9.35E-51
V1,ELL2,3.17E-55,0.730209676,0.986,0.891,1.59E-50
V1,RALGAPA2,6.94E-55,0.678287384,0.993,0.932,3.49E-50
V1,PCNXL2,4.58E-54,0.534439095,0.997,0.995,2.30E-49
V1,MT1F,8.83E-54,0.252210124,0.444,0.016,4.44E-49
V1,WLS,1.69E-53,0.58207674,0.664,0.167,8.52E-49
V1,LOC105371331,1.99E-53,0.350675507,0.481,0.027,1.00E-48
V1,OLFM2,4.74E-53,0.47168163,0.773,0.303,2.38E-48
V1,LINC01435,5.64E-53,0.617329016,0.817,0.432,2.84E-48
V1,CDKN2B-AS1,5.78E-53,0.44946932,0.553,0.081,2.91E-48
V1,ABTB2,6.58E-53,0.540082632,0.732,0.24,3.31E-48
V1,LHFP,1.05E-52,0.838253314,0.986,0.972,5.29E-48
V1,ITPR2,2.36E-52,0.991273176,0.973,0.844,1.19E-47
V1,NAALAD2,3.56E-52,0.775162986,0.976,0.913,1.79E-47
V1,ADCY8,1.04E-51,0.764258062,0.956,0.754,5.24E-47
V1,CDH12,2.84E-51,1.362020402,0.959,0.804,1.43E-46
V1,ITGAV,5.08E-51,0.664730389,0.922,0.61,2.55E-46
V1,AGPAT9,7.41E-51,0.526217081,0.81,0.353,3.72E-46
V1,AP1S2,1.17E-50,0.651773419,0.898,0.617,5.89E-46
V1,SPTB,1.51E-50,0.703282097,0.925,0.69,7.58E-46
V1,SRRM4,1.57E-50,0.879963046,0.997,0.977,7.88E-46
V1,STK24,1.82E-50,0.596142765,0.946,0.82,9.16E-46
V1,DNAI1,2.44E-50,0.626133966,0.946,0.749,1.23E-45
V1,SYNDIG1,2.46E-50,0.701716582,1,0.975,1.24E-45
V1,LOC105377484,4.96E-50,0.626670535,0.946,0.811,2.50E-45
V1,SLC25A13,5.82E-49,0.568557452,0.885,0.61,2.93E-44
V1,SORBS1,6.17E-49,0.621144797,0.997,0.999,3.10E-44
V1,TMEM132C,6.29E-49,0.967900643,0.939,0.688,3.16E-44
V1,FOXO1,9.18E-49,0.485582249,0.607,0.148,4.62E-44
V1,SLC24A4,2.04E-48,0.581754866,0.556,0.114,1.02E-43
V1,STXBP6,3.09E-48,1.120478605,0.746,0.333,1.56E-43
V1,ST3GAL1,3.80E-48,0.75637118,0.99,0.941,1.91E-43
V1,CAMK2N2,5.41E-48,0.292679857,0.536,0.081,2.72E-43
V1,PDE7B,1.69E-47,1.023149707,0.847,0.435,8.51E-43
V1,PHACTR2,2.69E-47,0.730157446,0.912,0.673,1.35E-42
V1,UBE2QL1,3.40E-47,0.623207377,0.915,0.785,1.71E-42
V1,ERC2,3.83E-47,0.61010652,1,0.996,1.93E-42
V1,ETV4,4.86E-47,0.304381612,0.576,0.129,2.44E-42
V1,ITGBL1,1.33E-46,1.021907196,0.668,0.235,6.68E-42
V1,RNF144A,1.36E-46,0.558299929,0.976,0.959,6.82E-42
V1,SRPK1,4.26E-46,0.645448821,0.98,0.966,2.14E-41
V1,DIRC3,4.94E-46,0.773800962,0.963,0.788,2.49E-41
V1,NEK1,5.77E-46,0.5616934,0.993,0.961,2.90E-41
V1,BMP2K,6.17E-46,0.557890259,0.973,0.882,3.10E-41
V1,LAMA3,6.64E-46,0.634238733,0.661,0.214,3.34E-41
V1,DGKI,8.90E-46,0.540231127,0.997,0.997,4.47E-41
V1,PALLD,9.28E-46,0.649899225,0.966,0.852,4.67E-41
V1,BACE2,2.04E-45,0.476651303,0.803,0.446,1.03E-40
V1,DPP6,2.69E-45,0.546868499,1,1,1.35E-40
V1,ONECUT1,6.33E-45,0.391294515,0.481,0.056,3.18E-40
V1,ATP8A2,7.61E-45,0.492995575,1,0.998,3.83E-40
V1,PARM1,8.42E-45,0.644884186,0.939,0.739,4.23E-40
V1,OSBPL9,2.24E-44,0.575939995,0.969,0.908,1.12E-39
V1,LOC105370559,3.54E-44,0.411404247,0.681,0.23,1.78E-39
V1,RECK,4.75E-44,0.565069999,0.973,0.906,2.39E-39
V1,STARD4-AS1,7.67E-44,0.50477257,0.719,0.335,3.86E-39
V1,MPZL3,1.10E-43,0.28538085,0.576,0.15,5.54E-39
V1,TSHZ3,2.16E-43,0.658179659,0.946,0.817,1.09E-38
V1,KCNMA1,2.31E-43,0.496069556,0.997,1,1.16E-38
V1,RASAL2,3.65E-43,0.578681723,0.997,0.995,1.83E-38
V1,GRIA4,3.78E-43,0.988199506,0.912,0.616,1.90E-38
V1,LRP4-AS1,3.83E-43,0.310311599,0.475,0.079,1.93E-38
V1,UXS1,6.81E-43,0.55911564,0.956,0.894,3.42E-38
V1,EDIL3,8.83E-43,0.809773155,0.953,0.728,4.44E-38
V1,PLEKHA5,1.15E-42,0.48364585,1,0.997,5.79E-38
V1,NOX4,1.50E-42,0.742833088,0.82,0.357,7.55E-38
V1,LOC101927587,2.08E-42,0.68878344,0.936,0.65,1.05E-37
V1,STAC,2.62E-42,0.504939334,0.42,0.045,1.32E-37
V1,TMEM178B,4.62E-42,0.50493115,1,0.995,2.32E-37
V1,PHACTR3,1.10E-41,0.566475236,0.997,0.974,5.54E-37
V1,NREP,1.52E-41,1.039192615,0.766,0.39,7.65E-37
V1,ABLIM1,1.96E-41,0.50309605,0.997,0.989,9.85E-37
V1,COL11A1,2.71E-41,0.65654988,0.929,0.506,1.36E-36
V1,ALCAM,2.77E-41,0.827275188,0.976,0.857,1.39E-36
V1,ECM1,2.90E-41,0.389457685,0.824,0.413,1.46E-36
V1,NTM,8.32E-41,0.728877387,1,1,4.18E-36
V1,CSDC2,1.48E-40,0.34486789,0.702,0.297,7.42E-36
V1,ADARB1,2.26E-40,0.576704268,0.915,0.794,1.13E-35
V1,CCDC25,6.95E-40,0.601808744,0.878,0.681,3.49E-35
V1,KITLG,7.22E-40,0.417511707,0.705,0.266,3.63E-35
V1,CACNA1C,7.98E-40,0.513014582,1,0.998,4.01E-35
V1,XKR6,1.18E-39,0.560996461,1,0.996,5.93E-35
V1,HIP1,1.20E-39,0.713433907,0.936,0.776,6.05E-35
V1,STRBP,1.82E-39,0.46465992,0.997,0.996,9.16E-35
V1,PAK7,2.45E-39,0.706740186,0.98,0.902,1.23E-34
V1,PDE9A,3.64E-39,0.676571432,0.929,0.748,1.83E-34
V1,LINC01122,3.78E-39,0.704176506,0.969,0.818,1.90E-34
V1,CPNE9,4.37E-39,0.329239789,0.668,0.257,2.20E-34
V1,MALRD1,4.45E-39,1.102088616,0.719,0.382,2.24E-34
V1,TIMP3,6.40E-39,0.426536838,0.685,0.304,3.22E-34
V1,GUCY1A2,6.88E-39,0.595542203,0.993,0.979,3.46E-34
V1,OTUD7A,7.50E-39,0.570433582,1,0.997,3.77E-34
V1,KIF26B,1.54E-38,0.702315074,0.949,0.797,7.76E-34
V1,LOC105378031,2.87E-38,0.907680735,0.712,0.326,1.44E-33
V1,LOC105373005,6.06E-38,0.402328077,0.634,0.239,3.05E-33
V1,LOC105372802,7.74E-38,0.290689966,0.498,0.102,3.89E-33
V1,PLEKHA7,9.45E-38,0.398822938,0.786,0.447,4.75E-33
V1,SLC4A8,1.11E-37,0.497542524,0.993,0.977,5.57E-33
V1,PIP5K1B,1.28E-37,0.626191314,0.966,0.827,6.46E-33
V1,CADPS,1.45E-37,0.428670035,1,0.999,7.28E-33
V1,ARHGAP29,1.86E-37,0.346238498,0.678,0.295,9.37E-33
V1,CAMK2G,4.81E-37,0.540821022,0.993,0.989,2.42E-32
V1,C16orf45,5.99E-37,0.595524863,0.99,0.963,3.01E-32
V1,COBLL1,8.97E-37,0.471867883,0.447,0.11,4.51E-32
V1,NCALD,9.47E-37,0.900948284,0.702,0.364,4.76E-32
V1,PLA2R1,1.33E-36,0.515433243,0.902,0.741,6.70E-32
V1,SH3RF3,1.75E-36,0.577802579,0.98,0.924,8.81E-32
V1,CDK5RAP2,7.26E-36,0.467560131,0.925,0.752,3.65E-31
V1,PPFIBP1,8.32E-36,0.758395919,0.725,0.407,4.18E-31
V1,LOC105372487,1.69E-35,0.41546489,0.82,0.568,8.48E-31
V1,ANKRD29,4.68E-35,0.472893411,0.929,0.793,2.35E-30
V1,KIAA1598,6.82E-35,0.455901015,0.969,0.941,3.43E-30
V1,NDRG4,6.96E-35,0.524436894,0.976,0.937,3.50E-30
V1,NRSN1,1.13E-34,0.605754414,0.986,0.972,5.69E-30
V1,MAN1A1,1.21E-34,0.581010858,0.888,0.588,6.06E-30
V1,LOC105378030,1.88E-34,0.67442002,0.671,0.281,9.45E-30
V1,DLGAP1,2.09E-34,0.32941495,1,1,1.05E-29
V1,OSBPL6,2.69E-34,0.453610523,0.997,0.992,1.35E-29
V1,DNER,6.49E-34,0.443605011,0.898,0.728,3.26E-29
V1,LOC102724790,1.10E-33,0.457678255,0.769,0.443,5.54E-29
V1,GRM1,1.41E-33,0.710976393,0.953,0.786,7.11E-29
V1,AMPH,2.19E-33,0.458665823,0.99,0.972,1.10E-28
V1,ST6GAL1,2.43E-33,0.528422842,0.871,0.628,1.22E-28
V1,LOC105370526,3.71E-33,0.427171978,0.725,0.382,1.87E-28
V1,LRRN2,4.43E-33,0.515369782,0.963,0.96,2.23E-28
V1,GNG12-AS1,5.56E-33,0.302334706,0.475,0.123,2.79E-28
V1,NEK11,5.96E-33,0.555002986,0.956,0.871,3.00E-28
V1,ROBO3,7.19E-33,0.261896504,0.512,0.126,3.62E-28
V1,CLEC16A,1.11E-32,0.51636159,0.983,0.975,5.59E-28
V1,LOC101927280,1.12E-32,0.477145454,0.692,0.318,5.64E-28
V1,DOCK11,1.82E-32,0.387756224,0.593,0.225,9.17E-28
V1,RPL23AP82,2.07E-32,0.344344323,0.705,0.407,1.04E-27
V1,LOC101927768,2.14E-32,0.63952208,0.841,0.667,1.07E-27
V1,RAB11FIP4,2.56E-32,0.502132224,0.966,0.933,1.29E-27
V1,MEIS2,2.96E-32,0.557120347,0.986,0.974,1.49E-27
V1,MBP,6.38E-32,0.526376158,0.895,0.642,3.21E-27
V1,UNC5C,1.20E-31,0.595870329,1,0.968,6.04E-27
V1,RBMS3,3.14E-31,0.546513625,0.868,0.581,1.58E-26
V1,PLD1,4.06E-31,0.375192616,0.705,0.374,2.04E-26
V1,TSPAN9,5.57E-31,0.322646839,0.617,0.272,2.80E-26
V1,ACTN2,9.99E-31,0.424980911,0.929,0.821,5.02E-26
V1,DTWD2,1.11E-30,0.514933847,0.963,0.906,5.56E-26
V1,MT1X,1.72E-30,0.322497164,0.505,0.142,8.66E-26
V1,MGLL,1.81E-30,0.406015129,0.654,0.361,9.13E-26
V1,CFAP221,2.16E-30,0.425113914,0.98,0.955,1.08E-25
V1,SEMA7A,2.59E-30,0.340079025,0.675,0.368,1.30E-25
V1,EEPD1,3.96E-30,0.369693125,0.797,0.534,1.99E-25
V1,SCLT1,4.85E-30,0.441939213,0.993,0.963,2.44E-25
V1,LOC105375988,9.70E-30,0.400012267,0.692,0.388,4.88E-25
V1,LOC101929563,1.05E-29,0.431364243,0.892,0.73,5.28E-25
V1,LOC100506990,1.90E-29,0.429991429,0.997,0.994,9.54E-25
V1,DSCAM,2.07E-29,0.416302861,1,1,1.04E-24
V1,NALCN,3.15E-29,0.382182497,1,0.993,1.58E-24
V1,RERG,4.16E-29,0.700495711,0.898,0.684,2.09E-24
V1,STARD4,5.10E-29,0.267084629,0.661,0.334,2.56E-24
V1,SIPA1L2,5.26E-29,0.47265167,0.922,0.8,2.64E-24
V1,SORCS1,6.19E-29,0.575890599,1,0.988,3.11E-24
V1,LOC101928114,6.29E-29,1.525932375,0.827,0.735,3.16E-24
V1,SLC12A8,6.61E-29,0.431518672,0.868,0.659,3.32E-24
V1,FHIT,8.41E-29,0.561409792,0.99,0.973,4.23E-24
V1,EDA,9.81E-29,0.389323555,0.675,0.4,4.93E-24
V1,CPEB2-AS1,1.15E-28,0.393346354,0.692,0.393,5.80E-24
V1,FBXO32,1.58E-28,0.447390783,0.844,0.594,7.94E-24
V1,RASSF8,1.80E-28,0.333826915,0.705,0.403,9.06E-24
V1,KBTBD12,1.96E-28,0.365889605,0.681,0.34,9.85E-24
V1,LOC105377632,2.14E-28,0.449734317,0.593,0.279,1.08E-23
V1,LOC644135,2.18E-28,0.350051109,0.451,0.121,1.10E-23
V1,MICU1,2.66E-28,0.380202861,0.986,0.966,1.34E-23
V1,CAMTA1,3.06E-28,0.410492657,1,0.997,1.54E-23
V1,LINC00507,3.38E-28,0.324922112,0.407,0.097,1.70E-23
V1,NT5DC1,3.85E-28,0.508362756,0.969,0.916,1.94E-23
V1,ACYP2,4.05E-28,0.463991232,0.976,0.97,2.04E-23
V1,IQSEC1,4.21E-28,0.43214577,0.997,0.999,2.12E-23
V1,PCNT,8.18E-28,0.385693488,0.925,0.836,4.11E-23
V1,ABI3BP,8.64E-28,0.92393047,0.41,0.12,4.35E-23
V1,RALGPS1,8.87E-28,0.411603562,0.993,0.966,4.46E-23
V1,CCDC85A,9.18E-28,0.640658972,0.925,0.674,4.62E-23
V1,GREB1L,1.40E-27,0.456480189,0.78,0.529,7.04E-23
V1,IGF1R,2.30E-27,0.401395168,0.986,0.98,1.15E-22
V1,KLHL1,3.32E-27,0.845892021,0.773,0.631,1.67E-22
V1,KDM4A,3.57E-27,0.369321338,0.898,0.774,1.79E-22
V1,RAPGEF6,4.35E-27,0.315415012,0.993,0.994,2.19E-22
V1,LINC01158,4.47E-27,0.57358923,0.969,0.909,2.25E-22
V1,SLC8A1,5.95E-27,0.45235695,1,1,2.99E-22
V1,DMXL1,7.92E-27,0.413604681,0.98,0.97,3.98E-22
V1,ZNF516,8.18E-27,0.391575469,0.827,0.641,4.11E-22
V1,SAMD3,8.74E-27,0.420169578,0.854,0.566,4.39E-22
V1,TNRC6A,1.06E-26,0.31829249,0.99,0.993,5.35E-22
V1,RGS7,1.23E-26,0.452840141,1,0.999,6.19E-22
V1,LOC105374976,1.23E-26,0.320628473,0.373,0.107,6.21E-22
V1,LOC101928373,2.06E-26,0.327642472,0.437,0.13,1.04E-21
V1,LINC00508,2.32E-26,0.273610592,0.373,0.112,1.17E-21
V1,HS3ST1,3.86E-26,0.284389489,0.769,0.484,1.94E-21
V1,MED12L,4.20E-26,0.413761535,0.98,0.969,2.11E-21
V1,PAK1,4.68E-26,0.395329684,0.993,0.984,2.35E-21
V1,EPB41,5.53E-26,0.465532905,0.976,0.919,2.78E-21
V1,KDM7A,5.81E-26,0.358509753,0.824,0.625,2.92E-21
V1,KIZ,7.70E-26,0.3176019,0.956,0.872,3.87E-21
V1,KCNAB3,7.95E-26,0.273206402,0.722,0.373,4.00E-21
V1,COL4A2,8.26E-26,0.292973127,0.536,0.196,4.15E-21
V1,TMEM72-AS1,8.92E-26,0.419061027,0.892,0.756,4.49E-21
V1,SCN1B,1.77E-25,0.414381875,0.936,0.752,8.90E-21
V1,WWP1,2.67E-25,0.378446168,0.959,0.853,1.34E-20
V1,GPC5,2.85E-25,0.746617929,0.708,0.459,1.43E-20
V1,STK3,3.63E-25,0.402999592,0.803,0.574,1.83E-20
V1,ATP2B2,3.76E-25,0.391166451,0.993,0.996,1.89E-20
V1,LOC105372666,1.08E-24,0.310075805,0.319,0.064,5.44E-20
V1,PCDH9,1.79E-24,0.608703936,1,0.992,8.99E-20
V1,FOXN3,4.45E-24,0.403330321,0.932,0.848,2.24E-19
V1,MSRB3,4.74E-24,0.351298205,0.702,0.394,2.38E-19
V1,CTTNBP2,4.97E-24,0.430521985,0.99,0.969,2.50E-19
V1,NRG1,8.38E-24,0.477090231,1,1,4.21E-19
V1,GSAP,8.40E-24,0.361477962,0.892,0.666,4.22E-19
V1,LRP4,8.69E-24,0.496017601,0.942,0.836,4.37E-19
V1,WDR11-AS1,9.37E-24,0.397278236,0.841,0.618,4.71E-19
V1,LOC285692,1.12E-23,0.450181311,0.803,0.584,5.64E-19
V1,PLXDC1,1.54E-23,0.314846483,0.875,0.724,7.73E-19
V1,ANTXR1,1.63E-23,0.407223125,0.922,0.87,8.19E-19
V1,SWAP70,1.76E-23,0.333744152,0.854,0.681,8.85E-19
V1,SLC35F4,2.04E-23,0.475315471,0.427,0.173,1.03E-18
V1,OSBP2,2.37E-23,0.427475618,0.976,0.966,1.19E-18
V1,ARHGEF6,2.44E-23,0.257455318,0.681,0.396,1.23E-18
V1,NREP-AS1,3.83E-23,0.46600702,0.268,0.032,1.93E-18
V1,AJAP1,3.94E-23,0.487587229,0.929,0.873,1.98E-18
V1,LOC101928849,4.95E-23,0.683570676,0.38,0.113,2.49E-18
V1,BMS1,8.06E-23,0.31164787,0.864,0.749,4.05E-18
V1,CADM3,8.30E-23,0.301432704,0.793,0.598,4.18E-18
V1,FRY,1.14E-22,0.347143624,0.997,0.996,5.72E-18
V1,LOC100294362,1.36E-22,0.437682905,0.936,0.887,6.86E-18
V1,TRIO,2.06E-22,0.312706026,0.997,0.997,1.04E-17
V1,SPINK5,2.34E-22,0.47835725,0.369,0.112,1.17E-17
V1,FAXDC2,2.38E-22,0.315003301,0.583,0.316,1.20E-17
V1,AFF2,3.40E-22,0.431174333,0.79,0.591,1.71E-17
V1,AFF1,4.49E-22,0.480883176,0.885,0.775,2.26E-17
V1,UBE2E2,4.78E-22,0.301127354,1,0.997,2.41E-17
V1,RBMS1,5.26E-22,0.35137777,0.966,0.922,2.64E-17
V1,KCNG1,5.36E-22,0.306819609,0.695,0.43,2.70E-17
V1,SCN4B,5.37E-22,0.305351591,0.861,0.677,2.70E-17
V1,LOC105370247,6.06E-22,0.298037127,0.685,0.427,3.05E-17
V1,SLC5A4,7.08E-22,0.443355803,0.824,0.597,3.56E-17
V1,ESYT2,7.38E-22,0.36582561,0.993,0.983,3.71E-17
V1,ST8SIA1,8.65E-22,0.344318483,0.976,0.981,4.35E-17
V1,DECR1,8.76E-22,0.310788998,0.871,0.681,4.41E-17
V1,PLCL1,9.05E-22,0.548613876,0.912,0.845,4.55E-17
V1,DGKD,1.01E-21,0.3704141,0.905,0.792,5.10E-17
V1,ZNF83,1.29E-21,0.375233865,0.902,0.742,6.48E-17
V1,SEL1L3,1.61E-21,0.411531385,0.885,0.671,8.09E-17
V1,MAD1L1,1.62E-21,0.312479899,0.881,0.761,8.14E-17
V1,ELAVL4,2.38E-21,0.390517808,0.993,0.987,1.20E-16
V1,DIP2A,2.45E-21,0.421333617,0.98,0.952,1.23E-16
V1,DENND4C,3.32E-21,0.309237092,0.925,0.859,1.67E-16
V1,GRK4,3.75E-21,0.419491067,0.963,0.923,1.89E-16
V1,C15orf41,4.19E-21,0.431097613,0.925,0.819,2.11E-16
V1,NR6A1,5.52E-21,0.337762474,0.983,0.954,2.77E-16
V1,LOC101929628,6.19E-21,0.274854949,0.319,0.084,3.11E-16
V1,PTPDC1,6.79E-21,0.313851203,0.922,0.871,3.41E-16
V1,RIT2,7.38E-21,0.419548607,0.993,0.986,3.71E-16
V1,LOC101926915,8.56E-21,0.400717086,0.776,0.586,4.30E-16
V1,FBLN7,8.60E-21,0.258972045,0.634,0.312,4.33E-16
V1,TARSL2,9.28E-21,0.3379509,0.963,0.907,4.66E-16
V1,LGALS1,1.03E-20,0.261715262,0.586,0.297,5.19E-16
V1,TTC7A,1.21E-20,0.382906915,0.871,0.777,6.08E-16
V1,NBEA,1.26E-20,0.317672816,0.997,0.999,6.35E-16
V1,POC1B,2.09E-20,0.322099877,0.922,0.813,1.05E-15
V1,MAP1A,2.17E-20,0.367065875,0.915,0.785,1.09E-15
V1,DCTN2,2.24E-20,0.255377361,0.919,0.81,1.13E-15
V1,NDRG3,2.81E-20,0.345281674,0.959,0.929,1.42E-15
V1,GLS,3.58E-20,0.328456595,0.993,0.993,1.80E-15
V1,SPTBN1,3.58E-20,0.307604958,0.99,0.991,1.80E-15
V1,NAB1,3.73E-20,0.309026944,0.915,0.83,1.88E-15
V1,NSG1,4.17E-20,0.320467501,0.783,0.516,2.10E-15
V1,LOC102724832,4.81E-20,0.347087994,0.844,0.666,2.42E-15
V1,FGD4,4.95E-20,0.385580252,0.956,0.931,2.49E-15
V1,HFM1,5.80E-20,1.63413753,0.824,0.66,2.92E-15
V1,ARHGEF10L,7.29E-20,0.277066414,0.837,0.68,3.67E-15
V1,MID1,7.78E-20,0.357360027,0.719,0.495,3.91E-15
V1,PTPRD,9.78E-20,0.326499787,1,1,4.92E-15
V1,CLIP4,1.00E-19,0.308905125,0.956,0.915,5.03E-15
V1,FGF14,1.05E-19,0.286346342,1,1,5.28E-15
V1,MACROD2,1.20E-19,0.308300359,1,0.999,6.06E-15
V1,EPB41L1,1.23E-19,0.367554222,0.892,0.81,6.16E-15
V1,KIF21A,1.26E-19,0.281812707,0.983,0.98,6.35E-15
V1,CTIF,1.42E-19,0.375164287,0.969,0.947,7.13E-15
V1,FREM1,1.81E-19,0.298506191,0.644,0.409,9.09E-15
V1,LOC105379057,1.86E-19,0.357943053,0.729,0.503,9.34E-15
V1,TGFB2,2.09E-19,0.254868138,0.542,0.272,1.05E-14
V1,MED13L,2.13E-19,0.298768418,0.99,0.988,1.07E-14
V1,FRK,2.17E-19,0.340768863,0.742,0.507,1.09E-14
V1,LMCD1-AS1,2.22E-19,0.410459016,0.892,0.79,1.12E-14
V1,SRRM3,2.50E-19,0.402623102,0.993,0.989,1.26E-14
V1,LOC101929294,2.57E-19,0.430325261,0.908,0.799,1.29E-14
V1,FBN1,2.71E-19,0.34199968,0.922,0.843,1.36E-14
V1,TRANK1,2.92E-19,0.319429274,0.919,0.85,1.47E-14
V1,PCDH9-AS2,2.97E-19,0.513873172,0.82,0.664,1.49E-14
V1,LOC102724782,6.98E-19,0.315708579,0.953,0.912,3.51E-14
V1,SPATA6,7.43E-19,0.345904966,0.949,0.888,3.74E-14
V1,GPATCH8,7.77E-19,0.279272657,0.997,0.994,3.91E-14
V1,PLCB4,8.91E-19,0.373001639,0.868,0.732,4.48E-14
V1,CDH13,1.02E-18,0.638794021,0.99,0.96,5.13E-14
V1,AAK1,1.13E-18,0.261000394,0.997,0.996,5.68E-14
V1,LINC00693,1.25E-18,0.333059964,0.814,0.608,6.27E-14
V1,UNC13B,1.34E-18,0.28819695,0.973,0.934,6.71E-14
V1,OLFM3,1.62E-18,0.388087022,0.997,0.987,8.15E-14
V1,JAK1,1.69E-18,0.299438192,0.956,0.884,8.52E-14
V1,CACNA2D2,1.74E-18,0.284807722,0.814,0.636,8.77E-14
V1,WDPCP,2.14E-18,0.344166745,0.99,0.991,1.08E-13
V1,LEPR,2.18E-18,0.358447749,0.749,0.533,1.10E-13
V1,TPCN1,2.44E-18,0.266557141,0.854,0.753,1.23E-13
V1,STK33,2.49E-18,0.259596299,0.468,0.218,1.25E-13
V1,DCBLD2,2.54E-18,0.295418056,0.763,0.58,1.28E-13
V1,RAPGEF1,3.80E-18,0.336805573,0.956,0.913,1.91E-13
V1,PRDM5,4.43E-18,0.30246127,0.736,0.525,2.23E-13
V1,PCP4L1,4.68E-18,0.262587819,0.776,0.534,2.35E-13
V1,RORB,5.16E-18,0.46695767,0.298,0.107,2.59E-13
V1,GPM6B,5.82E-18,0.367417715,0.997,0.993,2.92E-13
V1,ZMIZ1,5.88E-18,0.278143954,0.773,0.606,2.96E-13
V1,JAZF1,6.03E-18,0.330708352,0.997,0.992,3.03E-13
V1,TBC1D4,6.06E-18,0.315167277,0.946,0.902,3.05E-13
V1,NAP1L4,6.48E-18,0.300309396,0.919,0.866,3.26E-13
V1,C3orf58,7.41E-18,0.263603098,0.773,0.582,3.73E-13
V1,CDON,8.96E-18,0.301359818,0.915,0.827,4.50E-13
V1,UBE4B,9.12E-18,0.325887024,0.98,0.962,4.59E-13
V1,NRIP3,1.01E-17,0.259890371,0.776,0.562,5.07E-13
V1,PARD3B,1.21E-17,0.331439033,0.563,0.293,6.08E-13
V1,LTBP1,1.70E-17,0.365700124,0.681,0.45,8.56E-13
V1,ADAM23,1.78E-17,0.331841204,0.99,0.994,8.93E-13
V1,SRPK2,1.93E-17,0.254601777,1,0.995,9.72E-13
V1,SCN1A,2.05E-17,0.320995108,0.997,0.99,1.03E-12
V1,LOC105370822,2.54E-17,0.289423376,0.369,0.134,1.28E-12
V1,GPR137C,2.85E-17,0.373175184,0.949,0.887,1.43E-12
V1,CTNNAL1,3.26E-17,0.263451288,0.814,0.606,1.64E-12
V1,FUT8,3.34E-17,0.298757837,0.973,0.973,1.68E-12
V1,TNR,3.79E-17,0.442701073,0.983,0.986,1.91E-12
V1,CHD6,4.04E-17,0.275376667,0.976,0.967,2.03E-12
V1,PPM1E,4.42E-17,0.354406819,0.99,0.994,2.22E-12
V1,CNTN5,4.87E-17,0.671883495,0.932,0.841,2.45E-12
V1,APC,4.97E-17,0.304491979,0.993,0.979,2.50E-12
V1,FNBP1,4.97E-17,0.290117293,0.915,0.848,2.50E-12
V1,ACER3,6.44E-17,0.338381428,0.966,0.912,3.24E-12
V1,KLF7,6.55E-17,0.328353228,0.892,0.824,3.29E-12
V1,SSBP3,7.00E-17,0.323888595,0.98,0.965,3.52E-12
V1,LMCD1,8.39E-17,0.25544026,0.485,0.205,4.22E-12
V1,PACS1,9.12E-17,0.33530063,0.976,0.973,4.59E-12
V1,KCNC1,1.15E-16,0.308590163,0.915,0.823,5.77E-12
V1,LOC105370610,1.24E-16,0.896601151,0.502,0.294,6.23E-12
V1,LOC643962,1.26E-16,0.304521422,0.658,0.464,6.35E-12
V1,CDK6,1.29E-16,0.33499593,0.969,0.937,6.49E-12
V1,RABGAP1L,1.31E-16,0.255820828,0.997,0.996,6.61E-12
V1,TMEM120B,1.45E-16,0.306468375,0.905,0.841,7.31E-12
V1,HSD17B12,1.82E-16,0.283266881,0.973,0.964,9.13E-12
V1,SNAP91,1.98E-16,0.256511529,0.997,0.993,9.97E-12
V1,MYO6,2.51E-16,0.289729065,0.99,0.969,1.26E-11
V1,EFNA5,2.61E-16,0.321274267,0.99,0.993,1.31E-11
V1,THEM4,2.67E-16,0.271449074,0.722,0.523,1.34E-11
V1,LOC105371691,2.98E-16,0.469694191,0.915,0.911,1.50E-11
V1,KIFAP3,3.03E-16,0.300659458,0.99,0.98,1.53E-11
V1,DYNC1I2,3.22E-16,0.282741554,0.973,0.948,1.62E-11
V1,PPP2R2B,3.40E-16,0.301071461,0.997,0.997,1.71E-11
V1,HDAC8,4.44E-16,0.255412155,0.99,0.981,2.23E-11
V1,SYNPR,4.94E-16,0.416276495,0.553,0.354,2.49E-11
V1,TAOK3,5.21E-16,0.298800863,0.966,0.955,2.62E-11
V1,SEMA6A,5.24E-16,0.403923681,0.942,0.866,2.63E-11
V1,LRRFIP1,6.16E-16,0.294722895,0.997,0.993,3.10E-11
V1,GAB2,6.74E-16,0.323525611,0.963,0.93,3.39E-11
V1,PHLPP1,7.05E-16,0.365339548,0.953,0.894,3.54E-11
V1,HERC3,8.15E-16,0.30564764,0.936,0.916,4.10E-11
V1,SCARA3,8.50E-16,0.360807106,0.966,0.872,4.28E-11
V1,ZC3H12C,9.99E-16,0.329615641,0.922,0.825,5.02E-11
V1,SH3GL2,1.24E-15,0.308038089,0.98,0.977,6.25E-11
V1,KAZN,1.53E-15,0.348416286,1,0.999,7.69E-11
V1,SLC25A27,1.61E-15,0.278099464,0.922,0.849,8.11E-11
V1,TNIK,1.65E-15,0.266354838,0.993,0.994,8.30E-11
V1,RFC3,1.68E-15,0.370136234,0.79,0.64,8.45E-11
V1,ACTN4,1.91E-15,0.374182329,0.908,0.834,9.59E-11
V1,CNNM1,2.16E-15,0.321536181,0.976,0.914,1.09E-10
V1,MIR4435-1HG,2.22E-15,0.255477803,0.763,0.603,1.11E-10
V1,CCDC7,2.27E-15,0.313736698,0.949,0.885,1.14E-10
V1,MAMDC2,2.39E-15,0.269012918,0.824,0.625,1.20E-10
V1,COL10A1,2.43E-15,0.343938663,0.664,0.491,1.22E-10
V1,KIF9-AS1,2.45E-15,0.31460566,0.99,0.97,1.23E-10
V1,EPB41L5,2.50E-15,0.285723182,0.949,0.921,1.26E-10
V1,FAM160A1,2.79E-15,0.323793299,0.603,0.368,1.40E-10
V1,CBLB,2.91E-15,0.274006151,0.902,0.799,1.46E-10
V1,NHS,3.33E-15,0.336805833,0.803,0.638,1.68E-10
V1,BACH2,3.37E-15,0.389766158,0.936,0.877,1.69E-10
V1,CYFIP1,3.64E-15,0.250672883,0.803,0.63,1.83E-10
V1,GOLGA7B,4.10E-15,0.272127062,0.892,0.831,2.06E-10
V1,CAST,5.53E-15,0.270699436,0.942,0.894,2.78E-10
V1,LMBR1,5.84E-15,0.281567836,0.98,0.953,2.94E-10
V1,HTR1E,6.16E-15,0.430844231,0.922,0.843,3.10E-10
V1,GPLD1,7.79E-15,0.261452775,0.946,0.881,3.92E-10
V1,DENND5A,7.99E-15,0.268618765,0.939,0.886,4.02E-10
V1,ARPP21,9.84E-15,0.283581533,1,0.999,4.95E-10
V1,UGP2,1.23E-14,0.297537857,0.929,0.913,6.17E-10
V1,SUCLG2-AS1,1.62E-14,0.317273333,0.797,0.635,8.13E-10
V1,GTF2IRD1,1.79E-14,0.345402842,0.864,0.761,9.01E-10
V1,MXI1,2.24E-14,0.291694146,0.895,0.797,1.12E-09
V1,FMO5,2.34E-14,0.254021008,0.603,0.405,1.18E-09
V1,FAM222B,2.70E-14,0.302774386,0.963,0.932,1.36E-09
V1,SNCG,2.89E-14,0.392961909,0.912,0.807,1.45E-09
V1,PPP1R13B,3.34E-14,0.25571652,0.99,0.966,1.68E-09
V1,LOC102723331,4.44E-14,0.28253732,0.637,0.434,2.23E-09
V1,NPC1,5.24E-14,0.277056718,0.871,0.746,2.64E-09
V1,NCOR2,5.78E-14,0.294845743,0.942,0.94,2.91E-09
V1,MAP2K5,6.36E-14,0.316906343,0.99,0.986,3.20E-09
V1,ENO4,6.41E-14,0.255966953,0.719,0.609,3.22E-09
V1,AKAP12,9.70E-14,0.272541829,0.986,0.972,4.88E-09
V1,FNBP1L,9.95E-14,0.333900821,0.986,0.969,5.00E-09
V1,EVL,9.97E-14,0.319774717,0.99,0.985,5.01E-09
V1,SLC22A23,1.09E-13,0.297686206,0.936,0.911,5.50E-09
V1,PRR16,1.21E-13,0.318713785,0.98,0.971,6.10E-09
V1,XIST,1.47E-13,0.778750412,0.536,0.263,7.40E-09
V1,THBS4,1.95E-13,0.290180213,0.647,0.469,9.82E-09
V1,MALAT1,1.96E-13,0.30105239,1,1,9.85E-09
V1,LINC01060,1.99E-13,0.358456144,0.437,0.221,1.00E-08
V1,CDC14B,2.07E-13,0.28072043,0.953,0.948,1.04E-08
V1,RCAN2,2.45E-13,0.297559213,0.98,0.983,1.23E-08
V1,SLC8A1-AS1,2.70E-13,0.437046922,0.895,0.901,1.36E-08
V1,LOC553103,2.75E-13,0.259705737,0.966,0.929,1.38E-08
V1,P2RY14,3.11E-13,0.339008685,0.736,0.636,1.57E-08
V1,LOC100288798,3.12E-13,0.269047428,0.776,0.608,1.57E-08
V1,SHC3,3.18E-13,0.266536499,0.986,0.992,1.60E-08
V1,EML2,3.46E-13,0.314414443,0.908,0.816,1.74E-08
V1,NFIB,4.15E-13,0.284905161,1,0.995,2.09E-08
V1,DYSF,5.13E-13,0.289282554,0.912,0.863,2.58E-08
V1,SPAG16,5.76E-13,0.339469258,0.976,0.975,2.89E-08
V1,NLGN4X,7.48E-13,0.293241261,0.949,0.936,3.76E-08
V1,PPM1L,9.78E-13,0.26381483,0.993,0.991,4.92E-08
V1,RHBDL3,1.09E-12,0.294008184,0.963,0.934,5.50E-08
V1,OGDH,1.11E-12,0.250516853,0.942,0.909,5.58E-08
V1,ME3,1.13E-12,0.262390697,0.983,0.964,5.66E-08
V1,CACNB4,1.14E-12,0.271586718,0.997,0.997,5.72E-08
V1,FAM110B,1.16E-12,0.274226316,0.692,0.547,5.83E-08
V1,BEND6,1.22E-12,0.267084546,0.966,0.946,6.14E-08
V1,ST5,1.43E-12,0.279319768,0.803,0.685,7.17E-08
V1,FAM219A,1.54E-12,0.274910329,0.878,0.822,7.74E-08
V1,FER,1.59E-12,0.295489276,0.99,0.98,8.01E-08
V1,ATP1A1,1.61E-12,0.320731159,0.969,0.956,8.10E-08
V1,LOC101928964,2.40E-12,0.485498329,0.814,0.715,1.21E-07
V1,SCAMP5,2.78E-12,0.266125758,0.956,0.939,1.40E-07
V1,SOX2-OT,3.94E-12,0.350628598,0.919,0.833,1.98E-07
V1,LOC100506532,4.11E-12,0.279439456,0.773,0.615,2.07E-07
V1,INADL,4.44E-12,0.272089485,0.973,0.971,2.23E-07
V1,SORL1,5.68E-12,0.304587729,0.99,0.992,2.85E-07
V1,PLAGL1,6.36E-12,0.287576996,0.773,0.643,3.20E-07
V1,SENP7,6.44E-12,0.256300201,0.905,0.835,3.24E-07
V1,BCO2,6.50E-12,0.26175245,0.946,0.905,3.27E-07
V1,PDE3A,8.35E-12,0.31230728,0.586,0.417,4.20E-07
V1,GAS2,8.48E-12,0.252424903,0.953,0.919,4.26E-07
V1,JPX,8.62E-12,0.258043435,0.973,0.951,4.33E-07
V1,AMMECR1,1.16E-11,0.255392735,0.922,0.882,5.84E-07
V1,DENND1B,1.61E-11,0.282426878,0.986,0.964,8.08E-07
V1,RUNX1T1,1.70E-11,0.259988222,0.912,0.73,8.55E-07
V1,NFIC,3.09E-11,0.255293908,0.885,0.814,1.56E-06
V1,XKR9,3.12E-11,0.254087624,0.746,0.576,1.57E-06
V1,PCDH11Y,3.64E-11,0.944170251,0.732,0.575,1.83E-06
V1,EPHA7,5.97E-11,0.338263841,0.969,0.945,3.00E-06
V1,SHC4,6.33E-11,0.312704693,0.583,0.384,3.19E-06
V1,FCHSD2,6.57E-11,0.290426686,0.973,0.945,3.30E-06
V1,DPH6-AS1,7.56E-11,0.261773415,0.847,0.732,3.80E-06
V1,GABRG3,1.06E-10,0.35961362,0.966,0.924,5.33E-06
V1,ELOVL7,1.48E-10,0.266346985,0.858,0.734,7.42E-06
V1,UBC,1.79E-10,0.267922126,0.837,0.744,9.01E-06
V1,PDS5B,2.08E-10,0.283100051,0.976,0.961,1.05E-05
V1,CDYL,2.20E-10,0.278235278,0.854,0.808,1.11E-05
V1,SRCIN1,4.50E-10,0.258365831,0.895,0.856,2.26E-05
V1,ZNF462,7.17E-10,0.289205588,0.695,0.586,3.60E-05
V1,RAD51B,7.23E-10,0.327840266,0.736,0.594,3.64E-05
V1,GNAS,9.32E-10,0.273885823,0.976,0.938,4.69E-05
V1,PPARGC1A,1.99E-09,0.265959307,1,1,1.00E-04
V1,DPP10,2.31E-09,0.394817606,1,1,0.00011594
V1,LOC105373568,2.68E-09,0.289027634,0.827,0.83,0.000134897
V1,GRIP1,2.86E-09,0.260155796,0.976,0.983,0.000143738
V1,LOC105374497,4.64E-09,0.56479533,0.525,0.451,0.00023342
V1,NEFM,5.14E-09,0.255863847,0.908,0.867,0.000258278
V1,TRPM3,8.06E-09,0.454228262,0.878,0.744,0.000405262
V1,CADPS2,9.91E-09,0.363019093,0.966,0.848,0.000498346
V1,ABLIM2,1.77E-08,0.267833416,0.969,0.961,0.00088931
V1,KCTD16,6.25E-08,0.308652014,0.841,0.771,0.003140499
V1,BCYRN1,6.67E-08,0.278668969,0.939,0.898,0.0033551
V1,SASH1,1.15E-07,0.256679786,0.654,0.537,0.005772199
V1,LOC105371330,2.40E-07,0.368053457,0.644,0.533,0.012079375
V1,LOC105374506,2.93E-07,0.545750142,0.603,0.552,0.014718763
V1,LOC105371308,3.11E-07,0.262265193,0.468,0.325,0.015641288
V1,TEKT4P2,4.00E-07,0.271319395,0.817,0.727,0.020128
V1,LOC105374529,6.69E-07,0.255927569,0.895,0.875,0.033621252
V1,CRTAC1,6.74E-07,0.255608672,0.844,0.781,0.033895714
V1,PAPPA,1.17E-05,0.2932899,0.729,0.596,0.588712639
V1,FAM179A,1.46E-05,0.326447171,0.458,0.389,0.732210987
V1,KIAA1217,1.59E-05,0.414912077,0.902,0.93,0.797438886
V1,SPOCK1,2.29E-05,0.416445167,0.905,0.893,1
V1,FAM19A2,2.42E-05,0.265268808,0.81,0.718,1
V1,MARCH1,3.51E-05,0.267111845,0.719,0.651,1
V1,KIAA1211,0.000180947,0.342393304,0.736,0.74,1
V1,POU6F2,0.000463765,0.433611749,0.492,0.391,1
V1,GAPDH,0.000499275,0.276972377,0.915,0.868,1
V1,BAALC,0.002162969,0.253709738,0.956,0.976,1
V1,PCSK5,0.002907706,0.334610666,0.851,0.901,1
V1,DCC,0.007094715,0.371751519,0.515,0.473,1