genes,subclass,p_val
AACSP1,L6CT,2.9150629140245503e-10
AASS,L4IT,1.39824974787291e-11
AASS,L56NP,9.55095652188576e-10
AASS,Pvalb,1.89570303677653e-8
ABCA1,L6CT,3.41918328223039e-8
ABCA5,L6CT,9.94628180524212e-9
ABCC9,L5ET,3.53764933609855e-9
ABCD2,L4IT,8.791689298965969e-11
ABCD2,Pvalb,5.20134412781011e-10
ABHD12B,L5ET,2.72720434689082e-8
ABHD2,L23IT,2.12246112227558e-8
ABHD2,L4IT,2.41483577559572e-15
ABHD2,L6IT,1.80865151187496e-10
ABHD2,L6ITCar3,3.49118864421271e-13
ABHD3,L56NP,1.07705175421385e-9
ABHD3,L5ET,8.71239555305437e-13
ABHD6,L5IT,1.53930061396397e-8
ABI2,L5ET,1.2206810101084e-8
ABI3BP,L5ET,1.54657520875612e-8
ABI3BP,L6CT,5.03839941677791e-10
ABLIM1,L5ET,4.78955225754311e-11
ABLIM1,L6CT,1.3202516526972602e-9
ABO,L56NP,4.3460637996779e-9
ABO,L5ET,3.2859680530808498e-18
ABRACL,L6CT,3.7207936290292404e-9
ABRACL,L6IT,4.03601864783506e-8
ABTB2,L4IT,1.0640107771470101e-14
ABTB2,L5ET,3.6970330866771395e-11
ACACA,L4IT,3.464390283286e-8
ACER3,Pvalb,5.41847798159084e-9
ACO1,L4IT,3.00586003719229e-8
ACOT11,L6b,2.1843014908215e-8
ACOT12,L4IT,2.0039420472020597e-11
ACOT12,L56NP,5.94128504468516e-11
ACOT12,L5ET,3.5150690990828397e-11
ACSBG2,Chandelier,1.16469101500122e-9
ACSBG2,Pvalb,3.25040198165702e-8
ACSL6,L4IT,9.03065573295262e-13
ACSS2,L6CT,3.50792899081388e-9
ACTN1,L6IT,5.3176749921741905e-9
ACTN2,L6ITCar3,2.6470724692393197e-11
ACTR3B,L5ET,5.5683070792928504e-14
ACVR1C,L4IT,1.36687607008031e-14
ACVR1C,L6ITCar3,2.6966710304105e-11
ACVR2A,L5IT,2.15318705616119e-8
ADAM33,L6b,2.08848606979652e-8
ADAM3A,L23IT,2.88672613453969e-8
ADAM3A,L4IT,9.03651058407915e-9
ADAMTS10,L4IT,1.1975306697153802e-9
ADAMTS16,L4IT,8.33745972782021e-12
ADAMTS16,L5IT,1.45487291598647e-14
ADAMTS17,L23IT,3.9297463468087e-9
ADAMTS17,L4IT,1.4235531532550802e-17
ADAMTS17,Vip,1.99468438734849e-8
ADAMTS18,L5ET,3.90898576792831e-9
ADAMTS19,L23IT,4.7133035732899705e-9
ADAMTS19,L4IT,4.6571546133436196e-11
ADAMTS19,L56NP,5.928692117469451e-9
ADAMTS19,L5ET,4.9291353255901306e-15
ADAMTS19,L5IT,3.1222346314228397e-12
ADAMTS3,L23IT,4.66856974094688e-9
ADAMTS3,L4IT,6.29428942610495e-16
ADAMTS3,L5IT,2.8460664402986397e-11
ADAMTS3,L6IT,1.64279178250198e-10
ADAMTS6,L4IT,1.2153064660438102e-9
ADAMTS6,L6CT,5.38636628568626e-14
ADAMTS6,L6ITCar3,8.43831716779058e-10
ADAMTS8,L6IT,1.78004785743882e-8
ADAMTS9-AS2,L23IT,3.62646900388432e-8
ADAMTS9-AS2,L4IT,2.2941314548308604e-9
ADAMTS9-AS2,L56NP,3.8946874005105303e-08
ADAMTS9-AS2,Pax6,3.40632717313694e-8
ADAMTSL1,L6b,5.5101624763662095e-11
ADAMTSL1,L6CT,3.09485012482512e-12
ADAMTSL2,L4IT,4.05718546458294e-8
ADAMTSL2,L6CT,1.64511248359619e-8
ADAMTSL3,L5ET,1.2421706740843299e-11
ADAMTSL3,Lamp5Lhx6,1.3005873859823299e-12
ADARB2,L4IT,2.56876492376214e-16
ADCY2,L5ET,1.10467894363751e-13
ADCY2,L6CT,2.27316497839183e-9
ADCY8,L4IT,8.86808888948143e-13
ADCY8,L56NP,1.5405635149622302e-10
ADCY8,L5IT,1.2397560866018e-8
ADCYAP1,L5ET,1.2869243976663798e-11
ADCYAP1,L5IT,2.71424719440432e-8
ADGRF2,L5ET,2.86087629343449e-8
ADGRF2,L6CT,5.49055311491647e-12
ADGRF4,L6CT,2.40261287540638e-8
ADGRG6,L56NP,4.16833293567391e-14
ADGRL2,L4IT,1.6080351320184e-16
ADGRL2,L56NP,2.8303914850694798e-11
ADGRL2,Sst,1.4580210970361597e-11
ADGRL3,L4IT,1.76547477882172e-15
ADGRL4,L6IT,5.00362147980339e-15
ADGRV1,L56NP,2.8046058136046203e-9
ADGRV1,L5ET,6.737831122381751e-9
ADORA2A-AS1,Sst,8.30723615574483e-10
ADRA1A,L5ET,1.33118300299948e-12
ADRA1B,L4IT,1.62751121649419e-12
ADRA1D,L5IT,2.15057740844045e-8
ADRA2A,L6CT,2.9643360434305196e-19
ADRA2A,L6ITCar3,2.49037692816123e-8
AEN,L4IT,6.74751859553029e-10
AEN,L5IT,2.15169980616372e-8
AEN,L6IT,9.44409238376798e-10
AFAP1-AS1,L5ET,2.30518550501204e-8
AFAP1-AS1,L5IT,2.40975054387353e-8
AFF1,L5ET,2.09492136223337e-10
AFF1,Sst,1.86022014618609e-13
AFF2,L4IT,8.90918209476956e-10
AFF2,L5ET,1.10330763559745e-11
AFF2,L5IT,1.2575010356193999e-13
AFF2,L6IT,3.45970085593409e-8
AFF3,L56NP,7.5028638270754e-9
AGAP1,L6CT,1.33842452839944e-8
AGBL1,L5ET,2.60620134227093e-8
AGBL1,L5IT,4.23667469868488e-12
AGPAT4,Chandelier,2.46014124632522e-9
AGPAT4,Pvalb,3.4177315153393e-13
AGPAT9,L56NP,1.78495156650046e-11
AGPAT9,L5ET,3.8956286566679595e-12
AGPAT9,L5IT,2.2086718229197302e-9
AGPAT9,L6CT,1.22046543335958e-8
AGPAT9,Pvalb,8.111429791010871e-9
AGPAT9,Sst,5.14219741107528e-10
AHI1,L6ITCar3,4.4667666112823793e-11
AHRR,L4IT,1.89167902995878e-12
AHRR,L56NP,3.58839865634677e-8
AHRR,L5IT,1.5030716352392e-15
AHRR,L6b,2.03602469815937e-9
AHRR,L6CT,1.05757855616254e-10
AIFM3,L23IT,7.3359446558062405e-9
AIFM3,L4IT,1.33502744464033e-10
AIFM3,L5IT,3.02023770750714e-8
AIFM3,L6CT,4.432960045489681e-9
AIFM3,Pvalb,5.4526560505741e-9
AIM1,Pvalb,7.698023799851591e-10
AK4,L23IT,1.8983303352253e-9
AK4,L4IT,2.0718658468555697e-11
AK4,L5ET,1.57353833446571e-9
AK4,L5IT,2.11364071218693e-9
AK4,L6IT,1.49170601748017e-8
AK5,L4IT,1.58461421567003e-12
AK5,L56NP,2.14984674028175e-8
AK5,L5IT,1.6387326701280297e-11
AK5,L6CT,2.06500898268491e-9
AK7,L56NP,3.63424409166365e-8
AKAP1,L4IT,1.5539813662739601e-9
AKAP12,L56NP,1.8484614880804003e-10
AKAP7,L4IT,5.85728595984835e-13
ALCAM,L56NP,7.637853095954031e-9
ALCAM,L6ITCar3,6.4287485038106995e-12
ALCAM,Pvalb,7.0976691778418e-9
ALDH1A1,L23IT,3.95036241047585e-10
ALDH1A1,L6IT,9.5216414219398e-9
ALDH1L1,L4IT,7.5376547891752e-14
ALDH1L1-AS2,L4IT,5.22231672221218e-10
ALDH7A1,L5ET,6.77619406661208e-10
AMZ1,L6IT,9.23561748163732e-10
ANGPT1,L5ET,5.71166585181611e-9
ANGPT1,L5IT,2.85632362364448e-10
ANK1,L5ET,5.00666783488174e-12
ANK1,L5IT,2.21000423649812e-10
ANK3,L6IT,2.21172380826615e-9
ANKDD1A,L23IT,1.1937345121052801e-9
ANKDD1A,L5ET,5.68939902481864e-12
ANKFN1,L4IT,4.01950401846445e-12
ANKRD10,L4IT,1.09221382966717e-8
ANKRD18A,L6CT,3.24271834954734e-8
ANKRD18B,L6CT,3.74729554588857e-10
ANKRD19P,L23IT,4.15745017012218e-14
ANKRD19P,L4IT,4.23570562961447e-9
ANKRD19P,L5ET,1.67394594178393e-10
ANKRD19P,L5IT,1.55500158085932e-8
ANKRD19P,L6IT,8.5399609862436e-11
ANKRD20A3,Endo,4.536914457795091e-9
ANKRD20A5P,L6IT,1.86377646106229e-9
ANKRD28,L4IT,1.61281627338138e-11
ANKRD28,L56NP,1.57914742114275e-8
ANKRD28,L5ET,9.03501128507776e-9
ANKRD28,L6CT,2.14153688940706e-8
ANKRD30B,L4IT,3.60385031047228e-10
ANKRD30B,L5ET,3.49912534613306e-8
ANKRD30BL,L23IT,8.204086784598431e-9
ANKRD30BL,Pvalb,1.16255602734728e-13
ANKRD34B,L56NP,2.01937129796028e-8
ANKRD34C,L4IT,5.99039494363297e-10
ANKRD34C-AS1,L4IT,1.86110628670403e-12
ANKRD34C-AS1,L6ITCar3,3.23832024304743e-10
ANKRD36BP2,L4IT,3.91450369846952e-8
ANKRD44,L4IT,1.48038022514224e-8
ANKRD44,L56NP,3.66729642263028e-14
ANKRD55,L4IT,1.63633063469985e-8
ANKRD6,L23IT,4.278335345920971e-15
ANKRD6,L4IT,3.87118217610782e-16
ANKRD6,L5IT,1.13845106016798e-12
ANKRD6,L6b,6.0904679011244905e-9
ANKRD6,L6CT,4.48848286095478e-12
ANKRD6,L6IT,1.53514982371454e-13
ANKRD9,L6CT,7.57304704615231e-9
ANO3,L23IT,9.773710966068861e-14
ANO3,L4IT,1.70491383950565e-15
ANO3,L5ET,2.92015509136504e-10
ANO3,L5IT,2.19348632736419e-10
ANO3,L6IT,2.4425780857787703e-10
ANO6,L56NP,2.4773467958898902e-9
ANP32B,L6ITCar3,4.02176660969995e-8
ANTXR1,L56NP,1.15348178928702e-9
ANTXR2,L4IT,1.11617294415273e-10
ANXA1,L6ITCar3,8.478592312199519e-13
ANXA2,Chandelier,7.215278057576211e-9
ANXA3,L5ET,2.18105466747461e-10
ANXA4,L4IT,1.1287234358761901e-9
AP1S2,L4IT,3.5705772470477295e-11
AP1S2,L5ET,2.57647329550014e-10
AP1S2,L6IT,7.84700313192906e-10
APBA1,L56NP,4.73673911563905e-10
APBA1,L6b,2.4218110300973403e-9
APBB2,L6ITCar3,4.9848165743162206e-9
AR,L5ET,3.38122648382352e-8
AR,L6CT,1.78824104556602e-12
ARAP2,L56NP,3.86085156186864e-12
ARAP2,Sst,1.70171717856054e-10
ARFGEF3,L4IT,1.9121344668734102e-10
ARHGAP10,L4IT,2.83837679054216e-12
ARHGAP10,L56NP,3.80148961504785e-14
ARHGAP10,L5ET,1.2165414791219e-10
ARHGAP10,Sst,7.47485143794201e-10
ARHGAP12,L4IT,3.4583679691567494e-11
ARHGAP15,L4IT,8.00706422720722e-11
ARHGAP17,L6IT,6.714210023460891e-9
ARHGAP18,Pvalb,2.7469313391633204e-9
ARHGAP22,L4IT,2.6200050653983803e-9
ARHGAP22,L5IT,4.5708320797172306e-9
ARHGAP23,L4IT,4.46904109801474e-10
ARHGAP23,L5IT,5.139635807423409e-11
ARHGAP23,L6IT,1.86901607808651e-8
ARHGAP24,L23IT,2.58663833023927e-9
ARHGAP24,L4IT,5.40110879238456e-10
ARHGAP25,L6ITCar3,2.1528793956802597e-12
ARHGAP26,L5ET,7.07989647360451e-12
ARHGAP27,L4IT,4.69575430715106e-10
ARHGAP28,L23IT,7.627930459258671e-9
ARHGAP28,L4IT,1.7951056901925603e-9
ARHGAP28,Pvalb,8.06575768322625e-12
ARHGAP29,L4IT,8.264301685971499e-12
ARHGAP42,L56NP,1.9397453998942e-8
ARHGEF26,L23IT,3.2312460634972196e-11
ARHGEF26,L4IT,4.780939756294881e-9
ARHGEF26-AS1,L23IT,3.69165302552577e-13
ARHGEF26-AS1,L4IT,6.57048333783393e-14
ARHGEF26-AS1,L5IT,1.26288583671923e-8
ARHGEF28,L23IT,4.53185974201197e-9
ARHGEF28,L4IT,1.0975356222826602e-9
ARHGEF28,L56NP,1.20774393751601e-13
ARHGEF28,L5IT,2.64627386250223e-13
ARHGEF3,L4IT,6.06676331913322e-10
ARHGEF3,Pvalb,5.525511952392961e-9
ARHGEF4,L23IT,1.74734340761686e-10
ARHGEF4,L4IT,2.67480417018742e-9
ARHGEF6,L5ET,3.1966516479755402e-09
ARHGEF6,L6CT,7.90906925289434e-10
ARL15,L56NP,3.56946736283157e-8
ARL15,L5ET,1.8852482103547e-9
ARL15,L6CT,5.24283222636589e-11
ARL4C,L6IT,2.60731079524216e-9
ARMC12,VLMC,6.500413420587671e-9
ARMC2,L4IT,4.94663077075771e-13
ARMC2,L5IT,4.84023348640744e-10
ARMC3,L5IT,2.09524853511036e-8
ARMC4P1,L4IT,8.73391325872963e-10
ARNTL2,L56NP,1.9943200211076798e-08
ARSD,L4IT,2.60852394618338e-10
ARSJ,L4IT,1.83584718199346e-8
ART3,L6CT,5.215272888118499e-13
ASB2,L4IT,2.1850231194434e-8
ASIC2,Pvalb,8.62011448947005e-11
ASPM,L6CT,4.05269226360437e-8
ASPM,L6IT,7.604516661460989e-11
ASTN2,L4IT,3.87704810269148e-10
ASXL3,L4IT,8.48639822901706e-15
ASXL3,L56NP,3.10783609407917e-8
ASXL3,L5ET,2.6663421728086604e-9
ASXL3,L6b,1.9766676518714e-8
ATP10A,L6b,1.05973722362576e-16
ATP10A,L6ITCar3,1.19285238720985e-8
ATP10D,L4IT,8.75069482848028e-11
ATP11A,L6IT,3.0851867256518796e-11
ATP11C,L4IT,2.03107767641e-10
ATP11C,Sst,1.3463458573854802e-9
ATP2B4,L23IT,6.33845382913112e-10
ATP2B4,L4IT,4.636840829546609e-11
ATP2B4,L56NP,3.02966687747791e-8
ATP2B4,L5ET,8.411152076168901e-10
ATP2B4,L5IT,1.00526658101484e-12
ATP2B4,L6b,4.7699088667437894e-11
ATP2B4,L6CT,6.16764151887232e-9
ATP2B4,L6IT,2.6603277434853304e-9
ATP2B4,L6ITCar3,1.12475981843184e-8
ATP6V1C2,L5ET,6.20986858700929e-10
ATP8A1,L4IT,3.54486153745249e-12
ATP8A1,L5ET,1.9968453867679002e-10
ATP8B4,L4IT,1.64209078722889e-8
ATP8B4,L56NP,2.2389510819741102e-9
ATP8B4,Pvalb,1.94690808326346e-11
ATP9A,L4IT,6.939242782440769e-11
ATXN8OS,L4IT,5.7658172762764694e-11
B3GALTL,L4IT,1.2278145880527499e-11
B3GALTL,L5ET,3.56400882219444e-8
B3GAT2,L56NP,9.463786052906039e-11
B3GAT2,L5ET,5.42589597343488e-10
B9D1,L4IT,7.10073458284854e-10
BACE2,Pvalb,1.09273037320104e-8
BACH2,L6ITCar3,2.0393151435505e-9
BAIAP3,L4IT,1.68715160235997e-8
BAIAP3,L56NP,2.7371506723208797e-11
BAIAP3,L5IT,2.0478233835623197e-11
BAIAP3,Pvalb,8.79722866982331e-10
BAIAP3,Sst,2.33145631662324e-12
BAIAP3,Vip,1.28220358663098e-9
BARD1,L6ITCar3,5.5873451623884296e-11
BCAR3,L6IT,1.61821291304665e-8
BCL11A,L4IT,5.759185711280461e-9
BCL11A,L6ITCar3,1.58597433459246e-8
BCL2L11,L5ET,1.47011148178882e-9
BCL7C,L6CT,1.00984012001698e-12
BCL7C,L6IT,3.62807049227227e-8
BDKRB2,L5ET,4.6270391759383805e-9
BDNF,L6ITCar3,1.62802539061461e-8
BEAN1,L5ET,1.17884174035632e-8
BEND7,L5ET,2.80476143963465e-8
BHLHE22,L23IT,1.02115177992322e-12
BHLHE22,L4IT,5.3208791558420506e-15
BICC1,L4IT,1.04595781181281e-9
BICC1,L5ET,1.1410445115447399e-11
BICD1,L5ET,1.0314743769791102e-9
BICD1,Lamp5Lhx6,1.24529056927051e-9
BID,L4IT,1.59144168525764e-13
BMP7,L4IT,6.711800503260911e-9
BMP8A,L4IT,2.05284490561173e-9
BMPER,L5IT,1.6318065973098402e-9
BMPER,L6CT,9.382654675801e-9
BMPR1B,L5ET,4.51432130672759e-16
BRE,L5IT,8.22249643652067e-10
BRE,L6IT,1.44990425734756e-9
BRINP1,L23IT,9.38359121979471e-10
BRINP1,L4IT,7.620043841433231e-9
BRINP1,L5ET,2.50780060369238e-9
BRINP1,L6CT,2.8094891548381303e-9
BRINP1,Pvalb,4.793702624038199e-12
BRINP2,L5ET,1.08159784407284e-9
BRINP2,L6IT,3.81766733477813e-9
BRINP3,L4IT,9.217630242099491e-9
BSPRY,L56NP,3.2067894355586202e-09
BTBD11,L4IT,7.681297856101079e-11
BTBD3,L4IT,6.6123636868034e-14
BTC,L6CT,2.28520309512036e-12
BTG1,L6ITCar3,2.53920871723923e-8
BTNL9,L23IT,5.69142525651278e-9
BTNL9,L4IT,2.57740195569734e-12
BVES,L4IT,3.01193283017739e-8
C10orf11,L6ITCar3,4.89786610866906e-9
C10orf67,L5ET,8.5494295822726e-9
C11orf80,L4IT,1.4188008376885802e-9
C11orf80,L56NP,1.68392666221294e-10
C11orf80,L6IT,2.1850596115842098e-11
C11orf87,L6CT,1.80266742963285e-10
C12orf42,L23IT,2.41436702430197e-8
C12orf42,L5ET,1.8256176221890101e-9
C12orf5,Pvalb,6.685743178861e-12
C14orf132,L6CT,6.90542208664291e-11
C14orf132,L6IT,8.943504930656669e-11
C15orf41,L5ET,1.1002465791601202e-9
C15orf59,L5IT,7.5607634472533e-9
C16orf52,L23IT,8.2472062425695e-11
C16orf52,L4IT,9.425490146698551e-15
C16orf52,L5ET,1.0163643932704e-13
C16orf52,L5IT,2.99859814859531e-11
C18orf42,L5ET,1.01069584988077e-13
C1QL3,L5ET,1.97323217991868e-11
C1QL3,L5IT,2.16871206156675e-10
C1QTNF7,L5ET,1.30775063887236e-13
C1orf116,L5ET,1.01250867853639e-12
C1orf145,L6CT,5.388043497606829e-11
C1orf186,L4IT,3.61489258326941e-8
C1orf228,L5IT,1.56939766622783e-8
C1orf95,L23IT,3.43795790305487e-10
C1orf95,L4IT,1.7470336868961e-14
C1orf95,L5ET,1.37446153478064e-10
C1orf95,L5IT,1.4080636974538698e-11
C1orf95,L6IT,2.79331128152028e-11
C1orf95,L6ITCar3,8.328264875389969e-11
C1orf95,Lamp5Lhx6,2.53281597134942e-8
C22orf34,L5ET,2.5675516043061802e-9
C22orf34,L5IT,1.3151124089409702e-9
C2CD2,L56NP,2.6369807665654097e-12
C2CD2,L5IT,3.70175944259612e-10
C2CD2,L6IT,8.35271996704852e-10
C2CD4C,L4IT,2.47207447914767e-8
C3orf67-AS1,L4IT,3.80884504795902e-10
C3orf79,L6ITCar3,1.99201257398628e-8
C4orf22,L6ITCar3,9.052653664892119e-11
C5orf64,L5ET,3.31153785445689e-10
C6orf141,L4IT,2.7447489964327e-8
C6orf141,L5IT,3.77128915525611e-8
C8orf31,L6ITCar3,2.44279817973048e-8
C8orf34,L4IT,3.4269675381665197e-13
C8orf34,L5IT,1.0441909956447e-10
C8orf34,L6IT,2.6988216606823797e-11
C8orf34,Pvalb,1.04802777134972e-8
CA10,L56NP,6.478338575895181e-9
CA10,L5ET,7.990420915242899e-17
CA10,L6CT,2.27293276944202e-9
CA12,L56NP,3.91043546303787e-9
CAB39L,L6ITCar3,9.64937484312766e-10
CABLES1,L23IT,1.53029604225686e-11
CACHD1,L4IT,9.12468049390753e-15
CACHD1,L56NP,5.07279734193647e-12
CACHD1,L5ET,2.18969695604242e-8
CACHD1,L5IT,6.23591916977069e-12
CACHD1,L6IT,4.77673222129213e-11
CACHD1,L6ITCar3,2.50511507537596e-10
CACNA1E,L23IT,2.6207791554076203e-9
CACNA1E,L5ET,1.9280994192322697e-11
CACNA1E,L6CT,4.12580135690132e-8
CACNA1E,L6IT,1.3253395395809802e-9
CACNB2,L23IT,1.8152151824205501e-10
CACNB2,L4IT,8.311046990876361e-14
CACNB2,L5ET,9.081219193437799e-13
CACNB2,L6IT,6.08135461031819e-9
CACNB2,L6ITCar3,9.276690343150371e-9
CACNG3,L4IT,1.82954342820204e-13
CACNG3,L6CT,6.6839651673813e-9
CACNG4,L23IT,7.21433605011508e-12
CACNG4,L4IT,1.54015689872147e-8
CACNG4,L56NP,4.985829024449771e-9
CACNG4,L5IT,6.52499326841608e-11
CACNG4,Lamp5Lhx6,1.0622625427960702e-9
CACNG5,L4IT,2.98563953999498e-14
CACNG5,L5IT,3.78601131807476e-9
CADM1,L4IT,1.11191472780556e-8
CADM1,L56NP,3.2201666391251303e-9
CADM1,L5ET,1.28240470936568e-10
CADM1,Pvalb,2.61381604869577e-8
CADM2,Lamp5Lhx6,3.8324841673966e-8
CADPS,L6IT,2.2686134030188402e-9
CADPS2,L23IT,2.0556119417101297e-11
CADPS2,L4IT,1.82312432666752e-15
CADPS2,L5ET,1.3930043565366101e-9
CADPS2,L5IT,3.99798641184202e-8
CADPS2,L6b,1.96993281664375e-11
CADPS2,L6CT,1.6749702284686898e-12
CADPS2,L6IT,5.9444070107863905e-9
CALCRL,L5ET,2.35121648552417e-13
CALN1,L56NP,1.1363470440298502e-9
CALN1,L5ET,1.55079081069125e-14
CALN1,L5IT,2.0084403683654397e-11
CALN1,L6IT,2.77206590396531e-8
CALN1,Sst,1.23345776298553e-12
CAMK1G,L5ET,3.54751429929242e-8
CAMK2D,L23IT,2.8766302914336104e-9
CAMK2D,L56NP,2.25716089100825e-8
CAMK2G,L4IT,1.3106476875830499e-11
CAMK2N2,L4IT,4.2514487155256196e-12
CAMK4,L6CT,2.96554752918224e-8
CAT,L4IT,3.76011980574573e-13
CAV1,L23IT,6.68147361909936e-13
CAV1,L6IT,4.2102470595259503e-10
CBFB,L23IT,5.9857127197988e-9
CBFB,L56NP,6.893136680762471e-15
CBFB,L5ET,5.32832770505106e-10
CBFB,L5IT,1.352555729086e-9
CBFB,L6CT,8.029438108949741e-9
CBFB,Pvalb,3.24518346220732e-8
CBLN2,L4IT,1.20498307385429e-10
CBLN2,L5IT,4.60063968901214e-9
CBLN4,L4IT,9.61352755656012e-10
CBLN4,L6CT,3.32538864765715e-8
CCBE1,L23IT,7.6059255945993e-10
CCBE1,L5ET,1.4753139441923198e-12
CCBE1,L5IT,9.71208435038531e-10
CCBE1,L6IT,3.40015391567385e-10
CCBE1,L6ITCar3,1.29146287492995e-9
CCDC102B,L4IT,1.11232272977702e-10
CCDC102B,L5ET,7.10117460636231e-10
CCDC109B,L4IT,2.20147396728293e-9
CCDC109B,L6IT,3.14488158727805e-8
CCDC129,L6b,3.0638270648439605e-9
CCDC136,L4IT,6.48553977282827e-13
CCDC144NL-AS1,L4IT,4.14243542768079e-9
CCDC146,L4IT,3.4331457768299503e-9
CCDC148,L23IT,3.7893537603097997e-13
CCDC148,L4IT,3.66926273042467e-10
CCDC148,L5IT,2.39949869391169e-11
CCDC152,L23IT,6.55951322258104e-10
CCDC25,L5ET,6.30378347373326e-9
CCDC3,L4IT,6.70765609492587e-20
CCDC50,L23IT,2.11700587115281e-8
CCDC50,L6ITCar3,2.4522737173018103e-9
CCDC68,L5ET,3.27785833533799e-8
CCDC68,L5IT,1.42664027735329e-13
CCDC77,L5ET,9.112156460913411e-9
CCDC91,L4IT,5.0747804289438896e-11
CCL11,L6CT,1.78576618444234e-8
CCM2L,L4IT,8.720309658536151e-9
CCND1,L4IT,2.56036342242366e-8
CCNY,L4IT,1.8690422929283e-8
CCNYL1,L23IT,2.27057049713008e-12
CCNYL1,L4IT,5.07645992843192e-9
CCNYL1,L6IT,2.73690675067913e-9
CCNYL1,L6ITCar3,1.05811745031256e-8
CCSAP,L5ET,3.96837513274085e-9
CCSER2,L6IT,1.60897835477256e-8
CD163L1,L5ET,1.80300081584297e-8
CD163L1,L6b,1.63982277788483e-8
CD163L1,L6CT,1.81196070409048e-8
CD163L1,L6IT,3.4919648384491e-9
CD24,L4IT,4.79621254892805e-12
CD24,L5ET,5.50376686818761e-11
CD24,L5IT,4.31683864697904e-9
CD36,L23IT,4.681858457629029e-11
CD53,L4IT,8.36383850651649e-12
CD55,L4IT,5.3682225899284e-10
CD74,L4IT,1.3647989379998198e-11
CD99,L6b,1.24755274490993e-13
CD99,L6CT,7.75162995447051e-12
CD99L2,L5IT,5.6050735087554204e-9
CD99L2,L6CT,1.5783093196518298e-11
CDC42EP3,L4IT,8.815469479579501e-10
CDC42SE2,L23IT,5.357400013424299e-12
CDC42SE2,L4IT,6.88650160783266e-11
CDC42SE2,L5IT,8.30820944844188e-9
CDH10,L23IT,1.49414154402084e-8
CDH10,L4IT,5.98624931473975e-13
CDH11,L56NP,2.0136212371401e-8
CDH11,L5ET,3.13638957117947e-8
CDH12,L5ET,1.28198854039904e-11
CDH12,L5IT,4.838821423678251e-9
CDH12,L6CT,4.11802999354157e-13
CDH12,Pvalb,1.16555191467438e-10
CDH13,L23IT,6.65642402064463e-10
CDH13,L4IT,2.50882987125401e-8
CDH13,Lamp5Lhx6,2.7132816450082703e-9
CDH18,Chandelier,9.074650536283201e-10
CDH18,L5ET,9.7678480756633e-11
CDH18,L6CT,2.65269975880088e-8
CDH19,L4IT,4.06262675271586e-8
CDH20,L4IT,1.8220357205037599e-13
CDH24,L6CT,1.6282798304633e-8
CDH4,L5ET,3.15475406318262e-8
CDH4,Pvalb,1.87508657904454e-8
CDH6,L23IT,1.06679637371487e-8
CDH6,L5ET,4.44000488454382e-10
CDH7,Chandelier,1.92565244253695e-9
CDH7,L4IT,5.07233469034832e-10
CDH7,L5ET,9.95293070686582e-16
CDH7,L6b,7.08655590188314e-10
CDH7,L6CT,9.89468850732192e-11
CDH7,L6ITCar3,5.66902492801866e-10
CDH7,Pvalb,1.78893478109116e-8
CDH8,L4IT,4.72990632278183e-9
CDH9,L4IT,4.8940187805208404e-9
CDH9,L56NP,9.4507522246608e-9
CDH9,L5IT,8.77123952104515e-9
CDH9,Pvalb,1.80653675189082e-12
CDK17,L5ET,2.8106334652503903e-9
CDK18,L4IT,2.9590844641512998e-12
CDK18,L5IT,2.1034154718054002e-10
CDK2AP1,L6CT,5.6256708285146495e-12
CDK2AP1,L6IT,1.26507222395941e-10
CDK6,L5IT,9.98675035391209e-11
CDKL1,L4IT,1.45986709492949e-11
CDKN2A,L5ET,1.53423842998446e-9
CDKN2B-AS1,L5ET,3.91913315834774e-9
CDR1,L4IT,4.3504506217472396e-11
CDR1,L5IT,1.30995785007266e-8
CDS1,L4IT,2.9007351285585197e-12
CDYL,Pvalb,6.294595245311061e-9
CDYL2,L5ET,2.38868996008118e-8
CELF4,L4IT,3.68283285484266e-8
CELF5,L4IT,3.46049845921312e-13
CELF5,L5ET,7.00478804316288e-10
CELF5,L5IT,1.008798022762e-8
CELF5,L6IT,2.85117341668756e-8
CELF5,Pvalb,1.46006720053239e-8
CELF5,Sst,2.33550676201368e-8
CELF6,L23IT,1.02112388991231e-9
CELF6,L4IT,8.292988105607479e-11
CELSR1,L6CT,2.04183006681264e-13
CEP112,L56NP,1.0256667027124502e-9
CEP112,L5ET,2.33703162075155e-9
CEP112,L5IT,2.21072166375155e-10
CEP152,Sst,6.551242307328491e-9
CEP70,L6CT,6.614943150048521e-9
CEP70,L6IT,4.1464841265895794e-11
CEP83,L23IT,8.33258460933177e-10
CFAP44,L56NP,5.298592017037539e-11
CFAP44,L5IT,4.8231430876929396e-11
CFAP44,L6IT,8.20609406559602e-9
CFAP54,L4IT,1.92532493741304e-9
CFAP58,L23IT,4.20888606972383e-10
CFAP58,L4IT,2.02049960292169e-13
CFAP70,L5IT,1.64424807398436e-8
CFAP70,L6IT,2.44876380126748e-8
CFH,L6CT,1.14697319874747e-14
CFLAR,L4IT,1.13437720990338e-9
CFLAR,L5IT,1.4126266942745199e-11
CFLAR,L6CT,5.01812927136416e-15
CFLAR,L6IT,1.0866219777748402e-9
CFLAR-AS1,L6CT,2.00622724134136e-8
CGN,L6b,5.42094337382272e-10
CGNL1,L6CT,1.0697230304725502e-15
CHCHD6,L23IT,3.02645030042835e-8
CHCHD6,L4IT,8.2608112334884e-13
CHCHD6,L6CT,2.3100664228965804e-9
CHGA,L23IT,3.7105789255699505e-9
CHGA,L6CT,5.80163099283177e-10
CHGA,L6IT,2.20575851173801e-8
CHGB,L6CT,5.1706240414488506e-9
CHKA,L23IT,3.56539278158695e-8
CHKA,L6IT,2.63147124149081e-8
CHL1,L6CT,2.16983124022984e-10
CHL1,L6IT,9.310249989118061e-10
CHL1,L6ITCar3,4.98420481292423e-11
CHL1,Pvalb,1.8931283524362098e-11
CHN2,L4IT,1.69757069711434e-10
CHRD,Sst,9.53212095919422e-9
CHRM2,L6IT,1.0041837126278502e-9
CHRM3,L5ET,1.86030273817429e-10
CHRNA3,L4IT,1.29542554782341e-10
CHRNA7,L56NP,4.24938586555734e-11
CHRNB3,Chandelier,1.56154855862463e-8
CHRNB3,L6b,2.70536483963759e-8
CHRNB3,L6ITCar3,3.40801241135098e-13
CHST15,L6CT,1.0402327806823e-9
CHST15,L6ITCar3,3.75065950922219e-9
CHST9,Lamp5Lhx6,3.79955434489678e-13
CHSY3,L4IT,4.2812557212894194e-19
CHSY3,L6b,3.61719327131325e-8
CIT,L5ET,2.5548103926855697e-11
CITED2,L4IT,5.24153311518592e-9
CLEC3A,L4IT,8.382076519270379e-11
CLIC5,L56NP,3.68068322334747e-8
CLK4,Pvalb,9.65956676948232e-9
CLMN,L4IT,4.92546451005522e-14
CLMP,L56NP,4.16960183968617e-12
CLMP,L6CT,1.55862047784302e-12
CLSTN2,L4IT,1.30684854310638e-9
CLTCL1,L4IT,1.7914824940371501e-9
CMAHP,L5ET,1.52202246507395e-10
CMAHP,L6IT,2.84021260402211e-8
CMSS1,L4IT,1.21043883549606e-9
CMTM8,L5ET,9.07212435119564e-16
CMTM8,L5IT,2.5351144294489397e-11
CMTM8,L6b,2.06522367776441e-11
CMTM8,L6CT,1.89580644871672e-12
CMTM8,Pvalb,6.80604747218704e-15
CNGA3,L5ET,3.6881835495636e-9
CNGB1,L23IT,4.25682699544676e-15
CNGB1,L4IT,1.49299184735863e-10
CNGB1,L56NP,1.4331494912887902e-9
CNGB1,L5ET,2.3412805286071398e-12
CNGB1,L5IT,1.77524845812688e-10
CNGB1,L6CT,8.208141086172781e-10
CNIH3,L5ET,5.805794729246979e-11
CNN3,L4IT,8.568780811458041e-9
CNN3,Sst,3.0483193232994e-8
CNR1,Chandelier,4.51961597464386e-9
CNR1,L4IT,2.29158093876889e-13
CNR1,L5ET,3.17057739426947e-8
CNR1,L5IT,1.9015453170745e-11
CNTN2,L4IT,1.2264593654916202e-9
CNTN3,L23IT,2.0753650236967e-10
CNTN3,L4IT,1.31995718752466e-10
CNTN3,L5IT,2.9558819805596403e-9
CNTN3,L6ITCar3,3.15181267013974e-8
CNTN5,L5ET,8.89084360687699e-10
CNTN5,L6CT,1.4002149053523298e-11
CNTN5,L6IT,1.2507500897744098e-11
CNTN5,L6ITCar3,6.581226872718891e-9
CNTN6,L4IT,5.739707426080701e-10
CNTN6,L56NP,4.05044645696159e-11
CNTN6,L5ET,3.6186591070656795e-11
CNTN6,L5IT,7.889268154464721e-9
CNTN6,L6IT,8.988324370536071e-9
CNTNAP1,L6CT,5.03023314953684e-9
CNTNAP2,L4IT,1.91303199647163e-8
CNTNAP2,L6ITCar3,1.89057329047518e-11
CNTNAP2,Lamp5Lhx6,4.56083075788272e-9
CNTNAP3,L5IT,1.06730531230555e-11
CNTNAP3,L6IT,8.114865686350611e-14
CNTNAP3B,L6IT,3.41981468132237e-8
CNTNAP3P2,L6IT,4.03392294859978e-10
CNTNAP4,L5IT,2.73767993017782e-8
CNTNAP5,L4IT,1.3029112234425901e-9
CNTNAP5,L6CT,3.73182818922119e-10
CNTNAP5,L6IT,8.029039710606971e-9
CNTNAP5,L6ITCar3,1.14668633744465e-9
CNTRL,L6ITCar3,1.35085164012892e-8
COBL,L4IT,5.3738195574062305e-9
COG2,Pvalb,2.85561201791506e-8
COG5,L4IT,5.1592587684816496e-11
COL11A1,L5ET,1.34274269713046e-8
COL11A1,Pvalb,1.69801656731259e-8
COL12A1,L4IT,3.13264283178568e-10
COL12A1,L56NP,8.72478001677916e-12
COL12A1,L5ET,4.33372767102207e-11
COL12A1,Sst,3.49910810451157e-8
COL16A1,L5IT,1.10590452015881e-8
COL18A1,L5IT,8.52249715141869e-12
COL21A1,L4IT,1.98628750730694e-8
COL21A1,L5ET,2.2149302800081e-11
COL21A1,L5IT,9.39574410105267e-12
COL21A1,L6IT,1.0368333408871e-8
COL22A1,L4IT,2.4942729973496203e-9
COL22A1,L5IT,3.94794344596057e-8
COL23A1,L4IT,3.93139361687862e-8
COL23A1,L5IT,3.05609633222408e-8
COL24A1,L5ET,2.7162097317110097e-11
COL25A1,L6b,1.0594597260284e-8
COL4A3,Lamp5,7.649098386899059e-11
COL5A1,L6IT,4.99524267102672e-10
COL5A2,L4IT,1.20631395889538e-8
COL5A2,L5ET,1.72958823739044e-16
COL5A2,L5IT,8.46954308197902e-9
COLGALT2,L5ET,5.07576186450993e-11
CPEB1,L6CT,6.572645693321649e-12
CPEB2-AS1,L5ET,2.37205956015345e-12
CPED1,L6ITCar3,3.67851825534892e-10
CPED1,Vip,6.7568611283769505e-9
CPLX1,L4IT,1.84683420047062e-12
CPLX2,L6CT,6.589032072347289e-11
CPNE4,L4IT,3.45811984858822e-8
CPNE5,L4IT,2.7369992424336698e-11
CPNE7,L23IT,2.0859404726472503e-9
CPNE7,L4IT,2.67117468282558e-8
CPNE8,L4IT,1.6656234585822e-8
CPNE8,L56NP,3.61801219411427e-8
CPNE8,L5ET,1.01639461615482e-11
CPNE8,L5IT,4.1199185903542494e-11
CPNE8,L6ITCar3,1.57516156900415e-14
CPNE9,L5ET,4.43125622268124e-10
CPT1C,L4IT,3.43308243314754e-8
CPXM2,L4IT,8.054680896658021e-10
CPXM2,L5IT,2.511321515005e-8
CR1,L56NP,1.80772687898357e-8
CRB1,L23IT,3.58230421313821e-8
CREB3L2,L6CT,3.4827035237514803e-9
CREB5,L4IT,7.85618000358452e-10
CREM,L6IT,2.4623907677437203e-9
CRIM1,L4IT,5.030716179108061e-9
CRIM1,L5ET,1.85314594601194e-9
CRIM1,L5IT,1.42131474752848e-9
CRIM1,L6CT,1.4235713227894999e-12
CRIP3,L5ET,1.20752342650509e-8
CRISPLD1,L6CT,1.4188795491185301e-9
CRMP1,L6CT,6.2350946216226e-9
CRTAC1,L4IT,1.46163373217032e-8
CRYGD,L6CT,4.17032531785727e-9
CRYM-AS1,L23IT,4.08535116238315e-10
CRYM-AS1,L4IT,3.6674567955928205e-9
CSDC2,L4IT,1.29184529829271e-10
CSDC2,L56NP,7.82033828828581e-9
CSDC2,L5ET,3.54350657201927e-10
CSDC2,L5IT,2.49515986372973e-9
CSGALNACT1,L4IT,1.58952967492872e-13
CSGALNACT1,L5ET,2.77197467986494e-12
CSGALNACT1,L6CT,6.15742891456506e-13
CSMD2,L6b,5.62928121540322e-9
CSMD2,L6CT,3.2399413116642e-14
CTBP2,L4IT,1.01824725909719e-8
CTBP2,L56NP,1.31480677422585e-8
CTBP2,L6ITCar3,1.0457971037072599e-11
CTBP2,Sst,3.33364626871134e-8
CTD-2297D10.2,L4IT,3.1467244203103297e-12
CTD-2297D10.2,L5IT,1.1035831565116398e-11
CTDSPL,L4IT,9.16940728532675e-9
CTNNAL1,L4IT,2.49897827630958e-8
CTNNB1,L4IT,2.00093464354005e-8
CTNND2,L4IT,3.67162980753966e-8
CTNND2,L6CT,1.87102121274877e-8
CTNND2,L6IT,5.57519021183348e-10
CTSC,L4IT,1.3759980763685002e-10
CTSC,L6CT,2.14835228041952e-9
CTSZ,L6IT,2.817783489877e-9
CUX1,L23IT,1.2837567070137e-10
CUX1,L4IT,1.17325468532286e-19
CUX2,L4IT,2.73496076198055e-15
CUX2,L56NP,3.35692133944028e-10
CUX2,L6ITCar3,8.606106624236951e-14
CXorf57,L5ET,2.4623751248482e-8
CYB5RL,L4IT,1.03156818705959e-8
CYBRD1,L6CT,1.54534357606467e-8
CYP1B1-AS1,L5ET,7.69664273843471e-9
CYP27C1,L6ITCar3,2.2106552560578403e-9
CYP2C18,L5IT,1.94836257621881e-8
CYP2S1,L5ET,2.03624574002545e-9
CYP39A1,L4IT,6.511193949254111e-9
CYSLTR1,L56NP,6.43785945237655e-13
CYYR1,L4IT,1.05243277047454e-13
DAB1,L4IT,5.7468450374160996e-12
DAB1,L5ET,2.29173337325322e-12
DAB1,L5IT,5.83514505715903e-13
DAB1,L6b,6.68474014978423e-14
DAB1,L6CT,8.77005027715781e-10
DAB1,L6IT,1.00828776071172e-13
DACH1,L6CT,6.66979749870093e-11
DACH1,L6IT,5.48697375285331e-9
DACH1,L6ITCar3,1.46005180641458e-8
DAPK1,L56NP,3.3964964966945504e-9
DAPK1,L5IT,6.6473652659815e-10
DAPK1,L6IT,4.8911911572275e-10
DAPK1,Pvalb,3.35054160825623e-12
DCBLD2,L23IT,2.74889383033093e-10
DCC,L4IT,1.92452017632712e-18
DCC,L56NP,8.54877944217223e-12
DCC,L6IT,1.7278192666020802e-9
DCDC2,L5IT,3.75268380950082e-8
DCDC2,L6CT,3.2761820922975e-8
DCDC2,L6IT,1.0521208240979e-8
DCDC2C,L23IT,1.0011999730841902e-9
DCHS2,L4IT,9.606639565490421e-10
DCHS2,L5ET,8.010293656530269e-11
DCHS2,L6b,1.50714791065525e-8
DCHS2,L6CT,3.80876109099672e-11
DCHS2,L6IT,3.00507373188137e-8
DCLK2,L4IT,9.961839875434561e-9
DCLK2,L6ITCar3,4.26295114345817e-10
DCLK3,L4IT,4.5236572851269704e-9
DCN,Pvalb,1.76194602893609e-8
DCSTAMP,L4IT,2.42780760327277e-8
DDAH1,L5ET,7.67297239664807e-14
DDR1,L5ET,1.38619455334828e-8
DENND2A,L4IT,2.26273326253137e-11
DENND2A,L56NP,2.4048980813517498e-11
DENND2A,L5IT,1.54553498380391e-8
DENND2C,L56NP,8.923358895256511e-9
DENND3,L23IT,3.03408083850877e-8
DENND3,L4IT,3.48791158941785e-10
DENND3,L5ET,6.154859339440989e-12
DFNA5,L56NP,9.164675053450461e-9
DFNB31,L23IT,8.03283577887492e-10
DFNB31,L4IT,5.877108297294579e-12
DFNB31,L56NP,3.87393010838392e-9
DFNB59,L6CT,1.28555225908278e-8
DGKB,L4IT,5.01391309761086e-11
DGKB,L5ET,2.23044127799922e-8
DGKB,L5IT,1.7454492783939102e-9
DGKB,Pvalb,3.50398059130948e-8
DGKD,L4IT,2.2252684514277302e-17
DGKD,L56NP,1.3876126986687502e-9
DGKG,L4IT,1.94715414410543e-10
DGKG,L56NP,7.29317309320893e-10
DGKH,L5ET,2.06276241995143e-11
DGKH,L5IT,1.05521570992185e-8
DGKH,L6IT,3.63344868056122e-9
DGKZ,L5ET,1.41599873437655e-8
DHRS3,L4IT,1.22252246979651e-8
DIAPH2,L4IT,2.45270196261454e-9
DIAPH2,L5ET,2.0671478701447699e-13
DIAPH2,Pvalb,1.3463336629136699e-11
DIAPH3,L4IT,4.59134003060607e-9
DIAPH3,L56NP,1.78537674090738e-8
DIAPH3,L5ET,5.69556564646143e-9
DIAPH3,L6IT,1.85409016925231e-8
DIP2A,L6IT,4.0202898643322e-8
DIP2A,L6ITCar3,7.0293207371981e-13
DIRAS3,L4IT,4.77926727607657e-9
DIXDC1,L23IT,1.32697087533605e-8
DIXDC1,L4IT,2.09498175785208e-8
DKK2,L6b,1.19076272424293e-8
DLC1,L6ITCar3,7.49382078940683e-9
DLG1,L5ET,3.06800241404814e-10
DLG1,Lamp5Lhx6,2.42399410871795e-8
DLG1,Pvalb,2.1974292078393103e-9
DLG2,L4IT,2.7560679585236e-12
DLGAP1,L23IT,3.83003725793115e-8
DLGAP1-AS4,L4IT,2.4076846509662e-8
DMD,Chandelier,1.1292526668333401e-9
DMD,L4IT,9.557975959354299e-20
DMD,L5ET,3.64082298623731e-13
DMD,Pvalb,3.17152211875236e-10
DMKN,L23IT,6.9958148451553e-11
DMXL1,L5ET,1.03238102326611e-8
DNAH14,L5IT,4.09514494522218e-12
DNAH14,L6CT,2.79546742446165e-10
DNAH14,L6IT,5.1632930256532e-17
DNAH2,L4IT,7.5021966763343e-9
DNAH5,L23IT,1.4743551046326202e-9
DNAH5,L4IT,2.61414043067798e-12
DNAH5,L56NP,3.51416008004777e-8
DNAH5,L5IT,2.01688064044265e-8
DNAH6,L23IT,3.7164750990208696e-11
DNAH6,L4IT,1.03684736664812e-9
DNAH6,L56NP,1.3834535225427e-8
DNAH6,L5ET,1.2171964325058101e-15
DNAH6,L5IT,2.3478847456849797e-11
DNAH6,L6CT,4.3694741115549197e-13
DNAH7,L4IT,7.174165257242611e-9
DNAH7,L5IT,2.02294719226372e-10
DNAI1,L5ET,1.53987619252266e-10
DNAJC1,L5IT,2.2697601933863203e-9
DNER,L5ET,9.3505795050968e-10
DNER,L5IT,1.56494777582074e-15
DNER,L6CT,6.457389168244469e-11
DNER,L6ITCar3,5.92750130298392e-10
DOC2A,Pvalb,2.65073227512749e-8
DOCK10,L6CT,4.05721325393756e-10
DOCK4,L4IT,3.19544140513381e-10
DOCK4,L6CT,2.76127391303292e-8
DOCK9,L23IT,2.47865659674288e-10
DOCK9,L6IT,5.8462797180643e-12
DOK5,L5ET,2.34021759984078e-16
DOK5,L6CT,3.29818591707099e-10
DOK6,L4IT,4.807430407832331e-10
DOK6,L5ET,2.45801500723607e-8
DOK6,L5IT,3.13022995229171e-12
DOK6,L6IT,4.31910787939903e-11
DOK6,L6ITCar3,2.89429754519223e-10
DPP10,L4IT,1.40944829435026e-12
DPP10,L56NP,2.50287791568503e-8
DPP10,L6CT,4.44667776226541e-10
DPP10,L6IT,2.16906007134582e-9
DPP4,L5IT,7.11370116514709e-10
DPP4,Sst,1.43980947192235e-17
DPP6,L56NP,8.713149508839829e-11
DPT,L6CT,3.42787888637109e-13
DPY19L1,L5IT,1.94526467655136e-9
DPY19L1,L6IT,2.63279973034999e-10
DPY19L1,L6ITCar3,1.79033906012118e-8
DPY19L1P1,L4IT,2.43342841565476e-8
DPY19L2P1,L6CT,4.00362276983101e-8
DPYD,L23IT,8.337960731503791e-14
DPYD,L4IT,9.76824731414711e-18
DPYD,L56NP,4.39752617568087e-9
DPYD,L5ET,1.79643377025543e-12
DPYD,L5IT,6.36748809144461e-16
DPYD,L6b,5.85462414965124e-9
DPYD,L6IT,3.75206218254969e-15
DPYD,Pvalb,2.48312792789911e-8
DPYD,Sst,1.28555058167035e-9
DPYD-AS1,L4IT,1.10949132839204e-12
DPYS,L4IT,4.5079416609718404e-9
DPYS,L5IT,9.63335111269347e-10
DPYSL3,L4IT,2.10454465439278e-13
DPYSL3,L56NP,1.85122970013952e-12
DPYSL3,L5IT,5.082541774341441e-9
DPYSL3,Sst,5.21217515901951e-12
DPYSL5,L56NP,2.44443072171215e-8
DPYSL5,L6IT,2.24018514903095e-9
DRAM1,Pvalb,9.332265753274161e-9
DSEL,L23IT,7.369903376773421e-9
DSG2,L5ET,2.6090725016542697e-12
DTNB,L6IT,1.22475212803506e-11
DUSP1,L6CT,3.34310206847966e-8
DUSP10,L4IT,1.75127094438287e-12
DUSP10,L56NP,7.336101524446969e-11
DUSP9,L56NP,3.80168901803961e-8
DYNC1I1,L6IT,1.25294957052497e-8
E2F3,L23IT,1.7846370410992e-8
ECE2,L5ET,3.74481234882478e-9
ECHDC3,L4IT,3.98026595079945e-8
ECM1,L5ET,9.923017328599281e-9
ECM1,L6ITCar3,1.1552806581482801e-9
EDA,L5ET,1.4504314342995402e-9
EDIL3,L56NP,4.51846723683711e-10
EDIL3,L5ET,1.36843420250198e-10
EDIL3,L6CT,4.27034520656839e-13
EDIL3,L6IT,1.1496557529340701e-14
EDNRA,L4IT,1.38822584024535e-12
EEPD1,L23IT,1.71124630751699e-8
EEPD1,L56NP,2.27052221454588e-9
EEPD1,L5ET,8.173310711708229e-11
EEPD1,L6CT,1.6828119363326202e-9
EFCAB1,L4IT,5.63208260195955e-16
EFHC2,L23IT,2.06008922199281e-10
EFHC2,L4IT,1.00246395578738e-9
EFNA5,L4IT,1.2530905077393601e-9
EFNB2,L6ITCar3,6.837035438640051e-9
EFNB2,Pvalb,3.4267892360216e-9
EFNB3,L6CT,1.48106602726012e-8
EFNB3,L6ITCar3,3.63452835110725e-8
EFR3B,L23IT,2.27797598480217e-8
EFR3B,L4IT,1.10107836480298e-9
EFR3B,L6b,1.17393721145632e-8
EFR3B,L6IT,4.66055601806177e-9
EGF,L5IT,1.4843221978315e-9
EGF,L6ITCar3,4.73778290141329e-10
EGFEM1P,L4IT,2.02624054493797e-8
EGFEM1P,L56NP,8.356028183434209e-19
EGFEM1P,L5ET,7.199750137808469e-13
EGFEM1P,L6CT,2.34043903196825e-9
EGFEM1P,L6IT,1.00470759621347e-10
EGFL6,L4IT,9.583257337858099e-12
EGFR,L23IT,6.44924621484837e-9
EHF,L5ET,1.32815640582661e-16
ELAVL2,L4IT,1.0201684058365801e-9
ELAVL2,L5ET,2.79964186702725e-9
ELAVL2,L6CT,4.7883736485241504e-14
ELF2,L56NP,9.80122670145563e-10
ELFN2,L4IT,1.2862493488932402e-9
ELFN2,L5IT,5.684580707726541e-9
ELFN2,L6IT,1.75815279871979e-8
ELL2,L4IT,9.673902137779839e-11
ELL2,L5ET,5.0409085950851104e-9
ELMO1,L4IT,4.0975741944879595e-12
ELN,L4IT,2.26823827889405e-10
ELN,L6ITCar3,4.03184587510778e-16
ELOVL3,L23IT,5.14955682394689e-10
ELOVL5,L4IT,1.0094902949891602e-9
EMID1,L5ET,1.67976254017118e-12
EML1,L5ET,1.2825388913779e-8
EML1,L6CT,1.23627742986121e-8
EML6,L56NP,2.2828251613325e-13
EMX1,L6IT,1.41261638885687e-8
EMX2,L4IT,1.0524832231521e-21
EMX2OS,L4IT,1.0517940218180299e-12
ENOX1,L23IT,2.39334420659771e-12
ENOX1,L4IT,3.05813628778247e-16
ENOX1,L56NP,2.99307888814194e-11
ENOX1,L5IT,9.68175004109237e-11
ENOX1,L6IT,3.44704832372747e-15
ENPEP,L5ET,5.5793078390370195e-12
ENTPD3,L23IT,2.3773655853449204e-9
ENTPD3,L4IT,4.1936604700981e-14
ENTPD3,L6ITCar3,3.13080750765131e-10
EPB41,L23IT,3.3958508537799704e-9
EPB41,L4IT,3.86445198607475e-13
EPB41,L5ET,1.0107937742000299e-11
EPB41,L5IT,3.75047018399569e-9
EPB41,Sst,5.87912884033298e-10
EPB41L2,L5ET,6.15260198109569e-10
EPB41L2,L6CT,1.04368423386276e-15
EPB41L2,L6IT,3.24692733606896e-8
EPB41L4A,L4IT,1.8744854596647402e-9
EPB41L4A,L56NP,1.02413606365664e-13
EPB41L4A,L6CT,2.82684616903906e-8
EPB41L4B,L23IT,1.8011134266675798e-11
EPHA1-AS1,L56NP,7.6752164142625e-14
EPHA10,L4IT,3.03531644539737e-8
EPHA3,L5IT,3.96427084987906e-8
EPHA3,L6IT,3.35897047677823e-11
EPHA4,L5ET,6.62767176808272e-10
EPHA4,Pvalb,3.80259381813742e-9
EPHA5,L4IT,3.18553451763603e-13
EPHA5,L5ET,1.80529263042107e-9
EPHA5,L5IT,1.00420487669599e-8
EPHA5-AS1,L4IT,1.4315333415889301e-9
EPHA6,L4IT,1.75332953785112e-8
EPHA6,L5ET,2.95015355926828e-9
EPHA6,L6CT,5.169061601585359e-19
EPHA7,L4IT,9.42336472637999e-9
EPHB6,L6CT,6.134255970643631e-9
EPHB6,L6IT,4.6367430809126895e-12
EPHX4,L6CT,7.406020158015631e-9
EPN2,L4IT,1.21620508586637e-8
EPN3,L5ET,1.94120009561546e-12
ERC2,L6IT,3.9210781763996406e-9
ERG,L5ET,6.6262265742377e-17
ERICH1-AS1,L5ET,2.92260939782284e-13
ERICH1-AS1,Pvalb,5.63412946923903e-11
ERICH3,L4IT,1.17142799182988e-8
ESAM,L5ET,1.0871336419236201e-9
ESR1,L5IT,1.23281158798125e-8
ESRRG,L4IT,3.97926853331341e-10
ESRRG,L5ET,9.310064555128121e-9
ESRRG,L5IT,1.7760521633739e-9
ESRRG,Pvalb,3.0198711746748504e-9
ETNK2,L5IT,2.81397142803386e-8
ETNK2,L6CT,3.45624729000214e-8
ETS1,Lamp5,5.254487046761791e-10
ETS2,L4IT,3.96141787971992e-8
EXOC4,L56NP,1.35492484946166e-8
EXOC4,L5IT,4.01314098945926e-10
EXOC6,L4IT,2.79901685031952e-13
EXOC6,L5ET,3.31899477007455e-8
EXT1,L5ET,2.3124376242536304e-9
EXT1,Pvalb,1.87241320649518e-9
EXTL2,L4IT,1.0681611780553801e-14
EXTL2,L56NP,3.09797793287738e-9
EXTL2,L5IT,6.99169507525695e-10
EXTL2,L6b,2.77041504545885e-8
EXTL2,L6CT,1.8125619510055601e-10
EYA4,L4IT,2.5992526521708798e-20
EYA4,L56NP,4.5257890843439795e-11
EYA4,L5ET,3.26473630923466e-13
EYA4,L5IT,3.6478107480193e-14
EYA4,Pvalb,3.11185997123162e-8
EYS,L23IT,2.98240723493279e-8
F11-AS1,L4IT,2.83911465168158e-15
FAM107A,L4IT,5.39599754914031e-10
FAM110B,L4IT,1.7803811148423402e-14
FAM110C,L23IT,1.21790969027362e-9
FAM110C,L4IT,1.1052293309104e-8
FAM110C,L5ET,4.4494436934260895e-11
FAM110C,L5IT,1.8645816372067902e-9
FAM110C,L6IT,5.791597010598221e-10
FAM114A1,L5ET,1.06676337815213e-8
FAM117A,L6IT,1.04473356620099e-8
FAM122C,L56NP,1.80885316708911e-8
FAM124A,L5ET,1.08147559015372e-9
FAM126A,L4IT,3.0081996063892e-9
FAM126A,L5IT,6.75986392456912e-13
FAM129A,L56NP,8.81899556811528e-10
FAM129A,L5IT,5.7548178063513e-12
FAM13A,L4IT,4.36466124587905e-12
FAM13A,L5ET,1.11410448075282e-14
FAM13B,L4IT,2.95229501398455e-8
FAM13C,L6CT,3.72020182432297e-8
FAM157B,Vip,5.07927981362659e-24
FAM160A1,L5ET,3.10111774379457e-14
FAM163A,L5IT,6.153873484190981e-9
FAM163B,L6CT,9.152148510241e-10
FAM180A,L6CT,8.85363920191159e-12
FAM189A2,L4IT,2.10423071422901e-10
FAM189A2,L5ET,8.76751379190681e-12
FAM196B,L5IT,1.92683711828669e-9
FAM198B,L6b,1.2100457103678e-8
FAM198B,L6CT,2.01083647027606e-9
FAM198B,Lamp5Lhx6,1.58624030932835e-8
FAM198B,Vip,2.86637324717293e-9
FAM19A1,L4IT,7.15837509348641e-13
FAM19A1,L6CT,1.84754714816845e-9
FAM19A1,L6IT,3.9237782670565803e-10
FAM19A1,L6ITCar3,2.6762559839579004e-16
FAM19A1,Vip,2.11003096446088e-8
FAM19A2,L56NP,3.22024509692666e-8
FAM19A2,L5ET,1.89206623943276e-8
FAM19A2,L5IT,1.0871713892628901e-9
FAM19A2,L6IT,7.605879046953909e-11
FAM19A2,L6ITCar3,2.4839160699805402e-15
FAM20C,Pvalb,2.00627133197335e-9
FAM210B,L6CT,2.4251930918326e-8
FAM212B,L4IT,8.481991687828691e-9
FAM217B,L6CT,3.41640437168315e-8
FAM46A,L6CT,2.1450623200708401e-10
FAM65B,L23IT,7.068658478608629e-12
FAM65B,L4IT,1.39839439040717e-8
FAM65B,L5ET,3.9334242448088e-14
FAM65B,L5IT,3.13199887875346e-13
FAM65B,L6CT,1.7303198351354201e-10
FAM65B,L6IT,8.26623463581379e-12
FAM65B,L6ITCar3,1.12993035023591e-9
FAM71F2,L5IT,2.40298175229717e-8
FAM71F2,L6IT,6.3678756521921e-11
FAM83B,L6b,1.3639682690393898e-11
FAM87A,L6IT,1.35208827105997e-8
FAM9B,L6CT,1.80338249699725e-13
FAP,L4IT,3.5821825762640603e-9
FAP,L6CT,8.74372829349412e-11
FAR2P2,L4IT,5.74113092955913e-12
FARP1,L5IT,4.11274127166955e-8
FARP1,L6b,1.91413049014837e-8
FARP1,L6CT,8.158246232732099e-12
FARP1,Pvalb,1.3059190491655799e-11
FARP1,Sst,1.03372202284113e-9
FARP2,L4IT,7.30234719553155e-10
FAT3,L6ITCar3,3.57896394000273e-9
FAT4,L4IT,1.1071107649278699e-19
FBLN2,L23IT,1.32162847643174e-8
FBLN2,L4IT,9.010613445107839e-12
FBLN2,L5IT,8.88996360522848e-9
FBLN5,L6CT,3.29132405198995e-8
FBXL2,L4IT,6.20218462726014e-14
FBXL2,L5IT,5.67125575708973e-10
FBXL21,L5IT,8.33445297359078e-9
FBXL21,L6ITCar3,6.68353909238082e-9
FBXO32,L4IT,7.19713114902686e-10
FER1L6-AS2,L56NP,3.7498224008738e-11
FER1L6-AS2,L5IT,3.0529502548097202e-9
FER1L6-AS2,L6ITCar3,1.33739081887723e-13
FERMT2,L23IT,1.3296798894333699e-12
FERMT2,L4IT,9.05265344688924e-13
FERMT2,L56NP,3.93413467156963e-12
FERMT2,L5ET,2.94693781073428e-9
FERMT2,L5IT,5.372925286081409e-11
FFAR4,L5ET,6.127955015289369e-11
FFAR4,L5IT,1.33108225182817e-9
FGF11,L5ET,1.6580856826216298e-12
FGF13,L23IT,4.83701070252471e-14
FGF13,L4IT,7.37575890452972e-14
FGF13,L6ITCar3,2.00681897948998e-8
FGF9,L4IT,7.12866277692074e-13
FGF9,L56NP,8.856117103979251e-9
FGF9,L6CT,3.3802414553223302e-9
FGFR1,L4IT,2.63058980172338e-11
FGFR1OP,L6ITCar3,1.01475933770024e-9
FGFR2,L4IT,3.66337935967202e-8
FGGY,L6IT,7.089917436522431e-10
FHDC1,L5ET,3.3369132885902503e-9
FHL2,L4IT,7.75222261419654e-9
FIGN,L4IT,1.99373048041351e-10
FKBP7,L5IT,2.3197643580015e-9
FLJ33581,L5ET,6.3441223909739406e-9
FLNA,L56NP,7.46771145316158e-10
FLNA,L5ET,1.9189317101781603e-9
FLNB,L5IT,2.61984813580216e-8
FLRT2,L4IT,1.43711620358062e-8
FLRT3,L4IT,7.23102661691925e-13
FLT3,L6CT,9.34427193770353e-11
FMN1,L5ET,3.29919845471997e-8
FNBP1L,Chandelier,3.36955623019095e-11
FNBP1L,L4IT,5.96684736637705e-10
FNBP1L,L5IT,1.3984207649514402e-9
FNBP1L,L6b,5.01858142054091e-9
FNBP1L,L6CT,1.12684879907254e-9
FNBP1L,L6ITCar3,6.02054144893417e-9
FNDC1,L4IT,4.07344759603184e-10
FNDC3A,L56NP,2.71437730664013e-10
FNDC3B,L4IT,3.55023861584468e-14
FNDC5,L23IT,1.11579191356565e-9
FOXF2,L5IT,3.9999339673551905e-9
FOXF2,L6IT,9.5119176588748e-11
FOXO1,L23IT,9.41523887845217e-10
FOXO1,L4IT,6.45986654236883e-10
FOXO1,L5ET,4.56641381161205e-11
FOXO1,Lamp5Lhx6,3.62769894843629e-12
FREM1,L5ET,4.02096091385857e-9
FREM1,L6b,7.59298997850713e-10
FREM1,L6CT,3.0493079617164796e-20
FREM1,L6ITCar3,2.31088614640935e-10
FREM2,L4IT,2.7663769876092998e-12
FREM2,L56NP,4.799370572648109e-11
FREM2,L5ET,6.00782323570133e-13
FREM2,L6ITCar3,1.0240863712324099e-11
FRMD3,L4IT,4.6480500629202906e-9
FRMD4A,L6b,1.2362106261588902e-9
FRMD4A,L6CT,2.39824849653274e-8
FRMD5,L4IT,3.3162917725439904e-9
FRMD5,L56NP,2.35560437779418e-10
FRMD5,L5IT,4.0036540274965e-8
FRMD6,L5ET,1.6422572107877199e-12
FRMD6,L6IT,1.3843691846375301e-9
FRMD6-AS2,L5ET,4.30792446773543e-9
FRMPD1,L4IT,4.22524488212723e-9
FRMPD1,L5ET,1.9090969058062402e-9
FSHR,L4IT,1.9649455677963e-11
FSTL1,Chandelier,4.271672350282451e-9
FSTL1,L23IT,7.542047620514069e-11
FSTL1,L4IT,8.089705271167229e-11
FSTL1,L56NP,1.97084602002303e-9
FSTL1,L5IT,3.71002288089004e-15
FSTL5,L4IT,9.87131713641664e-11
FSTL5,L5IT,3.02256570260066e-8
FSTL5,L6CT,9.94617128302393e-16
GAB2,L4IT,7.733729611196739e-12
GABRA2,L4IT,6.41743346164631e-10
GABRA2,L5ET,1.92541539701069e-8
GABRA3,L23IT,6.361521047705601e-11
GABRA3,L4IT,7.00389385711884e-12
GABRA3,L56NP,4.71879309936687e-10
GABRA3,L5ET,8.406665549160479e-11
GABRA3,L6CT,3.49373309895951e-10
GABRA3,L6IT,1.90896645595821e-12
GABRA3,Lamp5Lhx6,6.112957857777311e-9
GABRA5,L23IT,4.8319087687381106e-9
GABRA5,L4IT,1.8228936602756897e-12
GABRA5,L5ET,8.00255214127696e-10
GABRA5,L5IT,2.08191035691549e-11
GABRA5,L6IT,4.30333039699057e-10
GABRA5,L6ITCar3,1.00420118807543e-8
GABRB1,Chandelier,4.57702664296091e-9
GABRB1,L23IT,6.91920915448886e-12
GABRB1,L4IT,1.09617353039762e-12
GABRB1,L5ET,1.8357718324063e-10
GABRB1,L5IT,5.58118772999497e-9
GABRB1,Pvalb,2.83673261104272e-8
GABRB3,L23IT,2.8283360501219002e-11
GABRB3,L4IT,2.13602954276712e-13
GABRB3,L5ET,4.231079245076e-12
GABRB3,L5IT,2.27079698515198e-10
GABRB3,L6IT,1.02731825278086e-11
GABRE,L4IT,5.6177980828933e-11
GABRG1,L4IT,9.75594325902713e-9
GABRG1,Sst,7.24307051262345e-9
GABRQ,L5ET,6.737762747329439e-11
GALNT10,L56NP,2.37426603858775e-9
GALNT11,L6IT,3.30039905201369e-8
GALNT13,L4IT,2.97581726894579e-8
GALNT13,L56NP,5.430638260346921e-9
GALNT13,L5IT,2.9038979589311804e-9
GALNT13,L6ITCar3,1.25262324962063e-8
GALNT14,L4IT,1.36023348766961e-8
GALNT18,L23IT,5.35445504970324e-10
GALNT18,L4IT,8.861441834834219e-11
GALNT18,L6b,2.3646072129212e-8
GALNT18,L6IT,6.5419370276416205e-9
GALNT18,L6ITCar3,6.7523043085099e-9
GALNT2,L6ITCar3,1.38612490647405e-13
GALNTL5,L4IT,5.58338428450787e-9
GALNTL6,L6b,2.05343787404743e-8
GALNTL6,L6CT,1.41649803053125e-8
GALR1,L6CT,1.83490201910226e-11
GAP43,L5ET,1.1489313187055e-14
GAP43,Pvalb,1.20449084903889e-13
GARNL3,L4IT,1.45002124590288e-13
GARNL3,L5ET,1.83278384399398e-9
GAS7,L5ET,7.25345879033473e-14
GAS7,Pvalb,5.84157500780172e-11
GATB,L23IT,1.37040716934954e-8
GBE1,L5ET,2.33073665352975e-15
GCC2,L6IT,3.5859188600975505e-9
GCNT1,L4IT,6.8399129739335e-18
GCNT1,L5IT,6.36353997304887e-14
GCNT1,L6CT,1.43749679331755e-8
GCNT1,L6IT,4.62238088049372e-9
GCNT1,L6ITCar3,2.63383891511208e-14
GDA,L5ET,6.93013216677076e-11
GDA,Vip,1.95758737861265e-9
GDNF-AS1,L56NP,8.983642458192969e-11
GDPD2,L56NP,3.0759113322534e-8
GFRA1,L4IT,6.4678977939270105e-21
GFRA1,L56NP,1.64200465299745e-8
GFY,Astro,7.0999075497206795e-12
GGNBP1,L6CT,1.00219979848372e-8
GGT8P,L5ET,1.3711561089830099e-11
GHR,L23IT,4.97479392403323e-15
GHR,L5IT,2.40015313337616e-10
GHR,L6IT,1.14056928607365e-16
GLCE,L5ET,1.3378607642838801e-9
GLDC,L4IT,1.71603624500182e-14
GLDN,L4IT,9.097426548863591e-9
GLDN,L5IT,4.4731749625322306e-9
GLI3,Pvalb,2.91777590381891e-10
GLIPR1,L4IT,6.34110060738529e-9
GLIPR1,L6IT,2.7421488044716703e-9
GLIPR2,L5IT,6.7377002389059e-11
GLRA3,L23IT,3.96537698576051e-8
GLRA3,L5IT,1.74672792022171e-12
GLRA3,L6b,1.04701165096821e-10
GLT1D1,L4IT,2.56542798789685e-8
GMCL1,L4IT,2.6633909374586202e-9
GNA14,L5ET,1.1964861167049202e-9
GNA14-AS1,L5ET,1.1010797883437e-9
GNAL,L6CT,2.60184585845783e-10
GNB4,L4IT,2.83710881109813e-12
GNB4,Pvalb,2.0490808604797801e-10
GNG12,L56NP,2.7312298277635602e-9
GNG12-AS1,L4IT,3.0206921521990403e-9
GNG2,L4IT,4.714887657576601e-10
GNG2,L56NP,6.27078311625731e-10
GNG2,L5ET,3.31726996776517e-10
GNG2,L5IT,2.97231565705419e-8
GNG2,Pvalb,4.95549792804504e-10
GNG2,Sst,4.50244901752976e-11
GNG4,L4IT,8.48758854708396e-15
GNG4,L5ET,9.190042544204851e-9
GNG4,L5IT,3.99738340329032e-9
GNPTAB,L5IT,5.3171296365452106e-9
GOLGA8S,L4IT,2.5848796103750004e-11
GOLIM4,L6CT,3.05851497177773e-14
GOLIM4,L6ITCar3,9.880382484403979e-11
GOLM1,L5ET,3.9268233413439e-9
GPC4,L5IT,3.886170591089771e-9
GPC5,L56NP,1.13962828742124e-10
GPC5,L5ET,1.5827357868002e-8
GPC5,L5IT,6.8386859140664404e-9
GPC5,L6CT,5.85020012029408e-13
GPC5,L6ITCar3,4.1272860268510905e-9
GPC6,L23IT,1.2776567928912e-8
GPC6,L56NP,2.16740784091375e-8
GPC6,L5ET,2.46211191115004e-8
GPC6,L6IT,1.36429962118902e-8
GPC6,L6ITCar3,9.90178099786571e-14
GPCPD1,L23IT,2.0664804926706403e-9
GPCPD1,L56NP,7.20446861532022e-11
GPCPD1,L6b,5.93183412196783e-11
GPCPD1,L6CT,4.5569985330845395e-18
GPCPD1,L6ITCar3,9.33018111409283e-10
GPD2,L4IT,1.1275782503014e-8
GPD2,Pvalb,2.87246040664861e-8
GPLD1,L23IT,2.23154589590023e-8
GPLD1,L4IT,7.664976403821641e-9
GPM6A,L5ET,3.30406226447231e-14
GPM6A,Pvalb,6.13559835327579e-10
GPM6B,L4IT,3.45436707808219e-11
GPM6B,L5ET,8.71087880445964e-9
GPR137C,L23IT,6.78548378108943e-14
GPR137C,L4IT,1.88146502923097e-8
GPR137C,L5IT,1.7830998402266897e-11
GPR137C,L6IT,7.834339186163219e-11
GPR153,L4IT,7.53597067254895e-11
GPR160,L6IT,4.6009315061093504e-14
GPR161,L4IT,1.1350571539000101e-09
GPR161,L56NP,1.84643120192365e-8
GPR161,L5IT,2.9190678813184304e-9
GPR161,L6IT,3.9660105689575005e-10
GPR176,L6CT,6.566632453480321e-9
GPR176,Pvalb,4.9791400181241305e-9
GPR63,L5ET,5.92954553030108e-10
GPRC5C,L4IT,2.22416823513967e-8
GPRIN2,L5ET,1.73769270240516e-8
GPRIN3,L4IT,1.9215697347484998e-13
GPRIN3,L5IT,7.0979371773e-10
GPRIN3,L6CT,4.71988958230598e-10
GPRIN3,L6IT,2.78654859482206e-11
GRAMD1C,L5ET,4.03202162165628e-8
GRAMD3,L4IT,4.8484403214854496e-11
GRAMD3,L56NP,8.55980693398556e-14
GRAMD3,L5ET,1.6017832905350902e-17
GRAMD3,L5IT,8.047615808636101e-10
GREB1,L5ET,3.03418613664227e-8
GREB1L,L5ET,6.44026331357922e-11
GREB1L,L5IT,3.06764464470451e-8
GREB1L,Sst,9.053907758894111e-9
GREM1,L4IT,4.96440560825418e-13
GREM1,L5IT,3.84433703546917e-10
GREM2,Pvalb,4.95416755440477e-9
GRHL1,L5ET,2.44501999220203e-9
GRIA1,L23IT,1.04933572205342e-10
GRIA1,L4IT,5.54604582394982e-17
GRIA1,L56NP,7.79558143159661e-11
GRIA1,L5IT,3.78671927752402e-10
GRIA1,L6CT,2.18924280699754e-8
GRIA1,L6IT,1.4278483791866399e-12
GRIA1,L6ITCar3,1.3658121376279401e-10
GRIA1,Pvalb,5.93173910977297e-12
GRIA1,Sst,1.8391379105028097e-11
GRIA3,L56NP,4.22842303185211e-10
GRIA3,Lamp5Lhx6,2.42163648287892e-8
GRIA4,L5ET,2.01152919496469e-13
GRID2,L23IT,5.1935634800212e-11
GRID2,L4IT,4.73937338016509e-9
GRID2,L5ET,6.58471779890104e-13
GRID2,L5IT,1.22501677653104e-13
GRID2,L6b,2.8957884658416903e-10
GRID2,L6CT,5.5262046189734305e-9
GRID2,L6IT,1.0963404397168699e-11
GRID2,L6ITCar3,7.5483847046586e-12
GRIK1,L23IT,8.35184151185251e-15
GRIK1,L56NP,3.70662626129007e-12
GRIK1,L5ET,1.94396988301884e-11
GRIK1,Pvalb,3.61699653777355e-10
GRIK2,L4IT,1.4114607998534501e-9
GRIK3,L6ITCar3,1.18720477027444e-9
GRIK4,L23IT,3.03835701853364e-9
GRIK4,L5ET,2.21000910582866e-8
GRIK4,L6ITCar3,7.72620094531745e-10
GRIK5,L6IT,3.7297843894906e-10
GRIN2A,L4IT,8.700424073270709e-11
GRIN2A,Pvalb,1.1177549972927199e-11
GRIN2B,L23IT,8.48960458497145e-9
GRIN2B,L5ET,7.82004243309584e-9
GRIN2B,L5IT,1.14403892904989e-8
GRIN2B,L6IT,1.22452249297218e-9
GRIN2D,L5ET,5.8159421935985505e-9
GRIN3A,L4IT,8.162941954285251e-9
GRIN3A,L56NP,2.82711221683926e-8
GRIP2,L4IT,3.9914030486424405e-9
GRK4,L6IT,3.20788517522704e-8
GRM1,L23IT,1.92683034068255e-8
GRM1,L4IT,4.19393579262168e-15
GRM1,L5ET,1.91786339342004e-9
GRM1,L6IT,3.11434563864993e-9
GRM2,L56NP,2.8291948195374404e-9
GRM5,L23IT,3.83017116081594e-8
GRM7,L5ET,6.912590447397279e-13
GRM7,L6b,1.53251362569773e-8
GRM7,L6CT,3.4274007527910097e-12
GRM7,L6IT,5.14953827791073e-10
GRM7,L6ITCar3,1.3897832542185e-14
GRM8,L6CT,3.4779197640776197e-12
GRP,L23IT,6.73163954654727e-10
GSE1,L6CT,4.3196429138257005e-10
GSTO2,L4IT,6.902429246644489e-11
GTDC1,L4IT,4.71865770465093e-10
GTDC1,L5ET,7.86976785014633e-10
GTF2F2,L4IT,1.3147469218406702e-9
GUCY1A2,L23IT,3.96229119711424e-8
GUCY1A2,L4IT,5.88501145590278e-12
GUCY1A2,L5IT,2.9338130159704e-11
GUCY1A3,L4IT,1.619471510543e-10
GULP1,L23IT,1.00712071060569e-10
GULP1,L4IT,3.6900783016633497e-16
GULP1,L5ET,1.25239320035371e-8
GULP1,L5IT,5.9706616965246e-13
GXYLT2,L4IT,2.32912090548815e-12
GXYLT2,L5IT,4.77036219242557e-9
GYPC,L6ITCar3,4.84117923205904e-9
H3F3AP4,L6IT,2.48756268998025e-8
HACD1,L56NP,3.7086743344794405e-9
HACD1,L5IT,1.27435303099803e-8
HACD1,L6CT,4.99263666946482e-9
HAPLN4,L5IT,2.14776667005093e-8
HBE1,L56NP,4.2187509725236e-9
HCLS1,L5ET,1.38144219501923e-12
HCLS1,L6CT,1.5259854749931198e-11
HCRTR2,L6ITCar3,2.03188991990756e-8
HDAC1,L4IT,7.52945510033115e-9
HDAC9,L5IT,9.25536727873484e-11
HDAC9,L6IT,7.298625796483871e-9
HDAC9,L6ITCar3,5.91844819128452e-10
HECTD2,L5ET,3.30277258934108e-8
HECTD2,L6ITCar3,1.80580382736166e-9
HEG1,Pvalb,2.73323748189897e-8
HERC1,L4IT,1.74173787188252e-10
HERC4,L4IT,1.8618954394214702e-9
HERC4,L5IT,2.02046297476396e-8
HGF,L5ET,7.60077835936536e-14
HGF,L6ITCar3,1.53588482753452e-8
HHIPL1,L5IT,8.85095459363018e-10
HHIPL1,L6IT,9.12059096334536e-10
HHIPL1,L6ITCar3,8.17776131822872e-12
HIF3A,Vip,2.55259499617162e-9
HIPK2,L6ITCar3,1.31210078731843e-8
HIVEP3,L6CT,2.01515374522711e-12
HIVEP3,L6IT,3.8021475291997394e-12
HLCS,L6ITCar3,1.41057214986815e-8
HLF,L5ET,1.21145555373452e-10
HMP19,L5ET,6.828654698393481e-9
HMP19,L6IT,2.33706787844209e-10
HNMT,L4IT,1.18586796661023e-10
HNMT,L6IT,8.90308520520096e-9
HOMER3,L5ET,1.9455152450922202e-9
HOMER3,Pvalb,7.78281368092115e-11
HPSE,L4IT,5.1445643149101295e-11
HPSE,Pvalb,1.4908630776178e-9
HRASLS5,L4IT,2.42836397690487e-14
HS3ST1,L4IT,2.1921328701365702e-15
HS3ST1,L5ET,2.46651257623257e-8
HS3ST1,L6CT,8.55112830923578e-10
HS3ST1,L6IT,8.64400975280408e-11
HS3ST1,Pvalb,1.5077204140735798e-12
HS3ST2,L4IT,1.40706525576226e-12
HS3ST2,Pvalb,1.56276503288082e-8
HS3ST5,L4IT,1.27223584125748e-8
HS3ST5,L56NP,1.69021575601673e-8
HS3ST5,L5ET,2.20733125778281e-14
HS3ST5,L6IT,6.2121758763941e-10
HS3ST5,L6ITCar3,7.01605154870474e-17
HS6ST2,L4IT,1.7028231578559e-13
HS6ST2,L56NP,3.10506154595757e-9
HS6ST3,L4IT,2.96181635264194e-9
HS6ST3,L5ET,8.464847511535149e-11
HS6ST3,L5IT,4.50055618452458e-10
HS6ST3,L6CT,2.08756597524807e-12
HS6ST3,L6IT,3.3564766634359298e-12
HS6ST3,L6ITCar3,4.90133523579938e-12
HSBP1L1,L4IT,4.61516492711531e-10
HSD17B3,L5ET,1.03975692331213e-9
HSPG2,L4IT,9.15622142291396e-10
HTR1E,L23IT,3.57839973912504e-10
HTR1E,L6CT,4.2764084091246095e-11
HTR1E,L6ITCar3,1.27626951345388e-9
HTR1F,L4IT,1.14909903900737e-15
HTR1F,L56NP,2.98623061999194e-8
HTR1F,L5ET,1.08935069799397e-14
HTR2A,L5ET,2.5089311559591e-11
HTR2C,L56NP,2.4658121126757604e-9
HTR2C,L5ET,8.2860509414483e-12
HTR4,L56NP,6.43939063994942e-11
HTR7,L23IT,1.66229418066226e-13
HTR7,L4IT,8.668018854107961e-15
HTR7,L6IT,5.81419353579199e-14
HTRA1,Pvalb,1.49050822008339e-8
HUNK,L6CT,3.9543952275958806e-9
HYDIN,L4IT,9.90309584360644e-9
ID2,L6CT,5.0431622098938805e-9
IDH3A,L6CT,4.0399485852281e-8
IGF1,Pvalb,6.56113246600646e-9
IGFBP2,L23IT,8.99334393201513e-11
IGFBP2,L5IT,2.5803747030988998e-14
IGFBP3,L4IT,5.03540217156544e-11
IGFBP5,L6b,1.3075759975475802e-9
IGFBP5,L6CT,1.96505410860148e-8
IGSF10,L56NP,4.96065629706806e-10
IGSF11,L4IT,1.5635809737493602e-9
IGSF11,L56NP,2.73248857219905e-10
IGSF11,L5IT,4.8227292876327e-10
IGSF3,L5ET,3.78804848356061e-9
IL12A-AS1,L5ET,1.89300916970921e-12
IL12RB2,L4IT,1.4892243652405e-9
IL12RB2,L5IT,6.0209328851144505e-9
IL17RD,L5IT,2.39927091263221e-12
IL1RAPL2,L4IT,1.6985372688405602e-9
IL1RAPL2,Lamp5,1.58749783078485e-9
IL6ST,L6CT,2.03143370772011e-8
IL7R,L6ITCar3,2.2929464079289497e-11
ILDR2,L4IT,1.24467647657055e-14
ILDR2,Sst,2.54884383872283e-8
INHBA,L4IT,7.97523025644679e-10
INHBA,L6IT,2.06187705612413e-8
INHBA-AS1,L6CT,1.9149331080983597e-11
INHBA-AS1,L6IT,3.84254757014861e-8
INPP4B,L5ET,1.41840864701701e-8
INPP4B,L5IT,2.5771610598368303e-9
INSM1,Lamp5Lhx6,6.3218316004632e-9
INTU,L4IT,9.429284479958531e-9
INTU,L5IT,3.18287754638768e-8
IPCEF1,L5ET,4.00665777877425e-10
IPO11,L6IT,6.99880762873023e-9
IQCA1,L4IT,1.43872397069256e-12
IQCJ-SCHIP1,L5ET,5.474946873474711e-9
IQCJ-SCHIP1,L5IT,5.2229000845723e-9
IQCJ-SCHIP1,L6CT,5.30223487292073e-10
IQCJ-SCHIP1,L6IT,6.14078680654113e-12
IQCJ-SCHIP1,L6ITCar3,1.48492520960104e-8
IQGAP1,L56NP,3.2223411488399704e-9
IQGAP2,L5ET,5.5272727187175e-10
IQGAP2,Pvalb,2.42142523319839e-12
IQSEC1,L4IT,2.0859380098907703e-9
IRAK3,L6ITCar3,8.11180468535139e-10
IRF6,L4IT,1.1027176933702601e-10
IRS4,L6CT,3.19721149785583e-12
ITGA1,Sst,8.71885533326747e-10
ITGA11,L6b,1.72748455830566e-8
ITGA11,L6CT,1.2481551762079801e-14
ITGA11,L6IT,5.04113306024549e-9
ITGA11,L6ITCar3,2.08848504159805e-8
ITGA6,L5ET,8.77399451260937e-10
ITGA6,Pvalb,6.526146211249971e-10
ITGA8,L56NP,2.39901697199907e-16
ITGA9-AS1,L4IT,8.16376675974998e-10
ITGAV,L4IT,4.29786802015689e-12
ITGAV,L56NP,2.70510000543155e-9
ITGAV,L5ET,1.78890730064768e-8
ITGB8,L4IT,9.82103317920438e-13
ITGB8,L6ITCar3,1.3063275690718201e-9
ITGBL1,L5ET,3.83645555535932e-17
ITM2A,L23IT,3.51505436170332e-12
ITPKA,L5ET,2.3111408291521102e-9
ITPR1,Pvalb,2.5054751440861097e-11
ITPR2,L4IT,3.69901908280374e-12
ITPR2,L5ET,4.7398023901678e-10
ITPR2,Pvalb,1.52918088853617e-10
JADE3,L56NP,6.13312441333737e-9
JADE3,L5ET,7.81496239111923e-9
JAK2,L23IT,1.00473962963256e-8
JAM2,L23IT,2.0630887897148698e-11
JAM2,L4IT,3.0711649175176603e-9
JAM3,L4IT,4.27354842582667e-10
JAM3,L5ET,1.9605215639302002e-10
JDP2,L4IT,2.21086756841609e-12
JPH1,L4IT,1.11296180338177e-12
JUP,L4IT,4.93166264618638e-10
KAZN,L6b,6.8168392147916304e-9
KCNA1,L23IT,1.27403333322093e-8
KCNA1,L56NP,1.1451367002403699e-11
KCNA1,L5IT,3.7837129817074e-10
KCNA1,L6CT,2.53810999793903e-8
KCNA1,Pvalb,1.36539197177722e-8
KCNA1,Sst,2.26211309336419e-8
KCNA1,Vip,7.16404328419251e-10
KCNA2,L4IT,6.178829062316121e-9
KCNA3,L5ET,1.99431085519623e-9
KCNA6,L5IT,7.771630526496219e-12
KCNAB1,L4IT,1.30285103024667e-12
KCNAB1,L5ET,7.54304309042357e-11
KCNAB3,L4IT,1.80024938084018e-10
KCNAB3,L56NP,2.2733789213422002e-10
KCNAB3,L5ET,3.43423784472848e-8
KCNAB3,L5IT,2.9603625720418e-8
KCNAB3,L6CT,5.59508326013434e-10
KCNB2,L23IT,1.03120582367806e-8
KCNB2,L4IT,8.53092731240264e-13
KCNB2,L5ET,8.67651027894957e-13
KCNB2,L5IT,4.21321613751911e-10
KCNB2,L6b,2.2020809254599002e-10
KCNB2,Lamp5Lhx6,1.2128156682192901e-9
KCNC2,L5ET,3.7536097384044006e-10
KCNC4,L6CT,8.252006331989591e-9
KCNC4,Pvalb,1.21615525752542e-8
KCND2,L6CT,1.8414103684466402e-9
KCND2,L6ITCar3,2.92184832010373e-8
KCNG1,L23IT,3.58852576142755e-16
KCNG1,L4IT,3.21982492495731e-8
KCNG1,L5IT,2.72094001924262e-13
KCNG1,L6b,1.38801324822252e-9
KCNG1,L6IT,1.4184060741246e-9
KCNG2,L5ET,1.91304855010135e-13
KCNG3,L5ET,1.72425388118587e-11
KCNH1,L4IT,1.59922532030422e-8
KCNH1,L5ET,4.01399738770969e-10
KCNH1,L6CT,5.07379929240617e-13
KCNH3,L5ET,3.70364907557761e-8
KCNH5,L4IT,4.9342828742105e-9
KCNH5,L56NP,1.23045905595723e-8
KCNH5,L6CT,1.24038577891336e-9
KCNH7,L4IT,2.6386928413382702e-9
KCNH7,L5IT,1.91080135952839e-12
KCNH7,L6CT,5.11853019625596e-10
KCNH7,L6IT,1.10892614687349e-13
KCNH8,L4IT,1.85828347075096e-16
KCNH8,L6ITCar3,8.345866497843579e-11
KCNH8,Pvalb,7.47440096169643e-9
KCNIP1,L4IT,2.80822387558533e-13
KCNIP1,L5IT,7.0697727501012305e-9
KCNIP2,L4IT,5.02746582501608e-12
KCNIP4,L6b,7.93044852951831e-12
KCNIP4,L6CT,2.12298191943782e-12
KCNJ16,L4IT,1.1546168208592802e-9
KCNJ2,L6CT,3.27524619473459e-18
KCNJ6,L4IT,8.5643342153393e-11
KCNJ6,L56NP,6.023130500042499e-13
KCNJ6,L5ET,2.00681660558189e-12
KCNJ6,L6CT,9.42182117872938e-12
KCNK1,L4IT,1.2448618231772699e-11
KCNK1,L5ET,6.9053995243597606e-9
KCNK1,Pvalb,5.77011909927804e-10
KCNK12,L4IT,9.42075600393246e-9
KCNK13,L23IT,2.0289017752178103e-9
KCNK13,L6IT,7.40039491392936e-9
KCNK13,Pvalb,1.93733167206777e-9
KCNK2,L4IT,5.051743996635751e-15
KCNK2,L6CT,4.6836650786851305e-9
KCNK2,L6ITCar3,1.4645657921722202e-14
KCNMB2,L6CT,2.77628222556533e-8
KCNMB2,Pvalb,1.5891576379360097e-11
KCNMB4,L5ET,6.4605912038627e-16
KCNMB4,L5IT,1.87346210585523e-8
KCNMB4,L6CT,7.49936145736447e-9
KCNMB4,L6ITCar3,9.512047909632349e-11
KCNMB4,Sst,4.01345379959733e-9
KCNN2,L56NP,3.67665175859491e-8
KCNN2,Pvalb,1.5007324526120097e-11
KCNN3,L23IT,2.9446609172655897e-11
KCNN3,L4IT,2.8463874528810896e-11
KCNN3,L56NP,3.73307460523503e-10
KCNN3,L5ET,6.29353860472983e-13
KCNN3,L5IT,1.9417589693263301e-10
KCNN3,L6b,1.41322829493326e-10
KCNN3,L6IT,2.0088028787249202e-10
KCNQ3,Sst,2.65309779617779e-12
KCNQ5,L23IT,3.62205213420913e-8
KCNQ5,L4IT,5.89281120841785e-13
KCNQ5,L56NP,3.46389736485012e-11
KCNQ5,Pvalb,1.25205708372648e-10
KCNT2,L4IT,1.4842350161298301e-9
KCNT2,L5ET,8.81925105603431e-10
KCNT2,L6CT,2.40990801983157e-10
KCNV1,L5ET,8.68795514711682e-10
KCTD1,L5ET,5.109131677951251e-10
KCTD1,Pvalb,3.26619562114029e-8
KCTD15,L4IT,1.95169749757703e-10
KCTD8,L23IT,4.89376605348039e-9
KCTD8,L4IT,3.63359666571717e-8
KCTD8,L5ET,4.35019985571407e-15
KCTD8,L5IT,3.66424977290009e-8
KDELC2,L23IT,5.584769101891501e-10
KDM4A,L5ET,3.33370785200892e-8
KEL,L6CT,2.6684366244062803e-15
KHDRBS2,L5ET,3.07924451882071e-8
KHDRBS2,Sst,7.99854951515216e-10
KHDRBS3,L4IT,1.14381596385391e-10
KIAA0226L,L5ET,3.4819834928123495e-11
KIAA0922,Pvalb,2.65198721020832e-8
KIAA1024,L56NP,2.43843808116527e-8
KIAA1211,L56NP,1.36176162480265e-8
KIAA1211L,L4IT,1.2337054296380998e-12
KIAA1211L,L5ET,1.51231195104411e-18
KIAA1217,L6ITCar3,7.40737231546015e-12
KIAA1324,L5IT,3.22931664402018e-8
KIAA1328,L23IT,7.64302485607324e-12
KIAA1377,L4IT,8.37999570569115e-14
KIAA1407,L4IT,3.63113751680118e-9
KIAA1456,L5ET,1.33667954924469e-8
KIAA1456,L6IT,1.51643756219169e-8
KIAA1462,L6ITCar3,1.0133153870006902e-9
KIAA1549,L4IT,5.610446264854921e-15
KIAA1549,L5ET,1.32956713311604e-8
KIAA1549,L5IT,4.6501027222448205e-09
KIAA1549L,L4IT,3.81289857424225e-8
KIAA1598,L4IT,3.1135761211390197e-12
KIAA1644,L4IT,3.7298024866894696e-12
KIAA1644,L5IT,1.47409358616306e-8
KIAA1644,L6CT,2.40678855091078e-8
KIAA1644,L6IT,1.13943358357284e-9
KIAA1841,Pvalb,1.10255268755007e-8
KIAA1958,L5ET,2.71605890451139e-10
KIAA2012,L4IT,3.07228176100877e-13
KIAA2012,L5ET,3.45346954588439e-9
KIAA2012,L5IT,5.89873691117587e-9
KIF13A,L4IT,9.55066208031245e-12
KIF13A,L56NP,1.75203008470757e-8
KIF13A,L6CT,6.16934635560055e-10
KIF17,Pvalb,1.43221447077723e-9
KIF21B,L4IT,1.6122257244896302e-9
KIF21B,L6CT,1.6705043716403302e-9
KIF26A,L5ET,7.27161224144381e-10
KIFC3,L5IT,1.10889739000307e-10
KIRREL,L4IT,5.3905354003383095e-18
KIRREL3,L4IT,2.03805834807016e-9
KIRREL3,L5ET,1.98754618843697e-8
KIRREL3,L5IT,2.3757011451742e-9
KIRREL3,L6IT,3.55199393369208e-10
KITLG,L5ET,3.4073444608767903e-9
KIZ,L5ET,6.510593363229251e-9
KLF12,L4IT,3.7006871432135405e-9
KLF12,L5ET,2.92052891406516e-12
KLF13,L6CT,3.36203716433307e-9
KLF13,L6IT,9.51137421213786e-10
KLF3,L6CT,8.305783907048619e-11
KLF7,L4IT,1.35182834587601e-8
KLF8,L4IT,8.07763344992349e-9
KLF8,L5IT,7.69137611326288e-11
KLF9,L56NP,8.50853996105351e-9
KLF9,Lamp5Lhx6,2.93462169965548e-8
KLF9,Sst,6.605050971701e-9
KLF9,Vip,4.4788945714912196e-11
KLHDC8A,L23IT,8.79709798831682e-10
KLHDC8A,L4IT,4.09347610727499e-16
KLHDC8A,L5IT,4.48342412481435e-12
KLHL1,L4IT,5.362267913059249e-23
KLHL1,L5IT,1.9045840734047e-11
KLHL1,L6IT,1.64276951817473e-14
KLHL13,L4IT,1.50859658762201e-11
KLHL14,L5ET,7.56137442025813e-14
KLHL2,L5ET,3.76878697018804e-8
KLHL29,L6CT,2.2763927959846204e-9
KLHL29,L6IT,1.13948103255264e-8
KLHL3,L5ET,2.65645247515033e-8
KLHL32,L5ET,3.17551053478686e-13
KLHL4,L4IT,4.16295582102053e-9
KLHL5,L4IT,8.74510817337379e-10
KLHL5,Lamp5Lhx6,6.807525419446151e-9
KLHL7,L6CT,1.30384341340565e-8
KLK7,L5IT,4.6610761634459195e-11
KRT33B,L5IT,1.5077216532964e-8
L3MBTL1,L4IT,3.09708946662576e-8
L3MBTL1,L56NP,9.780808068479141e-9
L3MBTL4,L23IT,6.43274755277602e-10
L3MBTL4,L4IT,3.2166420667834e-13
L3MBTL4,L6IT,2.0323715682979e-8
LAMA3,L4IT,4.28134585220522e-10
LAMA3,L5ET,3.85438463729992e-11
LANCL3,L4IT,3.56068310126607e-10
LANCL3,Lamp5Lhx6,1.09166087510258e-11
LAPTM4B,L6CT,2.43191863012942e-8
LARGE,L4IT,6.73743512235151e-12
LARGE,L56NP,1.10901011295902e-8
LARGE,L5ET,2.5131649459526503e-9
LARGE,L5IT,1.7822313904166e-8
LARGE,L6CT,5.907399693444671e-10
LARP1,L4IT,8.04489633575672e-9
LARP1,L56NP,1.02649508101346e-8
LATS2,L4IT,3.81699060642079e-11
LAYN,SstChodl,1.15980494319842e-8
LCORL,L23IT,4.6239948050496404e-9
LCORL,L4IT,5.00073780079614e-13
LCORL,L6IT,7.8653522193597e-9
LCP2,Sst,1.3213361021250101e-9
LDB2,L4IT,6.721807379196841e-15
LDLR,L4IT,9.703643854720121e-9
LDLRAD3,L4IT,6.3013263190224295e-12
LDLRAD4,L6ITCar3,4.213416154308281e-9
LGALS13,L23IT,3.69943464001871e-8
LGI1,Pvalb,5.2787092672414e-9
LGI2,L4IT,6.1154599311983295e-12
LGI2,L56NP,1.00612989323335e-10
LGI2,L6CT,1.3838206666484301e-14
LGR5,L6CT,3.1218123670187204e-15
LHFP,L5ET,1.22928158688122e-10
LHFP,L6CT,3.19941343874196e-12
LHFPL1,L5ET,1.06964003455094e-8
LHFPL3,L4IT,6.69266462933394e-14
LHFPL3,Lamp5Lhx6,1.41511513421203e-8
LHFPL5,L6CT,3.88202892113076e-9
LHX9,L5IT,7.25317000874818e-12
LIFR,L4IT,3.99154230902269e-14
LIMA1,L5ET,3.0824088570556e-8
LIMCH1,L23IT,6.011496408662671e-10
LIMCH1,L4IT,6.17702251802964e-12
LIMCH1,L6IT,2.8326208257514704e-9
LIMCH1,L6ITCar3,4.9373613820969e-9
LIMK2,L5ET,1.11256178888804e-8
LIMS1,L6ITCar3,3.5676881630708602e-9
LIMS2,L23IT,8.39628306062961e-16
LIMS2,L5ET,1.80655399443846e-8
LIMS2,L5IT,2.6702148678579497e-11
LIN7A,L23IT,1.19744326223527e-10
LIN7A,L4IT,4.6886632513016395e-11
LINC00271,L4IT,7.71675360930644e-9
LINC00282,Lamp5,6.827216279811879e-11
LINC00290,L6CT,6.774657590901141e-9
LINC00333,L23IT,5.1761999983714e-11
LINC00333,L4IT,5.30989567022734e-12
LINC00343,L4IT,2.48906198938493e-9
LINC00343,L5IT,3.2515778488352797e-11
LINC00343,L6IT,5.07818169802206e-12
LINC00348,L6ITCar3,4.62435321068971e-18
LINC00403,L5ET,4.73927768570873e-15
LINC00403,L6ITCar3,2.9499764480771602e-9
LINC00437,L4IT,5.80434434232814e-11
LINC00472,L4IT,2.2603890163734e-13
LINC00472,L5ET,2.09607754329655e-12
LINC00472,L5IT,2.4399537871855e-8
LINC00504,L5ET,1.77819035534621e-13
LINC00507,L5ET,9.17475469131201e-10
LINC00507,L6IT,1.2844079909251599e-13
LINC00589,L56NP,2.2860246523672502e-10
LINC00620,L4IT,1.4168290325780901e-9
LINC00669,L4IT,1.78405963787515e-15
LINC00669,L56NP,9.23292054248864e-10
LINC00669,L5IT,1.17191790091459e-13
LINC00693,L5ET,2.91312906617791e-10
LINC00836,L56NP,2.52976559709741e-8
LINC00836,Lamp5Lhx6,9.17795236513188e-10
LINC00842,L5ET,1.61091690499871e-8
LINC00886,L4IT,4.5969743696505893e-11
LINC00886,L56NP,3.3756909196655e-9
LINC00970,L6CT,9.783230259012371e-9
LINC01013,L4IT,3.40476520694934e-11
LINC01057,Sst,1.8556494010448998e-13
LINC01085,L5IT,2.1353704373138903e-9
LINC01085,L6CT,1.7505136362724602e-10
LINC01090,L23IT,1.0062885742503e-10
LINC01090,L4IT,3.3815504212678404e-9
LINC01090,L5IT,1.8246455499370401e-9
LINC01102,L4IT,6.4744607739064e-11
LINC01102,L5IT,1.0724365095311e-10
LINC01102,L6IT,2.02033580773686e-9
LINC01105,L4IT,2.07664205539347e-12
LINC01105,L5ET,9.629614792273131e-9
LINC01105,L5IT,1.0633932804394801e-10
LINC01122,L5ET,4.0649760290381805e-9
LINC01137,L4IT,8.29901278611296e-16
LINC01140,L4IT,4.5351365219785006e-10
LINC01141,L6IT,6.5582558615825e-9
LINC01141,L6ITCar3,1.3795951633172e-9
LINC01151,Pvalb,1.04035832106185e-8
LINC01158,L4IT,8.57650527176869e-10
LINC01158,L5ET,3.3023200165577205e-9
LINC01159,Pvalb,7.84333773485807e-10
LINC01164,L4IT,2.85190485035446e-8
LINC01202,L4IT,1.70130600437098e-9
LINC01231,L23IT,4.0984977502749895e-11
LINC01237,L5IT,4.17666040687859e-9
LINC01237,Pvalb,9.22215802493078e-9
LINC01250,L6CT,1.18810085368785e-8
LINC01314,L5ET,6.436699563677499e-13
LINC01322,L6CT,1.3047104053680701e-9
LINC01322,L6ITCar3,2.52100455234933e-8
LINC01435,L5ET,2.72756481777852e-14
LINC01470,L5ET,7.010603109460531e-9
LINC01476,L4IT,1.40280644981724e-8
LINC01476,L5ET,1.45705718501803e-13
LINC01476,L6CT,3.91428542587214e-8
LINC01479,L56NP,1.24392807591697e-8
LINC01505,L5ET,7.188240017227759e-12
LINC01508,L6b,3.7620794947981e-8
LINC01512,L5IT,1.88004327989459e-10
LINC01551,L4IT,9.411566778643022e-9
LINC01561,L5ET,1.74555711957522e-14
LINC01572,L4IT,3.05687882728373e-8
LINC01581,L6b,1.58140540483675e-9
LINCR-0001,L5ET,1.3909979050448902e-9
LINCR-0002,L4IT,5.10115799770398e-16
LINGO2,L4IT,5.4387623440102606e-9
LINGO2,L5IT,5.102833193983031e-10
LINGO2,L6CT,1.48683519263056e-8
LIPA,L4IT,9.40203754606546e-9
LIPA,L5ET,6.505342831929771e-9
LIPA,L5IT,1.72062083794586e-8
LMCD1,L56NP,1.88438535000582e-8
LMF1,L5ET,7.199105344169091e-9
LMNA,L6CT,2.30540521805103e-9
LMNTD1,L56NP,2.4824775461229e-9
LMO2,L6b,9.28396510137337e-9
LMO4,L6CT,8.44615090914781e-9
LMO7,L5ET,5.20797035928233e-9
LMO7,L5IT,4.04569830827922e-8
LMO7,L6IT,9.356690452312481e-9
LMOD3,Sst,3.0167738576928397e-16
LOC100126584,L6CT,9.3310432811987e-10
LOC100126584,L6IT,5.5887636059442e-10
LOC100128714,L23IT,8.741741571897709e-12
LOC100128714,L4IT,2.1667005796501703e-15
LOC100128714,L5IT,1.03861454730787e-11
LOC100128714,L6IT,6.623157150914801e-10
LOC100130331,L4IT,1.2682442122731702e-9
LOC100130459,L56NP,4.06360641856488e-8
LOC100132891,L4IT,9.60791382791557e-10
LOC100132891,L5ET,3.60041380230226e-10
LOC100132891,L6b,3.2816994281196895e-11
LOC100132891,L6CT,2.77038220577081e-12
LOC100287225,L5ET,3.78670587858133e-10
LOC100287944,L23IT,9.38760265031193e-9
LOC100287944,L6b,1.51561952304142e-8
LOC100287944,L6IT,9.60832127754381e-10
LOC100288798,L23IT,1.1459699454300501e-10
LOC100288798,L5IT,1.0393467014364501e-9
LOC100288798,L6b,6.76292829401001e-10
LOC100505498,L4IT,2.98387466728121e-11
LOC100505912,L5ET,9.05184374916891e-15
LOC100506457,L5IT,1.86682136757103e-8
LOC100506474,L23IT,2.55464659028986e-12
LOC100506474,L4IT,7.556065397680999e-13
LOC100506474,L6b,2.71176724209095e-8
LOC100506869,L4IT,5.599106412163881e-10
LOC100506869,L56NP,1.0158846884734301e-9
LOC100507205,L56NP,1.38390481605344e-8
LOC100507291,L23IT,8.138246968671941e-9
LOC100507291,L4IT,3.15964579586138e-8
LOC100507562,L4IT,1.30652269955771e-8
LOC100507661,L56NP,8.23398987141261e-12
LOC100507661,L5ET,9.5474748312968e-10
LOC100996763,L4IT,5.34988353868248e-9
LOC101926887,L4IT,3.49692686861996e-8
LOC101926898,L4IT,5.1950898189064195e-12
LOC101926942,L23IT,4.69360624837871e-14
LOC101926942,L4IT,1.3479210800067e-10
LOC101927026,L23IT,3.16660843886147e-8
LOC101927026,L5IT,1.06138016467202e-8
LOC101927078,L5IT,3.1185015253928202e-9
LOC101927078,Pvalb,7.3433866783548704e-9
LOC101927123,L5IT,5.594080035760911e-9
LOC101927190,L56NP,1.36563633567299e-8
LOC101927254,L6ITCar3,9.98754105665158e-10
LOC101927280,L5ET,2.05599919632838e-8
LOC101927293,L6ITCar3,3.54983627804312e-8
LOC101927389,L6ITCar3,3.9487776717500605e-9
LOC101927406,L23IT,1.9788100887377498e-13
LOC101927406,L4IT,1.14913563942176e-9
LOC101927406,L56NP,7.525725849858659e-12
LOC101927406,L5IT,2.71905672846394e-15
LOC101927406,L6CT,4.72953403554343e-9
LOC101927432,L6IT,1.26546496809467e-8
LOC101927439,L5IT,2.79903276877581e-12
LOC101927439,L6CT,2.0682349706874001e-10
LOC101927439,L6IT,1.01939693282236e-11
LOC101927503,L5ET,4.3542009341580305e-9
LOC101927503,L5IT,2.5848656639326803e-10
LOC101927587,L5ET,7.827783648411409e-11
LOC101927605,L56NP,1.42620172636686e-12
LOC101927636,L4IT,2.2069973617057702e-9
LOC101927653,L23IT,3.20429797941374e-8
LOC101927653,L4IT,3.8260061739991705e-15
LOC101927668,L4IT,4.13150129675729e-8
LOC101927745,L5ET,1.93504938057036e-13
LOC101927745,L6CT,6.122170358602501e-10
LOC101927745,L6IT,1.9406771959741503e-9
LOC101927797,L5IT,2.1359968749580598e-11
LOC101927870,L5ET,2.94941564240817e-11
LOC101927871,L4IT,7.60406385093692e-11
LOC101927871,L6CT,5.3609747868509205e-9
LOC101927874,L4IT,3.8970899695356503e-10
LOC101927874,L56NP,8.27566928241742e-9
LOC101927874,L5ET,4.02138335038806e-8
LOC101927879,L4IT,1.0756347863539e-10
LOC101927960,L4IT,9.4471748541415e-9
LOC101928005,L4IT,4.8624995909436705e-9
LOC101928005,L5IT,4.01393673760537e-8
LOC101928103,L6ITCar3,1.15104495316504e-9
LOC101928114,L6b,3.0838360445094e-8
LOC101928131,L4IT,2.57224637600107e-16
LOC101928131,L5IT,2.11660716035839e-8
LOC101928135,L23IT,2.62140497767749e-8
LOC101928135,L4IT,1.75428654796264e-10
LOC101928135,L5IT,8.18195399933575e-10
LOC101928196,L23IT,3.45586852397046e-10
LOC101928196,L4IT,5.57182493326444e-21
LOC101928196,L5IT,3.06855701476099e-12
LOC101928196,L6ITCar3,8.60080125130724e-13
LOC101928250,L23IT,1.58638797040804e-8
LOC101928250,L4IT,1.90872249587309e-11
LOC101928250,L6b,7.254107299233949e-12
LOC101928250,L6CT,7.09867243747912e-16
LOC101928278,L4IT,6.13835054041236e-13
LOC101928278,L5IT,1.32435343520081e-9
LOC101928278,L6b,2.70904806112768e-12
LOC101928278,L6CT,7.71999805003192e-16
LOC101928278,L6IT,1.3735623548574e-10
LOC101928322,L5ET,1.2377989450425201e-9
LOC101928387,L6IT,1.4547745018226601e-9
LOC101928438,L23IT,1.16996552691592e-8
LOC101928438,L4IT,5.48079963170114e-12
LOC101928438,L56NP,6.1120876097518e-9
LOC101928438,L5IT,1.02779517401771e-10
LOC101928522,L4IT,4.0482247515696e-8
LOC101928591,L56NP,2.6638623105422803e-9
LOC101928635,L56NP,1.2792310123053699e-11
LOC101928635,Pvalb,2.62058815938653e-10
LOC101928635,Sncg,7.26818327062953e-9
LOC101928701,L4IT,1.1408590326741001e-11
LOC101928701,L5ET,2.08648452468024e-8
LOC101928912,L5IT,6.514798290172271e-9
LOC101928923,L4IT,1.8500389477464401e-9
LOC101928923,L5IT,2.6002090618364698e-11
LOC101928957,L5ET,3.65885176409456e-9
LOC101928957,L5IT,2.43797044737063e-8
LOC101928957,L6CT,4.23905515434156e-9
LOC101928964,L4IT,1.61311803445815e-8
LOC101928964,Pvalb,9.265189501281741e-9
LOC101929019,L4IT,1.00080436076061e-11
LOC101929095,L5ET,5.2167249595842194e-18
LOC101929251,L5IT,1.04136436390543e-8
LOC101929251,L6CT,4.05879785079947e-8
LOC101929278,L6CT,1.55809883036762e-8
LOC101929294,Sst,3.0096364880632e-8
LOC101929355,L23IT,1.3841745540953801e-14
LOC101929473,L5IT,6.860559004789379e-13
LOC101929555,L5IT,3.2984679560082502e-9
LOC101929563,L6CT,1.45451823188055e-8
LOC101929596,L4IT,2.80335929172524e-8
LOC101929617,L56NP,3.39375793599076e-8
LOC101929617,L5IT,1.7436319539920902e-9
LOC101929617,L6CT,3.4785067984792697e-12
LOC101929617,Pvalb,4.05659121668858e-8
LOC101929628,L5ET,1.59741029306641e-8
LOC101929638,L5ET,6.423858613575071e-9
LOC101929675,L4IT,1.97560081543359e-8
LOC101930048,L6ITCar3,3.52315547994042e-8
LOC101930053,L4IT,1.05830588981281e-9
LOC101930053,L6ITCar3,1.02680842546136e-8
LOC101930114,L5IT,3.01315137363094e-10
LOC101930114,L6IT,8.480135418334591e-9
LOC102467147,L4IT,3.3289521580304097e-11
LOC102467226,L4IT,2.7377372361180404e-9
LOC102467226,L5ET,1.07500379501506e-8
LOC102659288,L23IT,1.27244738554529e-8
LOC102659288,L6ITCar3,2.30152095467015e-10
LOC102723409,L56NP,1.86606070793462e-8
LOC102723409,Pvalb,1.5527348887599e-8
LOC102723503,L4IT,1.27887269614577e-8
LOC102723517,L4IT,1.43453142882133e-9
LOC102723654,L5IT,1.08717527249705e-9
LOC102723675,L4IT,3.94759810494406e-9
LOC102723675,L6CT,1.6707963451648602e-9
LOC102723967,L56NP,9.864953583844871e-9
LOC102723967,L6b,2.48976468094495e-8
LOC102724027,L4IT,7.175712584921971e-9
LOC102724087,L23IT,1.63089840936981e-10
LOC102724087,L4IT,7.08530919828661e-10
LOC102724109,L4IT,3.7235738022407e-13
LOC102724109,L56NP,2.27520508187111e-8
LOC102724158,L23IT,2.7231956185165198e-11
LOC102724158,L4IT,1.01681722282398e-16
LOC102724158,L6ITCar3,1.5073869704990902e-9
LOC102724362,L4IT,1.91399727735463e-9
LOC102724385,L5IT,2.7816790069604e-8
LOC102724584,L6IT,6.451103823636519e-11
LOC102724683,Pvalb,2.62606110750454e-9
LOC102724710,L56NP,4.04262214603382e-9
LOC102724790,L4IT,1.064763517542e-8
LOC102724834,L5ET,5.4077051027609e-11
LOC102724859,L4IT,3.57139712396005e-8
LOC102724881,L4IT,3.01619469804177e-8
LOC102724973,L4IT,9.326277218079371e-15
LOC102725045,L56NP,3.53186026016807e-8
LOC102725227,L5ET,4.81845456810387e-10
LOC105369174,L5IT,4.12143573972299e-8
LOC105369212,L6IT,3.24013510741962e-8
LOC105369212,L6ITCar3,5.22879877154528e-15
LOC105369302,L5ET,6.17959235413795e-12
LOC105369345,L5ET,2.2667682527527304e-9
LOC105369388,L5ET,8.39415542965367e-10
LOC105369408,Sst,3.0610451971726603e-9
LOC105369456,L6CT,1.4531577561440402e-9
LOC105369456,L6IT,8.94658382957309e-9
LOC105369466,SstChodl,1.1472517710791e-10
LOC105369506,L56NP,1.59894542068561e-8
LOC105369513,L23IT,3.07218355698683e-9
LOC105369562,L5IT,1.00029743131319e-8
LOC105369633,L4IT,1.84751695137391e-9
LOC105369633,L5IT,2.60616124731356e-8
LOC105369676,L6ITCar3,2.33124179479989e-8
LOC105369678,L4IT,3.31627752046053e-8
LOC105369762,L5ET,5.31145899573188e-11
LOC105369827,L56NP,4.5761700556767895e-11
LOC105369833,L6CT,6.652415308130781e-9
LOC105369844,L6CT,9.33398323512121e-10
LOC105369860,L5ET,1.06174361258906e-8
LOC105369894,L5ET,7.5523313519981e-10
LOC105369928,L4IT,1.48427151734456e-16
LOC105369928,L56NP,2.9729935675836603e-9
LOC105369928,L5IT,2.57949264357612e-13
LOC105369983,L4IT,1.1857135301468302e-9
LOC105370027,L6IT,5.00625346220712e-9
LOC105370027,L6ITCar3,6.816052795149631e-10
LOC105370066,L5ET,5.66861754447536e-12
LOC105370153,L23IT,3.73635508215518e-9
LOC105370158,L23IT,8.88767298684566e-10
LOC105370172,L5ET,1.17359839362367e-8
LOC105370183,L4IT,3.85858386478066e-8
LOC105370191,L5IT,3.89396008577878e-10
LOC105370217,L4IT,1.8616334623462998e-13
LOC105370224,L56NP,1.87237263028918e-9
LOC105370224,L5ET,7.31353484595246e-12
LOC105370224,L5IT,5.8601242416288105e-9
LOC105370265,L23IT,9.53650741181939e-9
LOC105370265,L6IT,5.866619105918451e-9
LOC105370300,L4IT,5.6769178657545e-9
LOC105370359,L6CT,2.81001384509663e-8
LOC105370402,L56NP,8.141412810829501e-10
LOC105370456,L23IT,3.45309611959196e-12
LOC105370456,L4IT,5.264027733925071e-10
LOC105370456,L5IT,3.3054484203809198e-12
LOC105370479,L6CT,1.69258894575037e-8
LOC105370500,L4IT,3.46448816246434e-8
LOC105370555,L6IT,5.34900149446626e-9
LOC105370603,L23IT,1.85876731749534e-8
LOC105370603,L6CT,6.3777921586995206e-9
LOC105370610,L5ET,4.02371939226921e-8
LOC105370693,L23IT,7.57560201842744e-16
LOC105370693,L4IT,9.38315480128081e-12
LOC105370693,L5IT,6.452344875469939e-11
LOC105370693,L6ITCar3,1.31106573138416e-9
LOC105370767,L5ET,6.38345033397221e-14
LOC105370807,L4IT,3.9177602279293e-8
LOC105370822,L5ET,2.90009558208384e-10
LOC105371295,L5ET,2.69480154876206e-12
LOC105371310,L6IT,1.82795322652449e-8
LOC105371310,L6ITCar3,6.37452414443497e-18
LOC105371331,L5ET,2.7002381749662697e-12
LOC105371382,L6CT,1.6182217276919302e-9
LOC105371386,L6CT,6.225658838073191e-9
LOC105371509,L4IT,1.6960144139147102e-9
LOC105371593,L4IT,3.17611436413944e-9
LOC105371626,Pvalb,8.20007166589343e-10
LOC105371639,L5ET,1.83032950362078e-8
LOC105371658,L6CT,1.15128794225813e-8
LOC105371672,L56NP,3.6410101273664104e-9
LOC105371672,L6CT,2.71132941566108e-8
LOC105371695,L56NP,4.20635276638057e-16
LOC105371832,L4IT,4.69374276316263e-9
LOC105371846,L5ET,2.65213120999339e-10
LOC105371869,L56NP,5.939428385753851e-9
LOC105371908,L23IT,8.375980582102559e-12
LOC105371919,L5ET,8.81835396679931e-17
LOC105372048,Astro,7.71176722139426e-9
LOC105372055,L5ET,1.9938558786031e-10
LOC105372079,L4IT,9.221852141616739e-12
LOC105372079,L56NP,1.4334347574373e-11
LOC105372083,L4IT,1.3282314424105001e-10
LOC105372083,L5IT,1.032665559426e-10
LOC105372173,L5IT,1.49740468845885e-8
LOC105372255,Pvalb,3.27715566913493e-9
LOC105372273,L5ET,6.469149218478039e-13
LOC105372333,L4IT,1.2574186832002e-8
LOC105372333,L5IT,1.34704687790314e-8
LOC105372394,Sst,3.63110830605463e-8
LOC105372432,Sst,2.48322831593424e-10
LOC105372487,L5ET,6.28815669582075e-9
LOC105372487,L6IT,6.5281703312895405e-9
LOC105372487,L6ITCar3,6.7182502376163904e-9
LOC105372541,Sst,2.56131588625127e-8
LOC105372661,L23IT,1.43117627817103e-9
LOC105372666,L5ET,2.59683660591881e-10
LOC105372701,Sncg,1.6592261020381e-9
LOC105372802,Pvalb,6.0621342071903805e-9
LOC105372863,L4IT,7.95294142386528e-9
LOC105372886,L56NP,3.341741054897e-8
LOC105372945,L4IT,3.9146337707196e-9
LOC105373005,L5ET,1.22058693596164e-13
LOC105373009,L4IT,3.61786866743814e-8
LOC105373024,L5ET,8.61304359235415e-10
LOC105373024,L5IT,7.366646652326899e-12
LOC105373024,L6CT,9.52302929401065e-10
LOC105373192,L5ET,1.2240710688690602e-9
LOC105373204,Pvalb,4.90774052176243e-12
LOC105373216,L23IT,4.2192330825722303e-10
LOC105373216,L4IT,4.5584059645761e-10
LOC105373216,L56NP,4.25904971174665e-11
LOC105373216,L5IT,1.12929984457315e-9
LOC105373216,L6IT,2.67602128787222e-8
LOC105373216,Lamp5Lhx6,9.19130441817922e-10
LOC105373228,L4IT,2.34538667663613e-8
LOC105373345,L23IT,4.41623547250543e-10
LOC105373538,L23IT,3.5205426161950005e-11
LOC105373546,L5ET,4.13419420155574e-10
LOC105373592,L23IT,2.47396727461481e-8
LOC105373626,L5ET,1.04979475301984e-8
LOC105373627,L5ET,5.97242133421939e-10
LOC105373654,L4IT,2.8304332529340796e-11
LOC105373677,L5IT,3.4933599268920603e-9
LOC105373701,L6ITCar3,4.94677448513983e-10
LOC105373703,L6ITCar3,1.55808703480461e-9
LOC105373757,L4IT,1.45981741965157e-13
LOC105373786,L4IT,2.40704082316052e-8
LOC105373831,L6ITCar3,8.15238568605886e-15
LOC105373843,L4IT,5.38989782922012e-12
LOC105373877,L6CT,1.49230648819467e-10
LOC105373891,L4IT,2.22430893135441e-8
LOC105373899,L4IT,2.8863771819534e-9
LOC105373899,L5IT,3.09723326149806e-10
LOC105374057,L4IT,4.44996560096113e-11
LOC105374057,L5ET,4.32836320252465e-10
LOC105374057,L6IT,2.1810630496158e-8
LOC105374107,L6IT,2.4551586939501003e-10
LOC105374122,L56NP,2.84925108076048e-13
LOC105374165,L6ITCar3,3.46840308791565e-12
LOC105374213,L56NP,2.54972326760399e-8
LOC105374218,L4IT,2.08520506180771e-13
LOC105374235,L23IT,1.8527321293792702e-15
LOC105374320,L5IT,2.60983965029154e-11
LOC105374321,L4IT,4.431050035853031e-9
LOC105374321,L6IT,1.10040134074131e-10
LOC105374322,L4IT,3.18462678470464e-8
LOC105374392,L4IT,5.86500342268519e-10
LOC105374438,L5ET,5.60849325170103e-13
LOC105374455,L5IT,8.571451865174959e-11
LOC105374483,L4IT,8.57770984942263e-10
LOC105374486,L23IT,4.5375410208018205e-9
LOC105374486,L4IT,1.73052520695474e-11
LOC105374486,L6CT,1.9933127189112203e-9
LOC105374486,L6IT,2.05267115141291e-11
LOC105374486,Pvalb,1.54865613148609e-8
LOC105374496,L6CT,2.10541737506814e-8
LOC105374501,L5ET,1.1615255713684799e-12
LOC105374503,L4IT,5.75303625294384e-9
LOC105374506,L4IT,7.408280491284051e-9
LOC105374507,L56NP,1.87098220754552e-8
LOC105374537,L6IT,3.85006302748926e-8
LOC105374657,L56NP,3.51577607369697e-8
LOC105374658,L4IT,3.24253330596576e-8
LOC105374681,L6CT,1.41438601771042e-9
LOC105374686,L4IT,2.66918516513168e-10
LOC105374726,L5ET,3.66461618453631e-8
LOC105374760,L56NP,3.2705085888298805e-9
LOC105374814,L5ET,4.51914092233243e-14
LOC105374822,L4IT,1.91274195280137e-8
LOC105374833,L4IT,6.64311570883781e-10
LOC105374860,L5ET,3.87352034908685e-8
LOC105374879,L6IT,9.00907333166005e-10
LOC105374879,L6ITCar3,2.29497355022118e-10
LOC105374880,L4IT,1.22121337446071e-8
LOC105374880,L5IT,1.10413467126627e-8
LOC105374880,L6ITCar3,1.1036020054452799e-11
LOC105374881,L4IT,7.10064259660128e-10
LOC105374881,L5IT,8.8266597308266e-10
LOC105374881,L6IT,5.2418915886992794e-11
LOC105374971,L5IT,3.73510752999561e-8
LOC105375151,L4IT,1.74253175145445e-8
LOC105375196,L56NP,3.4208659661742703e-9
LOC105375222,L6b,3.61649121955988e-9
LOC105375247,L4IT,1.31366115420303e-10
LOC105375254,Sst,6.292990716681851e-9
LOC105375278,L4IT,7.0429540036750494e-12
LOC105375431,L56NP,6.640191521367029e-11
LOC105375513,L5IT,9.04605797441441e-10
LOC105375543,L6CT,2.38358242041453e-8
LOC105375546,L4IT,2.7814265710186e-10
LOC105375630,L4IT,2.2283979429909e-8
LOC105375632,L4IT,2.43175010032771e-8
LOC105375633,L5ET,8.027007795286301e-10
LOC105375639,L56NP,1.94482493473947e-9
LOC105375639,L6IT,1.79378306617897e-8
LOC105375639,L6ITCar3,5.6897598066209795e-12
LOC105375678,L5IT,4.73042579979262e-10
LOC105375716,L23IT,2.01850891523582e-8
LOC105375716,L5ET,3.9039726611541094e-11
LOC105375734,Pvalb,2.48720833393119e-8
LOC105375756,L5ET,5.48648474648097e-10
LOC105375763,L23IT,2.6149065361581604e-9
LOC105375815,L4IT,3.24086087507918e-8
LOC105375816,L4IT,2.31717980960127e-8
LOC105375854,L4IT,1.5681140255528e-8
LOC105375932,L4IT,2.34343161767985e-18
LOC105375980,L6CT,2.10626022998398e-10
LOC105375994,L4IT,7.228022493823789e-11
LOC105375995,L4IT,2.6449568996690896e-11
LOC105376081,L4IT,8.13336028044495e-10
LOC105376081,L5IT,4.0315589131381e-10
LOC105376081,L6IT,3.3013475227778e-8
LOC105376081,L6ITCar3,3.88405786795922e-8
LOC105376121,L4IT,1.4582760892400202e-9
LOC105376121,L5ET,3.61485401350901e-10
LOC105376121,L5IT,1.64965382890768e-10
LOC105376121,L6IT,4.5011797361612003e-10
LOC105376189,Lamp5Lhx6,1.8927444724196898e-11
LOC105376202,L5ET,4.25452834580317e-10
LOC105376214,L5IT,3.9970428187366096e-11
LOC105376214,L6ITCar3,1.41579823036783e-9
LOC105376228,L4IT,3.3272719930967e-9
LOC105376309,L5ET,5.71425420501462e-9
LOC105376354,L4IT,1.0187942291077599e-11
LOC105376354,L5IT,3.9931125429127505e-9
LOC105376363,L4IT,9.374099787522831e-9
LOC105376387,Sst,6.847324568742901e-10
LOC105376407,L23IT,4.13081403092501e-8
LOC105376407,L4IT,2.5890490340976197e-11
LOC105376407,L5ET,5.59718192232595e-10
LOC105376407,L6IT,1.1747282592666902e-9
LOC105376534,L4IT,1.81932674676412e-10
LOC105376603,L5ET,1.1800321551493101e-9
LOC105376775,L56NP,2.32570063265873e-9
LOC105376775,L5ET,6.52998740092076e-10
LOC105376836,L4IT,1.0035385915146301e-9
LOC105376917,L56NP,2.54415731348533e-10
LOC105376957,L4IT,1.88931957718382e-10
LOC105376957,L5ET,6.95079720993928e-9
LOC105376957,L5IT,1.0370258845666001e-10
LOC105376957,L6CT,1.85169159140357e-8
LOC105376957,L6IT,1.46424945448494e-8
LOC105376968,L4IT,1.61415313908695e-12
LOC105376968,L56NP,1.7930451463647097e-11
LOC105376968,L5ET,4.02918371444639e-12
LOC105376982,L4IT,1.96852713859673e-16
LOC105376987,L56NP,3.50598595872018e-10
LOC105377098,L56NP,3.61954999612615e-8
LOC105377124,L4IT,1.59332088625435e-9
LOC105377179,L56NP,1.23338295946437e-8
LOC105377180,L56NP,1.04237185985104e-9
LOC105377181,L5IT,1.2060547285733601e-9
LOC105377181,L6CT,1.16339935634127e-10
LOC105377183,L5IT,8.957562730591732e-15
LOC105377183,L6CT,2.7473959149641e-10
LOC105377183,L6IT,1.7712128405534402e-9
LOC105377209,L23IT,4.90947675683376e-9
LOC105377209,L4IT,1.22866846527159e-10
LOC105377209,L5IT,1.7845452258660098e-11
LOC105377252,L6IT,4.95922673219037e-14
LOC105377262,L6IT,1.62731683407236e-10
LOC105377262,L6ITCar3,5.42238247979125e-16
LOC105377289,L5ET,3.2912894712714897e-11
LOC105377289,L5IT,3.1862789686865e-8
LOC105377289,L6IT,2.53174406717417e-13
LOC105377289,L6ITCar3,2.20953926530242e-12
LOC105377290,L6IT,1.64515985203985e-8
LOC105377390,L6b,1.06360243903082e-9
LOC105377390,L6IT,3.39118046423513e-12
LOC105377452,L6CT,7.65467121885854e-10
LOC105377459,L4IT,1.4468889938600601e-10
LOC105377486,L5ET,3.6890295274865805e-9
LOC105377505,L56NP,1.02594114509144e-8
LOC105377505,L6IT,1.73897012929093e-8
LOC105377533,L23IT,6.74181785378892e-10
LOC105377567,L23IT,4.0218914785375604e-9
LOC105377567,L4IT,2.79659410884096e-8
LOC105377567,L5ET,1.3320885046367599e-11
LOC105377567,L5IT,3.6977466433183e-9
LOC105377574,L23IT,6.2028592075164306e-9
LOC105377574,L5ET,2.00448234161201e-10
LOC105377632,L5ET,5.0976320538854706e-9
LOC105377697,L5ET,2.3565233168660796e-19
LOC105377699,L5ET,3.6535300194644e-18
LOC105377708,L6CT,8.13733450514647e-9
LOC105377727,L23IT,5.471392061526321e-9
LOC105377745,L6CT,2.0646854908666803e-9
LOC105377752,L5IT,1.64188784696308e-8
LOC105377752,L6CT,9.476998308659781e-9
LOC105377862,L4IT,3.40288119968544e-14
LOC105377864,L4IT,5.3871066457014403e-14
LOC105377866,L5ET,3.20472373743989e-10
LOC105377899,L4IT,2.2448043472771e-9
LOC105377900,L4IT,5.24482009548146e-9
LOC105377918,L5ET,1.5112020349142e-9
LOC105377943,L4IT,3.81521191895422e-8
LOC105377972,L23IT,7.3034195388414e-9
LOC105377989,L4IT,3.93783579537093e-8
LOC105377990,L4IT,3.5879849071569e-9
LOC105377990,L6CT,4.01275307227177e-9
LOC105378029,L5ET,1.8286147914472098e-11
LOC105378030,L56NP,2.14938894597009e-10
LOC105378030,L5ET,9.815484918299401e-10
LOC105378031,L56NP,1.24443507447356e-8
LOC105378031,L5ET,4.09768052711672e-10
LOC105378031,L6b,3.22091825438261e-8
LOC105378058,L4IT,1.08427483943428e-8
LOC105378060,L6IT,5.1072281095940806e-9
LOC105378107,L4IT,9.05532002412996e-9
LOC105378121,L4IT,4.07627984332234e-8
LOC105378209,L6CT,2.60563186242378e-8
LOC105378209,Sst,4.2500429732294696e-11
LOC105378332,L5ET,1.94285098384573e-8
LOC105378334,L5ET,2.0067352183377e-11
LOC105378334,L5IT,1.10276130041747e-9
LOC105378334,L6CT,3.5908039965097702e-9
LOC105378419,L4IT,6.41154234106127e-11
LOC105378419,L6ITCar3,9.73252735387536e-9
LOC105378503,L4IT,3.18294349910457e-12
LOC105378517,L5ET,3.88048955363079e-13
LOC105378531,L23IT,9.302252119450549e-11
LOC105378531,L4IT,2.8140707504485996e-12
LOC105378531,L56NP,3.68703599074292e-8
LOC105378531,L5IT,8.7408514973909e-9
LOC105378531,L6CT,8.028945178247401e-10
LOC105378657,L5ET,1.60864474278163e-9
LOC105378763,L5IT,3.82520345432107e-11
LOC105378810,L6IT,1.45343062799579e-8
LOC105378812,L6IT,4.58033744045522e-16
LOC105378837,L5IT,2.55837706493153e-9
LOC105378865,L5IT,1.37234852133661e-10
LOC105378866,L4IT,1.56627175798036e-12
LOC105378866,L5IT,1.32557027907029e-16
LOC105378866,L6ITCar3,2.92941688876071e-8
LOC105378867,L4IT,4.44677591746572e-11
LOC105378870,L23IT,4.654333188798029e-11
LOC105378870,L4IT,7.25941935249721e-12
LOC105378870,L5IT,5.13686570328949e-13
LOC105378870,L6b,3.5849202784744305e-9
LOC105378870,L6IT,2.7333830760459e-8
LOC105378917,L4IT,9.3267678740889e-9
LOC105379003,L5ET,1.42435975835587e-11
LOC105379057,L6IT,3.05113869462464e-11
LOC105379072,L4IT,2.16472170390665e-9
LOC105379132,L6CT,2.44631496070911e-8
LOC105379206,Sncg,5.5350252859121e-11
LOC105379235,L5ET,3.53291804428016e-8
LOC105379251,L4IT,1.55721358325648e-8
LOC105379307,L6CT,1.0722408910365599e-13
LOC152274,L6CT,3.65571055717581e-11
LOC283038,L6b,2.57280431048493e-8
LOC284395,L23IT,1.22323612827271e-8
LOC284395,L6IT,2.33136180108094e-9
LOC284930,L23IT,3.8910858209719e-9
LOC284930,L4IT,8.33920443279258e-14
LOC284930,L6ITCar3,1.48894573250137e-9
LOC285556,L6IT,1.39812923132985e-10
LOC285696,L4IT,2.48220650162242e-8
LOC285740,L4IT,1.14605481503035e-13
LOC285768,L4IT,1.68792297379843e-8
LOC285768,L5IT,5.95846908447908e-16
LOC285768,L6IT,2.0587560544303597e-11
LOC285768,L6ITCar3,1.1580159466002501e-10
LOC286083,L4IT,3.77452109826388e-8
LOC286189,L4IT,1.39264221264143e-8
LOC286189,L5IT,1.65872961194495e-8
LOC286189,L6IT,2.41449695158792e-10
LOC339192,L6CT,5.576414328393181e-9
LOC339529,L4IT,1.66290929394717e-11
LOC339529,L5ET,1.19412387859872e-8
LOC339529,L5IT,2.07400190836638e-12
LOC340113,L6CT,3.25372526061355e-10
LOC349160,L6IT,3.07245240716566e-8
LOC389332,L6IT,6.54628599170881e-9
LOC392232,L4IT,3.31008503046017e-8
LOC392232,Pvalb,2.46666911253668e-9
LOC400548,L6CT,2.12345151247563e-8
LOC400800,Sst,1.20107871261502e-9
LOC400940,L4IT,1.07283321017639e-9
LOC401134,L23IT,5.799787912114531e-9
LOC401134,L4IT,1.47268587890049e-9
LOC401134,L56NP,3.21904021506173e-12
LOC401478,L6CT,2.1461619680700804e-9
LOC642574,L23IT,1.6135671842827e-8
LOC642574,L56NP,1.4910304997605e-12
LOC642574,L5ET,1.9322197347791903e-9
LOC643339,L4IT,2.98586411373336e-8
LOC643542,L23IT,1.91020071675522e-9
LOC643542,L4IT,1.06717834256257e-8
LOC643542,L5IT,3.8331450641671805e-9
LOC643711,L4IT,1.7365684022893702e-15
LOC643962,L23IT,1.42408276039626e-8
LOC644554,L56NP,3.89253454342423e-10
LOC644554,L6ITCar3,4.4132408731976e-11
LOC646241,L4IT,3.76515674544057e-11
LOC646241,L5IT,1.6012217243932501e-9
LOC646241,L6CT,6.7073747787211e-13
LOC728095,L4IT,6.152611583184881e-15
LOC728095,L5IT,5.9774042435053205e-9
LOC729987,L23IT,3.0827383861825696e-11
LOC729987,L4IT,1.97752027916607e-14
LOC729987,L56NP,2.4984045323510703e-9
LOC729987,L5ET,3.81427941124148e-8
LOC729987,L5IT,3.13381615290315e-15
LOC729987,L6b,1.60758242503382e-8
LOC729987,L6CT,1.50368846067079e-9
LOC729987,L6IT,6.68352367444151e-10
LOC729987,Vip,3.0172126312719603e-9
LOC730102,L4IT,9.50175487353508e-12
LOC90768,L6CT,3.89826893725734e-12
LOXL1,L6b,1.69429697672428e-8
LOXL1,L6CT,1.67764252194591e-10
LOXL1-AS1,L56NP,3.3578051676597603e-9
LOXL1-AS1,L6CT,8.01674268436018e-9
LPA,L56NP,2.39449729776159e-8
LPAL2,L4IT,1.223814070574e-9
LPCAT2,Pvalb,6.01270252663338e-13
LPGAT1,L4IT,4.6786877841499e-9
LPIN2,L4IT,3.05375902348294e-10
LPPR1,L5ET,8.19000972732406e-10
LPPR1,Pvalb,7.86891852673404e-10
LPPR1,Sst,3.2579152123956195e-11
LPPR5,L6IT,1.44975872131403e-8
LRAT,L6b,1.4015853358752e-9
LRCH2,L6CT,2.4781650754157104e-9
LRGUK,L23IT,1.75669188759181e-8
LRGUK,L56NP,6.50546814589559e-11
LRIG3,L23IT,1.39426840096426e-10
LRIG3,L4IT,7.69989225311293e-10
LRMP,L4IT,8.051936762192861e-10
LRP1B,L6ITCar3,7.175332103613639e-12
LRP2,L5ET,1.36625109756721e-12
LRP4-AS1,L5ET,5.54538536209405e-21
LRRC1,L56NP,1.22831659802918e-10
LRRC16B,L4IT,1.08177514704e-8
LRRC2,L5IT,1.61614039090899e-9
LRRC2,L6IT,1.35181549705295e-8
LRRC28,L4IT,2.4108986586099902e-9
LRRC36,L6ITCar3,2.51174860000483e-9
LRRC3B,L23IT,1.84272272047768e-14
LRRC3B,L4IT,7.026759045642411e-9
LRRC3B,L5IT,1.88686753756385e-10
LRRC3B,L6IT,3.8549870533218e-9
LRRC3B,L6ITCar3,5.4586447815692796e-12
LRRC4C,L4IT,1.45979584953389e-16
LRRC4C,L5ET,9.84992332746271e-10
LRRC4C,L5IT,2.50271268368656e-14
LRRC4C,L6CT,6.6371772062505e-12
LRRC63,L4IT,2.5658564401551e-11
LRRC7,L5ET,1.31469308836724e-8
LRRC7,Pvalb,4.80055534718397e-9
LRRC8C,L4IT,6.585732968211271e-9
LRRIQ1,L4IT,1.4617615084323102e-9
LRRIQ1,L5IT,1.04419547593325e-12
LRRK1,L4IT,2.1047775986862197e-11
LRRK2,L4IT,1.07802950229514e-9
LRRN1,L4IT,8.30968578930364e-9
LRRN1,L5IT,6.73511697377961e-11
LRRN1,L6ITCar3,4.71290938654849e-10
LRRN2,Pvalb,2.13652468901669e-10
LRRTM1,L4IT,1.03451457892669e-11
LRRTM1,L6ITCar3,2.28596930152117e-9
LRRTM3,L4IT,2.08970827603636e-16
LRRTM4,L4IT,2.3044375322719802e-15
LRRTM4,L5ET,2.7099674009314996e-12
LRRTM4,L6CT,3.0338792690359e-11
LRRTM4,Pvalb,1.11020685855661e-9
LRSAM1,L5IT,1.09147490392375e-8
LSAMP,L5ET,3.06007467116105e-8
LSAMP,Sst,1.9534505158557997e-12
LTBP1,L5IT,1.0896950292903101e-9
LTBP4,L23IT,8.3151387344029e-9
LTBP4,L4IT,1.6065000926682e-8
LTBP4,L5IT,1.1837959738478401e-9
LTBP4,L6IT,2.18656337815323e-10
LURAP1L,L6CT,6.12625547031973e-12
LUZP1,L4IT,6.521826641959821e-9
LUZP2,L23IT,2.82193479147693e-11
LUZP2,L5IT,9.556469959351859e-11
LUZP2,L6IT,2.0704878560038897e-11
LUZP2,Lamp5Lhx6,5.2978465418315e-10
LXN,L6ITCar3,1.0893591059560898e-11
LY86-AS1,L23IT,1.7282419382425e-9
LY86-AS1,L4IT,5.57991523560294e-16
LY86-AS1,L56NP,2.1000257258828996e-12
LY86-AS1,L5IT,2.25792874449839e-10
LY86-AS1,L6CT,6.17140177069925e-9
LY86-AS1,L6ITCar3,2.02456779062534e-10
LY96,L56NP,4.19960045422381e-10
LY96,L5IT,9.038965805911609e-12
LYPD1,L5ET,1.53408466586855e-8
LYPD6B,L4IT,2.29329550439485e-9
LYPD6B,L5IT,2.23652405324473e-8
LYPD8,L4IT,1.2095681926112e-8
LYPLA1,L6CT,2.19721328663577e-9
LYSMD4,L4IT,1.1556439890101702e-9
LYST,L4IT,1.3953878416351599e-11
LZTS1,L4IT,4.82218395561915e-10
LZTS1,L6b,7.044896709434811e-10
LZTS1,L6CT,6.767277509308421e-9
M1AP,L6ITCar3,3.9699945265150405e-9
MAB21L1,L5IT,2.68138034417602e-9
MACROD2,L4IT,2.67056587107472e-8
MACROD2,L6IT,1.84353230068138e-10
MAF,L4IT,3.24656041574371e-9
MAGI1,L4IT,1.3414850520103e-14
MAGI3,L4IT,3.71122747333078e-8
MALRD1,L5ET,1.75024385736681e-10
MAML2,L5ET,8.43483982474137e-14
MAML3,L6b,2.89701240854941e-9
MAML3,L6CT,1.1240547950241701e-14
MAML3,L6IT,2.1165231954350402e-9
MAN2A1,L4IT,5.071759509314979e-11
MAN2A1,L5ET,1.50262550689307e-10
MAN2B2,L5ET,4.180877387432561e-9
MAOB,L5IT,1.2979903256394798e-11
MAP3K1,L4IT,5.78122866995931e-10
MAP3K14,L6CT,1.62777876492935e-8
MAP3K5,L4IT,2.13216155714938e-13
MAP3K5,L5ET,1.1017488583984e-8
MAP3K5,Lamp5Lhx6,2.06291098635786e-9
MAP9,L6CT,1.20650324943934e-8
MAPK1,L5ET,1.7558856765278802e-9
MAPK15,L23IT,3.0747206497947e-15
MAPK15,L4IT,8.7145564324297e-11
MAPK4,L5ET,3.38995196512605e-9
MAPKBP1,L6IT,3.94560348714332e-8
MARC1,Pvalb,1.78352401525678e-9
MARCH1,L4IT,4.60322992430771e-19
MARCH1,L56NP,7.717779958167859e-11
MARCH1,L5ET,1.51302783184334e-12
MARCH1,Sst,5.551465819723431e-10
MARCH11,Sst,6.3695386735514e-11
MARCH3,L6CT,1.06705489359818e-9
MARCH3,L6IT,1.46053483835496e-8
MARCH4,Pvalb,2.2656417028785496e-11
MARCH4,Sst,3.2056993556439803e-9
MARCKSL1,L23IT,2.09089616129183e-8
MASP1,L5ET,1.45088784531028e-8
MAST3,L5ET,3.2385586046151e-11
MAST4,L4IT,1.90742584909754e-10
MAST4,L56NP,6.03190708409572e-11
MB21D2,L5IT,7.40627054279164e-10
MBOAT2,L4IT,5.28049205937876e-9
MBOAT2,L56NP,2.03349987822312e-10
MBOAT2,L5ET,1.19484565460144e-9
MBOAT2,L5IT,5.7605306989235195e-11
MBOAT2,L6CT,2.64723052127415e-13
MBOAT2,Pvalb,5.56679785760497e-15
MBP,L4IT,1.11549648893911e-8
MBP,L5ET,2.10722860753096e-11
MBP,L6CT,2.73250231736298e-15
MCC,Pvalb,1.74097211079099e-8
MCF2,L4IT,1.80315611215769e-8
MCF2,L6CT,1.03920109451087e-8
MCF2L2,L6CT,2.55765117894333e-9
MCTP1,L23IT,8.162808742479901e-10
MCTP1,L5ET,2.04918310363325e-8
MCTP1,Pvalb,1.3620766209752602e-9
MDFIC,L5IT,2.50013337446737e-8
ME3,L6CT,8.04237169474055e-10
ME3,L6IT,2.50231782119776e-8
MED12L,L4IT,1.1895876882987e-8
MED27,L6IT,4.32729293826531e-9
MEG3,L6IT,1.8449419733325e-9
MEGF10,L4IT,8.07682378948289e-9
MEGF10,L6IT,1.12750414006391e-8
MEIS2,L4IT,5.600886698435671e-15
MEIS2,L5ET,1.6716603298719301e-9
MEIS2,L6b,3.88358696115765e-8
MEIS3,L4IT,3.82083469490423e-13
MEIS3,L5ET,3.24732647854901e-12
MEIS3,L6CT,2.6023826669734e-8
MET,L23IT,1.95936140236456e-10
MET,L56NP,1.69952461572888e-9
MET,L5IT,3.0796901189144903e-9
METRN,L6IT,1.8906618731232702e-9
MFAP3L,L4IT,3.07394665281846e-8
MGA,L4IT,1.90872868575695e-8
MGAT4C,L4IT,1.11821382759253e-9
MGAT4C,L56NP,2.50122068096494e-12
MGAT4C,L5ET,8.67160280341564e-14
MGAT4C,L5IT,6.48427778457816e-12
MGAT5,L5ET,7.12255605376495e-10
MGLL,L5ET,2.32483823861009e-9
MGST2,L6b,1.27975887642558e-8
MGST2,L6CT,5.35951130879539e-13
MGST2,L6IT,7.53299972845918e-9
MICA,L6ITCar3,9.50488887829287e-14
MICALL2,L56NP,1.32709600232865e-8
MICU1,L5ET,1.2615460601318202e-9
MID1,L4IT,4.0485208566501596e-11
MID1,L5ET,4.492641961424991e-9
MIMT1,L6IT,2.91579121914175e-8
MINA,Pvalb,3.65110385516814e-8
MIR137HG,L23IT,1.48117307902773e-9
MIR137HG,L4IT,1.87357281693948e-12
MIR137HG,L5IT,1.58727919613191e-10
MIR137HG,L6IT,7.90007661379823e-10
MIR137HG,Pvalb,1.12659128517784e-8
MIR137HG,Sst,9.0257967252824e-9
MIR181A1HG,L5ET,3.27606402240651e-8
MIR181A1HG,Pvalb,3.45434579285383e-8
MIR31HG,L5ET,2.14555432465566e-15
MIR31HG,L6ITCar3,1.6045407588121e-8
MIR325HG,L23IT,3.74599511787487e-8
MIR325HG,L4IT,3.43359576380859e-9
MIR325HG,L56NP,6.65080734637768e-10
MIR325HG,L5IT,4.82616206521089e-10
MIR325HG,Lamp5,3.00424887003062e-9
MIR325HG,Pvalb,1.2126990231991698e-11
MIR325HG,Sst,5.25942315748404e-12
MIR4435-1HG,L56NP,1.98068712995583e-8
MIR4500HG,L23IT,4.874849876511851e-9
MIR4500HG,L4IT,7.65343783320738e-12
MIR4500HG,L56NP,2.88499199964514e-10
MIR497HG,L6IT,2.06993827070919e-8
MIS18BP1,L6CT,4.7781411389000106e-9
MITF,L56NP,9.678685033732e-11
MITF,L6CT,4.0370665857145496e-11
MITF,L6ITCar3,2.7089922648348404e-9
MITF,Lamp5Lhx6,1.43897592695171e-8
MKL2,L4IT,1.75932389057538e-13
MKNK1,L4IT,1.57997545991468e-10
MKNK1,L56NP,1.33854669932333e-8
MKX,L6ITCar3,2.7809187030052803e-10
MKX,Pvalb,9.989794633092281e-9
MLIP,L4IT,2.65589009478188e-9
MLIP,L56NP,1.00229688294192e-8
MLIP,L5ET,1.79204883204553e-10
MLIP,L5IT,1.00812730038455e-8
MMD2,L5ET,1.73350858295069e-8
MMD2,L6CT,6.110450406463879e-11
MMD2,L6IT,7.34032728639027e-12
MMD2,L6ITCar3,1.16659400883471e-9
MMD2,Vip,1.27667396168869e-10
MME,L5IT,6.87986293412614e-10
MMP17,L4IT,7.19723899880722e-9
MMP3,L4IT,8.924291052067391e-9
MOXD1,L56NP,1.98532332182505e-15
MOXD1,L6IT,1.21470912039146e-8
MOXD1,L6ITCar3,4.007051274927011e-15
MPP6,L4IT,1.32736549548393e-8
MPP6,L56NP,8.85307966768402e-11
MPP6,L5IT,2.30997643167293e-9
MPP7,L56NP,1.94380170681677e-8
MPPED1,L5ET,4.17350609097234e-10
MPPED2,L4IT,2.53972323163552e-12
MPZL3,L5ET,4.48558254228884e-11
MRAP2,L4IT,1.63255136590114e-10
MRAP2,L6IT,2.37107899388355e-10
MRC2,L5ET,7.23782718622878e-10
MROH2A,L56NP,1.8328856019591402e-9
MS4A8,L23IT,2.79421776002501e-16
MSRB3,L56NP,2.93203964854091e-8
MSRB3,L5ET,5.8692787402595794e-12
MSRB3,L6CT,1.77686930347908e-10
MSRB3,L6ITCar3,5.444470921151171e-9
MT1A,L5ET,2.67792111716945e-8
MT1F,L5ET,1.142825699454e-9
MTA3,L23IT,2.12976201989951e-10
MTA3,L5ET,1.3048900770477499e-11
MTA3,L6IT,2.90286105837679e-8
MTMR12,L6IT,2.16122720159152e-10
MTMR7,L23IT,1.4158524100172498e-11
MTMR7,L6IT,2.97672365361446e-10
MTNR1A,L4IT,4.05393573611934e-11
MTSS1,L6CT,5.82153913941298e-9
MTUS1,L4IT,1.0703821011893099e-11
MUM1L1,L23IT,1.5358418293811602e-9
MUM1L1,L4IT,9.42280596806162e-13
MUM1L1,L5IT,1.01353713429833e-8
MXD4,L5IT,3.77837722478752e-8
MXD4,L6IT,1.34455153229057e-8
MXI1,L6IT,1.2341728175369e-9
MXRA5,L56NP,1.84896419255637e-11
MYBPC1,L6b,8.966388148906781e-10
MYLK,L4IT,1.4000234973749502e-9
MYLK3,L23IT,1.31220699161975e-8
MYLK3,L4IT,6.1814518301456505e-9
MYO16,L4IT,2.14599402624804e-22
MYO16,L5ET,1.49209108273467e-14
MYO16,Sst,2.29413602869169e-8
MYO1B,L4IT,1.26642483354693e-9
MYO1B,L6ITCar3,2.3198950572996103e-9
MYO1E,L4IT,1.72414565648294e-8
MYO5C,L6CT,1.23467862457998e-8
MYO9A,L6IT,2.77427804349404e-8
MYOCD,L56NP,3.4150736547764303e-10
MYOCD,L5IT,1.05514526504964e-9
"NAA25",L6IT,1.15248738301476e-8
"NAALAD2",L5ET,8.83773392324385e-13
"NACC2",L4IT,2.58876187183576e-9
"NAGK",L4IT,5.66467695587285e-11
"NALCN-AS1",L6CT,1.8244291181003e-10
"NAMA",L56NP,1.7573984859276102e-9
"NAT8L",L6CT,1.0124413641351e-9
"NAV1",L5IT,3.54806672920147e-8
"NAV1",L6IT,1.4822045732237e-9
"NAV3",L5ET,5.76774723702405e-15
"NAV3",L6CT,1.95078741296212e-8
NBPF14,L4IT,1.01121090398557e-11
NCALD,L23IT,3.68500399112439e-8
NCALD,L56NP,1.2537846563662101e-9
NCALD,L5ET,2.3382441188705702e-9
NCALD,L5IT,3.03801835505919e-8
NCALD,L6IT,7.645833721519171e-10
NCAM1,L23IT,1.73151222586487e-8
NCAM1,Lamp5,8.25584393532297e-9
NCAM2,L4IT,7.62555254353872e-14
NCAM2,L56NP,6.3170907171807e-10
NCAN,L5ET,3.02389169904174e-8
NCAN,L6CT,2.65859903821676e-8
NCAPG2,L6CT,1.33605315425032e-8
NCKAP5,L56NP,8.40509748238176e-10
NCKAP5,L5ET,2.6470201347828e-8
NCOA1,L6IT,4.823153699515341e-9
NCOA3,L4IT,1.5004350151165399e-12
NDE1,Sst,2.53981270083702e-10
NDRG1,L4IT,2.5278599190746803e-9
NDRG1,L5IT,2.45312206041891e-10
NDRG1,L6b,1.52507208911031e-8
NDRG1,L6CT,2.22846400425754e-8
NDRG3,L6b,1.0676854915675498e-11
NDRG3,L6CT,8.24736373631649e-11
NDST3,L4IT,4.42542139345466e-12
NDST3,L5ET,3.15072030148422e-12
NDST3,Pvalb,2.9075293647604103e-17
NDST4,Chandelier,4.1443983049845e-11
NEAT1,L4IT,7.0240315989725605e-9
NEAT1,L5ET,5.59233412474305e-17
NEAT1,L6CT,1.7745302407316e-9
NEAT1,Pvalb,3.45149568112532e-9
NECAB1,L5ET,1.65749146244471e-13
NECAB2,L4IT,2.28079891718052e-16
NECAB2,L56NP,2.04098072386286e-13
NECAB2,L5IT,1.65973457728119e-13
NECAB2,L6IT,1.2247590159547299e-12
NEDD4L,L5ET,2.48030042700252e-8
NEDD4L,L6CT,6.61081922472468e-10
NEFH,L6CT,1.02380165076076e-10
NEK1,L5ET,6.28658832835446e-10
NEK10,L5ET,3.46969910349649e-10
NELL1,L4IT,3.6520353248584503e-9
NELL1,L5ET,1.18191086473156e-10
NELL1,Lamp5Lhx6,1.66223686092511e-8
NELL2,L5ET,1.6747651250130798e-11
NEO1,L4IT,1.14884514576008e-10
NETO1,L23IT,2.99697969054376e-9
NETO1,L5IT,2.04467405102857e-8
NEURL1B,L4IT,6.65118545464309e-14
NEURL1B,L5IT,1.94612930455361e-10
NEUROD6,L5ET,5.401466278147531e-9
NFATC2,L5ET,2.94216036399272e-8
NFIA,L4IT,4.42723906366792e-10
NFIA,L56NP,7.783267774002801e-10
NFIA,L5ET,8.14095030917061e-14
NFIA,L5IT,4.25480065454778e-10
NFIA,L6CT,3.32919961118117e-8
NFIA,L6ITCar3,9.73216407275765e-12
NFIB,L4IT,6.89255893822141e-11
NFIB,L56NP,1.33138813228069e-9
NFIB,L5IT,8.7812154706027e-10
NFIB,L6IT,1.13224110368126e-13
NFIB,L6ITCar3,7.46066540710248e-10
NFIC,L6CT,7.56404090195348e-9
NFKBIZ,L4IT,1.35545564359024e-8
NGB,L6ITCar3,1.6090209000863897e-11
NGEF,L5ET,2.6845300256098004e-10
NGEF,L5IT,1.69961968637634e-10
NHLH2,L4IT,1.9693973757817702e-14
NHSL2,L5ET,2.48911286529191e-9
NHSL2,Pvalb,1.41082914712667e-8
NIN,L4IT,2.36662497883722e-10
NIN,L5ET,3.8123896852191095e-12
NKAIN2,L23IT,5.0200122674061e-14
NKAIN2,L4IT,3.76620410533756e-18
NKAIN2,L5IT,1.02747330213566e-8
NKAIN2,L6b,8.3092012636111e-11
NKAIN2,L6ITCar3,1.86792581570195e-12
NKAIN2,Pvalb,2.02418773150672e-10
NKAIN2,Sst,3.43206968288696e-13
NKAIN3,L4IT,2.12972797213048e-18
NKAIN3,L56NP,1.1882914995805e-9
NKAIN3,L6IT,1.99536855983739e-9
NLK,L5ET,1.08071663431429e-9
NMB,L6b,8.16711923620793e-9
NMNAT3,L4IT,7.590834595990411e-9
NOS1AP,L4IT,5.65469696909242e-10
NOTCH2,Lamp5Lhx6,3.64778508597508e-8
NOVA1,L4IT,1.1719148692332901e-10
NOX3,L23IT,5.3998709334977196e-12
NOX3,L4IT,3.5295919600027e-16
NPAS3,L4IT,9.16865373455186e-11
NPAS3,L56NP,8.51684465840321e-10
NPAS3,L6IT,4.8679774841200896e-11
NPFFR2,L4IT,1.25321571162677e-8
NPFFR2,L6IT,4.2051738379363997e-13
NPHP1,L5IT,6.57726067396467e-11
NPNT,L5IT,8.84275690945686e-9
NPSR1-AS1,L56NP,8.7630104872134e-9
NPTX2,L56NP,1.29121231396891e-8
NPY1R,L4IT,1.5018015678172e-14
NPY1R,L56NP,2.4537164844773203e-9
NPY1R,L5ET,1.2153180781856e-8
NPY1R,L5IT,8.6773427359034e-11
NPY1R,Lamp5Lhx6,2.2384827481918697e-11
NPY2R,L6CT,1.51270489359929e-14
NR2F1,L6CT,3.12236501520753e-9
NR2F2,L6ITCar3,1.5871914217721601e-9
NR2F2-AS1,L6IT,4.99250585627907e-12
NR2F2-AS1,L6ITCar3,6.33883240917892e-13
NR4A3,L4IT,2.3768420121606304e-9
NREP,L5ET,2.7002046808046e-9
NREP,L6IT,1.06551432860286e-10
NREP-AS1,L5ET,6.51269894356969e-10
NRIP2,L6CT,1.30500113685581e-8
NRP1,L4IT,5.0337843970494196e-11
NRP1,L56NP,3.48574102756982e-9
NRP1,L5ET,1.0223275500798299e-11
NRP1,L5IT,5.86991097714385e-9
NRP1,L6IT,1.3881391923201098e-11
NRP2,L4IT,6.693252114242551e-10
NRP2,L56NP,9.49949226942809e-12
NRP2,L5ET,6.36336519220114e-10
NRP2,L6CT,9.79462706555081e-12
NRXN2,L6CT,4.8391587143484905e-9
NRXN3,L4IT,6.9296878854227e-9
NRXN3,Lamp5Lhx6,8.90715593893593e-13
NSUN7,Pvalb,3.89075617223606e-8
NT5DC3,L23IT,2.34174442972656e-8
NT5DC3,L5IT,1.2165613104323e-8
NTM,L56NP,2.21955845215551e-12
NTM,L6CT,9.122931997403169e-12
NTNG1,L4IT,2.79403179028099e-17
NTNG1,L5ET,3.73100101831473e-16
NTNG1,L5IT,4.0786067619575394e-12
NTRK3,L4IT,4.8684817829067296e-12
NTRK3,L5IT,1.80997052557142e-8
NTSR1,L4IT,1.0448563437156e-8
NUBPL,L4IT,6.49674619788766e-10
NUP93,L6IT,8.26802704960804e-9
NUP93,L6ITCar3,1.18325410475683e-10
NWD2,L4IT,2.2791522030630297e-11
NXNL2,L5ET,1.62497232699434e-9
NXNL2,L5IT,6.233021517422769e-13
NXPE3,L4IT,8.328619662252119e-11
NXPH2,L6IT,3.09548332498829e-11
NXPH3,L6CT,2.57720914598456e-10
NYAP2,L5ET,3.0920237403939e-11
OBP2B,L56NP,2.4681772139030602e-9
OBP2B,L5ET,1.67195602453317e-10
OBSCN,L56NP,8.028354321437701e-10
OBSCN,L5ET,2.52595903507676e-9
OBSCN,L6CT,4.76273948508827e-9
OCA2,L4IT,1.62743356140346e-11
OCA2,L5ET,8.36446666311662e-13
OCA2,L5IT,1.0090503427229301e-9
OCA2,L6CT,3.6630681673122505e-9
OCA2,L6ITCar3,1.38273373669953e-9
OLFM1,L6b,1.21733358670453e-8
OLFM1,L6CT,3.81973102209361e-9
OLFM2,L5ET,1.5888019695589699e-12
OLFM3,L4IT,2.931631731642e-10
OLFM3,L5ET,5.1230139089494905e-9
OLFM3,Pvalb,2.00774082725947e-12
OLR1,L4IT,1.79160496939011e-8
OLR1,L6IT,1.62232040491777e-10
ONECUT1,L5ET,5.2546378382500794e-12
OPCML,L6CT,2.1262523675199e-10
OPHN1,L5IT,2.58189259798193e-8
OPHN1,L6IT,2.6692058705301704e-9
OPLAH,L6CT,1.3943091576713e-9
OPRM1,Lamp5Lhx6,8.00740564013609e-16
OR51B5,L56NP,2.38910028585675e-13
OR51B5,L6CT,1.5631041807973e-8
OR52N4,L56NP,4.0507934360787e-8
OR9A2,L6CT,2.3091095978111903e-9
OSBPL10,L6ITCar3,1.94773279292352e-8
OSBPL1A,L6CT,9.80542021009707e-12
OSBPL1A,L6IT,7.2381794925344304e-9
OSBPL3,L56NP,1.89688519550344e-9
OSBPL3,L5ET,1.14209654005135e-10
OSBPL3,Vip,1.26439346063359e-9
OSBPL9,L5ET,2.22891982880492e-14
OSBPL9,L6CT,3.57588689196194e-8
OSR1,L4IT,1.03232888413462e-10
OSTF1,L4IT,1.11940178327807e-8
OTOGL,L4IT,3.37594045032101e-13
OTOGL,L5ET,1.19188626651022e-12
OTOGL,L5IT,9.64846901827835e-10
OVOL2,L4IT,1.6612264781224101e-9
OVOL2,L56NP,6.269903973079151e-9
OXGR1,L4IT,6.62811780188444e-12
OXR1,L6ITCar3,9.553801754238539e-11
PABPC1L,L56NP,2.18291470617747e-8
PACRG,L4IT,9.17416259206194e-9
PACRG,L6CT,2.4022272756183e-8
PACRG,Pvalb,1.56887200214859e-10
PACS1,Pvalb,6.78720796204318e-10
PACS1,Sst,4.14183837492424e-8
PACSIN3,L4IT,3.41654198362036e-13
PAK3,Pvalb,2.73887125414846e-9
PAK3,Sst,2.45937239917508e-12
PALD1,L6ITCar3,8.766333007815909e-11
PALLD,L4IT,5.046770354821191e-9
PALLD,L5ET,4.00705248053998e-13
PAM,L4IT,4.96691753448575e-13
PAM,L6b,7.122394392624901e-10
PAMR1,L23IT,4.05046449551191e-8
PANK1,L5ET,2.23182064477038e-8
PAPPA,L4IT,7.1613540005542e-10
PAPSS2,L56NP,6.25758789877927e-13
PAPSS2,L5ET,5.793696446866261e-9
PARD3B,Lamp5Lhx6,2.6136529773636604e-9
PARK2,L4IT,6.8459062539522305e-9
PARK2,L5IT,2.21166372663199e-10
PARK2,L6CT,1.2355396679329702e-9
PARK2,L6IT,7.13735533045622e-13
PARK2,L6ITCar3,9.17847542758168e-10
PARM1,L6ITCar3,3.35123719782539e-8
PART1,L23IT,6.5611530406040405e-9
PART1,L4IT,9.11889315784903e-12
PART1,L5ET,5.42582401261737e-10
PART1,L6b,1.28673349420171e-9
PART1,L6ITCar3,4.62673962128966e-10
PBX1,L5IT,1.50922685890183e-8
PBX1,L6ITCar3,8.306851601207141e-9
PBX3,L4IT,2.24598929541031e-10
PBX4,Chandelier,5.36573911460425e-9
PBX4,Pvalb,3.9458934078639095e-11
PCBP3,L4IT,8.83722111015103e-12
PCBP3,L5ET,1.42098015298013e-8
PCDH11X,L23IT,8.3305033011897e-14
PCDH11X,L5ET,3.4188940262711303e-17
PCDH11X,L5IT,1.10994241589789e-11
PCDH11X,L6CT,2.3897151460766998e-12
PCDH11X,L6IT,9.290415753255451e-14
PCDH11X,L6ITCar3,5.1686646927873e-12
PCDH15,L56NP,2.3295115418623597e-11
PCDH15,L5IT,4.92677483291353e-10
PCDH17,L23IT,4.01564216884973e-9
PCDH17,L4IT,2.24137621379762e-10
PCDH17,L5ET,9.946654178276161e-15
PCDH19,L4IT,5.04844417216993e-9
PCDH19,L5ET,1.06724501833318e-8
PCDH19,Pvalb,2.36466271659201e-11
PCDH7,L4IT,1.59914205142427e-10
PCDH9,L4IT,1.68931682147522e-8
PCDH9,L5ET,2.54176208076914e-9
PCED1B,L23IT,5.99858609376262e-14
PCED1B,L4IT,7.82029278797561e-18
PCED1B,L5IT,3.0719415782536e-15
PCOLCE2,L23IT,1.6049775559963e-8
PCOLCE2,L4IT,2.32449253432438e-8
PCP4,L4IT,1.7409236260888897e-11
PCP4,L5IT,2.81094598296958e-8
PCP4,L6b,1.7200847108962002e-10
PCP4,L6CT,1.4601805817930398e-19
PCP4,L6ITCar3,5.5752123198172806e-9
PCP4,Vip,3.25468353107443e-8
PCP4L1,L4IT,9.340890874498631e-15
PCP4L1,L56NP,1.70051496045619e-8
PCP4L1,L5ET,1.5784507907664e-8
PCSK2,L4IT,5.30317334544865e-14
PCSK2,L5ET,1.4444083486399201e-9
PCSK5,L5IT,1.0866390188806501e-10
PCSK5,L6IT,5.03652580379607e-10
PCSK9,L5ET,4.9861506335672503e-14
PDCD6IPP2,L56NP,3.2975740033965503e-9
PDE11A,L56NP,3.09980168667523e-8
PDE1A,L23IT,1.66088471076957e-11
PDE1A,L4IT,1.86615226577763e-15
PDE1A,L56NP,2.15530633605845e-13
PDE1A,L5ET,3.73453417081007e-13
PDE1C,L23IT,6.63353051563673e-13
PDE1C,L4IT,1.03116286499824e-8
PDE1C,Lamp5,3.610177741562e-8
PDE1C,Lamp5Lhx6,4.65553814996828e-10
PDE1C,Pvalb,2.17820192580662e-10
PDE1C,Sst,2.70374321254526e-13
PDE2A,L5ET,1.29978851640986e-13
PDE3A,L4IT,4.29314639500326e-15
PDE3B,Pvalb,1.4729812909333101e-9
PDE4B,L56NP,4.5996377523908003e-11
PDE4D,L23IT,4.5251734377744703e-10
PDE4D,L4IT,9.819037900008101e-16
PDE4D,L6ITCar3,1.33561419847903e-18
PDE7B,L23IT,2.10020047857388e-8
PDE7B,L5ET,6.238396289910621e-10
PDE7B,Pvalb,3.40289931072957e-8
PDE8B,L4IT,3.42968779457063e-8
PDE8B,L5ET,1.35787359648557e-9
PDE8B,Pvalb,1.58885010693271e-8
PDE9A,L6ITCar3,1.40510634946501e-8
PDE9A,Pvalb,4.39559550343196e-12
PDGFC,L6b,3.813012786608421e-9
PDGFC,L6CT,2.6179732738703402e-14
PDGFC,L6ITCar3,2.2249212639755e-8
PDGFC,Pvalb,4.7908485523716497e-11
PDGFC,Sst,8.1425103499696e-10
PDGFD,L6IT,2.78236373882488e-10
PDK3,L4IT,2.6141956006778198e-12
PDZD2,L56NP,2.5048669759503e-9
PDZD2,L5ET,1.1312346101555802e-9
PDZD2,L6b,7.497966494337811e-9
PDZD2,L6CT,2.1883179400663602e-9
PDZRN4,L4IT,4.91841214093906e-16
PDZRN4,L56NP,1.34567823321639e-10
PDZRN4,Sst,3.93561867447228e-11
PELI2,L56NP,5.57376200062224e-10
PENK,L6CT,7.47902173580043e-11
PEX5L,Pvalb,3.55536057160599e-8
PFKL,L6CT,1.70825934932734e-9
PHACTR1,L5ET,2.8687257953125297e-11
PHACTR2,L4IT,1.2623179878934301e-17
PHACTR2,L56NP,2.35225273955504e-13
PHACTR2,L5ET,1.68990263467947e-10
PHACTR2,L6IT,4.50645657079703e-10
PHACTR2,Pvalb,1.05554396538229e-9
PHKA1,L5ET,8.708581153814651e-9
PHLDB1,L56NP,3.3460890060216503e-9
PHLPP1,L5ET,3.0507680947636903e-9
PHOX2A,L23IT,6.80452643760936e-17
PHYHIPL,L4IT,4.98305814721391e-9
PID1,L5IT,1.1213985332482898e-12
PID1,L6CT,4.59404893316628e-14
PID1,L6ITCar3,7.065359237453129e-11
PIGG,L6IT,2.0522175211798403e-9
PIK3AP1,L4IT,8.37486902739288e-14
PIK3C2A,L4IT,5.783810748493481e-9
PIK3CD,L56NP,5.50647478980591e-9
PIP5K1B,L4IT,3.69162518168703e-8
PIP5K1B,L5IT,2.63637692443984e-8
PITPNC1,L4IT,2.13009975416507e-9
PITPNC1,L56NP,1.68327268143967e-11
PITPNC1,L5ET,3.7719867919808403e-10
PKDCC,L5ET,4.92563367909319e-10
PKDCC,L6ITCar3,4.63284472038868e-10
PKN1,L5IT,5.6280360598284905e-9
PKN1,L6ITCar3,4.23597898965997e-13
PKNOX1,L4IT,2.5439117838513304e-9
PKP2,L6ITCar3,1.58085234175544e-8
PKP4,L5IT,9.49977247603107e-10
PLA2G16,L4IT,2.31964279143339e-8
PLA2G16,L56NP,2.82969604006616e-10
PLA2G7,L23IT,5.18510326342563e-11
PLA2G7,L6ITCar3,1.5046912642500099e-12
PLA2R1,L4IT,4.2006772007787495e-11
PLA2R1,Lamp5Lhx6,1.0224003999139599e-11
PLAGL1,L4IT,1.48507579033417e-13
PLAGL1,L5ET,3.1456766856422804e-9
PLAT,L6IT,2.03579526209414e-8
PLB1,L23IT,3.5247832156532703e-9
PLB1,L4IT,3.32867526953783e-10
PLB1,L56NP,3.972906736364221e-9
PLB1,L5ET,3.18124247282218e-10
PLCB1,L23IT,6.146928406185871e-9
PLCB1,L4IT,5.9252033159291295e-12
PLCB1,L5ET,3.43055314861778e-8
PLCB1,Lamp5Lhx6,1.1826257294051501e-9
PLCD3,L4IT,2.9612945316343197e-12
PLCH1,L4IT,1.81451777695584e-10
PLCH1,L5ET,4.2359286921076195e-11
PLCH1,L5IT,5.47697191354174e-14
PLCH1,Pvalb,3.0238552605393304e-9
PLCL1,L5ET,7.71439844370579e-9
PLCL1,L6b,8.584524990672711e-9
PLCL1,L6CT,4.01545188014912e-10
PLCXD2,L4IT,7.25524754211807e-10
PLCXD3,L5IT,1.96886937965862e-8
PLCXD3,L6IT,1.93408266131359e-8
PLD1,L4IT,7.944537837115201e-15
PLD1,L5ET,1.27563062392833e-8
PLD5,L4IT,1.12219811516799e-11
PLEKHA5,L4IT,1.99111456930034e-8
PLEKHA5,L5ET,5.03664525640309e-10
PLEKHA5,L6CT,5.7242510981820796e-11
PLEKHG1,L5ET,4.89187211390282e-10
PLEKHG1,L6CT,2.2382613688375203e-9
PLEKHG3,L4IT,1.84335791701403e-10
PLEKHH3,L4IT,2.93283567516222e-8
PLEKHH3,L6CT,2.47235186539401e-9
PLEKHO1,L6IT,3.73297975494172e-8
PLK5,L4IT,1.91374514824449e-16
PLSCR4,L4IT,4.75264782996769e-13
PLSCR4,L5IT,1.2582939910046801e-9
PLXDC2,L5ET,8.81684188818423e-12
PLXNA1,L4IT,4.48072381204807e-11
PLXNA1,L6CT,2.96447916711167e-11
PLXNA2,L4IT,9.20941868815835e-13
PLXNA4,L6CT,1.6154696034423101e-9
PLXNB1,L56NP,1.65899585181089e-8
PLXNC1,L23IT,1.72582624022887e-8
PLXNC1,L4IT,1.75946779618856e-8
PLXNC1,L6b,1.9923170894928503e-9
PMAIP1,L4IT,5.5193206945523e-10
PMCHL1,L6CT,2.03726087275732e-8
PMEPA1,L23IT,2.52094228986852e-8
PMEPA1,L6IT,3.07445418392106e-9
PNMA5,L4IT,4.01173518860841e-10
PNMA5,L5IT,8.44023288417391e-11
PNPLA7,L4IT,4.51359814976719e-9
PNPLA7,L6CT,1.84131605688781e-8
POLN,L5IT,3.2986959278851195e-11
POLN,L6IT,1.01689685685807e-11
POPDC3,L6b,2.43134882461727e-9
POSTN,L6ITCar3,1.6156770643056e-8
POU3F2,L56NP,9.13751777525525e-10
PPA2,L6CT,4.0150766148957e-8
PPAPDC1A,L5ET,4.9268365652699197e-26
PPARGC1A,L56NP,7.6873173983785e-13
PPARGC1A,L6ITCar3,9.27696532407713e-12
PPARGC1A,Lamp5Lhx6,3.93408079490625e-8
PPARGC1A,Sst,4.51924677828034e-10
PPFIBP1,L4IT,2.3921883935930298e-12
PPFIBP1,L5ET,1.65123599826898e-8
PPFIBP1,Pvalb,2.9533011780851704e-9
PPFIBP2,L4IT,9.96104661839725e-13
PPFIBP2,L5ET,2.99260095990195e-9
PPIEL,L4IT,2.4398107885019e-8
PPL,Sst,4.51944067404969e-10
PPP1R14C,L6ITCar3,1.42215848489232e-12
PPP1R21,L56NP,3.90825056669258e-8
PPP4R4,L23IT,4.08106650742409e-8
PPP4R4,L4IT,1.64672309270082e-11
PPP4R4,L5IT,3.83192009141379e-12
PPP4R4,L6IT,1.0190847432654899e-11
PPP4R4,L6ITCar3,7.15433886425072e-11
PQLC2L,L5ET,7.10261174391903e-10
PRCD,L4IT,3.1643922159764e-8
PRCP,L6CT,8.978446322687591e-10
PRCP,Sst,2.2650843658806203e-9
PRDM2,L4IT,5.76350310896934e-13
PRDM2,L6ITCar3,1.17030852893038e-8
PRDM8,L23IT,1.3525458254805201e-9
PRDM8,L4IT,4.12762733338736e-8
PRELID2,L4IT,6.58776754703733e-11
PREX1,L5ET,2.7732391607068696e-11
PREX1,L6IT,6.06639877051168e-10
PREX2,L4IT,3.15803548092945e-12
PRICKLE2,L6b,3.09040436981236e-9
PRICKLE2,L6IT,7.527287473537249e-11
PRKAA2,L4IT,8.4565768427092e-9
PRKAG2,L4IT,6.072390377528481e-9
PRKAG2,L6CT,5.24007142130521e-10
PRKCA,L4IT,1.6650091962832597e-11
PRKCA,L5ET,2.7563606369348703e-10
PRKCA-AS1,L4IT,7.71154663238379e-11
PRKCB,Pvalb,6.44002502151996e-9
PRKCB,Sst,1.3161782282456e-13
PRKCD,L6CT,5.3215069747540106e-9
PRKCG,L4IT,8.438837335556969e-12
PRKCG,L5ET,2.21847039108905e-12
PRKCG,L5IT,7.465002141918189e-11
PRKCG,L6CT,4.86137882962449e-12
PRKCG,L6IT,2.4263222366069502e-9
PRKCI,L56NP,1.6327904075070701e-15
PRKCI,L6IT,3.74862613140697e-9
PRKCI,L6ITCar3,3.12084992760156e-8
PRKD1,L4IT,1.81768179177272e-8
PRKD1,L56NP,2.8667057951263298e-12
PRKD1,L6IT,1.22806449238237e-8
PRKG1,L4IT,2.48282894356302e-13
PRKG1,L56NP,2.3866834263597e-10
PRKG1,L5IT,4.86360420106609e-16
PRKG1,L6CT,1.2822720284688899e-11
PRKG2,L56NP,1.90266279602199e-10
PRKG2,Pvalb,2.2763504175354798e-11
PRLR,L6IT,1.38703553157673e-8
PRMT2,L4IT,1.58348961180704e-8
PRMT8,L4IT,1.06633141123221e-8
PROS1,L5ET,5.8775593157763e-9
PRPH,L6CT,1.532638131428e-9
PRR16,L4IT,5.48813331259102e-11
PRR16,L6IT,3.43799836720084e-11
PRRG1,L6ITCar3,6.90926018897678e-10
PRRG1,Sst,8.52303990927106e-10
PRRX1,L5IT,6.715870145295181e-9
PRRX1,L6b,1.1407177763745201e-9
PRSS12,L5IT,2.41287833104309e-15
PRTFDC1,L4IT,1.5404611302364e-8
PRTG,Pvalb,2.95423927994781e-8
PRUNE2,L4IT,5.39913652522412e-10
PRUNE2,L5ET,4.54536513570682e-13
PRUNE2,L5IT,2.85859457418549e-8
PSD2,L4IT,3.00613768587806e-8
PSD3,L5ET,2.0832811324516297e-11
PTAFR,L6CT,2.32993530340249e-14
PTBP2,L5IT,2.40093887008295e-9
PTCHD1,L4IT,1.1821197947824699e-11
PTCHD1-AS,L4IT,3.70830145574573e-13
PTCHD1-AS,L56NP,1.6080990523800902e-9
PTCHD1-AS,L6IT,6.41192550655322e-9
PTCHD1-AS,L6ITCar3,3.1284816877990802e-9
PTCHD4,L56NP,2.18428565935756e-9
PTCHD4,L5ET,2.7433903889964898e-11
PTCHD4,L6CT,5.05539573799088e-9
PTCHD4,L6IT,5.08999225551969e-10
PTDSS2,L4IT,3.3440025809814903e-9
PTGER3,L56NP,1.42142940334988e-11
PTGFRN,L4IT,1.27686531662535e-9
PTGIS,L4IT,1.3279894399150902e-9
PTH1R,L4IT,1.70298309434831e-11
PTH2R,L4IT,1.49179492103164e-8
PTK2,L23IT,1.2970742689872e-8
PTK2,L4IT,1.27459190706009e-10
PTK2,L5ET,2.9627388150915104e-9
PTK2,L6IT,2.3735993294724902e-9
PTK2B,L5ET,6.46308699939704e-12
PTN,L56NP,5.7750546044736e-11
PTN,L6IT,1.24316725210453e-8
PTPN13,L4IT,2.70730699134054e-8
PTPN13,L5ET,8.175221012035969e-11
PTPN13,L5IT,7.533550580887901e-10
PTPN13,L6CT,3.51488130170389e-8
PTPN13,L6IT,1.16840781764749e-8
PTPN14,L5ET,4.10513961586047e-11
PTPRA,L4IT,1.09615683187349e-8
PTPRB,L5ET,2.5583539905027e-11
PTPRD,Lamp5Lhx6,2.86412926126576e-9
PTPRF,L4IT,9.02952661091101e-10
PTPRF,Pvalb,6.60323365921371e-10
PTPRG,L56NP,1.95736606110129e-8
PTPRK,L5ET,1.5723615088808897e-11
PTPRM,L4IT,8.138135585112569e-11
PTPRN2,L6CT,3.65392579120028e-8
PTPRO,L4IT,7.1760972611982e-9
PTPRQ,L6IT,1.98578343332008e-8
PTPRT,L5IT,2.10773312692926e-8
PTPRT,L6CT,2.4661934086961e-8
PTPRZ1,L4IT,3.44059990368197e-12
PTPRZ1,L5ET,5.792404546931691e-10
PTPRZ1,L5IT,6.394474915687569e-11
PTPRZ1,L6CT,1.74137010819336e-11
PTTG1,L4IT,6.82545850433728e-13
PVALB,Sst,5.989084903762659e-11
PVRL3,L6b,2.65279623209718e-9
PVRL3,L6ITCar3,4.7502591021953e-11
PYGO1,L4IT,1.9391941026514898e-12
PYGO1,L5IT,2.80742637649974e-10
PYGO1,L6CT,2.5691606168160297e-11
PYGO1,L6ITCar3,3.90474317170355e-8
QKI,L5IT,2.14474536074061e-8
QKI,L6IT,1.2555822659212e-10
QRFPR,L56NP,1.18121246484533e-8
QRFPR,L6IT,5.23945195215028e-12
RAB27B,L23IT,4.281956137227919e-11
RAB27B,L4IT,7.693392788558821e-9
RAB27B,L5ET,1.19897045884193e-10
RAB27B,L5IT,2.0403307336059e-12
RAB27B,L6CT,4.62767165510813e-12
RAB27B,L6IT,1.377264106898e-9
RAB27B,L6ITCar3,1.11628338110373e-9
RAB27B,Pvalb,2.56202656707178e-9
RAB31,L5ET,7.282830728972e-11
RAB3B,L4IT,4.2138524804979e-12
RAB3B,L56NP,2.91766006277934e-8
RAB3B,L5ET,2.75334775582101e-9
RAB3B,L6CT,1.92212147990702e-8
RAB3C,L6ITCar3,4.02493286398005e-10
RADIL,L23IT,2.6847968727665698e-12
RADIL,L4IT,2.1759760283972e-11
RAET1E-AS1,L4IT,1.79297690401141e-8
RAI14,L5IT,1.05737347711777e-9
RAI14,Pvalb,8.50471200043293e-10
RALB,L4IT,4.4522370521305e-9
RALYL,L6IT,2.88136673652616e-8
RAMP1,L56NP,4.2200811312733403e-10
RANBP17,L23IT,1.23421763884788e-10
RANBP17,L56NP,1.87905746941254e-9
RANBP17,Pvalb,3.5331330305455304e-9
RANBP17,Sst,2.87721465465191e-8
RAP1GDS1,L4IT,2.71461695179453e-12
RAP2B,L5ET,9.862980114174119e-11
RAPGEF3,L56NP,1.44230915164057e-8
RAPGEF4,L4IT,5.513349566342291e-15
RAPGEF4,L6CT,8.03309602548504e-12
RAPGEF5,L56NP,6.898344519889351e-9
RAPGEF5,L5ET,2.3766828859807703e-9
RARB,L4IT,2.41232944088607e-9
RASAL1,L23IT,1.18578024599968e-9
RASAL1,L4IT,5.45299275051635e-16
RASAL1,L56NP,6.20204832102071e-10
RASAL1,L5ET,5.70971681871203e-16
RASAL1,L5IT,6.0036382479686905e-15
RASAL1,L6CT,3.37532034161666e-10
RASAL1,L6IT,1.2431460222655099e-12
RASAL2,L4IT,1.14696511227059e-8
RASD2,L4IT,1.07619507761024e-10
RASGEF1C,L4IT,1.18764919852032e-8
RASGEF1C,L5ET,1.0927704623923599e-11
RASGEF1C,L5IT,1.38430831678884e-12
RASGEF1C,L6CT,7.64850416069218e-9
RASGRF2,L56NP,1.98691277127356e-8
RASGRF2,Pvalb,1.89294882184394e-10
RASGRF2,Sst,2.6763346617404203e-9
RASL11A,L4IT,1.93765680640463e-8
RASSF3,L4IT,1.9059538041053298e-11
RASSF4,L5IT,9.18007531870057e-11
RASSF4,Pvalb,2.83311110543154e-11
RASSF6,L4IT,7.48481716820457e-9
RASSF8,L4IT,2.0829178466649401e-10
RAVER2,L23IT,4.65084932006929e-11
RAVER2,L4IT,2.46583663179543e-15
RAVER2,L5ET,1.4923224389182202e-9
RAVER2,L5IT,1.46885608936577e-12
RAVER2,L6IT,3.50707294035259e-9
RBM20,L4IT,9.48591917892819e-14
RBM24,L5ET,1.6016257848635701e-9
RBMS1,L4IT,7.77376999112679e-11
RBMS1,L56NP,3.08367348422809e-10
RBMS3,L5ET,8.96448962747586e-9
RCAN1,L4IT,3.49670018900671e-8
RCAN2,L4IT,1.8177950002822997e-12
RCAN2,L56NP,5.20770312299451e-12
RCOR1,Pvalb,5.19120275736276e-9
RD3,L56NP,6.68014326490163e-13
RDX,L5ET,3.37260638620069e-8
RECK,L5ET,1.85475355066137e-8
RECK,L6CT,3.986418263785241e-9
REEP3,L4IT,1.33854949485804e-8
REEP3,Pvalb,4.46057868402868e-9
RELN,L5ET,3.7389761366286294e-11
RERG,L23IT,1.1647046291250901e-14
RERG,L4IT,5.35207197071896e-13
RERG,L6CT,6.8040971777563e-11
RERG,L6ITCar3,5.84761621232911e-10
RFC3,L4IT,8.221350058502169e-11
RFC3,L56NP,1.03773392682449e-8
RFTN1,L4IT,4.4938349801593905e-9
RFTN1,L6CT,3.40119301833766e-8
RFX2,L6IT,5.109447740749351e-9
RFX2,Pvalb,1.2998106953284101e-9
RGCC,L23IT,8.734966857538862e-9
RGCC,L6ITCar3,7.75517422851652e-10
RGMA,L6CT,9.45138215647777e-9
RGS22,L4IT,2.0098710204647997e-12
RGS6,L4IT,4.13246227619639e-8
RGS6,L5ET,7.91808455100413e-13
RGS8,L23IT,2.6490820352394798e-11
RGS8,L4IT,2.0174789347604297e-12
RHBDL3,L4IT,1.35916450189693e-10
RHCG,L4IT,1.1722656116667701e-10
RHOBTB1,L4IT,1.10352837420635e-9
RHOBTB1,L6CT,6.31790585797666e-10
RHOBTB3,L4IT,6.1355650439037705e-9
RHOU,L4IT,1.5986830794575302e-9
RHOU,L5IT,3.78401419781691e-8
RILPL2,L5IT,8.37240106938012e-12
RIN2,L4IT,1.7041901569854302e-9
RIPK2,L6IT,7.00629660136066e-10
RMST,L4IT,2.9572153722426704e-14
RMST,L56NP,1.05156020360265e-12
RMST,L5ET,6.211837841988e-15
RMST,L5IT,3.02975115137154e-15
RND2,L6CT,5.101858022798951e-9
RND2,L6IT,4.86737641238764e-11
RNF130,L23IT,7.714544069907611e-9
RNF130,L4IT,1.2576066958833501e-9
RNF130,L5IT,1.91311172954e-9
RNF130,L6b,8.00144172970819e-9
RNF130,L6CT,4.4364443624848e-10
RNF130,L6IT,8.26465465888007e-9
RNF144A,L5ET,1.19591905367106e-10
RNF144A,L6IT,1.05019701842195e-10
RNF144A-AS1,L5ET,3.0076367521593703e-9
RNF144B,L4IT,2.16111959836198e-9
RNF150,L23IT,2.82677298180353e-10
RNF150,L4IT,5.16923380980059e-12
RNF150,L6CT,9.20981245158475e-9
RNF150,L6IT,2.29215395653886e-10
RNF150,L6ITCar3,3.71115902093547e-8
RNF152,L4IT,5.3795318609212e-12
RNF152,L5ET,3.67640870237802e-12
RNF152,L6ITCar3,9.6208494851009e-9
RNF165,L5ET,1.4041061048696102e-9
RNF19A,L4IT,4.4434814873436305e-9
ROBO1,L56NP,6.37899768647271e-11
ROBO1,L5ET,1.16248704682467e-11
ROBO1,L5IT,4.6764552985498e-12
ROBO1,L6b,4.87544054860466e-9
ROBO1,L6CT,6.57961302017768e-11
ROBO1,L6IT,1.23655551570735e-13
ROBO1,L6ITCar3,4.3103340913437503e-10
ROBO2,L23IT,1.07875466864679e-13
ROBO2,L56NP,9.68827504271459e-12
ROBO2,L5ET,5.89298705996668e-10
ROBO2,L5IT,1.5917649387939e-11
ROBO2,L6CT,6.43016205178768e-11
ROBO2,L6IT,5.31801145528129e-17
ROBO2,L6ITCar3,1.45183705158125e-10
ROR1,L4IT,4.95228869993211e-11
ROR1,L56NP,1.97353318710337e-9
ROR1,Sst,5.29402015683837e-13
RORA,L4IT,7.47837690287057e-10
RORA,L56NP,2.8464924689610903e-14
RORA,L5ET,1.56337440411059e-11
RPH3A,L5ET,2.32383729174082e-10
RPH3A,Pvalb,5.0163177354162404e-9
RPP25,L6CT,4.644560945977791e-9
RREB1,L5ET,1.59429419269918e-14
RSPH9,L23IT,3.52625039611955e-8
RSPH9,L4IT,1.17114937627292e-8
RSPH9,L5IT,3.2392659906080603e-9
RSPO2,L23IT,2.10012599484761e-13
RSPO2,L4IT,2.37146514015758e-8
RSPO2,L56NP,7.36607479151447e-12
RSPO2,L5IT,1.0709516416562799e-11
RSPO2,L6IT,1.5734731292569402e-9
RSPO2,Sst,3.13309538897976e-9
RSU1,L5ET,4.1065606966616203e-10
RSU1,L5IT,1.93738693145993e-8
RTKN2,L4IT,4.1114998773797e-8
RUFY2,L4IT,7.115244808664841e-9
RUNX1T1,L4IT,2.5522639854277904e-9
RUNX1T1,L56NP,6.6512157342877e-9
RUNX1T1,L5ET,7.18249415564818e-13
RUNX1T1,L6b,1.08015233650296e-9
RUNX1T1,L6ITCar3,1.41717464526303e-9
RUNX2,L56NP,3.2351569094804804e-9
RXFP1,L4IT,4.2268422962237096e-12
RXRG,L4IT,1.30393633518422e-11
RYR2,L4IT,2.8135448579674698e-11
S100A10,L5ET,4.66020287633349e-10
S100PBP,L4IT,1.80338795546013e-11
SAMD3,L56NP,2.03700463664774e-8
SAMD3,L5ET,1.5080603896044302e-9
SAMD4A,L4IT,7.56679121764972e-9
SAMD5,L4IT,1.86904780116972e-8
SASH1,L5IT,3.3208387524596e-9
SASH1,Lamp5Lhx6,2.0456432724329e-8
SATB1,L6ITCar3,1.14619735944309e-10
SATB1-AS1,L6ITCar3,7.65035906471052e-10
SATB2,L56NP,1.61926826837322e-11
SATB2,L6CT,2.08836200995251e-13
SCAI,L5ET,2.27904142962177e-14
SCAPER,L23IT,1.7198765238154701e-9
SCARA3,L4IT,5.64643408946565e-10
SCARA5,Chandelier,5.04515162998314e-9
SCARA5,Sst,3.4826043317166504e-9
SCARB2,L6CT,1.14679745615637e-8
SCARF1,L4IT,1.9972875589419203e-9
SCD5,L6ITCar3,1.10895123646419e-8
SCEL,L4IT,4.96439247552888e-13
SCG2,L6IT,3.45736119681218e-8
SCHLAP1,L4IT,3.1328945818943798e-12
SCHLAP1,L5IT,1.12147860967595e-8
SCHLAP1,L6IT,9.84367752174699e-9
SCN1A,L4IT,4.72686600648974e-9
SCN1A,L5IT,4.899764119936859e-13
SCN1A,L6IT,5.91928938292179e-9
SCN1B,L23IT,2.66256634170715e-13
SCN1B,L4IT,4.98741427027815e-10
SCN1B,L5IT,4.11317921213064e-8
SCN1B,L6b,2.47970838005863e-12
SCN1B,L6CT,1.80218125460977e-11
SCN1B,L6IT,3.15096954682121e-11
SCN1B,L6ITCar3,2.2028541788827798e-12
SCN1B,Sst,1.31090368818549e-10
SCN3A,L4IT,1.12472938574341e-12
SCN3A,Pvalb,1.0076421826093502e-9
SCN3B,L4IT,7.69274103279381e-11
SCN3B,L5ET,7.1074171634001e-15
SCN3B,L5IT,1.37367487011741e-13
SCN3B,L6ITCar3,1.24124506939611e-10
SCN3B,Pvalb,1.0345634524449801e-10
SCN3B,Sst,6.0164185775757905e-9
SCN4B,L23IT,1.55678622234225e-9
SCN4B,L4IT,2.6824706538937e-15
SCN4B,L6IT,4.51775448529651e-9
SCN4B,Sst,7.524193385109421e-10
SCN9A,L56NP,1.10939115463677e-14
SCN9A,L6b,2.3003300209019604e-9
SCN9A,Sst,6.3675016598313e-10
SCPEP1,L23IT,7.081293626108261e-14
SCPEP1,L4IT,8.313854129570729e-11
SCPEP1,L5IT,1.8452577435401698e-11
SCPEP1,L6IT,5.69814936843596e-10
SDC2,L23IT,2.6251827631694103e-10
SDC2,L6ITCar3,2.30529349708636e-10
SDCBP,L4IT,1.11370809469497e-8
SDK1,L5IT,6.67905941333082e-11
SDK1,L6CT,1.81931439048744e-9
SDK2,L6CT,2.6440555358078003e-10
SDK2,Lamp5,3.83178007826275e-8
SDK2,Lamp5Lhx6,3.15370679338598e-9
SDR16C5,L6ITCar3,9.80948850780618e-9
SEC14L1,L4IT,6.08674119174484e-14
SEC24D,L56NP,1.5086043359026199e-12
SEC24D,L5ET,1.42765990712547e-11
SEC24D,L6b,1.10754842889046e-11
SEC24D,L6CT,9.290036825227842e-15
SEC24D,L6ITCar3,2.59922935567852e-10
SEL1L3,L5ET,1.03256984576893e-9
SEL1L3,L6b,4.0954437617098e-8
SEMA3A,L5IT,6.520712480892091e-9
SEMA3A,L6CT,2.01042123947524e-8
SEMA3C,L56NP,1.24981092838538e-8
SEMA3D,L5ET,3.28582881444519e-10
SEMA3E,L5ET,7.79158469415621e-12
SEMA4A,L56NP,1.61994807946933e-8
SEMA4A,L5IT,2.88025612164374e-9
SEMA4D,L4IT,5.73995647011822e-10
SEMA5A,L4IT,1.18467504721606e-16
SEMA5A,L6ITCar3,1.3424729777139e-9
SEMA6A,L5ET,1.48204908488684e-9
SEMA6A,L5IT,1.827173716414e-8
SEMA6A,L6CT,1.60495250233443e-10
SEMA6C,L5ET,1.06586549231463e-8
SEMA6D,L4IT,2.02628136744901e-9
SEMA6D,L6CT,2.83267976152943e-8
SEMA6D,Pvalb,4.51029986721054e-10
SEMA7A,L4IT,6.30761981657277e-10
SEMA7A,L56NP,3.83751358603216e-9
SEMA7A,L5IT,1.29836661986866e-8
SEPSECS,L6CT,3.55412494149027e-8
SEPT10,L4IT,2.06159448709092e-11
SEPT10,L5IT,1.8873584079510297e-12
SEPT11,L5ET,1.65238148257052e-11
SEPT4,L23IT,9.24917744547182e-10
SEPT7,L6b,5.868272983408731e-9
SEPT7,L6IT,8.94642443939426e-11
SERINC5,L6ITCar3,4.09418611768703e-10
SERPINE2,L6b,4.8582917584543593e-11
SERPINE2,L6CT,2.8517080148982e-11
SERPINI1,L4IT,9.47277839467346e-9
SERTAD2,L4IT,2.10546474861049e-8
SERTAD4,L4IT,1.53055807796155e-8
SERTAD4,L5IT,1.48488634160077e-8
SERTAD4,L6b,2.67354338741221e-8
SETD7,L23IT,4.295519694427651e-9
SETD7,L4IT,8.68372440198536e-12
SETD7,L6IT,4.8477254705421305e-9
SETD7,L6ITCar3,4.04618048324518e-8
SEZ6L,L56NP,2.09658442300027e-8
SEZ6L,Pvalb,4.274388852392051e-9
SFMBT2,L6b,2.22398129465935e-12
SFMBT2,L6ITCar3,2.58294081377727e-12
SFT2D2,L56NP,8.323517309658601e-10
SFT2D2,L5IT,1.24795451477505e-12
SFXN1,L5ET,3.4979657230964903e-9
SGCD,L6b,7.467847099340011e-9
SGCZ,L4IT,9.40742975823579e-9
SGCZ,L5ET,6.549906353602739e-12
SGK1,L4IT,1.17188523309052e-9
SGK1,L6IT,4.8893430608547194e-11
SGK223,L4IT,1.39532737869218e-8
SGPP2,L6ITCar3,3.02226919049396e-13
SH3GL2,Sst,1.249920680266e-8
SH3GL3,L4IT,8.17599449828756e-10
SH3GL3,L5ET,3.50357693199282e-8
SH3KBP1,L6CT,7.62838348137947e-15
SH3KBP1,L6IT,6.92689616410091e-11
SH3KBP1,L6ITCar3,5.32715986009347e-9
SH3PXD2B,L4IT,1.07011668657087e-8
SH3PXD2B,L56NP,1.15681808448643e-8
SH3PXD2B,L5IT,2.44306702521512e-9
SH3PXD2B,L6IT,1.73149405334577e-10
SHC2,L4IT,3.6412624932836796e-11
SHISA6,L5ET,9.61530236094035e-10
SHISA6,Lamp5Lhx6,2.2948974803219903e-9
SHISA7,L5ET,2.16264236136038e-10
SHISA9,L23IT,9.95490117397702e-13
SHISA9,L4IT,2.5745520454102802e-9
SHISA9,L5ET,2.9190757360249896e-11
SHISA9,L5IT,9.46378303965514e-15
SHISA9,L6b,8.90315759502536e-14
SHISA9,L6CT,5.8207999112099594e-18
SHISA9,L6IT,1.3262509128248401e-15
SHISA9,L6ITCar3,1.03143455569726e-12
SHISA9,Pvalb,1.9767636481154402e-9
SHROOM3,L5ET,3.1873337613243e-9
SHROOM3,L5IT,8.13567773922936e-10
SHROOM3,Pvalb,5.53699004701551e-9
SIDT1,L23IT,2.98580357671967e-10
SIDT1,L5ET,6.246046178821471e-9
SIDT1,L5IT,4.6121598018485494e-12
SIDT1,L6CT,3.77773725212177e-15
SIDT1,L6IT,3.89596582031324e-15
SIDT1,L6ITCar3,2.1113889587512902e-9
SIGLEC10,L5ET,1.9026973661030902e-9
SIN3B,L4IT,2.06462403544018e-13
SIN3B,L6IT,2.02093005066826e-8
SIPA1L2,L4IT,1.10618221940283e-8
SLA,L4IT,2.6713122228033802e-17
SLA,L5IT,1.95051682080137e-17
SLA,L6CT,1.56295442611402e-8
SLA,L6IT,3.04874837622661e-9
SLAIN1,L5ET,3.57703337474687e-8
SLC13A3,L4IT,2.39828384550641e-8
SLC13A3,L6IT,2.29637059585736e-8
SLC15A2,Pvalb,2.80694806798477e-8
SLC16A2,L23IT,1.24856169359697e-8
SLC16A2,L6CT,3.0405787886243503e-9
SLC16A2,L6IT,5.999113961957481e-10
SLC17A6,L4IT,4.8491741685734396e-12
SLC17A6,L5IT,1.25174427742401e-8
SLC19A1,L5IT,3.3974752727643404e-9
SLC1A1,L5ET,2.76939277564749e-13
SLC22A10,L4IT,6.971447122754809e-12
SLC22A10,L5IT,4.055348090636831e-9
SLC22A10,L6b,7.430799715008179e-11
SLC22A10,L6CT,1.2764034536707501e-14
SLC22A18AS,OPC,5.21545698272422e-13
SLC22A3,Chandelier,1.18981848242033e-9
SLC22A9,L4IT,2.20530439384945e-9
SLC22A9,L56NP,1.52963764302216e-8
SLC22A9,L6b,1.11825052658317e-9
SLC22A9,L6CT,3.31848935293652e-12
SLC24A2,L5ET,3.66336067147984e-12
SLC24A2,Lamp5Lhx6,4.72775094682668e-10
SLC24A3,L4IT,1.83118495640584e-11
SLC24A3,Pvalb,2.31817784017076e-10
SLC24A4,L4IT,1.6759122353545397e-11
SLC24A4,L5ET,1.0932220599018e-15
SLC24A4,L6IT,1.40924640440767e-10
SLC25A13,L5ET,1.36630167201937e-13
SLC25A27,L4IT,4.36857601363967e-13
SLC25A37,L4IT,8.27916116693741e-9
SLC26A11,L4IT,9.27708773844469e-9
SLC26A11,L6CT,1.05413464160223e-8
SLC26A11,Pvalb,2.09485769309462e-11
SLC26A11,Sst,2.81522074176238e-10
SLC26A4,L23IT,5.3535728813255194e-11
SLC26A4,L4IT,6.02167484732801e-14
SLC26A4,L5IT,7.28323544987399e-12
SLC26A4,L6IT,8.85402952903915e-9
SLC26A8,L4IT,3.60768409948626e-8
SLC27A2,Pvalb,1.4068864032124e-10
SLC2A12,L5ET,2.05855040949515e-10
SLC2A12,L6CT,1.89219262162814e-9
SLC2A8,L4IT,1.70260368011438e-8
SLC30A10,L56NP,2.87895705711963e-13
SLC30A10,L5IT,2.1439721838361002e-11
SLC35A3,L56NP,7.076593069655849e-11
SLC35F1,L4IT,3.5266875356844005e-10
SLC35F2,L5ET,1.31278756826565e-8
SLC35F3,L4IT,4.70667733199164e-13
SLC35F3,L56NP,2.9519467953503797e-12
SLC35F3,L5ET,3.88859640338105e-14
SLC35F3,L6b,3.96628744041143e-8
SLC35F3,L6CT,3.50569783247549e-16
SLC35F3,L6IT,3.61836091117969e-11
SLC35F3,L6ITCar3,4.95389903841329e-9
SLC35F4,L4IT,1.24202144551802e-16
SLC35F4,L5ET,4.63666965420143e-9
SLC35F4,L6CT,1.2796003300676098e-12
SLC38A11,L4IT,1.03814894203936e-8
SLC38A2,L6CT,3.53927408029175e-8
SLC40A1,L6CT,4.0814996279412203e-10
SLC44A5,Chandelier,4.76510824965731e-9
SLC44A5,L5ET,4.22091832463365e-18
SLC44A5,L6CT,1.2501265736872501e-9
SLC4A4,L6CT,1.61647280670551e-8
SLC4A4,Sst,2.29568638577239e-8
SLC4A7,L6CT,3.1151120671719597e-12
SLC5A8,L4IT,2.1110159456469e-8
SLC6A11,Pvalb,8.049056220714041e-9
SLC6A20,L56NP,5.2386258921141705e-15
SLC6A20,L6IT,1.1953525884132601e-9
SLC6A7,L5ET,6.25908400051805e-12
SLC6A7,L5IT,3.0346163630343602e-9
SLC6A7,L6IT,9.96844339337506e-10
SLC6A7,Pvalb,5.333530194480161e-9
SLC7A14,L4IT,1.26246526083828e-8
SLC7A2,L4IT,4.16631460110278e-12
SLC8A1,Pvalb,1.46595313462938e-8
SLC8A2,L5ET,2.1791558732048e-9
SLC9A5,L6IT,3.54973407587736e-8
SLCO3A1,L6IT,3.05187170291449e-8
SLCO3A1,L6ITCar3,6.67879087218789e-11
SLCO4C1,Pvalb,2.1837535805416e-8
SLFN5,L4IT,1.63368478042103e-8
SLIT1,L4IT,5.4581017950928905e-15
SLIT1,L5ET,2.39259602517993e-9
SLIT1,L5IT,1.6362942404107e-9
SLIT1,L6b,1.9672283646609102e-9
SLIT1,L6CT,9.64421532188321e-13
SLIT1,L6IT,2.6952631134585903e-9
SLIT1,Lamp5,2.2337263445236e-10
SLIT1,Sst,2.5301522497596402e-9
SLIT2,L4IT,6.95664897816593e-10
SLIT3,L23IT,3.84725135087366e-8
SLIT3,L4IT,2.57872877080085e-13
SLIT3,L56NP,2.09662137227091e-9
SLIT3,L5IT,1.34818541938319e-12
SLIT3,L6IT,2.40100876841092e-9
SLIT3,L6ITCar3,1.08300025168897e-10
SLITRK3,L6IT,1.24879091694317e-8
SMAD3,L4IT,9.006142473382991e-9
SMAD3,Sst,2.02279727131672e-8
SMARCD3,L4IT,1.6557573271685999e-12
SMARCD3,L6CT,8.44404876191886e-12
SMCO4,Chandelier,2.85393863138914e-8
SMCO4,L4IT,3.64310071760869e-9
SMCO4,Pvalb,8.45735131112752e-10
SMIM13,L6CT,2.94657762884013e-9
SMIM17,L4IT,1.94885500252842e-9
SMIM17,L5IT,2.1154369378679e-9
SMIM3,L6ITCar3,1.49103979516377e-9
SMOC1,L6CT,1.68373047275691e-8
SMPX,L6b,2.30383984555004e-8
SMYD2,L4IT,2.03984081929573e-8
SMYD2,L5ET,3.4225056540974204e-9
SNCA,L5ET,1.62369025963707e-11
SNCAIP,L5IT,4.6557167228470696e-11
SNED1,L4IT,2.63663041262127e-8
SNED1,L5IT,3.55339742013373e-9
SNTG1,Lamp5Lhx6,3.38250337159172e-8
SNX29,L5ET,3.80152257727042e-8
SNX29P1,L23IT,8.605752130949619e-11
SNX32,L4IT,4.2362465052087e-9
SNX7,L4IT,9.16736063628728e-10
SNX7,L56NP,3.17953797737063e-8
SNX7,L6b,1.3650745688882501e-10
SNX7,L6IT,3.55360194100026e-10
SOBP,L5ET,7.65940699801022e-10
SORBS2,L5ET,2.0624933842197e-8
SORBS2,L5IT,5.63170656210199e-10
SORBS2,L6CT,1.70615225813046e-20
SORBS2,L6IT,1.5301050124876401e-9
SORBS3,L23IT,2.61738361150476e-10
SORCS1,L4IT,3.53197934860827e-8
SORCS3,L56NP,3.1330463129675803e-9
SORCS3,L6CT,2.57702580593065e-13
SORL1,Pvalb,3.9957834780658e-8
SOX5,L4IT,8.97175983139795e-14
SOX9-AS1,L4IT,4.66405523850689e-9
SOX9-AS1,L6IT,1.9904231305254198e-08
SPAG16,L5ET,7.83774513165245e-9
SPAG16,L6IT,3.86223693300099e-8
SPAG6,L5ET,3.7883283489560106e-9
SPAG6,L6CT,1.0678040846867e-9
SPARC,L23IT,1.36234911403008e-8
SPARC,L4IT,7.7184109450274e-9
SPARCL1,L56NP,4.2903232372560406e-9
SPARCL1,L5IT,2.51878621818058e-8
SPARCL1,L6IT,1.11199902460829e-9
SPHKAP,L4IT,6.62799135247271e-10
SPHKAP,L56NP,2.36925417601055e-12
SPHKAP,L5ET,3.0078209084644103e-15
SPHKAP,Pvalb,2.3591155848515902e-9
SPICE1,L56NP,3.13474969745694e-8
SPIDR,L6CT,3.25776096101359e-8
SPINK5,L5ET,6.22991009777841e-10
SPOCK1,Sst,3.39000570649808e-9
SPOCK3,L6CT,9.145678770788171e-9
SPON1,L4IT,3.6564364989768503e-9
SPON2,L6CT,2.73715957587364e-12
SPSB4,L56NP,1.9563125417440398e-11
SPTSSB,L6CT,3.02342054640758e-10
SRGAP1,Chandelier,1.6011047040567502e-9
SRGAP1,L23IT,5.2916161857262693e-11
SRGAP1,L4IT,1.4743570973892998e-12
SRGAP1,L5ET,6.62393144269584e-10
SRGAP1,L5IT,1.09274971220431e-12
SRGAP1,L6IT,1.64386803154445e-8
SRPK1,L5ET,2.06722486752507e-8
SSBP2,L4IT,3.29001512228968e-11
SSBP2,L6CT,3.33389010143358e-8
ST3GAL1,L4IT,1.9872697658209e-8
ST3GAL1,L5ET,1.03476995429857e-11
ST3GAL1,L6CT,1.58198815088831e-12
ST3GAL1,L6IT,6.13709734524703e-9
ST3GAL1,L6ITCar3,3.52591961981053e-12
ST3GAL5,L4IT,1.56937454168127e-10
ST5,Pvalb,1.88404709249135e-9
ST6GAL1,L4IT,2.23459248602748e-15
ST6GAL1,L5ET,3.12062056339779e-10
ST6GAL1,L5IT,8.52679035568164e-9
ST6GAL1,L6b,3.5811290964521902e-9
ST6GAL1,L6ITCar3,8.2111214592614e-14
ST6GAL2,Chandelier,1.52444782441807e-8
ST6GALNAC3,L4IT,1.5032677442362501e-10
ST6GALNAC3,L5ET,3.8370644229533e-10
ST6GALNAC3,Lamp5Lhx6,5.84820297202276e-10
ST6GALNAC5,L23IT,1.66671653590943e-10
ST6GALNAC5,L4IT,4.33162620843448e-18
ST6GALNAC5,L5ET,4.6974966652107705e-9
ST6GALNAC5,L5IT,7.012244762574351e-14
ST6GALNAC5,L6CT,6.8569461126437705e-15
ST6GALNAC5,L6IT,1.8540160463942898e-12
ST8SIA1,L4IT,7.99200128728332e-9
ST8SIA4,L6CT,5.59576762841097e-10
ST8SIA4,L6IT,7.24766059446834e-10
STAC,L4IT,3.31887909776645e-12
STAC,L5ET,4.77415461565116e-9
STAMBPL1,L23IT,8.0249472210779e-9
STARD13,L5ET,2.85329679272125e-10
STARD4,L5ET,1.8048627641455098e-11
STARD4,L6CT,3.1006555941045504e-9
STARD4-AS1,L5ET,1.57444431996302e-9
STARD4-AS1,L6CT,3.13984234242754e-8
STC1,L4IT,4.85552501223161e-12
STK17A,L56NP,1.2736209887497e-8
STK24,L5ET,7.401975682401729e-11
STK26,L4IT,5.72466251079671e-9
STK3,L5ET,1.99497029937978e-8
STK32C,L4IT,8.47800074636509e-13
STK33,L5ET,6.50704451788179e-9
STK33,L6CT,9.130085614316001e-11
STK38,L4IT,2.08509416643427e-8
STPG2-AS1,L6ITCar3,3.735165470660291e-9
STRIP2,L4IT,1.71815196806367e-15
STT3B,L6ITCar3,3.09295035168919e-10
STX16-NPEPL1,L4IT,3.52310595688795e-8
STX16-NPEPL1,L5ET,1.72940655218049e-8
STX2,L4IT,3.84765766032393e-11
STX2,L56NP,1.37886305612125e-8
STX3,L5IT,5.39685799281583e-10
STXBP3,L4IT,7.49816286270423e-9
STXBP3,L6IT,2.17075126360686e-10
STXBP3,L6ITCar3,1.2872055234088201e-10
STXBP5-AS1,L5ET,1.50491652984177e-10
STXBP5L,L6CT,2.6824487675438e-8
STXBP6,L4IT,2.13776761340111e-8
STXBP6,L56NP,4.66230406511625e-11
STXBP6,L5ET,2.14827588841722e-9
STXBP6,L6ITCar3,1.14695926032674e-10
STYK1,L56NP,2.15995481042329e-9
STYK1,L5IT,5.30999739066783e-11
STYK1,L6b,1.4814089748911902e-9
SULF1,L6CT,2.1768543080410303e-15
SULF1,L6IT,9.3946949027317e-10
SULF2,L6CT,2.12850752839018e-8
SULF2,Lamp5Lhx6,3.46664353369343e-8
SUSD1,L56NP,5.43384224570465e-10
SUSD1,L5ET,2.73948280031846e-8
SUSD4,L5IT,6.227060493751581e-9
SV2B,L4IT,2.1482232723156598e-12
SV2B,L5ET,1.53281329096978e-11
SV2C,L5IT,1.239960474786e-8
SVOP,L5ET,4.880668767911679e-11
SVOP,L6CT,6.10683954419222e-11
SWAP70,L5ET,1.50759771075012e-8
SYCP2,L6CT,1.4451265201733702e-9
SYN2,L23IT,8.35937456225885e-10
SYN2,L4IT,1.62971739067224e-16
SYN2,L6b,2.02406314280133e-10
SYN2,L6CT,5.04303478584912e-13
SYN2,L6IT,2.5142420022206004e-10
SYN2,L6ITCar3,2.25747217156259e-9
SYN3,L4IT,2.23186654730431e-8
SYN3,L5ET,2.64698299951395e-8
SYNDIG1,L6ITCar3,7.42829479513447e-12
SYNGAP1,L6ITCar3,2.21936175285788e-8
SYNPO2,L56NP,9.85469298858195e-10
SYNPO2,L6ITCar3,9.27187543317315e-9
SYNPR,L23IT,1.41638269929244e-9
SYNPR,L4IT,6.37772673635251e-12
SYT10,L23IT,4.5984406206146e-12
SYT10,L4IT,8.05173287405501e-12
SYT10,L5ET,1.63337571325017e-16
SYT14,L5ET,4.3827479783678805e-9
SYT17,L23IT,1.2726066111310301e-9
SYT17,L4IT,4.3505129085786505e-14
SYT17,L5ET,1.4033752120306499e-11
SYT17,L5IT,1.31710927730276e-13
SYT17,L6b,1.484658564699e-9
SYT17,L6IT,3.7621406691204195e-12
SYT17,Pvalb,1.1639930486256901e-10
SYT2,L4IT,3.71222426733389e-9
SYT2,L5IT,2.0186784927490603e-9
SYT2,Pvalb,7.13765916850652e-13
SYT2,Sst,8.06898653206111e-11
SYT6,L6CT,4.92397831238963e-10
SYT9,L23IT,1.13144956033501e-8
SYT9,L5IT,5.90388209953568e-10
SYTL2,L4IT,4.85492643308414e-12
SYTL2,L5IT,1.14622743407668e-8
SYTL2,Pvalb,3.44114341617348e-9
SYTL5,L23IT,1.077611000043e-8
SYTL5,L6ITCar3,9.093287699773219e-12
TANC1,L23IT,3.3087321998181e-8
TANC1,L4IT,1.05845045666512e-8
TANC1,Pvalb,1.58674318403275e-9
TARSL2,L5ET,2.66058932663145e-8
TBC1D1,Pvalb,1.6457808330163e-9
TBL1X,L23IT,6.92965139612862e-12
TBL1X,L6CT,7.35154974578092e-12
TBX1,L4IT,2.1146200874119002e-16
TCERG1L,L4IT,1.07704304217785e-14
TCERG1L,L5ET,4.15749119973848e-14
TCERG1L,L5IT,2.50589998460481e-8
TCF12,L56NP,1.53665556043891e-8
TCF20,L6CT,7.905953859513031e-9
TEAD1,L5ET,1.5274248513295102e-9
TEC,L4IT,3.36822282417777e-8
TEC,L5ET,2.34509979500347e-9
TEK,L56NP,1.14034135649709e-8
TENM1,L23IT,1.09175265266121e-8
TENM1,L4IT,1.64021235963249e-8
TENM1,L5ET,5.847989572093801e-10
TENM2,Chandelier,4.77383467370991e-9
TENM2,L23IT,8.460924184595129e-12
TENM2,L4IT,3.4782203649908005e-10
TENM2,L5ET,1.7753598820675901e-10
TENM2,L6CT,7.29419400040083e-13
TENM2,L6ITCar3,6.137359582087419e-11
TENM2,Pvalb,1.1066297940478702e-9
TENM2,Sst,3.17235952802435e-8
TENM3,L23IT,1.06835915387076e-9
TENM3,L4IT,2.87412596198135e-10
TENM3,L5ET,1.48640023057917e-8
TENM3,L6b,3.4113280848077604e-9
TENM3,L6CT,2.0424904871991102e-14
TENM3,L6IT,1.16748439388889e-9
TENM3,L6ITCar3,1.46907215942867e-10
TESPA1,L5ET,8.587189487942751e-10
TEX26,L4IT,5.2769983417775296e-11
TEX26,L5ET,1.54881238262908e-8
TEX41,L4IT,3.75510519053681e-13
TFEB,L5IT,4.97876232195577e-10
TG,L4IT,2.56089248911628e-18
TG,L5IT,1.4849768241834201e-9
TG,L6IT,7.17948764934835e-10
TGFB2,L5ET,6.0783386988297805e-9
TGFBR1,L5ET,2.85441821945717e-12
TGFBR1,L6IT,2.59796104066609e-9
TGFBR1,L6ITCar3,4.86547126068399e-10
TGFBR3,L4IT,3.66608590759274e-15
THBS4,L5ET,2.70335091443541e-9
THEMIS,L6CT,1.38458072751026e-10
THEMIS,L6IT,4.07731631450479e-8
THRB,L4IT,3.64512891171635e-17
THSD4,L23IT,5.84207463532694e-13
THSD4,L4IT,6.89435751201648e-10
THSD4,L5IT,3.34178911016149e-8
THSD4,Sst,5.1999975045309706e-9
THSD4-AS1,L23IT,1.0532976335129e-9
THSD4-AS1,L4IT,9.4315481377363e-9
THSD4-AS1,L5IT,1.0584617683605e-9
THSD4-AS1,L6CT,7.60382618732892e-9
THSD7A,L4IT,1.6676759709079397e-11
TIAM1,L23IT,1.25409525847871e-9
TIAM1,L4IT,3.08738520926222e-8
TIAM2,L4IT,6.00000514652481e-10
TIAM2,L5IT,1.75494905630613e-13
TIAM2,L6b,4.03192968591556e-11
TIFA,L4IT,8.17299486062956e-10
TIMP2,L4IT,2.24868132756054e-13
TIMP2,L5ET,7.76615293418828e-9
TLE2,L23IT,9.26046631182228e-9
TLK1,L5ET,1.30051973141977e-8
TLK1,L5IT,2.38542462981822e-8
TLK1,L6IT,3.2683042541542696e-11
TLL1,L5IT,6.76776881908906e-14
TLL1,L6ITCar3,2.88374081642615e-14
TLN2,L23IT,1.39584242601109e-11
TLN2,L5IT,6.711751693535961e-9
TMC3-AS1,L4IT,2.16240058468028e-8
TMCC3,L4IT,3.9225308317491403e-10
TMEFF2,L23IT,1.01780795627064e-8
TMEFF2,L4IT,5.233622996319009e-11
TMEFF2,L5ET,1.0882059103019202e-9
TMEFF2,L5IT,3.7204047451959694e-11
TMEFF2,L6CT,1.5078126662098701e-9
TMEFF2,L6ITCar3,1.02444438600488e-10
TMEM108,L23IT,1.16514418769604e-13
TMEM108,L4IT,1.02520750165567e-10
TMEM108,L5IT,2.0317373604520897e-11
TMEM108,L6b,1.5176971341888501e-9
TMEM108,L6CT,1.47399398912755e-16
TMEM108,L6IT,1.81498079119441e-16
TMEM132B,L4IT,9.45528772121068e-13
TMEM144,L6CT,6.389212677224131e-10
TMEM145,L23IT,1.5737530774286701e-9
TMEM145,L5ET,4.06577368102707e-13
TMEM150C,L5IT,2.46032475365678e-10
TMEM150C,L6IT,1.51336440471124e-11
TMEM150C,L6ITCar3,5.51639141944247e-9
TMEM159,L23IT,2.26143626354223e-11
TMEM163,L56NP,2.1196568769315903e-9
TMEM196,L4IT,1.42521477069878e-9
TMEM196,L56NP,4.9413104237035e-9
TMEM2,L5ET,9.991563126808e-10
TMEM2,L6CT,7.196036528727291e-9
TMEM200A,L4IT,3.14898682697098e-15
TMEM200A,L5ET,3.64959124663616e-8
TMEM200C,L5IT,1.27127955280088e-10
TMEM212-AS1,L4IT,1.82544406004715e-8
TMEM215,L4IT,1.74129049334902e-12
TMEM233,L6IT,3.24784954906725e-8
TMEM244,L4IT,2.50693806225653e-8
TMEM44,L4IT,2.19764113631295e-8
TMEM65,L4IT,2.7519622264102097e-11
TMEM87B,L5IT,1.45498581496691e-8
TMEM98,L6CT,5.92136089444178e-10
TMOD1,L5ET,1.25628954339763e-12
TMTC1,L5ET,3.22131341989602e-8
TMTC1,L6ITCar3,1.56659919572985e-8
TMTC1,Lamp5,2.04462054396599e-9
TMTC2,L4IT,9.330037634998349e-11
TMTC2,L56NP,1.1776348497219099e-11
TMTC2,Sst,2.82418932521825e-10
TMTC4,L5ET,9.16326690647489e-13
TMTC4,L6CT,5.315853021957371e-10
TNFAIP8,L4IT,3.31244668815599e-18
TNFAIP8L3,L23IT,4.31904059730077e-11
TNFAIP8L3,L4IT,1.07906705995856e-10
TNFRSF19,L4IT,2.6467914061435504e-9
TNFRSF21,Pvalb,1.73533210796539e-8
TNNT2,L4IT,7.5989271905488e-9
TNNT2,L6IT,3.30411564559226e-10
TOX,L4IT,9.1841488936624e-11
TOX,L6CT,3.81478730426839e-8
TOX,Pvalb,8.502456738592069e-11
TOX3,L23IT,4.0275455309769703e-10
TOX3,L56NP,3.72588243480521e-9
TOX3,L5ET,3.50815016664363e-8
TOX3,L6IT,3.1866456138916503e-9
TP53I11,L56NP,3.98394194513459e-8
TPBG,L4IT,1.41740971026936e-8
TPD52L1,L6CT,2.7746936124998e-13
TPD52L1,L6IT,5.39257879947247e-17
TPD52L2,L5IT,3.03734575561504e-9
TPD52L2,L6IT,2.55485564110279e-8
TPRG1,L23IT,1.36373565458807e-8
TRAF3,L4IT,6.05176686530744e-11
TRAF5,L4IT,6.29098285390294e-9
TRDN,L5IT,2.94773277706847e-11
TRERF1,L4IT,6.27560168550968e-10
TRHDE,L5ET,3.1996411561984097e-16
TRHDE-AS1,L5ET,6.1262277120152e-16
TRHDE-AS1,L6IT,5.5933209325674306e-9
TRIB1,L6CT,1.70868275178536e-8
TRIM14,L56NP,3.4048758660134902e-9
TRIM22,L56NP,1.88668943891853e-8
TRIM36,L23IT,1.4475761991689801e-9
TRIM36,L4IT,3.20608829892256e-8
TRIM36,L5IT,1.83274030717872e-10
TRIM36,L6ITCar3,1.09440852641461e-8
TRIM36,Sst,2.13218581887828e-10
TRIM46,L5IT,1.57147746921983e-8
TRIM46,L6IT,2.82377519022267e-8
TRIM71,L6ITCar3,2.84504455294175e-10
TRIM77,L4IT,1.3541237338399799e-12
TRMT6,L6CT,2.83250806789081e-8
TRPC3,L23IT,1.5372710858162298e-12
TRPC3,L4IT,8.65880775123003e-24
TRPC3,L56NP,2.3045141021591801e-10
TRPC3,L5IT,2.21302443495365e-12
TRPC3,L6IT,1.1568239882082e-10
TRPC3,L6ITCar3,3.03685751759148e-11
TRPC4,L4IT,2.96354891264484e-8
TRPC4,L56NP,3.56187647907823e-10
TRPC4,L5ET,5.96065304242685e-9
TRPC4,L5IT,1.1410289669094801e-08
TRPC5,L23IT,2.45567192088298e-9
TRPC5,L4IT,2.3291622854852802e-14
TRPC5,Lamp5,1.2702576624343802e-9
TRPC6,L4IT,8.40902602925839e-9
TRPC6,L6IT,4.18560868101498e-11
TRPC7,L56NP,2.9975491763193303e-9
TRPM3,L4IT,3.1543352735534903e-10
TRPM3,L56NP,4.59827342196001e-9
TRPM3,L5ET,3.16470972343758e-11
TRPM3,L6CT,4.14855076818908e-9
TRPS1,L4IT,1.09280218787857e-8
TRPS1,L6CT,6.73312818904943e-16
TSG1,L4IT,1.00996861576712e-8
TSHZ1,L4IT,1.38061034220753e-14
TSHZ1,L5IT,2.50414775594861e-8
TSHZ1,L6CT,2.3731412954785604e-9
TSHZ1,L6IT,9.4139328664757e-9
TSHZ1,L6ITCar3,1.17822510769364e-10
TSHZ2,L4IT,3.61946172349084e-17
TSHZ2,L56NP,2.3135745872325e-8
TSHZ2,L5IT,1.50269708061884e-10
TSHZ2,L6b,6.56747696115472e-12
TSHZ2,L6ITCar3,6.3002165226596506e-9
TSHZ3,L5ET,7.182925544421009e-11
TSHZ3,L6CT,1.6764222262582101e-9
TSHZ3,L6IT,9.49502656748041e-10
TSHZ3,L6ITCar3,3.2706491193422796e-11
TSPAN14,L6ITCar3,4.34696837800393e-13
TSPAN14,Pvalb,1.22528497718995e-12
TSPAN4,L5ET,5.91852473535681e-9
TTC23L,L4IT,1.93422375764621e-9
TTC23L,L5IT,2.16359373877418e-8
TTC24,L4IT,2.8417450357195304e-9
TTC39B,L4IT,2.11572686898788e-8
TTC6,L5ET,2.81353187752111e-10
TTC6,L6IT,2.68875819919798e-9
TTLL7,L4IT,3.79795582972988e-10
TTLL9,L4IT,8.69990197396024e-10
TUBBP5,L5IT,1.84640425792998e-8
TUNAR,L23IT,1.69856718158068e-8
TUNAR,L4IT,1.1011356109987398e-11
TWIST2,L23IT,3.35112145963184e-8
TWIST2,L4IT,1.7705046522153101e-9
TXK,L5ET,1.14770937061211e-8
TXNRD3,L23IT,6.820376571889111e-9
TXNRD3NB,L23IT,3.4393811589399196e-11
TXNRD3NB,L6IT,2.68983725239964e-8
TYRO3,L5ET,9.168424641185531e-10
UBAP2,L6IT,1.0554286376753e-8
UBE2Q2,L5ET,5.98336205867181e-9
UBE2Q2,L6CT,6.2345220832874494e-12
UBE2Q2P1,L5IT,1.0181539515797e-8
UBE2QL1,L56NP,2.33077085118454e-8
UBE2QL1,L5ET,9.22660194061323e-10
UBE2W,L6CT,4.263474353315971e-9
UBE3D,L4IT,2.23206750841308e-8
ULK2,L4IT,3.04599972416185e-9
ULK3,Pvalb,1.29147366781956e-8
UMODL1,L4IT,2.35174332375005e-8
UNC13C,L4IT,2.04917759385971e-10
UNC13C,L56NP,3.6255885193829597e-11
UNC5C,L6CT,8.92655633031457e-12
UNC5D,L4IT,6.84891847670275e-9
UNC5D,L6IT,5.6553424837000305e-9
UNC5D,Sst,1.4739217407856801e-10
USH2A,L4IT,1.27291909272411e-8
USP24,L5ET,4.40851681050059e-9
USP25,L5ET,1.19550902184101e-8
USP3,L23IT,6.05468416000159e-12
USP3,L4IT,1.81548476181769e-8
USP3,L56NP,3.69677658749094e-11
USP3,L5IT,6.97166315583853e-10
USP3,L6CT,5.24531618869564e-13
USP3,L6IT,4.84607122390659e-10
USP3,L6ITCar3,3.59904013464744e-12
USP43,L4IT,7.60958400313729e-14
USP43,L5ET,5.774885159259121e-9
USP43,L5IT,1.96950497766762e-12
USP43,L6ITCar3,1.05841181691475e-9
USP45,Pvalb,3.4015469505556e-8
USP53,L4IT,2.0470420677641698e-11
UST,L6CT,3.86489271066255e-8
UTRN,L5ET,1.59782361206087e-13
UTRN,L6IT,3.48505887906597e-13
UTRN,L6ITCar3,8.900938088634149e-11
UTRN,Vip,2.04872214045564e-8
UXS1,L4IT,1.32521904422842e-8
UXS1,L5ET,1.75365542890967e-8
VAMP1,L6CT,1.54237147171051e-12
VAT1L,L4IT,9.32315247426701e-13
VAT1L,L6CT,1.5895706787093501e-9
VAT1L,Sst,4.0348920263604895e-11
VAV3,L4IT,2.9203700881192e-17
VAV3,L5ET,3.1423554689668897e-12
VAV3-AS1,L4IT,8.66805695756688e-17
VAV3-AS1,L5ET,2.80246060790133e-8
VEGFC,L6CT,5.17734505458259e-18
VEGFC,L6ITCar3,3.59626682890837e-8
VEGFC,Pvalb,2.60447669337846e-13
VIM-AS1,L5ET,2.0662463495228202e-9
VLDLR,L4IT,2.2836499150173602e-9
VPS13D,L5ET,1.7540313138925302e-9
VRK2,L5ET,5.23204730273915e-9
VRK2,L5IT,6.42903588236889e-10
VRK2,L6IT,2.0195499703204998e-13
VRK2,L6ITCar3,4.2822365312336e-14
VSTM2A,L23IT,2.32387918043381e-8
VSTM2A,L4IT,1.80368078727383e-12
VSTM2A,L6CT,7.479513549657621e-15
VSTM2B,L5IT,2.09614542362196e-10
VSTM2B,L6CT,2.61195372792023e-8
VSTM2B,L6IT,2.24601084653814e-9
VSTM2L,L5ET,2.6653405701521103e-9
VSTM2L,Sst,1.20484183752425e-8
VSTM4,L4IT,9.30169267698168e-9
VWA3A,L5ET,1.0247495093091302e-9
VWA3A,L6CT,3.86036145915091e-14
VWA3A,L6IT,1.60190667071948e-12
VWA5B1,Vip,5.78458018931877e-9
VWCE,L5IT,2.68276129373625e-10
WASF1,L5ET,3.91749327136688e-8
WDFY2,L6IT,1.44810105204162e-8
WDFY4,L4IT,8.956806282518299e-12
WDFY4,L5IT,2.226075811896e-8
WDR17,L4IT,3.0729339839993e-8
WDR17,L5ET,1.90160879452969e-9
WDR49,L23IT,7.48485863637333e-9
WDR66,L4IT,8.626693938387149e-11
WDR66,L5IT,2.17934655334631e-10
WDR86,L23IT,1.2113175222971102e-9
WDR86,L5ET,3.00032158425363e-8
WFDC1,L4IT,6.503746213586899e-12
WFDC1,L5IT,2.1325900569652603e-9
WIPI1,Pvalb,1.3085600978696e-8
WISP1,L5IT,1.27951332798942e-8
WLS,L4IT,1.08256173238664e-8
WLS,L5ET,2.19582699577498e-14
WLS,Pvalb,2.4753328634395403e-15
WLS,Sst,7.51221337797031e-9
WNT10B,L4IT,5.6782215086094e-9
WNT16,Sst,4.0394271335404106e-9
WNT3,L4IT,1.36273631988678e-10
WNT4,L56NP,1.75827645542568e-9
WNT9A,L5IT,1.5775611968439801e-9
WSCD1,L23IT,7.164420467125461e-9
WSCD1,L4IT,1.27301482044419e-15
WSCD2,Lamp5Lhx6,1.2370055031427301e-9
XKR4,L23IT,1.16961799486935e-8
XRCC6P5,L4IT,1.35459990749091e-9
XRCC6P5,L5IT,2.0579908946598497e-11
XYLT1,L5IT,9.58642616422914e-12
XYLT1,L6IT,3.2640127747508402e-9
XYLT1,L6ITCar3,2.53025153680686e-8
YBX2,L4IT,1.15031266610807e-11
YEATS2,L23IT,6.9113337391950206e-9
YEATS2,L56NP,1.78256607513899e-8
YEATS2,L5IT,4.370075985539e-10
YEATS2,L6IT,1.4094324344499701e-9
YES1,Pvalb,2.43401240672022e-8
YPEL1,L5IT,7.09164934730238e-10
ZAK,L4IT,2.05584335453379e-8
ZAK,L5ET,3.0490584979934005e-10
ZBBX,L23IT,3.64524527775194e-8
ZBBX,L4IT,2.507835381705e-11
ZBBX,L5ET,2.9337457255577e-14
ZBTB46,L4IT,1.18203410161486e-13
ZBTB46,L56NP,5.7808206937706e-11
ZBTB46,L5ET,9.159476095006009e-12
ZBTB46,L5IT,4.59572555186972e-13
ZBTB46,L6CT,6.62177528009054e-10
ZDHHC14,L23IT,1.64905376396386e-9
ZDHHC14,L4IT,4.92178443878516e-10
ZDHHC14,L5ET,1.7063371010344301e-9
ZDHHC2,L23IT,4.44991303551655e-9
ZDHHC2,L5ET,1.3298048152528398e-11
ZDHHC2,L6CT,1.05436347672188e-11
ZDHHC23,L5ET,1.2791744606179499e-11
ZEB2,L4IT,5.85108884374078e-15
ZEB2,L5ET,7.858014101026649e-12
ZFAND4,L4IT,3.0992109860926997e-13
ZFAND6,L4IT,1.66708629734912e-8
ZFHX3,L6CT,8.959842642279939e-11
ZFHX4,L4IT,4.99762949282846e-9
ZFP64,L5IT,1.15295322280821e-8
ZFPM2,L5ET,7.340698226804461e-10
ZFPM2,Vip,7.67261539347655e-10
ZFR2,L4IT,3.13244725918057e-8
ZHX2,L5ET,1.14463425097184e-8
ZHX2,L6IT,1.78747019487217e-10
ZHX2,Sst,1.83461266138083e-8
ZMAT1,L4IT,1.59932234939904e-8
ZMAT4,L6IT,7.84153670743407e-9
ZNF185,L4IT,1.6606556920377302e-9
ZNF300P1,L4IT,2.8800528105569697e-13
ZNF354C,L56NP,1.96673438075777e-10
ZNF354C,L6IT,7.1194629154805e-9
ZNF382,L5IT,4.24017462646582e-11
ZNF385B,L4IT,1.4363283637132101e-9
ZNF385B,L6b,5.70116615996067e-10
ZNF385D,L5ET,3.6175345504060794e-11
ZNF385D,L6CT,3.83907717598833e-8
ZNF385D,L6ITCar3,3.28634774461453e-10
ZNF385D-AS2,L6ITCar3,1.2952923843651099e-11
ZNF385D-AS2,Pvalb,5.58442933933538e-13
ZNF395,L5ET,3.44817497849027e-10
ZNF395,L6CT,2.20584519886036e-9
ZNF43,L4IT,5.36037735171729e-10
ZNF438,L6IT,2.85250586612492e-8
ZNF439,L56NP,2.25543482808034e-10
ZNF462,L4IT,1.16698169940254e-9
ZNF462,L5ET,6.895310922340441e-9
ZNF462,L6b,2.12722989254362e-9
ZNF462,L6IT,9.46417565804844e-10
ZNF462,L6ITCar3,2.0087415270421703e-9
ZNF506,L56NP,3.10552926720375e-8
ZNF506,L5IT,1.39736843795214e-9
ZNF521,L4IT,2.14047242120751e-9
ZNF572,L23IT,7.27456016070909e-13
ZNF608,L4IT,1.70863657039674e-11
ZNF608,L5IT,2.046616153354e-9
ZNF608,L6IT,1.0627836982668199e-12
ZNF608,L6ITCar3,1.5444580656723502e-9
ZNF626,L4IT,8.26472785313942e-10
ZNF626,L56NP,3.3801191293285e-8
ZNF664-FAM101A,L4IT,4.11027743469308e-8
ZNF664-FAM101A,L6IT,1.76644019737461e-8
ZNF69,L56NP,1.23510605669537e-8
ZNF704,Pvalb,3.84544853915779e-11
ZNF737,L23IT,2.51418060599907e-9
ZNF737,L4IT,4.99367244777186e-13
ZNF737,L56NP,3.5109258662411904e-9
ZNF737,L5IT,2.7669688480460098e-11
ZNF737,L6IT,4.34741550707558e-12
ZNF790-AS1,L4IT,2.6183216076498703e-9
ZNF804A,L23IT,7.3877653677237105e-9
ZNF804A,L56NP,2.10099751601082e-13
ZNF804B,L23IT,3.09932750179907e-8
ZNF804B,L4IT,1.0628887873743899e-11
ZNF808,L4IT,5.20234056733694e-10
ZNF808,L6IT,4.59129146737219e-11
ZNF827,L4IT,1.9466735578064303e-9
ZNF827,L6IT,2.43934667022376e-12
ZNF83,L5ET,1.57510796913562e-8
ZNF831,L23IT,2.8112868355827204e-9
ZNF831,L4IT,8.95738164912024e-13
ZNF831,L56NP,2.57196817164089e-8
ZNF831,L5ET,8.11901031364824e-10
ZNF831,L5IT,1.5430712785413e-13
ZNF831,L6CT,8.96471800737487e-9
ZNF831,L6IT,7.00623589227543e-11
ZNF846,L4IT,3.30964767293313e-8
ZSCAN30,L4IT,3.05583809084107e-14
ZYX,L5IT,2.39321616600695e-8
