model,formula,n,df_logLik,adj_r2,sigma,AIC,AICc,LOOCV_RMSE
metabolic_quadratic,y ~ x + I(x^2),12,4,0.41589312831719616,0.44824870374957604,19.344570528207445,25.05885624249316,0.5305696985775364
metabolic_quadratic_plus_network_eigenvector_1,y ~ x + I(x^2) + net1,12,5,0.6638917759631823,0.34002625650117135,13.299364955209805,23.299364955209803,0.4364866590470206
