model,formula,n,df_logLik,adj_r2,sigma,AIC,AICc,LOOCV_RMSE
metabolic_quadratic,y ~ x + I(x^2),13,4,-0.09632229082248767,0.4743251025395285,22.089246051890324,27.089246051890324,0.5406246350243621
metabolic_quadratic_plus_network_eigenvector_1,y ~ x + I(x^2) + net1,13,5,-0.20827158809155222,0.49795404975904456,23.983545351549296,32.554973922977865,0.6133736386641828
