edge_set,n_regions,n_edges,I_obs,expected_perm,sd_perm,p_greater,p_less,p_two_centered
primary,12,12,0.4547108074066832,-0.09464606261859355,0.2394235427077737,0.0222,0.9779,0.024
no_visual_LGN_V1,12,11,0.47273727438008706,-0.08965538723689112,0.24728925060692078,0.0221,0.978,0.0244
visual_only,12,1,0.2564196706992406,-0.0854904718332729,0.9211477452366842,0.3569,0.6463,0.6615
basal_ganglia_only,12,7,0.2760672914917406,-0.09172737467016376,0.28708044188807985,0.0966,0.9035,0.1897
limbic_only,12,3,1.1763655805074746,-0.09159989937601522,0.48077788723996706,0.0121,0.991,0.0121
motor_hindbrain_only,12,1,-0.2614577637836506,-0.08675926889212686,0.9102092450494453,0.6303,0.381,0.829
