edge_set,n_regions,n_edges,I_obs,expected_perm,sd_perm,p_greater,p_less,p_two_centered
primary,13,12,0.06855572584377648,-0.08202770352389632,0.2575799565594503,0.2574,0.7427,0.5569
no_visual_LGN_V1,13,11,0.027617143870174436,-0.0843004333359959,0.2629580435750309,0.305,0.6951,0.6724
visual_only,13,1,0.5188801275533989,-0.08782425636984371,0.9694065810829111,0.2922,0.7083,0.5501
basal_ganglia_only,13,7,-0.1809390027915355,-0.08259185424223785,0.3029570615069813,0.6113,0.3888,0.7257
limbic_only,13,3,0.1688290580605454,-0.08510633334569177,0.5048127077426211,0.2575,0.7428,0.6079
motor_hindbrain_only,13,1,1.063874427931031,-0.08540474107488119,0.9713578608102504,0.1171,0.8853,0.2362
