term,estimate,p_value
(Intercept),-3.46144179537756e-4,0.9974624300678581
neighbor_resid,0.5975037215402393,0.09614386951478657
