term,estimate,p_value
(Intercept),-0.031152045299268752,0.8089404827678879
neighbor_resid,0.44000714155511295,0.38391823526081326
